Filtering the log data using "processImagePath BEGINSWITH "/Users/nonth/Library/Developer/CoreSimulator/Devices/B7E9BAD6-0C0D-41EE-BE0C-D49BF485382E/data/Containers/Bundle/Application/3CD4221D-93B6-482B-A525-320CF30A8C91/EdotReactNavExample.app""
Timestamp               Ty Process[PID:TID]
2026-04-10 23:16:10.018 Db EdotReactNavExample[62217:12739f7] [com.apple.CFBundle:loading] main bundle CFBundle 0x1068cc1c0 </Users/nonth/Library/Developer/CoreSimulator/Devices/B7E9BAD6-0C0D-41EE-BE0C-D49BF485382E/data/Containers/Bundle/Application/3CD4221D-93B6-482B-A525-320CF30A8C91/EdotReactNavExample.app> (executable, loaded) getting handle 0xfffffffffffffffb
2026-04-10 23:16:10.019 Db EdotReactNavExample[62217:12739f7] [com.apple.defaults:User Defaults] setting new value f257298d-ed17-9fa6-0a40-3b29b76feb7a for key detoxSessionId in CFPrefsSource<0x1068c8040> (Domain: Volatile, User: , ByHost: No, Container: , Contents Need Refresh: No)
2026-04-10 23:16:10.020 Db EdotReactNavExample[62217:12739f7] [com.apple.defaults:User Defaults] setting new value YES for key detoxDebugVisibility in CFPrefsSource<0x1068c8040> (Domain: Volatile, User: , ByHost: No, Container: , Contents Need Refresh: No)
2026-04-10 23:16:10.020 Db EdotReactNavExample[62217:12739f7] [com.apple.defaults:User Defaults] setting new value ws://localhost:53280 for key detoxServer in CFPrefsSource<0x1068c8040> (Domain: Volatile, User: , ByHost: No, Container: , Contents Need Refresh: No)
2026-04-10 23:16:10.020 Db EdotReactNavExample[62217:12739f7] [com.apple.defaults:User Defaults] setting new value YES for key detoxDisableHierarchyDump in CFPrefsSource<0x1068c8040> (Domain: Volatile, User: , ByHost: No, Container: , Contents Need Refresh: No)
2026-04-10 23:16:10.020 Db EdotReactNavExample[62217:12739f7] [com.apple.defaults:User Defaults] setting new value (
    "en-001"
) for key AppleLanguages in CFPrefsSource<0x1068c8100> (Domain: Volatile, User: , ByHost: No, Container: , Contents Need Refresh: No)
2026-04-10 23:16:10.020 Db EdotReactNavExample[62217:12739f7] [com.apple.defaults:User Defaults] setting new value en_001 for key AppleLocale in CFPrefsSource<0x1068c8100> (Domain: Volatile, User: , ByHost: No, Container: , Contents Need Refresh: No)
2026-04-10 23:16:10.020 Db EdotReactNavExample[62217:12739f7] [com.apple.defaults:User Defaults] setting new value (
    "en-001"
) for key NSLanguages in CFPrefsSource<0x1068c8100> (Domain: Volatile, User: , ByHost: No, Container: , Contents Need Refresh: No)
2026-04-10 23:16:10.020 Db EdotReactNavExample[62217:12739f7] [com.apple.defaults:User Defaults] setting new value macintosh for key NSInterfaceStyle in CFPrefsSource<0x1068c8100> (Domain: Volatile, User: , ByHost: No, Container: , Contents Need Refresh: No)
2026-04-10 23:16:10.021 Df EdotReactNavExample[62217:12739f7] [com.apple.xpc:connection] [0x105e5bcd0] activating connection: mach=true listener=false peer=false name=com.apple.cfprefsd.daemon
2026-04-10 23:16:10.022 Db EdotReactNavExample[62217:12739f7] [com.apple.defaults:User Defaults] CFPrefsManagedSource<0x105e586d0> (Domain: com.edot.reactnavexample, User: kCFPreferencesCurrentUser, ByHost: Yes, Container: (null), Contents Need Refresh: No) loaded: an empty base plist and no additional changes from the base plist
2026-04-10 23:16:10.022 Db EdotReactNavExample[62217:12739f7] [com.apple.defaults:User Defaults] CFPrefsManagedSource<0x105e587d0> (Domain: com.edot.reactnavexample, User: kCFPreferencesAnyUser, ByHost: Yes, Container: (null), Contents Need Refresh: No) loaded: an empty base plist and no additional changes from the base plist
2026-04-10 23:16:10.022 Db EdotReactNavExample[62217:12739f7] [com.apple.defaults:User Defaults] CFPrefsPlistSource<0x105e599f0> (Domain: com.edot.reactnavexample, User: kCFPreferencesCurrentUser, ByHost: No, Container: (null), Contents Need Refresh: No) loaded: an empty base plist and no additional changes from the base plist
2026-04-10 23:16:10.022 Db EdotReactNavExample[62217:12739f7] [com.apple.defaults:User Defaults] CFPrefsManagedSource<0x105e59c50> (Domain: kCFPreferencesAnyApplication, User: kCFPreferencesCurrentUser, ByHost: Yes, Container: (null), Contents Need Refresh: No) loaded: an empty base plist and no additional changes from the base plist
2026-04-10 23:16:10.022 Db EdotReactNavExample[62217:12739f7] [com.apple.defaults:User Defaults] CFPrefsPlistSource<0x105e59e90> (Domain: com.edot.reactnavexample, User: kCFPreferencesCurrentUser, ByHost: No, Container: /Users/nonth/Library/Developer/CoreSimulator/Devices/B7E9BAD6-0C0D-41EE-BE0C-D49BF485382E/data, Contents Need Refresh: No) loaded: an empty base plist and no additional changes from the base plist
2026-04-10 23:16:10.022 Db EdotReactNavExample[62217:12739f7] [com.apple.defaults:User Defaults] CFPrefsPlistSource<0x105e59f10> (Domain: kCFPreferencesAnyApplication, User: kCFPreferencesCurrentUser, ByHost: No, Container: (null), Contents Need Refresh: No) loaded: an empty base plist and no additional changes from the base plist
2026-04-10 23:16:10.022 Db EdotReactNavExample[62217:12739f7] [com.apple.defaults:User Defaults] CFPrefsPlistSource<0x105e5a0e0> (Domain: kCFPreferencesAnyApplication, User: kCFPreferencesCurrentUser, ByHost: No, Container: /Users/nonth/Library/Developer/CoreSimulator/Devices/B7E9BAD6-0C0D-41EE-BE0C-D49BF485382E/data, Contents Need Refresh: No) loaded: a new base plist and no additional changes from the base plist
2026-04-10 23:16:10.022 Db EdotReactNavExample[62217:12739f7] [com.apple.defaults:User Defaults] CFPrefsPlistSource<0x105e5a160> (Domain: com.edot.reactnavexample, User: kCFPreferencesCurrentUser, ByHost: Yes, Container: (null), Contents Need Refresh: No) loaded: an empty base plist and no additional changes from the base plist
2026-04-10 23:16:10.022 Db EdotReactNavExample[62217:12739f7] [com.apple.defaults:User Defaults] CFPrefsPlistSource<0x105e5b710> (Domain: kCFPreferencesAnyApplication, User: kCFPreferencesCurrentUser, ByHost: Yes, Container: (null), Contents Need Refresh: No) loaded: an empty base plist and no additional changes from the base plist
2026-04-10 23:16:10.022 Db EdotReactNavExample[62217:12739f7] [com.apple.defaults:User Defaults] found no value for key DTXEnableVerboseSyncResources in CFPrefsSearchListSource<0x105e55d20> (Domain: com.edot.reactnavexample, Container: (null) Non-launch persona: 0)
2026-04-10 23:16:10.022 Db EdotReactNavExample[62217:12739f7] [com.apple.defaults:User Defaults] found no value for key DTXEnableVerboseSyncSystem in CFPrefsSearchListSource<0x105e55d20> (Domain: com.edot.reactnavexample, Container: (null) Non-launch persona: 0)
2026-04-10 23:16:10.023 Db EdotReactNavExample[62217:12739f7] [com.apple.defaults:User Defaults] found no value for key DTXEnableDelayedIdleFire in CFPrefsSearchListSource<0x105e55d20> (Domain: com.edot.reactnavexample, Container: (null) Non-launch persona: 0)
2026-04-10 23:16:10.023 Db EdotReactNavExample[62217:12739f7] [com.apple.defaults:User Defaults] found no value for key DTXDisableMainRunLoopSync in CFPrefsSearchListSource<0x105e55d20> (Domain: com.edot.reactnavexample, Container: (null) Non-launch persona: 0)
2026-04-10 23:16:10.085 I  EdotReactNavExample[62217:12739f7] [com.wix.DetoxSync:RCTAnimatedNodeDTXSpy] [RCTAnimatedNode DTXSpy] RCTAnimatedNode class exists: YES
2026-04-10 23:16:10.085 Df EdotReactNavExample[62217:12739f7] (DetoxSync) DTXSwizzleMethod: original method _setDirty not found for class UIGestureRecognizer
2026-04-10 23:16:10.132 Db EdotReactNavExample[62217:12739f7] [com.apple.defaults:User Defaults] found no value for key detoxDisableTouchIndicators in CFPrefsSearchListSource<0x105e55d20> (Domain: com.edot.reactnavexample, Container: (null) Non-launch persona: 0)
2026-04-10 23:16:10.132 Db EdotReactNavExample[62217:12739f7] [com.apple.defaults:User Defaults] found no value for key enableAppDelegateVerboseLogging in CFPrefsSearchListSource<0x105e55d20> (Domain: com.edot.reactnavexample, Container: (null) Non-launch persona: 0)
2026-04-10 23:16:10.132 Db EdotReactNavExample[62217:12739f7] [com.apple.defaults:User Defaults] found no value for key detoxUserActivityDataURL in CFPrefsSearchListSource<0x105e55d20> (Domain: com.edot.reactnavexample, Container: (null) Non-launch persona: 0)
2026-04-10 23:16:10.132 Db EdotReactNavExample[62217:12739f7] [com.apple.defaults:User Defaults] found no value for key detoxUserNotificationDataURL in CFPrefsSearchListSource<0x105e55d20> (Domain: com.edot.reactnavexample, Container: (null) Non-launch persona: 0)
2026-04-10 23:16:10.132 Db EdotReactNavExample[62217:12739f7] [com.apple.defaults:User Defaults] found no value for key detoxDisableAnimationSpeedup in CFPrefsSearchListSource<0x105e55d20> (Domain: com.edot.reactnavexample, Container: (null) Non-launch persona: 0)
2026-04-10 23:16:10.133 Df EdotReactNavExample[62217:12739f7] (Detox) Enabling accessibility for automation on Simulator.
2026-04-10 23:16:10.150 I  EdotReactNavExample[62217:12739f7] [com.apple.Accessibility:AXIPC] Connected to server: <NSMachPort: 0x10692c600> 8195
2026-04-10 23:16:10.150 I  EdotReactNavExample[62217:12739f7] [com.apple.Accessibility:AXIPC] Client (AXIPCClient:<0x106928600> Service:com.apple.accessibility.AXBackBoardServer ID:(null) connected:1) registering with server on thread (<_NSMainThread: 0x105e51520>{number = 1, name = main}:name::main:1). UsesMainThreadRunloop:0
2026-04-10 23:16:10.150 Df EdotReactNavExample[62217:12739f7] [com.apple.Accessibility:AXIPC] Setting client identifier com.apple.accessibility.AXSystemReplyServer-62217-0
2026-04-10 23:16:10.150 I  EdotReactNavExample[62217:12739f7] [com.apple.Accessibility:AXIPC] Client (AXIPCClient:<0x106928600> Service:com.apple.accessibility.AXBackBoardServer ID:com.apple.accessibility.AXSystemReplyServer-62217-0 connected:1) registering with server on thread (<_NSMainThread: 0x105e51520>{number = 1, name = main}:name::main:1). UsesMainThreadRunloop:0
2026-04-10 23:16:10.204 Db EdotReactNavExample[62217:12739f7] [com.apple.defaults:User Defaults] CFPrefsManagedSource<0x106928900> (Domain: com.apple.Accessibility, User: kCFPreferencesCurrentUser, ByHost: Yes, Container: (null), Contents Need Refresh: No) loaded: an empty base plist and no additional changes from the base plist
2026-04-10 23:16:10.204 Db EdotReactNavExample[62217:12739f7] [com.apple.defaults:User Defaults] CFPrefsManagedSource<0x106928980> (Domain: com.apple.Accessibility, User: kCFPreferencesAnyUser, ByHost: Yes, Container: (null), Contents Need Refresh: No) loaded: an empty base plist and no additional changes from the base plist
2026-04-10 23:16:10.204 Db EdotReactNavExample[62217:12739f7] [com.apple.defaults:User Defaults] CFPrefsPlistSource<0x106928a00> (Domain: com.apple.Accessibility, User: kCFPreferencesCurrentUser, ByHost: No, Container: (null), Contents Need Refresh: No) loaded: a new base plist and no additional changes from the base plist
2026-04-10 23:16:10.204 Db EdotReactNavExample[62217:12739f7] [com.apple.defaults:User Defaults] CFPrefsPlistSource<0x106928b00> (Domain: com.apple.Accessibility, User: kCFPreferencesCurrentUser, ByHost: No, Container: /Users/nonth/Library/Developer/CoreSimulator/Devices/B7E9BAD6-0C0D-41EE-BE0C-D49BF485382E/data, Contents Need Refresh: No) loaded: a new base plist and no additional changes from the base plist
2026-04-10 23:16:10.204 Db EdotReactNavExample[62217:12739f7] [com.apple.defaults:User Defaults] CFPrefsPlistSource<0x106928b80> (Domain: com.apple.Accessibility, User: kCFPreferencesCurrentUser, ByHost: Yes, Container: (null), Contents Need Refresh: No) loaded: an empty base plist and no additional changes from the base plist
2026-04-10 23:16:10.205 Db EdotReactNavExample[62217:12739f7] [com.apple.defaults:User Defaults] CFPrefsPlistSource<0x106928a00> (Domain: com.apple.Accessibility, User: kCFPreferencesCurrentUser, ByHost: No, Container: (null), Contents Need Refresh: No) skipping setting already-present value for key ApplicationAccessibilityEnabled
2026-04-10 23:16:10.205 Db EdotReactNavExample[62217:12739f7] [com.apple.defaults:User Defaults] found no value for key detoxEnableSynchronization in CFPrefsSearchListSource<0x105e55d20> (Domain: com.edot.reactnavexample, Container: (null) Non-launch persona: 0)
2026-04-10 23:16:10.205 Db EdotReactNavExample[62217:12739f7] [com.apple.defaults:User Defaults] found no value for key detoxURLBlacklistRegex in CFPrefsSearchListSource<0x105e55d20> (Domain: com.edot.reactnavexample, Container: (null) Non-launch persona: 0)
2026-04-10 23:16:10.205 Db EdotReactNavExample[62217:12739f7] [com.apple.defaults:User Defaults] found no value for key detoxMaxSynchronizedDelay in CFPrefsSearchListSource<0x105e55d20> (Domain: com.edot.reactnavexample, Container: (null) Non-launch persona: 0)
2026-04-10 23:16:10.205 Db EdotReactNavExample[62217:12739f7] [com.apple.defaults:User Defaults] found no value for key detoxWaitForDebugger in CFPrefsSearchListSource<0x105e55d20> (Domain: com.edot.reactnavexample, Container: (null) Non-launch persona: 0)
2026-04-10 23:16:10.205 Df EdotReactNavExample[62217:12739f7] [com.apple.network:] networkd_settings_read_from_file_locked initialized networkd settings by reading plist directly
2026-04-10 23:16:10.205 Df EdotReactNavExample[62217:12739f7] [com.apple.network:] networkd_settings_read_from_file_locked initialized networkd settings by reading plist directly
2026-04-10 23:16:10.205 Db EdotReactNavExample[62217:12739f7] [com.apple.defaults:User Defaults] CFPrefsManagedSource<0x106928d80> (Domain: kCFPreferencesAnyApplication, User: kCFPreferencesAnyUser, ByHost: Yes, Container: (null), Contents Need Refresh: No) loaded: an empty base plist and no additional changes from the base plist
2026-04-10 23:16:10.205 Db EdotReactNavExample[62217:12739f7] [com.apple.defaults:User Defaults] found no value for key CFNetworkHTTP3Override in CFPrefsSearchListSource<0x106928d00> (Domain: kCFPreferencesAnyApplication, Container: (null) Non-launch persona: 0)
2026-04-10 23:16:10.206 Db EdotReactNavExample[62217:12739f7] [com.apple.defaults:User Defaults] looked up value (
    "en-TH",
    "th-TH"
) for key AppleLanguages in CFPrefsPlistSource<0x105e5a0e0> (Domain: kCFPreferencesAnyApplication, User: kCFPreferencesCurrentUser, ByHost: No, Container: /Users/nonth/Library/Developer/CoreSimulator/Devices/B7E9BAD6-0C0D-41EE-BE0C-D49BF485382E/data, Contents Need Refresh: No) via CFPrefsSearchListSource<0x105e55d20> (Domain: com.edot.reactnavexample, Container: (null) Non-launch persona: 0)
2026-04-10 23:16:10.206 Db EdotReactNavExample[62217:12739f7] [com.apple.CFBundle:resources] Language lookup at CFBundle 0x1068cc1c0 </Users/nonth/Library/Developer/CoreSimulator/Devices/B7E9BAD6-0C0D-41EE-BE0C-D49BF485382E/data/Containers/Bundle/Application/3CD4221D-93B6-482B-A525-320CF30A8C91/EdotReactNavExample.app> (executable, loaded)
	Localizations : [en]
	Dev language  : en
	User prefs    : [en-TH, th-TH]
	Main bundle   : [<null>]
	Allow mixed   : 0 
	Result        : [en]
2026-04-10 23:16:10.206 Db EdotReactNavExample[62217:12739f7] [com.apple.CFBundle:resources] Using ~iphone resources
2026-04-10 23:16:10.206 Db EdotReactNavExample[62217:12739f7] [com.apple.CFBundle:resources] Resource lookup at CFBundle 0x1068cc1c0 </Users/nonth/Library/Developer/CoreSimulator/Devices/B7E9BAD6-0C0D-41EE-BE0C-D49BF485382E/data/Containers/Bundle/Application/3CD4221D-93B6-482B-A525-320CF30A8C91/EdotReactNavExample.app> (executable, loaded)
	Request       : InfoPlist type: loctable
	Result        : None
2026-04-10 23:16:10.206 Db EdotReactNavExample[62217:12739f7] [com.apple.CFBundle:resources] Resource lookup at CFBundle 0x1068cc1c0 </Users/nonth/Library/Developer/CoreSimulator/Devices/B7E9BAD6-0C0D-41EE-BE0C-D49BF485382E/data/Containers/Bundle/Application/3CD4221D-93B6-482B-A525-320CF30A8C91/EdotReactNavExample.app> (executable, loaded)
	Request       : InfoPlist type: strings
	Result        : None
2026-04-10 23:16:10.206 Db EdotReactNavExample[62217:12739f7] [com.apple.CFBundle:resources] Resource lookup at CFBundle 0x1068cc1c0 </Users/nonth/Library/Developer/CoreSimulator/Devices/B7E9BAD6-0C0D-41EE-BE0C-D49BF485382E/data/Containers/Bundle/Application/3CD4221D-93B6-482B-A525-320CF30A8C91/EdotReactNavExample.app> (executable, loaded)
	Request       : InfoPlist type: stringsdict
	Result        : None
2026-04-10 23:16:10.206 Db EdotReactNavExample[62217:12739f7] [com.apple.CFNetwork:ATS] Using configuration {
    NSAllowsLocalNetworking = 1;
    NSExceptionDomains =     {
        "apple-mapkit.com" =         {
            NSATSBuiltinOverride = 1;
            NSExceptionAllowsInsecureHTTPLoads = 1;
            NSExceptionMinimumTLSVersion = "TLSv1.0";
            NSExceptionRequiresForwardSecrecy = 0;
            NSIncludesSubdomains = 1;
        };
        "apple.com" =         {
            NSATSBuiltinOverride = 1;
            NSExceptionAllowsInsecureHTTPLoads = 1;
            NSExceptionMinimumTLSVersion = "TLSv1.2";
            NSExceptionRequiresForwardSecrecy = 0;
            NSIncludesSubdomains = 1;
        };
        "elasticdemo.arkcube.com" =         {
            NSExceptionAllowsInsecureHTTPLoads = 1;
            NSIncludesSubdomains = 0;
        };
        "geo.apple.com" =         {
            NSATSBuiltinOverride = 1;
            NSExceptionAllowsInsecureHTTPLoads = 1;
            NSExceptionMinimumTLSVersion = "TLSv1.0";
            NSExceptionRequiresForwardSecrecy = 0;
2026-04-10 23:16:10.214 Db EdotReactNavExample[62217:12739f7] [com.apple.defaults:User Defaults] found no value for key recordingPath in CFPrefsSearchListSource<0x105e55d20> (Domain: com.edot.reactnavexample, Container: (null) Non-launch persona: 0)
2026-04-10 23:16:10.214 Db EdotReactNavExample[62217:12739f7] [com.apple.defaults:User Defaults] looked up value ws://localhost:53280 for key detoxServer in CFPrefsSource<0x1068c8040> (Domain: Volatile, User: , ByHost: No, Container: , Contents Need Refresh: No) via CFPrefsSearchListSource<0x105e55d20> (Domain: com.edot.reactnavexample, Container: (null) Non-launch persona: 0)
2026-04-10 23:16:10.214 Db EdotReactNavExample[62217:12739f7] [com.apple.defaults:User Defaults] looked up value f257298d-ed17-9fa6-0a40-3b29b76feb7a for key detoxSessionId in CFPrefsSource<0x1068c8040> (Domain: Volatile, User: , ByHost: No, Container: , Contents Need Refresh: No) via CFPrefsSearchListSource<0x105e55d20> (Domain: com.edot.reactnavexample, Container: (null) Non-launch persona: 0)
2026-04-10 23:16:10.215 Df EdotReactNavExample[62217:12739f7] [com.apple.CFNetwork:Default] Task <791101B8-EBAB-4BD2-BF47-D396FF7B3717>.<1> resuming, timeouts(60.0, 604800.0) qos(0x21) voucher((null)) activity(00000000-0000-0000-0000-000000000000)
2026-04-10 23:16:10.215 A  EdotReactNavExample[62217:12739f7] (CoreFoundation) Loading Preferences From User Session CFPrefsD
2026-04-10 23:16:10.215 Db EdotReactNavExample[62217:12739f7] [com.apple.defaults:User Defaults] CFPrefsPlistSource<0x106928f80> (Domain: com.apple.CFNetwork, User: kCFPreferencesCurrentUser, ByHost: No, Container: (null), Contents Need Refresh: No) loaded: an empty base plist and no additional changes from the base plist
2026-04-10 23:16:10.215 Db EdotReactNavExample[62217:12739f7] [com.apple.defaults:User Defaults] found no value for key har-capture-global in CFPrefsPlistSource<0x106928f80> (Domain: com.apple.CFNetwork, User: kCFPreferencesCurrentUser, ByHost: No, Container: (null), Contents Need Refresh: No)
2026-04-10 23:16:10.215 Db EdotReactNavExample[62217:12739f7] [com.apple.defaults:User Defaults] found no value for key har-capture-pid-date in CFPrefsPlistSource<0x106928f80> (Domain: com.apple.CFNetwork, User: kCFPreferencesCurrentUser, ByHost: No, Container: (null), Contents Need Refresh: No)
2026-04-10 23:16:10.215 Db EdotReactNavExample[62217:12739f7] [com.apple.defaults:User Defaults] found no value for key har-capture-amp in CFPrefsPlistSource<0x106928f80> (Domain: com.apple.CFNetwork, User: kCFPreferencesCurrentUser, ByHost: No, Container: (null), Contents Need Refresh: No)
2026-04-10 23:16:10.215 Db EdotReactNavExample[62217:12739f7] [com.apple.network:activity] Returning should log: 0 for activity cfnetwork:foreground_task
2026-04-10 23:16:10.215 Db EdotReactNavExample[62217:12739f7] [com.apple.network:activity] Domain cfnetwork rate configured in registry as 1 / 20000
2026-04-10 23:16:10.215 Db EdotReactNavExample[62217:12739f7] [com.apple.network:activity] Domain cfnetwork rate configured after remote default override as 1 / 20000
2026-04-10 23:16:10.215 Db EdotReactNavExample[62217:12739f7] [com.apple.network:activity] After reading settings plist, domain cfnetwork rate configured as 1 / 2000000
2026-04-10 23:16:10.215 Db EdotReactNavExample[62217:12739f7] [com.apple.network:activity] After settings override, domain cfnetwork rate configured as 1 / 2000000
2026-04-10 23:16:10.215 Db EdotReactNavExample[62217:12739f7] [com.apple.network:activity] Final domain cfnetwork rate configured as 1 / 2000000
2026-04-10 23:16:10.215 Db EdotReactNavExample[62217:12739f7] [com.apple.network:activity] <nw_activity 12:2 [No UUID] (reporting strategy default)> sampled at 1 / 2000000
2026-04-10 23:16:10.215 Db EdotReactNavExample[62217:12739f7] [com.apple.network:activity] Returning should log: 0 for activity cfnetwork:foreground_task
2026-04-10 23:16:10.215 Db EdotReactNavExample[62217:12739f7] [com.apple.network:activity] Returning should log: 0 for activity cfnetwork:foreground_task
2026-04-10 23:16:10.215 Db EdotReactNavExample[62217:12739f7] [com.apple.CFNetwork:Default] [Telemetry]: Activity <nw_activity 12:2 [B376FBB0-02BA-4EFD-B2BA-A3A9C7208604] (reporting strategy default)> on Task <791101B8-EBAB-4BD2-BF47-D396FF7B3717>.<1> was not selected for reporting
2026-04-10 23:16:10.215 Db EdotReactNavExample[62217:1273a18] [com.apple.CFNetwork:Default] Using HSTS 0x10690c860 path file:///Users/nonth/Library/Developer/CoreSimulator/Devices/B7E9BAD6-0C0D-41EE-BE0C-D49BF485382E/data/Containers/Data/Application/C8F4160D-E3E9-43CB-AC09-E2121723F62B/Library/Caches/com.edot.reactnavexample/HSTS.plist
2026-04-10 23:16:10.216 Df EdotReactNavExample[62217:12739f7] (libMobileGestalt.dylib) No persisted cache on this platform.
2026-04-10 23:16:10.216 Db EdotReactNavExample[62217:1273a18] [com.apple.defaults:User Defaults] found no value for key com.apple.CFNetwork.HSTS.DisableHSTS in CFPrefsPlistSource<0x105e59f10> (Domain: kCFPreferencesAnyApplication, User: kCFPreferencesCurrentUser, ByHost: No, Container: (null), Contents Need Refresh: No)
2026-04-10 23:16:10.216 A  EdotReactNavExample[62217:1273a18] (libsystem_containermanager.dylib) container_system_group_path_for_identifier
2026-04-10 23:16:10.216 Df EdotReactNavExample[62217:1273a18] [com.apple.containermanager:xpc] Requesting container lookup; class = 13, identifier = com.apple.nsurlsessiond, group_identifier = systemgroup.com.apple.nsurlstoragedresources, create = 1, temp = 0, euid = 501, uid = 501
2026-04-10 23:16:10.216 A  EdotReactNavExample[62217:1273a18] (libsystem_containermanager.dylib) container_query_t
2026-04-10 23:16:10.216 Db EdotReactNavExample[62217:1273a18] [com.apple.containermanager:xpc] Query; euid = 501, uid = 501, query = <dictionary: 0x106891500> { count = 10, transaction: 0, voucher = 0x0, contents =
	"ContainerClass" => <uint64: 0x9cb62575ffba88a7>: 13
	"Platform" => <uint64: 0x9cb62575ffba88f7>: 7
	"IdentifiersArray" => <array: 0x106858900> { count = 1, capacity = 10, contents =
		0: <string: 0x106858330> { string cache = 0x0, length = 23, contents = "com.apple.nsurlsessiond" }
	}
	"Flags" => <uint64: 0x9cb6253dffba88d7>: 38654705667
	"Explicit" => <uint64: 0x9cb62575ffba89f7>: 39
	"PrivateFlags" => <uint64: 0x9cb62575ffba88d7>: 3
	"Transient" => <bool: 0x1e70b0550>: false
	"PersonaKernelID" => <uint64: 0x9cb62575ffba88cf>: 0
	"Command" => <uint64: 0x9cb62575ffba89f7>: 39
	"GroupIdentifiers" => <array: 0x1068588a0> { count = 1, capacity = 10, contents =
		0: <string: 0x1068588d0> { string cache = 0x0, length = 44, contents = "systemgroup.com.apple.nsurlstoragedresources" }
	}
}
2026-04-10 23:16:10.216 Db EdotReactNavExample[62217:1273a18] [com.apple.containermanager:xpc] connection <0x106908780/1/0> created; cnt = 2
2026-04-10 23:16:10.216 Db EdotReactNavExample[62217:1273a18] [com.apple.containermanager:xpc] connection <0x106908780/1/0> shared; cnt = 3
2026-04-10 23:16:10.216 A  EdotReactNavExample[62217:12739f7] (libsystem_containermanager.dylib) container_system_group_path_for_identifier
2026-04-10 23:16:10.216 Df EdotReactNavExample[62217:12739f7] [com.apple.containermanager:xpc] Requesting container lookup; class = 13, identifier = (null), group_identifier = systemgroup.com.apple.configurationprofiles, create = 1, temp = 0, euid = 501, uid = 501
2026-04-10 23:16:10.216 A  EdotReactNavExample[62217:12739f7] (libsystem_containermanager.dylib) container_query_t
2026-04-10 23:16:10.216 Db EdotReactNavExample[62217:12739f7] [com.apple.containermanager:xpc] Query; euid = 501, uid = 501, query = <dictionary: 0x106891a40> { count = 9, transaction: 0, voucher = 0x0, contents =
	"ContainerClass" => <uint64: 0x9cb62575ffba88a7>: 13
	"Platform" => <uint64: 0x9cb62575ffba88f7>: 7
	"Flags" => <uint64: 0x9cb6253dffba88d7>: 38654705667
	"Explicit" => <uint64: 0x9cb62575ffba89ff>: 38
	"PrivateFlags" => <uint64: 0x9cb62575ffba88d7>: 3
	"Transient" => <bool: 0x1e70b0550>: false
	"PersonaKernelID" => <uint64: 0x9cb62575ffba88cf>: 0
	"Command" => <uint64: 0x9cb62575ffba89f7>: 39
	"GroupIdentifiers" => <array: 0x1068587e0> { count = 1, capacity = 10, contents =
		0: <string: 0x106858810> { string cache = 0x0, length = 43, contents = "systemgroup.com.apple.configurationprofiles" }
	}
}
2026-04-10 23:16:10.216 Db EdotReactNavExample[62217:12739f7] [com.apple.containermanager:xpc] connection <0x106908780/1/0> shared; cnt = 4
2026-04-10 23:16:10.217 Db EdotReactNavExample[62217:1273a18] [com.apple.containermanager:xpc] connection <0x106908780/1/0> released; cnt = 3
2026-04-10 23:16:10.217 Df EdotReactNavExample[62217:1273a18] [com.apple.containermanager:unspecified] _container_query_get_result_at_index: success
2026-04-10 23:16:10.217 Db EdotReactNavExample[62217:1273a18] [com.apple.containermanager:sandbox] container_object_sandbox_extension_activate(container, true)
2026-04-10 23:16:10.217 Db EdotReactNavExample[62217:1273a18] [com.apple.containermanager:sandbox] container_object_sandbox_extension_activate(container, true): no sandbox token in container
2026-04-10 23:16:10.217 A  EdotReactNavExample[62217:1273a18] (libsystem_containermanager.dylib) container_copy_object
2026-04-10 23:16:10.217 Df EdotReactNavExample[62217:1273a18] [com.apple.containermanager:unspecified] container_system_group_path_for_identifier: success
2026-04-10 23:16:10.217 I  EdotReactNavExample[62217:1273a18] [com.apple.CFNetwork:Default] TLD info from asset location is unavailable or too old. Falling back to builtin
2026-04-10 23:16:10.217 Db EdotReactNavExample[62217:1273a18] [com.apple.CFBundle:loading] dyld image path for pointer 0x184e4208c is /Library/Developer/CoreSimulator/Volumes/iOS_23E244/Library/Developer/CoreSimulator/Profiles/Runtimes/iOS 26.4.simruntime/Contents/Resources/RuntimeRoot/System/Library/Frameworks/CFNetwork.framework/CFNetwork
2026-04-10 23:16:10.217 Db EdotReactNavExample[62217:12739f7] [com.apple.containermanager:xpc] connection <0x106908780/1/0> released; cnt = 2
2026-04-10 23:16:10.217 Db EdotReactNavExample[62217:12739f7] [com.apple.containermanager:xpc] connection <0x106908780/1/0> will be canceled in 2 seconds; cnt = 2
2026-04-10 23:16:10.217 Df EdotReactNavExample[62217:12739f7] [com.apple.containermanager:unspecified] _container_query_get_result_at_index: success
2026-04-10 23:16:10.217 Db EdotReactNavExample[62217:12739f7] [com.apple.containermanager:sandbox] container_object_sandbox_extension_activate(container, true)
2026-04-10 23:16:10.218 Db EdotReactNavExample[62217:1273a18] [com.apple.CFBundle:loading] dlfcn check load bundle CFBundle 0x1068cce00 </Library/Developer/CoreSimulator/Volumes/iOS_23E244/Library/Developer/CoreSimulator/Profiles/Runtimes/iOS 26.4.simruntime/Contents/Resources/RuntimeRoot/System/Library/Frameworks/CFNetwork.framework> (not loaded), dlopen of /Library/Developer/CoreSimulator/Volumes/iOS_23E244/Library/Developer/CoreSimulator/Profiles/Runtimes/iOS 26.4.simruntime/Contents/Resources/RuntimeRoot/System/Library/Frameworks/CFNetwork.framework/CFNetwork mode 0x115 getting handle 0x6c121
2026-04-10 23:16:10.218 Db EdotReactNavExample[62217:12739f7] [com.apple.containermanager:sandbox] container_object_sandbox_extension_activate(container, true): no sandbox token in container
2026-04-10 23:16:10.218 A  EdotReactNavExample[62217:12739f7] (libsystem_containermanager.dylib) container_copy_object
2026-04-10 23:16:10.218 Df EdotReactNavExample[62217:12739f7] [com.apple.containermanager:unspecified] container_system_group_path_for_identifier: success
2026-04-10 23:16:10.218 Df EdotReactNavExample[62217:12739f7] [com.apple.ManagedConfiguration:MC] Got system group container path from MCM for systemgroup.com.apple.configurationprofiles: /Users/nonth/Library/Developer/CoreSimulator/Devices/B7E9BAD6-0C0D-41EE-BE0C-D49BF485382E/data/Containers/Shared/SystemGroup/systemgroup.com.apple.configurationprofiles
2026-04-10 23:16:10.218 Db EdotReactNavExample[62217:1273a18] [com.apple.CFBundle:resources] Language lookup at CFBundle 0x1068cce00 </Library/Developer/CoreSimulator/Volumes/iOS_23E244/Library/Developer/CoreSimulator/Profiles/Runtimes/iOS 26.4.simruntime/Contents/Resources/RuntimeRoot/System/Library/Frameworks/CFNetwork.framework> (framework, loaded)
	Localizations : [de, ur, he, en_AU, ar, el, ja, mr, en, uk, es_419, gu, zh_CN, kn, pa, es, sl, or, pt_BR, da, it, bg, sk, kk, pt_PT, ms, ta, ml, sv, te, cs, ko, no, hu, zh_HK, tr, pl, zh_TW, es_US, en_GB, vi, lt, ru, fr_CA, fr, fi, id, nl, th, bn, ro, hr, hi, ca]
	Dev language  : en
	User prefs    : [en-TH, th-TH]
	Main bundle   : [en]
	Allow mixed   : 0 
	Result        : [en]
2026-04-10 23:16:10.218 Db EdotReactNavExample[62217:1273a18] [com.apple.CFBundle:resources] Resource lookup at CFBundle 0x1068cce00 </Library/Developer/CoreSimulator/Volumes/iOS_23E244/Library/Developer/CoreSimulator/Profiles/Runtimes/iOS 26.4.simruntime/Contents/Resources/RuntimeRoot/System/Library/Frameworks/CFNetwork.framework> (framework, loaded)
	Request       : DafsaData type: bin
	Result        : file:///Library/Developer/CoreSimulator/Volumes/iOS_23E244/Library/Developer/CoreSimulator/Profiles/Runtimes/iOS%2026.4.simruntime/Contents/Resources/RuntimeRoot/System/Library/Frameworks/CFNetwork.framework/DafsaData.bin
2026-04-10 23:16:10.219 Db EdotReactNavExample[62217:1273a18] [com.apple.defaults:User Defaults] looked up value (
    "en-TH",
    "th-TH"
) for key AppleLanguages in CFPrefsPlistSource<0x105e5a0e0> (Domain: kCFPreferencesAnyApplication, User: kCFPreferencesCurrentUser, ByHost: No, Container: /Users/nonth/Library/Developer/CoreSimulator/Devices/B7E9BAD6-0C0D-41EE-BE0C-D49BF485382E/data, Contents Need Refresh: No) via CFPrefsSearchListSource<0x105e55d20> (Domain: com.edot.reactnavexample, Container: (null) Non-launch persona: 0)
2026-04-10 23:16:10.219 Df EdotReactNavExample[62217:12739f7] [com.apple.xpc:connection] [0x1069bc500] activating connection: mach=true listener=false peer=false name=com.apple.managedconfiguration.profiled.public
2026-04-10 23:16:10.220 Db EdotReactNavExample[62217:1273a18] [com.apple.defaults:User Defaults] found no value for key AppleCFNetworkDiagnosticLogging in CFPrefsSearchListSource<0x106928d00> (Domain: kCFPreferencesAnyApplication, Container: (null) Non-launch persona: 0)
2026-04-10 23:16:10.220 Db EdotReactNavExample[62217:1273a18] [com.apple.CFNetwork:ATS] Uploading ATS exception ATSAllowsLocalNetworking
2026-04-10 23:16:10.221 A  EdotReactNavExample[62217:1273a1a] (Security) SecTrustReportNetworkingAnalytics
2026-04-10 23:16:10.221 I  EdotReactNavExample[62217:1273a18] [com.apple.network:ATS] Warning [ATS violation]: Did not use TLS when opening connection for server: <private>
2026-04-10 23:16:10.221 Df EdotReactNavExample[62217:1273a18] [com.apple.CFNetwork:Default] Initializing NSHTTPCookieStorage singleton
2026-04-10 23:16:10.221 Df EdotReactNavExample[62217:1273a1a] [com.apple.securityd:keychain] System Keychain Always Supported set via feature flag to disabled
2026-04-10 23:16:10.221 Df EdotReactNavExample[62217:1273a1a] [com.apple.xpc:connection] [0x1069bc780] activating connection: mach=true listener=false peer=false name=com.apple.trustd
2026-04-10 23:16:10.221 Df EdotReactNavExample[62217:1273a18] [com.apple.CFNetwork:Default] Initializing CFHTTPCookieStorage singleton
2026-04-10 23:16:10.221 Df EdotReactNavExample[62217:1273a18] [com.apple.CFNetwork:Default] Creating default cookie storage with process/bundle identifier
2026-04-10 23:16:10.221 Db EdotReactNavExample[62217:1273a18] [com.apple.defaults:User Defaults] found no value for key com.apple.CFNetwork.ForceIOPath in CFPrefsPlistSource<0x105e59f10> (Domain: kCFPreferencesAnyApplication, User: kCFPreferencesCurrentUser, ByHost: No, Container: (null), Contents Need Refresh: No)
2026-04-10 23:16:10.221 Df EdotReactNavExample[62217:1273a18] [com.apple.CFNetwork:Default] Initializing AlternativeServices Storage singleton
2026-04-10 23:16:10.222 Df EdotReactNavExample[62217:1273a1a] [com.apple.securityd:SecError] SecTrustReportNetworkingAnalytics failed with error: -4
2026-04-10 23:16:10.222 Df EdotReactNavExample[62217:1273a18] [com.apple.FileURL:default] kExcludedFromBackupXattrName set on path: /Users/nonth/Library/Developer/CoreSimulator/Devices/B7E9BAD6-0C0D-41EE-BE0C-D49BF485382E/data/Containers/Data/Application/C8F4160D-E3E9-43CB-AC09-E2121723F62B/Library/HTTPStorages/com.edot.reactnavexample
2026-04-10 23:16:10.222 Df EdotReactNavExample[62217:1273a18] [com.apple.runningboard:connection] Initializing connection
2026-04-10 23:16:10.222 Df EdotReactNavExample[62217:1273a18] [com.apple.runningboard:process] Removing all cached process handles
2026-04-10 23:16:10.222 Df EdotReactNavExample[62217:1273a1a] [com.apple.runningboard:connection] Sending handshake request attempt #1 to server
2026-04-10 23:16:10.222 I  EdotReactNavExample[62217:1273a18] [com.apple.runningboard:assertion] Acquiring assertion: <RBSAssertionDescriptor| "com.apple.CFNetwork.StorageDB" ID:(null) target:62217>
2026-04-10 23:16:10.222 Df EdotReactNavExample[62217:1273a1a] [com.apple.runningboard:connection] Creating connection to com.apple.runningboard
2026-04-10 23:16:10.222 Df EdotReactNavExample[62217:1273a1a] [com.apple.xpc:connection] [0x1069bc8c0] activating connection: mach=true listener=false peer=false name=com.apple.runningboard
2026-04-10 23:16:10.223 Db EdotReactNavExample[62217:1273a1b] [com.apple.runningboard:message] PERF: (null) Received message from runningboardd: async_didChangeInheritances:completion:
2026-04-10 23:16:10.223 A  EdotReactNavExample[62217:1273a1b] (RunningBoardServices) didChangeInheritances
2026-04-10 23:16:10.223 Db EdotReactNavExample[62217:1273a1b] [com.apple.runningboard:connection] didChangeInheritances: <RBSInheritanceChangeSet| gained:{(
    <RBSInheritance| environment:(none) name:com.apple.frontboard.visibility origID:50369-50481-12325 0>,
    <RBSInheritance| environment:(none) name:com.apple.frontboard.visibility origID:50369-50481-12328 0>
)} lost:(null)>
2026-04-10 23:16:10.223 Db EdotReactNavExample[62217:1273a1a] [com.apple.BaseBoard:Common] BSAuditToken will auto-code: <BSObjCIvar: 0x10685abb0; "_bundleID" (<NSString *>)>, <BSObjCIvar: 0x10685abe0; "_auditToken" (<struct[32]>)>
2026-04-10 23:16:10.223 Df EdotReactNavExample[62217:1273a1a] [com.apple.runningboard:connection] Handshake succeeded
2026-04-10 23:16:10.223 Df EdotReactNavExample[62217:1273a1a] [com.apple.runningboard:connection] Identity resolved as app<com.edot.reactnavexample((null))>
2026-04-10 23:16:10.224 Db EdotReactNavExample[62217:1273a18] [com.apple.runningboard:assertion] Adding assertion 50369-62217-12329 to dictionary
2026-04-10 23:16:10.228 Db EdotReactNavExample[62217:1273a1b] [com.apple.ManagedConfiguration:ProfileConnection] Received settings changed notification
2026-04-10 23:16:10.228 Db EdotReactNavExample[62217:1273a1b] [com.apple.ManagedConfiguration:ProfileConnection] Invalidating cache
2026-04-10 23:16:10.229 Df EdotReactNavExample[62217:1273a1a] [com.apple.CFNetwork:Default] Garbage collection for alternative services
2026-04-10 23:16:10.230 I  EdotReactNavExample[62217:12739f7] [com.apple.ManagedConfiguration:MC] Reading from private effective user settings.
2026-04-10 23:16:10.231 I  EdotReactNavExample[62217:1273a18] [com.apple.network:connection] nw_connection_create_with_id [C1] create connection to Hostname#f15c1774:53280
2026-04-10 23:16:10.231 Df EdotReactNavExample[62217:1273a18] [com.apple.CFNetwork:Default] Connection 1: starting, TC(0x0)
2026-04-10 23:16:10.231 Db EdotReactNavExample[62217:12739f7] [com.apple.defaults:User Defaults] CFPrefsManagedSource<0x10692ab00> (Domain: com.apple.keyboard.preferences, User: kCFPreferencesCurrentUser, ByHost: Yes, Container: (null), Contents Need Refresh: No) loaded: an empty base plist and no additional changes from the base plist
2026-04-10 23:16:10.231 Db EdotReactNavExample[62217:12739f7] [com.apple.defaults:User Defaults] CFPrefsManagedSource<0x10692ab80> (Domain: com.apple.keyboard.preferences, User: kCFPreferencesAnyUser, ByHost: Yes, Container: (null), Contents Need Refresh: No) loaded: an empty base plist and no additional changes from the base plist
2026-04-10 23:16:10.231 Db EdotReactNavExample[62217:12739f7] [com.apple.defaults:User Defaults] CFPrefsPlistSource<0x10692ac00> (Domain: com.apple.keyboard.preferences, User: kCFPreferencesCurrentUser, ByHost: No, Container: (null), Contents Need Refresh: No) loaded: an empty base plist and no additional changes from the base plist
2026-04-10 23:16:10.231 Db EdotReactNavExample[62217:12739f7] [com.apple.defaults:User Defaults] CFPrefsPlistSource<0x10692ad00> (Domain: com.apple.keyboard.preferences, User: kCFPreferencesCurrentUser, ByHost: No, Container: /Users/nonth/Library/Developer/CoreSimulator/Devices/B7E9BAD6-0C0D-41EE-BE0C-D49BF485382E/data, Contents Need Refresh: No) loaded: a new base plist and no additional changes from the base plist
2026-04-10 23:16:10.231 Db EdotReactNavExample[62217:12739f7] [com.apple.defaults:User Defaults] CFPrefsPlistSource<0x10692ad80> (Domain: com.apple.keyboard.preferences, User: kCFPreferencesCurrentUser, ByHost: Yes, Container: (null), Contents Need Refresh: No) loaded: an empty base plist and no additional changes from the base plist
2026-04-10 23:16:10.231 Df EdotReactNavExample[62217:1273a18] [com.apple.network:connection] [C1 689FBAEC-7D71-41A5-BCF7-ED7D6C080DC1 Hostname#f15c1774:53280 tcp, url: http://localhost:53280/, definite, attribution: developer, context: com.apple.CFNetwork.NSURLSession.{AA9C92C9-8771-42D1-B359-7570E6613812}{(null)}{Y}{2}{0x0} (private), proc: 5E6EA401-68C1-33EF-A0B5-C6E50B6A94B8, delegated upid: 0] start
2026-04-10 23:16:10.231 Db EdotReactNavExample[62217:12739f7] [com.apple.defaults:User Defaults] setting {
    KeyboardAutocorrection = 0;
} in CFPrefsPlistSource<0x10692ac00> (Domain: com.apple.keyboard.preferences, User: kCFPreferencesCurrentUser, ByHost: No, Container: (null), Contents Need Refresh: No)
2026-04-10 23:16:10.231 I  EdotReactNavExample[62217:1273a18] [com.apple.network:connection] nw_endpoint_handler_start [C1 Hostname#f15c1774:53280 initial parent-flow ((null))]
2026-04-10 23:16:10.231 Df EdotReactNavExample[62217:1273a18] [com.apple.network:connection] [C1 Hostname#f15c1774:53280 initial parent-flow ((null))] event: path:start @0.000s
2026-04-10 23:16:10.232 Db EdotReactNavExample[62217:1273a18] [com.apple.network:connection] nw_endpoint_handler_path_change [C1 Hostname#f15c1774:53280 waiting parent-flow (satisfied (Path is satisfied), interface: en0[802.11], uses wifi, LQM: unknown)]
2026-04-10 23:16:10.232 Db EdotReactNavExample[62217:1273a18] [com.apple.networkextension:] ne_tracker_check subsystem is initialized with: {0000000}
2026-04-10 23:16:10.232 Db EdotReactNavExample[62217:1273a18] [com.apple.networkextension:] ne_tracker_check_is_hostname_blocked() proceeding with the in_the_app check for hostname: localhost
2026-04-10 23:16:10.232 Db EdotReactNavExample[62217:1273a18] [com.apple.CFBundle:resources] Resource lookup at CFBundle 0x1068cc1c0 </Users/nonth/Library/Developer/CoreSimulator/Devices/B7E9BAD6-0C0D-41EE-BE0C-D49BF485382E/data/Containers/Bundle/Application/3CD4221D-93B6-482B-A525-320CF30A8C91/EdotReactNavExample.app> (executable, loaded)
	Request       : InfoPlist type: strings
	Result        : None
2026-04-10 23:16:10.232 Db EdotReactNavExample[62217:1273a18] [com.apple.CFBundle:resources] Resource lookup at CFBundle 0x1068cc1c0 </Users/nonth/Library/Developer/CoreSimulator/Devices/B7E9BAD6-0C0D-41EE-BE0C-D49BF485382E/data/Containers/Bundle/Application/3CD4221D-93B6-482B-A525-320CF30A8C91/EdotReactNavExample.app> (executable, loaded)
	Request       : InfoPlist type: stringsdict
	Result        : None
2026-04-10 23:16:10.232 Db EdotReactNavExample[62217:1273a18] [com.apple.networkextension:] ne_tracker_check_is_hostname_blocked(): hostname localhost is not a tracker. Returning: ne_tracker_status_none
2026-04-10 23:16:10.232 Df EdotReactNavExample[62217:1273a18] [com.apple.network:connection] [C1 Hostname#f15c1774:53280 waiting parent-flow (satisfied (Path is satisfied), interface: en0[802.11], uses wifi, LQM: unknown)] event: path:satisfied @0.000s, uuid: BC30D971-FA33-4116-A163-E2C3460029BB
2026-04-10 23:16:10.232 I  EdotReactNavExample[62217:1273a18] [com.apple.network:connection] nw_connection_endpoint_report_on_nw_queue_block_invoke [C1 Hostname#f15c1774:53280 waiting parent-flow (satisfied (Path is satisfied), interface: en0[802.11], uses wifi, LQM: unknown)] skipping state update
2026-04-10 23:16:10.232 Db EdotReactNavExample[62217:1273a18] [com.apple.network:] nw_endpoint_proxy_handler_should_use_proxy Looking up proxy for hostname: localhost, ifindex: 0
2026-04-10 23:16:10.232 Db EdotReactNavExample[62217:1273a18] [com.apple.SystemConfiguration:SCPreferences] create <SCPreferences 0x106938180 [0x1e70e00c0]> {name = SCDynamicStoreCopyProxiesWithOptions, id = /Library/Managed Preferences/mobile/com.apple.SystemConfiguration.plist, path = /Library/Managed Preferences/mobile/com.apple.SystemConfiguration.plist}
2026-04-10 23:16:10.232 Db EdotReactNavExample[62217:1273a18] [com.apple.SystemConfiguration:SCPreferences] SCPreferences() access: /Library/Managed Preferences/mobile/com.apple.SystemConfiguration.plist, size=0
2026-04-10 23:16:10.232 Db EdotReactNavExample[62217:1273a18] [com.apple.SystemConfiguration:SCPreferences] release <SCPreferences 0x106938180 [0x1e70e00c0]> {name = SCDynamicStoreCopyProxiesWithOptions, id = /Library/Managed Preferences/mobile/com.apple.SystemConfiguration.plist, path = /Library/Managed Preferences/mobile/com.apple.SystemConfiguration.plist, accessed}
2026-04-10 23:16:10.238 Df EdotReactNavExample[62217:12739f7] (CloudSettings) [writeToCloudSettings:forStore] - cloudsettings feature disabled
2026-04-10 23:16:10.238 Db EdotReactNavExample[62217:1273a18] [com.apple.network:connection] nw_endpoint_flow_attach_protocols [C1 Hostname#f15c1774:53280 in_progress parent-flow (satisfied (Path is satisfied), interface: en0[802.11], uses wifi, LQM: unknown)]
2026-04-10 23:16:10.238 Db EdotReactNavExample[62217:1273a18] [com.apple.network:connection] nw_endpoint_flow_attach_protocols [C1 Hostname#f15c1774:53280 in_progress parent-flow (satisfied (Path is satisfied), interface: en0[802.11], uses wifi, LQM: unknown)] stopping after adding persistent application protocols
2026-04-10 23:16:10.238 Db EdotReactNavExample[62217:12739f7] [com.apple.foundation:locale] Lookup of 'AppleLanguages' from current preferences failed lookup (app preferences do not contain the key); likely falling back to default locale identifier as current
2026-04-10 23:16:10.239 Db EdotReactNavExample[62217:1273a18] [com.apple.network:connection] nw_endpoint_flow_setup_protocols [C1 Hostname#f15c1774:53280 in_progress parent-flow (satisfied (Path is satisfied), interface: en0[802.11], uses wifi, LQM: unknown)] persistent protocol stack, starting
2026-04-10 23:16:10.239 Df EdotReactNavExample[62217:1273a18] [com.apple.network:connection] [C1 Hostname#f15c1774:53280 in_progress parent-flow (satisfied (Path is satisfied), interface: en0[802.11], uses wifi, LQM: unknown)] event: flow:start_connect @0.007s
2026-04-10 23:16:10.239 Df EdotReactNavExample[62217:1273a18] [com.apple.network:connection] nw_connection_report_state_with_handler_on_nw_queue [C1] reporting state preparing
2026-04-10 23:16:10.239 I  EdotReactNavExample[62217:1273a18] [com.apple.network:connection] nw_endpoint_flow_connect [C1 Hostname#f15c1774:53280 in_progress parent-flow (satisfied (Path is satisfied), interface: en0[802.11], uses wifi, LQM: unknown)] connect bottom protocol
2026-04-10 23:16:10.239 Db EdotReactNavExample[62217:1273a18] [com.apple.network:connection] nw_endpoint_flow_start_child [C1 Hostname#f15c1774:53280 in_progress parent-flow (satisfied (Path is satisfied), interface: en0[802.11], uses wifi, LQM: unknown)] creating and starting child handler
2026-04-10 23:16:10.239 Db EdotReactNavExample[62217:1273a18] [com.apple.network:] nw_endpoint_proxy_handler_should_use_proxy Looking up proxy for hostname: localhost, ifindex: 0
2026-04-10 23:16:10.239 Db EdotReactNavExample[62217:1273a18] [com.apple.SystemConfiguration:SCPreferences] create <SCPreferences 0x106938180 [0x1e70e00c0]> {name = SCDynamicStoreCopyProxiesWithOptions, id = /Library/Managed Preferences/mobile/com.apple.SystemConfiguration.plist, path = /Library/Managed Preferences/mobile/com.apple.SystemConfiguration.plist}
2026-04-10 23:16:10.239 Db EdotReactNavExample[62217:1273a18] [com.apple.SystemConfiguration:SCPreferences] SCPreferences() access: /Library/Managed Preferences/mobile/com.apple.SystemConfiguration.plist, size=0
2026-04-10 23:16:10.239 Db EdotReactNavExample[62217:1273a18] [com.apple.SystemConfiguration:SCPreferences] release <SCPreferences 0x106938180 [0x1e70e00c0]> {name = SCDynamicStoreCopyProxiesWithOptions, id = /Library/Managed Preferences/mobile/com.apple.SystemConfiguration.plist, path = /Library/Managed Preferences/mobile/com.apple.SystemConfiguration.plist, accessed}
2026-04-10 23:16:10.239 Df EdotReactNavExample[62217:1273a18] [com.apple.network:connection] [C1 Hostname#f15c1774:53280 in_progress parent-flow (satisfied (Path is satisfied), interface: en0[802.11], uses wifi, LQM: unknown)] event: flow:start_child @0.007s
2026-04-10 23:16:10.239 I  EdotReactNavExample[62217:1273a18] [com.apple.network:connection] nw_endpoint_handler_start [C1.1 Hostname#f15c1774:53280 initial path ((null))]
2026-04-10 23:16:10.239 Db EdotReactNavExample[62217:1273a18] [com.apple.network:connection] nw_endpoint_flow_receive_report [C1 Hostname#f15c1774:53280 in_progress parent-flow (satisfied (Path is satisfied), interface: en0[802.11], uses wifi, LQM: unknown)] received child report: [C1.1 Hostname#f15c1774:53280 initial path ((null))]
2026-04-10 23:16:10.239 Df EdotReactNavExample[62217:1273a18] [com.apple.network:connection] [C1.1 Hostname#f15c1774:53280 initial path ((null))] event: path:start @0.007s
2026-04-10 23:16:10.239 Db EdotReactNavExample[62217:1273a18] [com.apple.network:connection] nw_endpoint_handler_path_change [C1.1 Hostname#f15c1774:53280 waiting path (satisfied (Path is satisfied), interface: en0[802.11], uses wifi, LQM: unknown)]
2026-04-10 23:16:10.239 Db EdotReactNavExample[62217:1273a18] [com.apple.networkextension:] ne_tracker_check_is_hostname_blocked() proceeding with the in_the_app check for hostname: localhost
2026-04-10 23:16:10.239 Db EdotReactNavExample[62217:1273a18] [com.apple.CFBundle:resources] Resource lookup at CFBundle 0x1068cc1c0 </Users/nonth/Library/Developer/CoreSimulator/Devices/B7E9BAD6-0C0D-41EE-BE0C-D49BF485382E/data/Containers/Bundle/Application/3CD4221D-93B6-482B-A525-320CF30A8C91/EdotReactNavExample.app> (executable, loaded)
	Request       : InfoPlist type: strings
	Result        : None
2026-04-10 23:16:10.239 Db EdotReactNavExample[62217:1273a18] [com.apple.CFBundle:resources] Resource lookup at CFBundle 0x1068cc1c0 </Users/nonth/Library/Developer/CoreSimulator/Devices/B7E9BAD6-0C0D-41EE-BE0C-D49BF485382E/data/Containers/Bundle/Application/3CD4221D-93B6-482B-A525-320CF30A8C91/EdotReactNavExample.app> (executable, loaded)
	Request       : InfoPlist type: stringsdict
	Result        : None
2026-04-10 23:16:10.239 Db EdotReactNavExample[62217:1273a18] [com.apple.networkextension:] ne_tracker_check_is_hostname_blocked(): hostname localhost is not a tracker. Returning: ne_tracker_status_none
2026-04-10 23:16:10.239 Db EdotReactNavExample[62217:1273a18] [com.apple.network:connection] nw_endpoint_flow_receive_report [C1 Hostname#f15c1774:53280 in_progress parent-flow (satisfied (Path is satisfied), interface: en0[802.11], uses wifi, LQM: unknown)] received child report: [C1.1 Hostname#f15c1774:53280 waiting path (satisfied (Path is satisfied), interface: en0[802.11], uses wifi, LQM: unknown)]
2026-04-10 23:16:10.239 Df EdotReactNavExample[62217:1273a18] [com.apple.network:connection] [C1.1 Hostname#f15c1774:53280 waiting path (satisfied (Path is satisfied), interface: en0[802.11], uses wifi, LQM: unknown)] event: path:satisfied @0.007s, uuid: BC30D971-FA33-4116-A163-E2C3460029BB
2026-04-10 23:16:10.239 Db EdotReactNavExample[62217:1273a18] [com.apple.network:] nw_endpoint_proxy_handler_should_use_proxy Looking up proxy for hostname: localhost, ifindex: 0
2026-04-10 23:16:10.239 Db EdotReactNavExample[62217:1273a18] [com.apple.SystemConfiguration:SCPreferences] create <SCPreferences 0x106938180 [0x1e70e00c0]> {name = SCDynamicStoreCopyProxiesWithOptions, id = /Library/Managed Preferences/mobile/com.apple.SystemConfiguration.plist, path = /Library/Managed Preferences/mobile/com.apple.SystemConfiguration.plist}
2026-04-10 23:16:10.239 Db EdotReactNavExample[62217:1273a18] [com.apple.SystemConfiguration:SCPreferences] SCPreferences() access: /Library/Managed Preferences/mobile/com.apple.SystemConfiguration.plist, size=0
2026-04-10 23:16:10.239 Db EdotReactNavExample[62217:1273a18] [com.apple.SystemConfiguration:SCPreferences] release <SCPreferences 0x106938180 [0x1e70e00c0]> {name = SCDynamicStoreCopyProxiesWithOptions, id = /Library/Managed Preferences/mobile/com.apple.SystemConfiguration.plist, path = /Library/Managed Preferences/mobile/com.apple.SystemConfiguration.plist, accessed}
2026-04-10 23:16:10.239 Db EdotReactNavExample[62217:1273a18] [com.apple.network:connection] -[NWConcrete_nw_endpoint_resolver startWithHandler:] [C1.1 Hostname#f15c1774:53280 waiting resolver (satisfied (Path is satisfied), interface: en0[802.11], uses wifi, LQM: unknown)]
2026-04-10 23:16:10.239 Db EdotReactNavExample[62217:1273a18] [com.apple.network:connection] nw_endpoint_flow_receive_report [C1 Hostname#f15c1774:53280 in_progress parent-flow (satisfied (Path is satisfied), interface: en0[802.11], uses wifi, LQM: unknown)] received child report: [C1.1 Hostname#f15c1774:53280 in_progress resolver (satisfied (Path is satisfied), interface: en0[802.11], uses wifi, LQM: unknown)]
2026-04-10 23:16:10.239 Df EdotReactNavExample[62217:1273a18] [com.apple.network:connection] [C1.1 Hostname#f15c1774:53280 in_progress resolver (satisfied (Path is satisfied), interface: en0[802.11], uses wifi, LQM: unknown)] event: resolver:start_dns @0.007s
2026-04-10 23:16:10.240 Db EdotReactNavExample[62217:12739f7] [com.apple.defaults:User Defaults] setting {
    "KeyboardAutocorrection_changedAt" = "2026-04-10 16:16:10 +0000";
} in CFPrefsPlistSource<0x10692ac00> (Domain: com.apple.keyboard.preferences, User: kCFPreferencesCurrentUser, ByHost: No, Container: (null), Contents Need Refresh: No)
2026-04-10 23:16:10.240 Db EdotReactNavExample[62217:1273a18] [com.apple.networkextension:] ne_tracker_check_is_hostname_blocked() proceeding with the in_the_app check for hostname: localhost
2026-04-10 23:16:10.240 Db EdotReactNavExample[62217:1273a18] [com.apple.CFBundle:resources] Resource lookup at CFBundle 0x1068cc1c0 </Users/nonth/Library/Developer/CoreSimulator/Devices/B7E9BAD6-0C0D-41EE-BE0C-D49BF485382E/data/Containers/Bundle/Application/3CD4221D-93B6-482B-A525-320CF30A8C91/EdotReactNavExample.app> (executable, loaded)
	Request       : InfoPlist type: strings
	Result        : None
2026-04-10 23:16:10.240 Db EdotReactNavExample[62217:1273a18] [com.apple.CFBundle:resources] Resource lookup at CFBundle 0x1068cc1c0 </Users/nonth/Library/Developer/CoreSimulator/Devices/B7E9BAD6-0C0D-41EE-BE0C-D49BF485382E/data/Containers/Bundle/Application/3CD4221D-93B6-482B-A525-320CF30A8C91/EdotReactNavExample.app> (executable, loaded)
	Request       : InfoPlist type: stringsdict
	Result        : None
2026-04-10 23:16:10.240 Db EdotReactNavExample[62217:1273a18] [com.apple.networkextension:] ne_tracker_check_is_hostname_blocked(): hostname localhost is not a tracker. Returning: ne_tracker_status_none
2026-04-10 23:16:10.240 I  EdotReactNavExample[62217:1273a18] [com.apple.network:connection] nw_resolver_create_dns_service_locked [C1.1] Starting host resolution Hostname#f15c1774:53280, flags 0xc000d000 proto 0
2026-04-10 23:16:10.240 Df EdotReactNavExample[62217:1273a18] [com.apple.CFNetwork:Default] Task <791101B8-EBAB-4BD2-BF47-D396FF7B3717>.<1> setting up Connection 1
2026-04-10 23:16:10.240 Db EdotReactNavExample[62217:1273a18] [com.apple.network:activity] Returning should log: 0 for activity cfnetwork:foreground_task
2026-04-10 23:16:10.240 Db EdotReactNavExample[62217:12739f7] [com.apple.defaults:User Defaults] setting {
    "KeyboardAutocorrection_buildAtChange" = 23E244;
} in CFPrefsPlistSource<0x10692ac00> (Domain: com.apple.keyboard.preferences, User: kCFPreferencesCurrentUser, ByHost: No, Container: (null), Contents Need Refresh: No)
2026-04-10 23:16:10.240 I  EdotReactNavExample[62217:1273a18] [com.apple.network:connection] nw_resolver_host_resolve_callback [C1.1] flags=0x40000003 ifindex=4294967295 error=NoError(0) hostname=localhost. addr=IPv6#48544775 ttl=1
2026-04-10 23:16:10.240 I  EdotReactNavExample[62217:1273a18] [com.apple.network:connection] nw_resolver_host_resolve_callback [C1.1] flags=0x40000002 ifindex=4294967295 error=NoError(0) hostname=localhost. addr=IPv4#c4a14329 ttl=1
2026-04-10 23:16:10.240 Db EdotReactNavExample[62217:1273a18] [com.apple.network:] sa_dst_compare_rfc6724 Rule 6, prefer d2, d2 precedence 50 > d1 precedence 35
2026-04-10 23:16:10.240 Db EdotReactNavExample[62217:1273a18] [com.apple.network:] sa_dst_compare_internal <private>@0 < <private>@0
2026-04-10 23:16:10.240 Db EdotReactNavExample[62217:1273a18] [com.apple.network:connection] nw_endpoint_resolver_update [C1.1 Hostname#f15c1774:53280 in_progress resolver (satisfied (Path is satisfied), interface: en0[802.11], uses wifi, LQM: unknown)] resolver is complete
2026-04-10 23:16:10.240 Df EdotReactNavExample[62217:1273a18] [com.apple.network:connection] nw_endpoint_resolver_update [C1.1 Hostname#f15c1774:53280 in_progress resolver (satisfied (Path is satisfied), interface: en0[802.11], uses wifi, LQM: unknown)] Adding endpoint handler for IPv6#deeb277f.53280
2026-04-10 23:16:10.240 Db EdotReactNavExample[62217:12739f7] [com.apple.defaults:User Defaults] CFPrefsPlistSource<0x10692ac00> (Domain: com.apple.keyboard.preferences, User: kCFPreferencesCurrentUser, ByHost: No, Container: (null), Contents Need Refresh: No) skipping setting already-present value for key KeyboardAutocorrection_previousValue
2026-04-10 23:16:10.240 Df EdotReactNavExample[62217:1273a18] [com.apple.network:connection] nw_endpoint_resolver_update [C1.1 Hostname#f15c1774:53280 in_progress resolver (satisfied (Path is satisfied), interface: en0[802.11], uses wifi, LQM: unknown)] Adding endpoint handler for IPv4#2952ec7f:53280
2026-04-10 23:16:10.240 Db EdotReactNavExample[62217:12739f7] [com.apple.defaults:User Defaults] CFPrefsPlistSource<0x10692ac00> (Domain: com.apple.keyboard.preferences, User: kCFPreferencesCurrentUser, ByHost: No, Container: (null), Contents Need Refresh: No) skipping setting already-present value for key KeyboardAutocorrection_analyzedAt
2026-04-10 23:16:10.240 Db EdotReactNavExample[62217:1273a18] [com.apple.network:connection] nw_endpoint_resolver_update [C1.1 Hostname#f15c1774:53280 in_progress resolver (satisfied (Path is satisfied), interface: en0[802.11], uses wifi, LQM: unknown)] Updated endpoint list is (IPv6#deeb277f.53280,IPv4#2952ec7f:53280)
2026-04-10 23:16:10.241 Db EdotReactNavExample[62217:1273a18] [com.apple.network:connection] nw_endpoint_flow_receive_report [C1 Hostname#f15c1774:53280 in_progress parent-flow (satisfied (Path is satisfied), interface: en0[802.11], uses wifi, LQM: unknown)] received child report: [C1.1 Hostname#f15c1774:53280 in_progress resolver (satisfied (Path is satisfied), interface: en0[802.11], uses wifi, LQM: unknown)]
2026-04-10 23:16:10.241 Df EdotReactNavExample[62217:1273a18] [com.apple.network:connection] [C1.1 Hostname#f15c1774:53280 in_progress resolver (satisfied (Path is satisfied), interface: en0[802.11], uses wifi, LQM: unknown)] event: resolver:receive_dns @0.009s
2026-04-10 23:16:10.241 I  EdotReactNavExample[62217:1273a18] [com.apple.network:connection] nw_endpoint_resolver_start_next_child [C1.1 Hostname#f15c1774:53280 in_progress resolver (satisfied (Path is satisfied), interface: en0[802.11], uses wifi, LQM: unknown)] starting child endpoint IPv6#deeb277f.53280
2026-04-10 23:16:10.241 I  EdotReactNavExample[62217:1273a18] [com.apple.network:connection] nw_endpoint_handler_start [C1.1.1 IPv6#deeb277f.53280 initial path ((null))]
2026-04-10 23:16:10.241 Db EdotReactNavExample[62217:1273a18] [com.apple.network:connection] nw_endpoint_resolver_receive_report [C1.1 Hostname#f15c1774:53280 in_progress resolver (satisfied (Path is satisfied), interface: en0[802.11], uses wifi, LQM: unknown)] received child report: [C1.1.1 IPv6#deeb277f.53280 initial path ((null))]
2026-04-10 23:16:10.241 Db EdotReactNavExample[62217:1273a18] [com.apple.network:connection] nw_endpoint_flow_receive_report [C1 Hostname#f15c1774:53280 in_progress parent-flow (satisfied (Path is satisfied), interface: en0[802.11], uses wifi, LQM: unknown)] received child report: [C1.1.1 IPv6#deeb277f.53280 initial path ((null))]
2026-04-10 23:16:10.241 Df EdotReactNavExample[62217:1273a18] [com.apple.network:connection] [C1.1.1 IPv6#deeb277f.53280 initial path ((null))] event: path:start @0.009s
2026-04-10 23:16:10.241 Db EdotReactNavExample[62217:1273a18] [com.apple.network:connection] nw_endpoint_handler_path_change [C1.1.1 IPv6#deeb277f.53280 waiting path (satisfied (Path is satisfied), interface: lo0)]
2026-04-10 23:16:10.241 Db EdotReactNavExample[62217:1273a18] [com.apple.network:connection] nw_endpoint_resolver_receive_report [C1.1 Hostname#f15c1774:53280 in_progress resolver (satisfied (Path is satisfied), interface: en0[802.11], uses wifi, LQM: unknown)] received child report: [C1.1.1 IPv6#deeb277f.53280 waiting path (satisfied (Path is satisfied), interface: lo0)]
2026-04-10 23:16:10.241 Db EdotReactNavExample[62217:1273a18] [com.apple.network:connection] nw_endpoint_flow_receive_report [C1 Hostname#f15c1774:53280 in_progress parent-flow (satisfied (Path is satisfied), interface: en0[802.11], uses wifi, LQM: unknown)] received child report: [C1.1.1 IPv6#deeb277f.53280 waiting path (satisfied (Path is satisfied), interface: lo0)]
2026-04-10 23:16:10.241 Df EdotReactNavExample[62217:1273a18] [com.apple.network:connection] [C1.1.1 IPv6#deeb277f.53280 waiting path (satisfied (Path is satisfied), interface: lo0)] event: path:satisfied @0.009s, uuid: 216D1557-9E62-4367-A4D7-BF76AC27E4CB
2026-04-10 23:16:10.241 Db EdotReactNavExample[62217:1273a18] [com.apple.network:] nw_endpoint_proxy_handler_should_use_proxy Looking up proxy for hostname: <nil>, ifindex: 0
2026-04-10 23:16:10.241 Db EdotReactNavExample[62217:1273a18] [com.apple.SystemConfiguration:SCPreferences] create <SCPreferences 0x106939980 [0x1e70e00c0]> {name = SCDynamicStoreCopyProxiesWithOptions, id = /Library/Managed Preferences/mobile/com.apple.SystemConfiguration.plist, path = /Library/Managed Preferences/mobile/com.apple.SystemConfiguration.plist}
2026-04-10 23:16:10.241 Db EdotReactNavExample[62217:1273a18] [com.apple.SystemConfiguration:SCPreferences] SCPreferences() access: /Library/Managed Preferences/mobile/com.apple.SystemConfiguration.plist, size=0
2026-04-10 23:16:10.241 Db EdotReactNavExample[62217:1273a18] [com.apple.SystemConfiguration:SCPreferences] release <SCPreferences 0x106939980 [0x1e70e00c0]> {name = SCDynamicStoreCopyProxiesWithOptions, id = /Library/Managed Preferences/mobile/com.apple.SystemConfiguration.plist, path = /Library/Managed Preferences/mobile/com.apple.SystemConfiguration.plist, accessed}
2026-04-10 23:16:10.241 I  EdotReactNavExample[62217:1273a18] [com.apple.network:connection] nw_association_create_flow <nw_association IPv6#deeb277f.53280> Added association flow ID 62429D80-C6D5-41EC-9785-1AE649D5C6A1
2026-04-10 23:16:10.241 I  EdotReactNavExample[62217:1273a18] [com.apple.network:connection] nw_endpoint_flow_setup_protocols [C1.1.1 IPv6#deeb277f.53280 in_progress socket-flow (satisfied (Path is satisfied), interface: lo0)] setup flow id 62429D80-C6D5-41EC-9785-1AE649D5C6A1
2026-04-10 23:16:10.241 Db EdotReactNavExample[62217:1273a18] [com.apple.network:connection] nw_endpoint_flow_attach_protocols [C1.1.1 IPv6#deeb277f.53280 in_progress socket-flow (satisfied (Path is satisfied), interface: lo0)]
2026-04-10 23:16:10.241 Db EdotReactNavExample[62217:1273a18] [com.apple.network:connection] nw_endpoint_flow_attach_protocols_block_invoke [C1.1.1 IPv6#deeb277f.53280 in_progress socket-flow (satisfied (Path is satisfied), interface: lo0)] Attached application protocol: CFNetworkConnection-1277212311
2026-04-10 23:16:10.241 Db EdotReactNavExample[62217:1273a18] [com.apple.network:] nw_fd_wrapper_create Created <fd_wrapper 7, guarded: false>
2026-04-10 23:16:10.241 Db EdotReactNavExample[62217:1273a18] [com.apple.network:connection] nw_endpoint_flow_attach_protocols [C1.1.1 IPv6#deeb277f.53280 in_progress socket-flow (satisfied (Path is satisfied), interface: lo0)] Attached socket protocol
2026-04-10 23:16:10.241 Db EdotReactNavExample[62217:1273a18] [com.apple.network:connection] nw_endpoint_flow_setup_protocols [C1.1.1 IPv6#deeb277f.53280 in_progress socket-flow (satisfied (Path is satisfied), interface: lo0)] leaf flow starting
2026-04-10 23:16:10.241 Db EdotReactNavExample[62217:1273a18] [com.apple.network:connection] nw_endpoint_resolver_receive_report [C1.1 Hostname#f15c1774:53280 in_progress resolver (satisfied (Path is satisfied), interface: en0[802.11], uses wifi, LQM: unknown)] received child report: [C1.1.1 IPv6#deeb277f.53280 in_progress socket-flow (satisfied (Path is satisfied), interface: lo0)]
2026-04-10 23:16:10.241 Db EdotReactNavExample[62217:1273a18] [com.apple.network:connection] nw_endpoint_flow_receive_report [C1 Hostname#f15c1774:53280 in_progress parent-flow (satisfied (Path is satisfied), interface: en0[802.11], uses wifi, LQM: unknown)] received child report: [C1.1.1 IPv6#deeb277f.53280 in_progress socket-flow (satisfied (Path is satisfied), interface: lo0)]
2026-04-10 23:16:10.241 Df EdotReactNavExample[62217:1273a18] [com.apple.network:connection] [C1.1.1 IPv6#deeb277f.53280 in_progress socket-flow (satisfied (Path is satisfied), interface: lo0)] event: flow:start_connect @0.009s
2026-04-10 23:16:10.241 I  EdotReactNavExample[62217:1273a18] [com.apple.network:connection] nw_connection_get_association_rtt_estimate_ms [C1] Association has 0 connected flows
2026-04-10 23:16:10.241 Db EdotReactNavExample[62217:1273a18] [com.apple.network:connection] nw_connection_endpoint_report_on_nw_queue_block_invoke [C1] Flow event 3 triggering STARTING_NEW_ATTEMPT (attempt #1)
2026-04-10 23:16:10.241 I  EdotReactNavExample[62217:1273a18] [com.apple.network:connection] nw_endpoint_flow_start_connect_stall_timer [C1.1.1 IPv6#deeb277f.53280 in_progress socket-flow (satisfied (Path is satisfied), interface: lo0)] starting connect connect stall timer (2000ms)
2026-04-10 23:16:10.241 I  EdotReactNavExample[62217:1273a18] [com.apple.network:connection] nw_endpoint_resolver_start_next_child [C1.1 Hostname#f15c1774:53280 in_progress resolver (satisfied (Path is satisfied), interface: en0[802.11], uses wifi, LQM: unknown)] starting next child endpoint in 100ms
2026-04-10 23:16:10.241 Db EdotReactNavExample[62217:1273a18] [com.apple.network:connection] nw_socket_handle_socket_event [C1.1.1:2] Event mask: 0x800
2026-04-10 23:16:10.241 Df EdotReactNavExample[62217:1273a18] [com.apple.network:connection] nw_socket_handle_socket_event [C1.1.1:2] Socket received CONNECTED event
2026-04-10 23:16:10.241 Db EdotReactNavExample[62217:1273a18] [com.apple.network:connection] nw_socket_setup_notsent_lowat [C1.1.1:2] Set TCP_NOTSENT_LOWAT(16384)
2026-04-10 23:16:10.241 Df EdotReactNavExample[62217:1273a18] [com.apple.network:connection] nw_flow_connected [C1.1.1 IPv6#deeb277f.53280 in_progress socket-flow (satisfied (Path is satisfied), interface: lo0)] Transport protocol connected (socket)
2026-04-10 23:16:10.242 Db EdotReactNavExample[62217:1273a18] [com.apple.network:connection] nw_endpoint_resolver_receive_report [C1.1 Hostname#f15c1774:53280 in_progress resolver (satisfied (Path is satisfied), interface: en0[802.11], uses wifi, LQM: unknown)] received child report: [C1.1.1 IPv6#deeb277f.53280 in_progress socket-flow (satisfied (Path is satisfied), interface: lo0)]
2026-04-10 23:16:10.242 Db EdotReactNavExample[62217:1273a18] [com.apple.network:connection] nw_endpoint_flow_receive_report [C1 Hostname#f15c1774:53280 in_progress parent-flow (satisfied (Path is satisfied), interface: en0[802.11], uses wifi, LQM: unknown)] received child report: [C1.1.1 IPv6#deeb277f.53280 in_progress socket-flow (satisfied (Path is satisfied), interface: lo0)]
2026-04-10 23:16:10.242 Df EdotReactNavExample[62217:1273a18] [com.apple.network:connection] [C1.1.1 IPv6#deeb277f.53280 in_progress socket-flow (satisfied (Path is satisfied), interface: lo0)] event: flow:finish_transport @0.010s
2026-04-10 23:16:10.242 Db EdotReactNavExample[62217:1273a18] [com.apple.network:connection] nw_connection_endpoint_report_on_nw_queue_block_invoke [C1] TRANSPORT_COMPLETE: actual RTT from path = 0ms
2026-04-10 23:16:10.242 Db EdotReactNavExample[62217:1273a18] [com.apple.network:connection] nw_connection_endpoint_report_on_nw_queue_block_invoke [C1] TRANSPORT_COMPLETE: no actual RTT or cache, using default est=100ms
2026-04-10 23:16:10.242 I  EdotReactNavExample[62217:1273a18] [com.apple.network:connection] nw_endpoint_resolver_receive_report [C1.1 Hostname#f15c1774:53280 in_progress resolver (satisfied (Path is satisfied), interface: en0[802.11], uses wifi, LQM: unknown)] pushing out endpoint race by 2000ms
2026-04-10 23:16:10.242 Df EdotReactNavExample[62217:1273a18] [com.apple.network:connection] nw_flow_connected [C1.1.1 IPv6#deeb277f.53280 in_progress socket-flow (satisfied (Path is satisfied), interface: lo0)] Output protocol connected (CFNetworkConnection-1277212311)
2026-04-10 23:16:10.242 Db EdotReactNavExample[62217:1273a18] [com.apple.network:connection] nw_endpoint_flow_connected_path_change [C1.1.1 IPv6#deeb277f.53280 ready socket-flow (satisfied (Path is satisfied), interface: lo0)]
2026-04-10 23:16:10.242 I  EdotReactNavExample[62217:1273a18] [com.apple.network:connection] nw_endpoint_flow_connected_path_change [C1.1.1 IPv6#deeb277f.53280 ready socket-flow (satisfied (Path is satisfied), interface: lo0)] Connected path is satisfied, not viable
2026-04-10 23:16:10.242 Db EdotReactNavExample[62217:1273a18] [com.apple.network:connection] nw_endpoint_resolver_receive_report [C1.1 Hostname#f15c1774:53280 in_progress resolver (satisfied (Path is satisfied), interface: en0[802.11], uses wifi, LQM: unknown)] received child report: [C1.1.1 IPv6#deeb277f.53280 ready socket-flow (satisfied (Path is satisfied), interface: lo0)]
2026-04-10 23:16:10.242 Db EdotReactNavExample[62217:1273a18] [com.apple.network:connection] nw_endpoint_flow_receive_report [C1 Hostname#f15c1774:53280 in_progress parent-flow (satisfied (Path is satisfied), interface: en0[802.11], uses wifi, LQM: unknown)] received child report: [C1.1.1 IPv6#deeb277f.53280 ready socket-flow (satisfied (Path is satisfied), interface: lo0)]
2026-04-10 23:16:10.242 Df EdotReactNavExample[62217:1273a18] [com.apple.network:connection] [C1.1.1 IPv6#deeb277f.53280 ready socket-flow (satisfied (Path is satisfied), interface: lo0)] event: flow:child_finish_connect @0.010s
2026-04-10 23:16:10.242 Db EdotReactNavExample[62217:1273a18] [com.apple.network:connection] nw_endpoint_flow_receive_report [C1 IPv6#deeb277f.53280 in_progress parent-flow (satisfied (Path is satisfied), interface: en0[802.11], uses wifi, LQM: unknown)] connecting endpoint_flow to child's shared protocol
2026-04-10 23:16:10.242 Db EdotReactNavExample[62217:1273a18] [com.apple.network:connection] nw_endpoint_flow_setup_protocols [C1 IPv6#deeb277f.53280 in_progress parent-flow (satisfied (Path is satisfied), interface: en0[802.11], uses wifi, LQM: unknown)] already set up
2026-04-10 23:16:10.242 Db EdotReactNavExample[62217:1273a18] [com.apple.network:connection] nw_endpoint_flow_setup_protocols [C1 IPv6#deeb277f.53280 in_progress parent-flow (satisfied (Path is satisfied), interface: en0[802.11], uses wifi, LQM: unknown)] child flow connected, starting
2026-04-10 23:16:10.242 Db EdotReactNavExample[62217:1273a18] [com.apple.network:connection] nw_endpoint_flow_setup_protocols [C1 IPv6#deeb277f.53280 in_progress parent-flow (satisfied (Path is satisfied), interface: en0[802.11], uses wifi, LQM: unknown)] already started
2026-04-10 23:16:10.242 Db EdotReactNavExample[62217:1273a18] [com.apple.network:connection] nw_endpoint_flow_receive_report [C1 IPv6#deeb277f.53280 in_progress parent-flow (satisfied (Path is satisfied), interface: en0[802.11], uses wifi, LQM: unknown)] received child report: [C1.1 Hostname#f15c1774:53280 ready resolver (satisfied (Path is satisfied), interface: en0[802.11], uses wifi, LQM: unknown)]
2026-04-10 23:16:10.242 Df EdotReactNavExample[62217:1273a18] [com.apple.network:connection] [C1.1 Hostname#f15c1774:53280 ready resolver (satisfied (Path is satisfied), interface: en0[802.11], uses wifi, LQM: unknown)] event: flow:child_finish_connect @0.010s
2026-04-10 23:16:10.242 I  EdotReactNavExample[62217:1273a18] [com.apple.network:connection] nw_endpoint_handler_cancel [C1.1.2 IPv4#2952ec7f:53280 initial path ((null))]
2026-04-10 23:16:10.242 Df EdotReactNavExample[62217:1273a18] [com.apple.network:connection] nw_flow_connected [C1 IPv6#deeb277f.53280 in_progress parent-flow (satisfied (Path is satisfied), interface: en0[802.11], uses wifi, LQM: unknown)] Output protocol connected (endpoint_flow)
2026-04-10 23:16:10.242 Db EdotReactNavExample[62217:1273a18] [com.apple.network:connection] nw_endpoint_flow_connected_path_change [C1 IPv6#deeb277f.53280 ready parent-flow (satisfied (Path is satisfied), interface: en0[802.11], uses wifi, LQM: unknown)]
2026-04-10 23:16:10.242 I  EdotReactNavExample[62217:1273a18] [com.apple.network:connection] nw_endpoint_flow_connected_path_change [C1 IPv6#deeb277f.53280 ready parent-flow (satisfied (Path is satisfied), interface: en0[802.11], uses wifi, LQM: unknown)] Connected path is satisfied, child is not viable
2026-04-10 23:16:10.242 Df EdotReactNavExample[62217:1273a18] [com.apple.network:connection] [C1 IPv6#deeb277f.53280 ready parent-flow (satisfied (Path is satisfied), interface: en0[802.11], uses wifi, LQM: unknown)] event: flow:finish_connect @0.010s
2026-04-10 23:16:10.242 Db EdotReactNavExample[62217:1273a18] [com.apple.network:connection] nw_connection_run_pqtls_probe_locked_on_nw_queue [C1] No TLS metadata; not running PQ-TLS probe
2026-04-10 23:16:10.242 Db EdotReactNavExample[62217:1273a18] [com.apple.network:connection] nw_connection_run_ech_probe_locked_on_nw_queue [C1] stack doesn't include TLS; not running ECH probe
2026-04-10 23:16:10.242 Db EdotReactNavExample[62217:1273a18] [com.apple.network:connection] nw_connection_endpoint_report_on_nw_queue_block_invoke [C1] Connected fallback generation 0
2026-04-10 23:16:10.242 I  EdotReactNavExample[62217:1273a18] [com.apple.network:connection] nw_connection_start_candidate_manager_if_needed_locked [C1] Checking whether to start candidate manager
2026-04-10 23:16:10.242 Db EdotReactNavExample[62217:1273a18] [com.apple.network:connection] nw_connection_start_candidate_manager_if_needed_locked [C1] Connection does not support multipath, not starting candidate manager
2026-04-10 23:16:10.242 Df EdotReactNavExample[62217:1273a18] [com.apple.network:connection] nw_connection_report_state_with_handler_on_nw_queue [C1] reporting state ready
2026-04-10 23:16:10.242 Df EdotReactNavExample[62217:1273a18] [com.apple.CFNetwork:Default] Connection 1: connected successfully
2026-04-10 23:16:10.242 Df EdotReactNavExample[62217:1273a18] [com.apple.CFNetwork:Default] Connection 1: ready C(N) E(N)
2026-04-10 23:16:10.242 Db EdotReactNavExample[62217:1273a18] [com.apple.CFNetwork:Default] Task <791101B8-EBAB-4BD2-BF47-D396FF7B3717>.<1> done setting up Connection 1
2026-04-10 23:16:10.242 Db EdotReactNavExample[62217:1273a18] [com.apple.network:activity] Returning should log: 0 for activity cfnetwork:foreground_task
2026-04-10 23:16:10.242 Df EdotReactNavExample[62217:1273a18] [com.apple.CFNetwork:Default] Task <791101B8-EBAB-4BD2-BF47-D396FF7B3717>.<1> now using Connection 1
2026-04-10 23:16:10.242 Db EdotReactNavExample[62217:1273a18] [com.apple.network:activity] Returning should log: 0 for activity cfnetwork:foreground_task
2026-04-10 23:16:10.242 Db EdotReactNavExample[62217:1273a18] [com.apple.CFBundle:resources] Resource lookup at CFBundle 0x1068cce00 </Library/Developer/CoreSimulator/Volumes/iOS_23E244/Library/Developer/CoreSimulator/Profiles/Runtimes/iOS 26.4.simruntime/Contents/Resources/RuntimeRoot/System/Library/Frameworks/CFNetwork.framework> (framework, loaded)
	Request       : InfoPlist type: loctable
	Result        : None
2026-04-10 23:16:10.242 Db EdotReactNavExample[62217:1273a18] [com.apple.CFBundle:resources] Resource lookup at CFBundle 0x1068cce00 </Library/Developer/CoreSimulator/Volumes/iOS_23E244/Library/Developer/CoreSimulator/Profiles/Runtimes/iOS 26.4.simruntime/Contents/Resources/RuntimeRoot/System/Library/Frameworks/CFNetwork.framework> (framework, loaded)
	Request       : InfoPlist type: strings
	Result        : None
2026-04-10 23:16:10.242 Db EdotReactNavExample[62217:1273a18] [com.apple.CFBundle:resources] Resource lookup at CFBundle 0x1068cce00 </Library/Developer/CoreSimulator/Volumes/iOS_23E244/Library/Developer/CoreSimulator/Profiles/Runtimes/iOS 26.4.simruntime/Contents/Resources/RuntimeRoot/System/Library/Frameworks/CFNetwork.framework> (framework, loaded)
	Request       : InfoPlist type: stringsdict
	Result        : None
2026-04-10 23:16:10.242 Df EdotReactNavExample[62217:1273a18] [com.apple.CFNetwork:Default] Task <791101B8-EBAB-4BD2-BF47-D396FF7B3717>.<1> sent request, body N 0
2026-04-10 23:16:10.247 Db EdotReactNavExample[62217:1273a18] [com.apple.ManagedConfiguration:ProfileConnection] Received settings changed notification
2026-04-10 23:16:10.247 Db EdotReactNavExample[62217:1273a18] [com.apple.ManagedConfiguration:ProfileConnection] Invalidating cache
2026-04-10 23:16:10.248 Df EdotReactNavExample[62217:1273a1a] [com.apple.CFNetwork:Default] Task <791101B8-EBAB-4BD2-BF47-D396FF7B3717>.<1> received response, status 101 content U
2026-04-10 23:16:10.248 Df EdotReactNavExample[62217:1273a1a] [com.apple.CFNetwork:Default] Task <791101B8-EBAB-4BD2-BF47-D396FF7B3717>.<1> response ended
2026-04-10 23:16:10.248 Df EdotReactNavExample[62217:1273a1a] [com.apple.CFNetwork:Default] Task <791101B8-EBAB-4BD2-BF47-D396FF7B3717>.<1> done using Connection 1
2026-04-10 23:16:10.248 Db EdotReactNavExample[62217:1273a1a] [com.apple.network:activity] Returning should log: 0 for activity cfnetwork:foreground_task
2026-04-10 23:16:10.248 Db EdotReactNavExample[62217:1273a18] [com.apple.cfnetwork:websocket] Task <791101B8-EBAB-4BD2-BF47-D396FF7B3717>.<1> handshake successful
2026-04-10 23:16:10.248 Db EdotReactNavExample[62217:1273a1a] [com.apple.network:connection] nw_endpoint_handler_modify_protocol_stack [C1.1.1 IPv6#deeb277f.53280 ready socket-flow (satisfied (Path is satisfied), interface: lo0)] Modified protocol stack
2026-04-10 23:16:10.248 Db EdotReactNavExample[62217:1273a1a] [com.apple.network:connection] nw_endpoint_resolver_receive_report [C1.1 Hostname#f15c1774:53280 ready resolver (satisfied (Path is satisfied), interface: en0[802.11], uses wifi, LQM: unknown)] received child report: [C1.1.1 IPv6#deeb277f.53280 in_progress socket-flow (satisfied (Path is satisfied), interface: lo0)]
2026-04-10 23:16:10.248 Db EdotReactNavExample[62217:1273a1a] [com.apple.network:connection] nw_endpoint_flow_receive_report [C1 IPv6#deeb277f.53280 ready parent-flow (satisfied (Path is satisfied), interface: en0[802.11], uses wifi, LQM: unknown)] received child report: [C1.1.1 IPv6#deeb277f.53280 in_progress socket-flow (satisfied (Path is satisfied), interface: lo0)]
2026-04-10 23:16:10.248 Df EdotReactNavExample[62217:1273a1a] [com.apple.network:connection] [C1.1.1 IPv6#deeb277f.53280 in_progress socket-flow (satisfied (Path is satisfied), interface: lo0)] event: flow:start_secondary_connect @0.017s
2026-04-10 23:16:10.248 I  EdotReactNavExample[62217:1273a1a] [com.apple.network:connection] nw_connection_get_association_rtt_estimate_ms [C1] Association has 1 connected flows
2026-04-10 23:16:10.248 I  EdotReactNavExample[62217:1273a1a] [com.apple.network:connection] nw_connection_get_association_rtt_estimate_ms [C1] nw_path_get_rtt_values returned false for association path
2026-04-10 23:16:10.248 Db EdotReactNavExample[62217:1273a1a] [com.apple.network:connection] nw_connection_endpoint_report_on_nw_queue_block_invoke [C1] Flow event 4 triggering STARTING_NEW_ATTEMPT (attempt #2)
2026-04-10 23:16:10.248 Db EdotReactNavExample[62217:1273a1a] [com.apple.network:connection] nw_endpoint_flow_receive_report [C1 IPv6#deeb277f.53280 ready parent-flow (satisfied (Path is satisfied), interface: en0[802.11], uses wifi, LQM: unknown)] received child report: [C1.1 Hostname#f15c1774:53280 in_progress resolver (satisfied (Path is satisfied), interface: en0[802.11], uses wifi, LQM: unknown)]
2026-04-10 23:16:10.248 Df EdotReactNavExample[62217:1273a1a] [com.apple.network:connection] [C1.1 Hostname#f15c1774:53280 in_progress resolver (satisfied (Path is satisfied), interface: en0[802.11], uses wifi, LQM: unknown)] event: flow:start_secondary_connect @0.017s
2026-04-10 23:16:10.248 I  EdotReactNavExample[62217:1273a1a] [com.apple.network:connection] nw_connection_get_association_rtt_estimate_ms [C1] Association has 1 connected flows
2026-04-10 23:16:10.248 I  EdotReactNavExample[62217:1273a1a] [com.apple.network:connection] nw_connection_get_association_rtt_estimate_ms [C1] nw_path_get_rtt_values returned false for association path
2026-04-10 23:16:10.248 Db EdotReactNavExample[62217:1273a1a] [com.apple.network:connection] nw_connection_endpoint_report_on_nw_queue_block_invoke [C1] Flow event 4 triggering STARTING_NEW_ATTEMPT (attempt #3)
2026-04-10 23:16:10.249 Df EdotReactNavExample[62217:1273a1a] [com.apple.network:connection] [C1 IPv6#deeb277f.53280 in_progress parent-flow (satisfied (Path is satisfied), interface: en0[802.11], uses wifi, LQM: unknown)] event: flow:start_secondary_connect @0.017s
2026-04-10 23:16:10.249 Df EdotReactNavExample[62217:1273a1a] [com.apple.network:connection] nw_connection_report_state_with_handler_on_nw_queue [C1] reporting state preparing
2026-04-10 23:16:10.249 Db EdotReactNavExample[62217:1273a1a] [com.apple.network:connection] nw_endpoint_resolver_receive_report [C1.1 Hostname#f15c1774:53280 in_progress resolver (satisfied (Path is satisfied), interface: en0[802.11], uses wifi, LQM: unknown)] received child report: [C1.1.1 IPv6#deeb277f.53280 in_progress socket-flow (satisfied (Path is satisfied), interface: lo0)]
2026-04-10 23:16:10.249 Db EdotReactNavExample[62217:1273a1a] [com.apple.network:connection] nw_endpoint_flow_receive_report [C1 IPv6#deeb277f.53280 in_progress parent-flow (satisfied (Path is satisfied), interface: en0[802.11], uses wifi, LQM: unknown)] received child report: [C1.1.1 IPv6#deeb277f.53280 in_progress socket-flow (satisfied (Path is satisfied), interface: lo0)]
2026-04-10 23:16:10.249 Df EdotReactNavExample[62217:1273a1a] [com.apple.network:connection] [C1.1.1 IPv6#deeb277f.53280 in_progress socket-flow (satisfied (Path is satisfied), interface: lo0)] event: flow:start_connect @0.017s
2026-04-10 23:16:10.249 I  EdotReactNavExample[62217:1273a1a] [com.apple.network:connection] nw_connection_get_association_rtt_estimate_ms [C1] Association has 1 connected flows
2026-04-10 23:16:10.249 I  EdotReactNavExample[62217:1273a1a] [com.apple.network:connection] nw_connection_get_association_rtt_estimate_ms [C1] nw_path_get_rtt_values returned false for association path
2026-04-10 23:16:10.249 Db EdotReactNavExample[62217:1273a1a] [com.apple.network:connection] nw_connection_endpoint_report_on_nw_queue_block_invoke [C1] Flow event 3 triggering STARTING_NEW_ATTEMPT (attempt #4)
2026-04-10 23:16:10.249 Db EdotReactNavExample[62217:1273a1a] [com.apple.network:connection] nw_endpoint_flow_receive_report [C1 IPv6#deeb277f.53280 in_progress parent-flow (satisfied (Path is satisfied), interface: en0[802.11], uses wifi, LQM: unknown)] received child report: [C1.1 Hostname#f15c1774:53280 in_progress resolver (satisfied (Path is satisfied), interface: en0[802.11], uses wifi, LQM: unknown)]
2026-04-10 23:16:10.249 Df EdotReactNavExample[62217:1273a1a] [com.apple.network:connection] [C1.1 Hostname#f15c1774:53280 in_progress resolver (satisfied (Path is satisfied), interface: en0[802.11], uses wifi, LQM: unknown)] event: flow:start_connect @0.017s
2026-04-10 23:16:10.249 I  EdotReactNavExample[62217:1273a1a] [com.apple.network:connection] nw_connection_get_association_rtt_estimate_ms [C1] Association has 1 connected flows
2026-04-10 23:16:10.249 I  EdotReactNavExample[62217:1273a1a] [com.apple.network:connection] nw_connection_get_association_rtt_estimate_ms [C1] nw_path_get_rtt_values returned false for association path
2026-04-10 23:16:10.249 Db EdotReactNavExample[62217:1273a1a] [com.apple.network:connection] nw_connection_endpoint_report_on_nw_queue_block_invoke [C1] Flow event 3 triggering STARTING_NEW_ATTEMPT (attempt #5)
2026-04-10 23:16:10.249 I  EdotReactNavExample[62217:12739f7] [com.apple.ManagedConfiguration:MC] Reading from private effective user settings.
2026-04-10 23:16:10.249 Df EdotReactNavExample[62217:1273a1a] [com.apple.network:connection] [C1 IPv6#deeb277f.53280 in_progress parent-flow (satisfied (Path is satisfied), interface: en0[802.11], uses wifi, LQM: unknown)] event: flow:start_connect @0.017s
2026-04-10 23:16:10.249 I  EdotReactNavExample[62217:1273a1a] [com.apple.network:connection] nw_endpoint_flow_start_connect_stall_timer [C1.1.1 IPv6#deeb277f.53280 in_progress socket-flow (satisfied (Path is satisfied), interface: lo0)] starting connect connect stall timer (2000ms)
2026-04-10 23:16:10.249 Df EdotReactNavExample[62217:1273a1a] [com.apple.network:connection] nw_flow_connected [C1.1.1 IPv6#deeb277f.53280 in_progress socket-flow (satisfied (Path is satisfied), interface: lo0)] Transport protocol connected (socket)
2026-04-10 23:16:10.249 Db EdotReactNavExample[62217:1273a1a] [com.apple.network:connection] nw_endpoint_resolver_receive_report [C1.1 Hostname#f15c1774:53280 in_progress resolver (satisfied (Path is satisfied), interface: en0[802.11], uses wifi, LQM: unknown)] received child report: [C1.1.1 IPv6#deeb277f.53280 in_progress socket-flow (satisfied (Path is satisfied), interface: lo0)]
2026-04-10 23:16:10.249 Db EdotReactNavExample[62217:1273a1a] [com.apple.network:connection] nw_endpoint_flow_receive_report [C1 IPv6#deeb277f.53280 in_progress parent-flow (satisfied (Path is satisfied), interface: en0[802.11], uses wifi, LQM: unknown)] received child report: [C1.1.1 IPv6#deeb277f.53280 in_progress socket-flow (satisfied (Path is satisfied), interface: lo0)]
2026-04-10 23:16:10.249 Df EdotReactNavExample[62217:1273a1a] [com.apple.network:connection] [C1.1.1 IPv6#deeb277f.53280 in_progress socket-flow (satisfied (Path is satisfied), interface: lo0)] event: flow:finish_transport @0.017s
2026-04-10 23:16:10.249 Db EdotReactNavExample[62217:1273a1a] [com.apple.network:connection] nw_connection_endpoint_report_on_nw_queue_block_invoke [C1] TRANSPORT_COMPLETE: actual RTT from path = 0ms
2026-04-10 23:16:10.249 Db EdotReactNavExample[62217:1273a1a] [com.apple.network:connection] nw_connection_endpoint_report_on_nw_queue_block_invoke [C1] TRANSPORT_COMPLETE: no actual RTT or cache, using default est=100ms
2026-04-10 23:16:10.249 Db EdotReactNavExample[62217:1273a1a] [com.apple.network:connection] nw_endpoint_flow_receive_report [C1 IPv6#deeb277f.53280 in_progress parent-flow (satisfied (Path is satisfied), interface: en0[802.11], uses wifi, LQM: unknown)] received child report: [C1.1 Hostname#f15c1774:53280 in_progress resolver (satisfied (Path is satisfied), interface: en0[802.11], uses wifi, LQM: unknown)]
2026-04-10 23:16:10.249 Df EdotReactNavExample[62217:1273a1a] [com.apple.network:connection] [C1.1 Hostname#f15c1774:53280 in_progress resolver (satisfied (Path is satisfied), interface: en0[802.11], uses wifi, LQM: unknown)] event: flow:finish_transport @0.018s
2026-04-10 23:16:10.249 Db EdotReactNavExample[62217:1273a1a] [com.apple.network:connection] nw_connection_endpoint_report_on_nw_queue_block_invoke [C1] TRANSPORT_COMPLETE: actual RTT from path = 0ms
2026-04-10 23:16:10.250 Db EdotReactNavExample[62217:1273a1a] [com.apple.network:connection] nw_connection_endpoint_report_on_nw_queue_block_invoke [C1] TRANSPORT_COMPLETE: no actual RTT or cache, using default est=100ms
2026-04-10 23:16:10.250 Db EdotReactNavExample[62217:12739f7] [com.apple.defaults:User Defaults] setting {
    KeyboardPrediction = 0;
} in CFPrefsPlistSource<0x10692ac00> (Domain: com.apple.keyboard.preferences, User: kCFPreferencesCurrentUser, ByHost: No, Container: (null), Contents Need Refresh: No)
2026-04-10 23:16:10.250 Df EdotReactNavExample[62217:1273a1a] [com.apple.network:connection] [C1 IPv6#deeb277f.53280 in_progress parent-flow (satisfied (Path is satisfied), interface: en0[802.11], uses wifi, LQM: unknown)] event: flow:finish_transport @0.018s
2026-04-10 23:16:10.250 Db EdotReactNavExample[62217:1273a1a] [com.apple.network:connection] nw_connection_endpoint_report_on_nw_queue_block_invoke [C1] TRANSPORT_COMPLETE: actual RTT from path = 0ms
2026-04-10 23:16:10.250 Db EdotReactNavExample[62217:1273a1a] [com.apple.network:connection] nw_connection_endpoint_report_on_nw_queue_block_invoke [C1] TRANSPORT_COMPLETE: no actual RTT or cache, using default est=100ms
2026-04-10 23:16:10.250 Df EdotReactNavExample[62217:1273a1a] [com.apple.network:connection] nw_flow_connected [C1.1.1 IPv6#deeb277f.53280 in_progress socket-flow (satisfied (Path is satisfied), interface: lo0)] Output protocol connected (CFNetworkConnection-1277212311)
2026-04-10 23:16:10.250 Db EdotReactNavExample[62217:1273a1a] [com.apple.network:connection] nw_endpoint_flow_connected_path_change [C1.1.1 IPv6#deeb277f.53280 ready socket-flow (satisfied (Path is satisfied), interface: lo0)]
2026-04-10 23:16:10.250 I  EdotReactNavExample[62217:1273a1a] [com.apple.network:connection] nw_endpoint_flow_connected_path_change [C1.1.1 IPv6#deeb277f.53280 ready socket-flow (satisfied (Path is satisfied), interface: lo0)] Connected path is satisfied, not viable
2026-04-10 23:16:10.250 Db EdotReactNavExample[62217:1273a1a] [com.apple.network:connection] nw_endpoint_resolver_receive_report [C1.1 Hostname#f15c1774:53280 in_progress resolver (satisfied (Path is satisfied), interface: en0[802.11], uses wifi, LQM: unknown)] received child report: [C1.1.1 IPv6#deeb277f.53280 ready socket-flow (satisfied (Path is satisfied), interface: lo0)]
2026-04-10 23:16:10.250 Db EdotReactNavExample[62217:1273a1a] [com.apple.network:connection] nw_endpoint_flow_receive_report [C1 IPv6#deeb277f.53280 in_progress parent-flow (satisfied (Path is satisfied), interface: en0[802.11], uses wifi, LQM: unknown)] received child report: [C1.1.1 IPv6#deeb277f.53280 ready socket-flow (satisfied (Path is satisfied), interface: lo0)]
2026-04-10 23:16:10.250 Df EdotReactNavExample[62217:1273a1a] [com.apple.network:connection] [C1.1.1 IPv6#deeb277f.53280 ready socket-flow (satisfied (Path is satisfied), interface: lo0)] event: flow:child_finish_connect @0.018s
2026-04-10 23:16:10.250 Db EdotReactNavExample[62217:1273a1a] [com.apple.network:connection] nw_endpoint_flow_receive_report [C1 IPv6#deeb277f.53280 in_progress parent-flow (satisfied (Path is satisfied), interface: en0[802.11], uses wifi, LQM: unknown)] received child report: [C1.1 Hostname#f15c1774:53280 ready resolver (satisfied (Path is satisfied), interface: en0[802.11], uses wifi, LQM: unknown)]
2026-04-10 23:16:10.250 Df EdotReactNavExample[62217:1273a1a] [com.apple.network:connection] [C1.1 Hostname#f15c1774:53280 ready resolver (satisfied (Path is satisfied), interface: en0[802.11], uses wifi, LQM: unknown)] event: flow:child_finish_connect @0.018s
2026-04-10 23:16:10.250 Df EdotReactNavExample[62217:1273a1a] [com.apple.network:connection] [C1 IPv6#deeb277f.53280 ready parent-flow (satisfied (Path is satisfied), interface: en0[802.11], uses wifi, LQM: unknown)] event: flow:finish_connect @0.018s
2026-04-10 23:16:10.250 Df EdotReactNavExample[62217:1273a1a] [com.apple.network:connection] nw_connection_report_state_with_handler_on_nw_queue [C1] reporting state ready
2026-04-10 23:16:10.250 Df EdotReactNavExample[62217:1273a1a] [com.apple.network:connection] nw_flow_connected [C1 IPv6#deeb277f.53280 ready parent-flow (satisfied (Path is satisfied), interface: en0[802.11], uses wifi, LQM: unknown)] Output protocol connected (endpoint_flow)
2026-04-10 23:16:10.250 Db EdotReactNavExample[62217:1273a1a] [com.apple.network:connection] nw_endpoint_flow_connected_path_change [C1 IPv6#deeb277f.53280 ready parent-flow (satisfied (Path is satisfied), interface: en0[802.11], uses wifi, LQM: unknown)]
2026-04-10 23:16:10.250 I  EdotReactNavExample[62217:1273a1a] [com.apple.network:connection] nw_endpoint_flow_connected_path_change [C1 IPv6#deeb277f.53280 ready parent-flow (satisfied (Path is satisfied), interface: en0[802.11], uses wifi, LQM: unknown)] Connected path is satisfied, child is not viable
2026-04-10 23:16:10.250 Df EdotReactNavExample[62217:12739f7] (CloudSettings) [writeToCloudSettings:forStore] - cloudsettings feature disabled
2026-04-10 23:16:10.251 Db EdotReactNavExample[62217:12739f7] [com.apple.defaults:User Defaults] CFPrefsPlistSource<0x10692ad00> (Domain: com.apple.keyboard.preferences, User: kCFPreferencesCurrentUser, ByHost: No, Container: /Users/nonth/Library/Developer/CoreSimulator/Devices/B7E9BAD6-0C0D-41EE-BE0C-D49BF485382E/data, Contents Need Refresh: No) loaded: a new base plist and no additional changes from the base plist
2026-04-10 23:16:10.251 Db EdotReactNavExample[62217:12739f7] [com.apple.defaults:User Defaults] CFPrefsPlistSource<0x10692ad80> (Domain: com.apple.keyboard.preferences, User: kCFPreferencesCurrentUser, ByHost: Yes, Container: (null), Contents Need Refresh: No) loaded: an empty base plist and no additional changes from the base plist
2026-04-10 23:16:10.251 Db EdotReactNavExample[62217:12739f7] [com.apple.defaults:User Defaults] found no value for key KeyboardShowPredictionBar in CFPrefsSearchListSource<0x10692aa80> (Domain: com.apple.keyboard.preferences, Container: (null) Non-launch persona: 0)
2026-04-10 23:16:10.251 Db EdotReactNavExample[62217:12739f7] [com.apple.defaults:User Defaults] setting {
    KeyboardShowPredictionBar = 0;
} in CFPrefsPlistSource<0x10692ac00> (Domain: com.apple.keyboard.preferences, User: kCFPreferencesCurrentUser, ByHost: No, Container: (null), Contents Need Refresh: No)
2026-04-10 23:16:10.252 Db EdotReactNavExample[62217:12739f7] [com.apple.defaults:User Defaults] CFPrefsPlistSource<0x10692ad00> (Domain: com.apple.keyboard.preferences, User: kCFPreferencesCurrentUser, ByHost: No, Container: /Users/nonth/Library/Developer/CoreSimulator/Devices/B7E9BAD6-0C0D-41EE-BE0C-D49BF485382E/data, Contents Need Refresh: No) loaded: a new base plist and no additional changes from the base plist
2026-04-10 23:16:10.252 Db EdotReactNavExample[62217:12739f7] [com.apple.defaults:User Defaults] CFPrefsPlistSource<0x10692ad80> (Domain: com.apple.keyboard.preferences, User: kCFPreferencesCurrentUser, ByHost: Yes, Container: (null), Contents Need Refresh: No) loaded: an empty base plist and no additional changes from the base plist
2026-04-10 23:16:10.252 Db EdotReactNavExample[62217:12739f7] [com.apple.defaults:User Defaults] found no value for key DidShowGestureKeyboardIntroduction in CFPrefsSearchListSource<0x10692aa80> (Domain: com.apple.keyboard.preferences, Container: (null) Non-launch persona: 0)
2026-04-10 23:16:10.252 Db EdotReactNavExample[62217:12739f7] [com.apple.defaults:User Defaults] setting {
    DidShowGestureKeyboardIntroduction = 1;
} in CFPrefsPlistSource<0x10692ac00> (Domain: com.apple.keyboard.preferences, User: kCFPreferencesCurrentUser, ByHost: No, Container: (null), Contents Need Refresh: No)
2026-04-10 23:16:10.253 Df EdotReactNavExample[62217:12739f7] [com.apple.BoardServices:XPCErrors] [C:1] Alloc com.apple.frontboard.systemappservices
2026-04-10 23:16:10.253 Df EdotReactNavExample[62217:12739f7] [com.apple.xpc:connection] [0x1069bcf00] activating connection: mach=false listener=false peer=false name=(anonymous)
2026-04-10 23:16:10.255 Db EdotReactNavExample[62217:1273a1b] [com.apple.BaseBoard:MachPort]  *|machport|* <BSMachPortTaskNameRight: 0x1068c9b80; usable: YES; (62217:3713:send task_name_for_pid:SpringBoard.50481)> -> (<NSThread: 0x1068c9740>{number = 2, name = (null)}) (
	0   BaseBoard                           0x0000000184059048 -[BSMachPortRight _initWithPort:type:owner:trace:] + 200
	1   BaseBoard                           0x000000018405b074 -[BSMachPortTaskNameRight initWithPID:] + 276
	2   BaseBoard                           0x000000018405af04 +[BSMachPortTaskNameRight taskNameForPID:] + 56
	3   BaseBoard                           0x000000018406e490 +[BSProcessHandle processHandleForXPCConnection:] + 176
	4   BoardServices                       0x0000000188208ac8 +[BSXPCServiceConnectionPeer peerOfConnection:] + 320
	5   BoardServices                       0x000000018823f68c __55-[BSXPCServiceConnection _lock_activateNowOrWhenReady:]_block_invoke_2 + 140
	6   BoardServices                       0x0000000188235a44 __55-[BSXPCServiceConnectionMessage _actuallySendWithMode:]_block_invoke + 164
	7
2026-04-10 23:16:10.255 Db EdotReactNavExample[62217:12739f7] [com.apple.defaults:User Defaults] CFPrefsPlistSource<0x10692ad00> (Domain: com.apple.keyboard.preferences, User: kCFPreferencesCurrentUser, ByHost: No, Container: /Users/nonth/Library/Developer/CoreSimulator/Devices/B7E9BAD6-0C0D-41EE-BE0C-D49BF485382E/data, Contents Need Refresh: No) loaded: a new base plist and no additional changes from the base plist
2026-04-10 23:16:10.255 Db EdotReactNavExample[62217:12739f7] [com.apple.defaults:User Defaults] CFPrefsPlistSource<0x10692ad80> (Domain: com.apple.keyboard.preferences, User: kCFPreferencesCurrentUser, ByHost: Yes, Container: (null), Contents Need Refresh: No) loaded: an empty base plist and no additional changes from the base plist
2026-04-10 23:16:10.255 Db EdotReactNavExample[62217:12739f7] [com.apple.defaults:User Defaults] found no value for key DidShowContinuousPathIntroduction in CFPrefsSearchListSource<0x10692aa80> (Domain: com.apple.keyboard.preferences, Container: (null) Non-launch persona: 0)
2026-04-10 23:16:10.255 Db EdotReactNavExample[62217:12739f7] [com.apple.defaults:User Defaults] setting {
    DidShowContinuousPathIntroduction = 1;
} in CFPrefsPlistSource<0x10692ac00> (Domain: com.apple.keyboard.preferences, User: kCFPreferencesCurrentUser, ByHost: No, Container: (null), Contents Need Refresh: No)
2026-04-10 23:16:10.261 Db EdotReactNavExample[62217:1273a18] [com.apple.defaults:User Defaults] found no value for key IIOEnableOOP in CFPrefsSearchListSource<0x105e55d20> (Domain: com.edot.reactnavexample, Container: (null) Non-launch persona: 0)
2026-04-10 23:16:10.261 A  EdotReactNavExample[62217:1273a18] (CoreFoundation) Loading Preferences From User Session CFPrefsD
2026-04-10 23:16:10.261 Db EdotReactNavExample[62217:1273a18] [com.apple.defaults:User Defaults] CFPrefsPlistSource<0x10692ba80> (Domain: com.apple.ImageIO, User: kCFPreferencesCurrentUser, ByHost: No, Container: (null), Contents Need Refresh: No) loaded: an empty base plist and no additional changes from the base plist
2026-04-10 23:16:10.261 Db EdotReactNavExample[62217:1273a18] [com.apple.defaults:User Defaults] found no value for key IIOEnableOOP in CFPrefsPlistSource<0x10692ba80> (Domain: com.apple.ImageIO, User: kCFPreferencesCurrentUser, ByHost: No, Container: (null), Contents Need Refresh: No)
2026-04-10 23:16:10.262 Db EdotReactNavExample[62217:1273a1a] [com.apple.defaults:User Defaults] CFPrefsManagedSource<0x10692bd00> (Domain: com.apple.UIKit, User: kCFPreferencesCurrentUser, ByHost: Yes, Container: (null), Contents Need Refresh: No) loaded: an empty base plist and no additional changes from the base plist
2026-04-10 23:16:10.262 Db EdotReactNavExample[62217:1273a1a] [com.apple.defaults:User Defaults] CFPrefsManagedSource<0x10692bd80> (Domain: com.apple.UIKit, User: kCFPreferencesAnyUser, ByHost: Yes, Container: (null), Contents Need Refresh: No) loaded: an empty base plist and no additional changes from the base plist
2026-04-10 23:16:10.262 Db EdotReactNavExample[62217:1273a1a] [com.apple.defaults:User Defaults] CFPrefsPlistSource<0x10692be00> (Domain: com.apple.UIKit, User: kCFPreferencesCurrentUser, ByHost: No, Container: (null), Contents Need Refresh: No) loaded: an empty base plist and no additional changes from the base plist
2026-04-10 23:16:10.262 Db EdotReactNavExample[62217:1273a1a] [com.apple.defaults:User Defaults] CFPrefsPlistSource<0x10692bf00> (Domain: com.apple.UIKit, User: kCFPreferencesCurrentUser, ByHost: No, Container: /Users/nonth/Library/Developer/CoreSimulator/Devices/B7E9BAD6-0C0D-41EE-BE0C-D49BF485382E/data, Contents Need Refresh: No) loaded: an empty base plist and no additional changes from the base plist
2026-04-10 23:16:10.262 Db EdotReactNavExample[62217:1273a1a] [com.apple.defaults:User Defaults] CFPrefsPlistSource<0x10692bf80> (Domain: com.apple.UIKit, User: kCFPreferencesCurrentUser, ByHost: Yes, Container: (null), Contents Need Refresh: No) loaded: an empty base plist and no additional changes from the base plist
2026-04-10 23:16:10.262 Db EdotReactNavExample[62217:1273a1d] [com.apple.defaults:User Defaults] found no value for key LogHIDEventFiltered in CFPrefsSearchListSource<0x10692bc80> (Domain: com.apple.UIKit, Container: (null) Non-launch persona: 0)
2026-04-10 23:16:10.262 Db EdotReactNavExample[62217:1273a1d] [com.apple.defaults:User Defaults] found no value for key LogHIDEventIncoming in CFPrefsSearchListSource<0x10692bc80> (Domain: com.apple.UIKit, Container: (null) Non-launch persona: 0)
2026-04-10 23:16:10.263 Db EdotReactNavExample[62217:1273a1a] [com.apple.defaults:User Defaults] found no value for key LogBackgroundTask in CFPrefsSearchListSource<0x10692bc80> (Domain: com.apple.UIKit, Container: (null) Non-launch persona: 0)
2026-04-10 23:16:10.263 Df EdotReactNavExample[62217:1273a1a] [com.apple.UIKit:BackgroundTask] Creating new assertion because there is no existing background assertion.
2026-04-10 23:16:10.263 Db EdotReactNavExample[62217:12739f7] [com.apple.defaults:User Defaults] found no value for key LogApplication in CFPrefsSearchListSource<0x10692bc80> (Domain: com.apple.UIKit, Container: (null) Non-launch persona: 0)
2026-04-10 23:16:10.263 Df EdotReactNavExample[62217:1273a1a] [com.apple.UIKit:BackgroundTask] Creating new background assertion
2026-04-10 23:16:10.263 Df EdotReactNavExample[62217:12739f7] [com.apple.UIKit:Application] Deactivation reason added: 10; deactivation reasons: 0 -> 1024; animating application lifecycle event: 0
2026-04-10 23:16:10.263 Df EdotReactNavExample[62217:1273a1a] [com.apple.UIKit:BackgroundTask] Created new background assertion <BKSProcessAssertion: 0x1069b7890>
2026-04-10 23:16:10.263 I  EdotReactNavExample[62217:1273a1a] [com.apple.runningboard:assertion] Acquiring assertion: <RBSAssertionDescriptor| "Shared Background Assertion 0 for com.edot.reactnavexample" ID:(null) target:62217>
2026-04-10 23:16:10.263 Df EdotReactNavExample[62217:12739f7] [com.apple.BoardServices:Injection] activating monitor for service com.apple.frontboard.open
2026-04-10 23:16:10.263 Df EdotReactNavExample[62217:12739f7] [com.apple.BoardServices:Injection] activating monitor for service com.apple.frontboard.workspace-service
2026-04-10 23:16:10.263 Db EdotReactNavExample[62217:1273a1a] [com.apple.runningboard:assertion] Adding assertion 50369-62217-12330 to dictionary
2026-04-10 23:16:10.264 Df EdotReactNavExample[62217:1273a1a] [com.apple.UIKit:BackgroundTask] Incrementing reference count for background assertion <BKSProcessAssertion: 0x1069b7890>
2026-04-10 23:16:10.264 Df EdotReactNavExample[62217:1273a1a] [com.apple.UIKit:BackgroundTask] Created background task <_UIBackgroundTaskInfo: 0x1068c9f00>: taskID = 1, taskName = Launch Background Task for Coalescing, creationTime = 1229422 (elapsed = 0).
2026-04-10 23:16:10.264 Df EdotReactNavExample[62217:12739f7] [com.apple.FrontBoard:Common] FBSWorkspace registering source: com.apple.frontboard.systemappservices
2026-04-10 23:16:10.264 Df EdotReactNavExample[62217:1273a1a] [com.apple.FrontBoard:SceneExtension] Realizing settings extension _UIApplicationSceneKeyboardSettings on FBSSceneSettings
2026-04-10 23:16:10.265 Db EdotReactNavExample[62217:1273a1a] [com.apple.FrontBoard:SceneExtension] registering method "hardwareKeyboardExclusivityIdentifier" from extension _UIApplicationSceneKeyboardSettings on class "FBSSceneSettings"
2026-04-10 23:16:10.265 Db EdotReactNavExample[62217:1273a1a] [com.apple.FrontBoard:SceneExtension] registering method "setHardwareKeyboardExclusivityIdentifier:" from extension _UIApplicationSceneKeyboardSettings on class "FBSSceneSettings"
2026-04-10 23:16:10.265 Db EdotReactNavExample[62217:1273a1a] [com.apple.FrontBoard:SceneExtension] registering method "keyboardDockDisabled" from extension _UIApplicationSceneKeyboardSettings on class "FBSSceneSettings"
2026-04-10 23:16:10.265 Db EdotReactNavExample[62217:1273a1a] [com.apple.FrontBoard:SceneExtension] registering method "setKeyboardDockDisabled:" from extension _UIApplicationSceneKeyboardSettings on class "FBSSceneSettings"
2026-04-10 23:16:10.265 Db EdotReactNavExample[62217:1273a1a] [com.apple.FrontBoard:SceneExtension] registering method "minimumKeyboardPadding" from extension _UIApplicationSceneKeyboardSettings on class "FBSSceneSettings"
2026-04-10 23:16:10.265 Db EdotReactNavExample[62217:1273a1a] [com.apple.FrontBoard:SceneExtension] registering method "setMinimumKeyboardPadding:" from extension _UIApplicationSceneKeyboardSettings on class "FBSSceneSettings"
2026-04-10 23:16:10.265 Db EdotReactNavExample[62217:1273a1a] [com.apple.FrontBoard:SceneExtension] registering method "suppressKeyboardFocusRequests" from extension _UIApplicationSceneKeyboardSettings on class "FBSSceneSettings"
2026-04-10 23:16:10.265 Db EdotReactNavExample[62217:1273a1a] [com.apple.FrontBoard:SceneExtension] registering method "setSuppressKeyboardFocusRequests:" from extension _UIApplicationSceneKeyboardSettings on class "FBSSceneSettings"
2026-04-10 23:16:10.265 Df EdotReactNavExample[62217:1273a1a] [com.apple.FrontBoard:SceneExtension] Realizing settings extension <_UISceneOcclusionSettings> on FBSSceneSettings
2026-04-10 23:16:10.265 Df EdotReactNavExample[62217:12739f7] [com.apple.FrontBoard:Common] FBSWorkspace connected to endpoint : <BSServiceConnectionEndpoint: 0x106a90ae0; target: com.apple.frontboard.systemappservices; service: com.apple.frontboard.workspace-service>
2026-04-10 23:16:10.265 Df EdotReactNavExample[62217:12739f7] [com.apple.FrontBoard:Common] <FBSWorkspaceScenesClient:0x1068e9360 com.apple.frontboard.systemappservices> attempting immediate handshake from activate
2026-04-10 23:16:10.265 Db EdotReactNavExample[62217:1273a1a] [com.apple.FrontBoard:SceneExtension] registering method "systemOcclusionRects" from extension <_UISceneOcclusionSettings> on class "FBSSceneSettings"
2026-04-10 23:16:10.265 Db EdotReactNavExample[62217:1273a1a] [com.apple.FrontBoard:SceneExtension] registering method "setSystemOcclusionRects:" from extension <_UISceneOcclusionSettings> on class "FBSSceneSettings"
2026-04-10 23:16:10.265 Df EdotReactNavExample[62217:12739f7] [com.apple.FrontBoard:Common] <FBSWorkspaceScenesClient:0x1068e9360 com.apple.frontboard.systemappservices> sent handshake
2026-04-10 23:16:10.265 Db EdotReactNavExample[62217:1273a1a] [com.apple.FrontBoard:SceneExtension] registering method "applicationOcclusionRects" from extension <_UISceneOcclusionSettings> on class "FBSSceneSettings"
2026-04-10 23:16:10.265 Db EdotReactNavExample[62217:1273a1a] [com.apple.FrontBoard:SceneExtension] registering method "setApplicationOcclusionRects:" from extension <_UISceneOcclusionSettings> on class "FBSSceneSettings"
2026-04-10 23:16:10.265 Df EdotReactNavExample[62217:1273a1a] [com.apple.FrontBoard:SceneExtension] Realizing settings extension <_UISceneInterfaceProtectionSettings> on FBSSceneSettings
2026-04-10 23:16:10.265 Df EdotReactNavExample[62217:12739f7] [com.apple.runningboard:general] Added observer for process assertions expiration warning: <_RBSExpirationWarningClient: 0x106a91600>
2026-04-10 23:16:10.265 Db EdotReactNavExample[62217:1273a1a] [com.apple.FrontBoard:SceneExtension] registering method "underAppProtection" from extension <_UISceneInterfaceProtectionSettings> on class "FBSSceneSettings"
2026-04-10 23:16:10.265 Db EdotReactNavExample[62217:1273a1a] [com.apple.FrontBoard:SceneExtension] registering method "setUnderAppProtection:" from extension <_UISceneInterfaceProtectionSettings> on class "FBSSceneSettings"
2026-04-10 23:16:10.266 Db EdotReactNavExample[62217:1273a1a] [com.apple.FrontBoard:SceneExtension] registering method "extensionShieldCurrentlyShown" from extension <_UISceneInterfaceProtectionSettings> on class "FBSSceneSettings"
2026-04-10 23:16:10.266 Db EdotReactNavExample[62217:1273a1a] [com.apple.FrontBoard:SceneExtension] registering method "setExtensionShieldCurrentlyShown:" from extension <_UISceneInterfaceProtectionSettings> on class "FBSSceneSettings"
2026-04-10 23:16:10.266 Df EdotReactNavExample[62217:1273a1a] [com.apple.FrontBoard:SceneExtension] Realizing settings extension _UISceneLayoutPreferencesHostSettingsExtension on FBSSceneSettings
2026-04-10 23:16:10.266 Db EdotReactNavExample[62217:1273a1a] [com.apple.FrontBoard:SceneExtension] registering method "_hostObservesLayoutPreferenceChanges" from extension _UISceneLayoutPreferencesHostSettingsExtension on class "FBSSceneSettings"
2026-04-10 23:16:10.266 Db EdotReactNavExample[62217:1273a1a] [com.apple.FrontBoard:SceneExtension] registering method "set_hostObservesLayoutPreferenceChanges:" from extension _UISceneLayoutPreferencesHostSettingsExtension on class "FBSSceneSettings"
2026-04-10 23:16:10.266 Db EdotReactNavExample[62217:1273a1a] [com.apple.FrontBoard:SceneExtension] registering method "_hostSupportsSceneDoubleTap" from extension _UISceneLayoutPreferencesHostSettingsExtension on class "FBSSceneSettings"
2026-04-10 23:16:10.266 Db EdotReactNavExample[62217:1273a1a] [com.apple.FrontBoard:SceneExtension] registering method "set_hostSupportsSceneDoubleTap:" from extension _UISceneLayoutPreferencesHostSettingsExtension on class "FBSSceneSettings"
2026-04-10 23:16:10.266 Df EdotReactNavExample[62217:1273a1a] [com.apple.FrontBoard:SceneExtension] Realizing settings extension _UISceneSafeAreaSettingsExtension on FBSSceneSettings
2026-04-10 23:16:10.266 Db EdotReactNavExample[62217:1273a1a] [com.apple.FrontBoard:SceneExtension] registering method "safeAreaCornerInsetResolver" from extension _UISceneSafeAreaSettingsExtension on class "FBSSceneSettings"
2026-04-10 23:16:10.266 Db EdotReactNavExample[62217:1273a1a] [com.apple.FrontBoard:SceneExtension] registering method "setSafeAreaCornerInsetResolver:" from extension _UISceneSafeAreaSettingsExtension on class "FBSSceneSettings"
2026-04-10 23:16:10.266 Db EdotReactNavExample[62217:1273a1a] [com.apple.FrontBoard:SceneExtension] registering method "safeAreaCornerInsets" from extension _UISceneSafeAreaSettingsExtension on class "FBSSceneSettings"
2026-04-10 23:16:10.266 Db EdotReactNavExample[62217:1273a1a] [com.apple.FrontBoard:SceneExtension] registering method "setSafeAreaCornerInsets:" from extension _UISceneSafeAreaSettingsExtension on class "FBSSceneSettings"
2026-04-10 23:16:10.266 Db EdotReactNavExample[62217:1273a1a] [com.apple.FrontBoard:SceneExtension] registering method "safeAreaEdgeInsetResolver" from extension _UISceneSafeAreaSettingsExtension on class "FBSSceneSettings"
2026-04-10 23:16:10.266 Db EdotReactNavExample[62217:1273a1a] [com.apple.FrontBoard:SceneExtension] registering method "setSafeAreaEdgeInsetResolver:" from extension _UISceneSafeAreaSettingsExtension on class "FBSSceneSettings"
2026-04-10 23:16:10.266 Db EdotReactNavExample[62217:1273a1a] [com.apple.FrontBoard:SceneExtension] registering method "safeAreaEdgeInsets" from extension _UISceneSafeAreaSettingsExtension on class "FBSSceneSettings"
2026-04-10 23:16:10.267 Db EdotReactNavExample[62217:1273a1a] [com.apple.FrontBoard:SceneExtension] registering method "setSafeAreaEdgeInsets:" from extension _UISceneSafeAreaSettingsExtension on class "FBSSceneSettings"
2026-04-10 23:16:10.267 Df EdotReactNavExample[62217:1273a1a] [com.apple.FrontBoard:SceneExtension] Realizing settings extension _UISceneLayoutPreferenceClientSettingsExtension on FBSSceneClientSettings
2026-04-10 23:16:10.267 Db EdotReactNavExample[62217:1273a1a] [com.apple.FrontBoard:SceneExtension] registering method "preferredMaximumHeight" from extension _UISceneLayoutPreferenceClientSettingsExtension on class "FBSSceneClientSettings"
2026-04-10 23:16:10.267 Db EdotReactNavExample[62217:1273a1a] [com.apple.FrontBoard:SceneExtension] registering method "setPreferredMaximumHeight:" from extension _UISceneLayoutPreferenceClientSettingsExtension on class "FBSSceneClientSettings"
2026-04-10 23:16:10.267 Db EdotReactNavExample[62217:1273a1a] [com.apple.FrontBoard:SceneExtension] registering method "preferredMaximumWidth" from extension _UISceneLayoutPreferenceClientSettingsExtension on class "FBSSceneClientSettings"
2026-04-10 23:16:10.267 Db EdotReactNavExample[62217:1273a1a] [com.apple.FrontBoard:SceneExtension] registering method "setPreferredMaximumWidth:" from extension _UISceneLayoutPreferenceClientSettingsExtension on class "FBSSceneClientSettings"
2026-04-10 23:16:10.267 Db EdotReactNavExample[62217:1273a1a] [com.apple.FrontBoard:SceneExtension] registering method "preferredMaximumDepth" from extension _UISceneLayoutPreferenceClientSettingsExtension on class "FBSSceneClientSettings"
2026-04-10 23:16:10.267 Db EdotReactNavExample[62217:1273a1a] [com.apple.FrontBoard:SceneExtension] registering method "setPreferredMaximumDepth:" from extension _UISceneLayoutPreferenceClientSettingsExtension on class "FBSSceneClientSettings"
2026-04-10 23:16:10.267 Db EdotReactNavExample[62217:1273a1a] [com.apple.FrontBoard:SceneExtension] registering method "preferredMinimumWidth" from extension _UISceneLayoutPreferenceClientSettingsExtension on class "FBSSceneClientSettings"
2026-04-10 23:16:10.267 Db EdotReactNavExample[62217:1273a1a] [com.apple.FrontBoard:SceneExtension] registering method "setPreferredMinimumWidth:" from extension _UISceneLayoutPreferenceClientSettingsExtension on class "FBSSceneClientSettings"
2026-04-10 23:16:10.267 Db EdotReactNavExample[62217:1273a1a] [com.apple.FrontBoard:SceneExtension] registering method "preferredMinimumHeight" from extension _UISceneLayoutPreferenceClientSettingsExtension on class "FBSSceneClientSettings"
2026-04-10 23:16:10.267 Db EdotReactNavExample[62217:1273a1a] [com.apple.FrontBoard:SceneExtension] registering method "setPreferredMinimumHeight:" from extension _UISceneLayoutPreferenceClientSettingsExtension on class "FBSSceneClientSettings"
2026-04-10 23:16:10.267 Db EdotReactNavExample[62217:1273a1a] [com.apple.FrontBoard:SceneExtension] registering method "preferredMinimumDepth" from extension _UISceneLayoutPreferenceClientSettingsExtension on class "FBSSceneClientSettings"
2026-04-10 23:16:10.267 Db EdotReactNavExample[62217:1273a1a] [com.apple.FrontBoard:SceneExtension] registering method "setPreferredMinimumDepth:" from extension _UISceneLayoutPreferenceClientSettingsExtension on class "FBSSceneClientSettings"
2026-04-10 23:16:10.267 Df EdotReactNavExample[62217:1273a1a] [com.apple.FrontBoard:SceneExtension] Realizing settings extension <_UIHomeAffordanceHostSceneSettings> on FBSSceneSettings
2026-04-10 23:16:10.268 Db EdotReactNavExample[62217:1273a1a] [com.apple.FrontBoard:SceneExtension] registering method "homeAffordanceSceneReferenceFrame" from extension <_UIHomeAffordanceHostSceneSettings> on class "FBSSceneSettings"
2026-04-10 23:16:10.268 Db EdotReactNavExample[62217:1273a1a] [com.apple.FrontBoard:SceneExtension] registering method "setHomeAffordanceSceneReferenceFrame:" from extension <_UIHomeAffordanceHostSceneSettings> on class "FBSSceneSettings"
2026-04-10 23:16:10.268 Db EdotReactNavExample[62217:12739f7] [com.apple.defaults:User Defaults] found no value for key LogUIScreen in CFPrefsSearchListSource<0x10692bc80> (Domain: com.apple.UIKit, Container: (null) Non-launch persona: 0)
2026-04-10 23:16:10.268 Df EdotReactNavExample[62217:12739f7] [com.apple.UIKit:UIScreen] Evaluated capturing state as 0 on <UIScreen: 0x1069bd540> for initial
2026-04-10 23:16:10.268 Df EdotReactNavExample[62217:1273a1a] [com.apple.FrontBoard:SceneExtension] Realizing settings extension _UISystemShellSceneHostingEnvironmentSettings on FBSSceneSettings
2026-04-10 23:16:10.268 Df EdotReactNavExample[62217:12739f7] [com.apple.UIKit:UIScreen] Evaluated capturing state as 0 on <UIScreen: 0x1069bd540> for CADisplay KVO
2026-04-10 23:16:10.268 Db EdotReactNavExample[62217:1273a1a] [com.apple.FrontBoard:SceneExtension] registering method "systemShellHostingSpaceIdentifier" from extension _UISystemShellSceneHostingEnvironmentSettings on class "FBSSceneSettings"
2026-04-10 23:16:10.268 Db EdotReactNavExample[62217:1273a1a] [com.apple.FrontBoard:SceneExtension] registering method "setSystemShellHostingSpaceIdentifier:" from extension _UISystemShellSceneHostingEnvironmentSettings on class "FBSSceneSettings"
2026-04-10 23:16:10.268 Df EdotReactNavExample[62217:1273a1a] [com.apple.FrontBoard:SceneExtension] Realizing settings extension _UISceneRenderingEnvironmentSettings on FBSSceneSettings
2026-04-10 23:16:10.268 Db EdotReactNavExample[62217:1273a1a] [com.apple.FrontBoard:SceneExtension] registering method "modern_isCapturingContentForAdditionalRenderingDestination" from extension _UISceneRenderingEnvironmentSettings on class "FBSSceneSettings"
2026-04-10 23:16:10.268 Db EdotReactNavExample[62217:1273a1a] [com.apple.FrontBoard:SceneExtension] registering method "setModernIsCapturingContentForAdditionalRenderingDestinations:" from extension _UISceneRenderingEnvironmentSettings on class "FBSSceneSettings"
2026-04-10 23:16:10.268 Db EdotReactNavExample[62217:1273a1a] [com.apple.FrontBoard:SceneExtension] registering method "systemDisplayIdentifier" from extension _UISceneRenderingEnvironmentSettings on class "FBSSceneSettings"
2026-04-10 23:16:10.268 Db EdotReactNavExample[62217:1273a1a] [com.apple.FrontBoard:SceneExtension] registering method "setSystemDisplayIdentifier:" from extension _UISceneRenderingEnvironmentSettings on class "FBSSceneSettings"
2026-04-10 23:16:10.268 Db EdotReactNavExample[62217:1273a1a] [com.apple.FrontBoard:SceneExtension] registering method "activeAppearance" from extension _UISceneRenderingEnvironmentSettings on class "FBSSceneSettings"
2026-04-10 23:16:10.268 Db EdotReactNavExample[62217:1273a1a] [com.apple.FrontBoard:SceneExtension] registering method "setActiveAppearance:" from extension _UISceneRenderingEnvironmentSettings on class "FBSSceneSettings"
2026-04-10 23:16:10.269 Df EdotReactNavExample[62217:1273a1a] [com.apple.FrontBoard:SceneExtension] Realizing settings extension <_UISceneRenderingEnvironmentClientSettings> on FBSSceneClientSettings
2026-04-10 23:16:10.269 Db EdotReactNavExample[62217:1273a1a] [com.apple.FrontBoard:SceneExtension] registering method "prefersContentProtection" from extension <_UISceneRenderingEnvironmentClientSettings> on class "FBSSceneClientSettings"
2026-04-10 23:16:10.269 Db EdotReactNavExample[62217:1273a1a] [com.apple.FrontBoard:SceneExtension] registering method "setPrefersContentProtection:" from extension <_UISceneRenderingEnvironmentClientSettings> on class "FBSSceneClientSettings"
2026-04-10 23:16:10.269 Df EdotReactNavExample[62217:1273a1a] [com.apple.FrontBoard:SceneExtension] Realizing settings extension <_UISceneTransitioningHostSettings> on FBSSceneSettings
2026-04-10 23:16:10.269 Db EdotReactNavExample[62217:1273a1a] [com.apple.FrontBoard:SceneExtension] registering method "allowedAsMorphTransitionSource" from extension <_UISceneTransitioningHostSettings> on class "FBSSceneSettings"
2026-04-10 23:16:10.269 Db EdotReactNavExample[62217:1273a1a] [com.apple.FrontBoard:SceneExtension] registering method "setAllowedAsMorphTransitionSource:" from extension <_UISceneTransitioningHostSettings> on class "FBSSceneSettings"
2026-04-10 23:16:10.269 Db EdotReactNavExample[62217:12739f7] [com.apple.CFBundle:resources] Resource lookup at CFBundle 0x1068cc1c0 </Users/nonth/Library/Developer/CoreSimulator/Devices/B7E9BAD6-0C0D-41EE-BE0C-D49BF485382E/data/Containers/Bundle/Application/3CD4221D-93B6-482B-A525-320CF30A8C91/EdotReactNavExample.app> (executable, loaded)
	Request       : InfoPlist type: strings
	Result        : None
2026-04-10 23:16:10.269 Df EdotReactNavExample[62217:1273a1a] [com.apple.FrontBoard:SceneExtension] Realizing settings extension <_UISceneFocusSystemSettings> on FBSSceneSettings
2026-04-10 23:16:10.269 Db EdotReactNavExample[62217:12739f7] [com.apple.CFBundle:resources] Resource lookup at CFBundle 0x1068cc1c0 </Users/nonth/Library/Developer/CoreSimulator/Devices/B7E9BAD6-0C0D-41EE-BE0C-D49BF485382E/data/Containers/Bundle/Application/3CD4221D-93B6-482B-A525-320CF30A8C91/EdotReactNavExample.app> (executable, loaded)
	Request       : InfoPlist type: stringsdict
	Result        : None
2026-04-10 23:16:10.269 Db EdotReactNavExample[62217:1273a1a] [com.apple.FrontBoard:SceneExtension] registering method "isHostAssertingActiveFocusSystem" from extension <_UISceneFocusSystemSettings> on class "FBSSceneSettings"
2026-04-10 23:16:10.269 Db EdotReactNavExample[62217:1273a1a] [com.apple.FrontBoard:SceneExtension] registering method "setHostAssertingActiveFocusSystem:" from extension <_UISceneFocusSystemSettings> on class "FBSSceneSettings"
2026-04-10 23:16:10.269 Db EdotReactNavExample[62217:12739f7] [com.apple.defaults:User Defaults] found no value for key _UIEnableLegacyRTL in CFPrefsSearchListSource<0x10692bc80> (Domain: com.apple.UIKit, Container: (null) Non-launch persona: 0)
2026-04-10 23:16:10.269 Df EdotReactNavExample[62217:1273a1a] [com.apple.FrontBoard:SceneExtension] Realizing settings extension _UISceneOrientationSettingsExtension on FBSSceneSettings
2026-04-10 23:16:10.269 Db EdotReactNavExample[62217:12739f7] [com.apple.defaults:User Defaults] found no value for key NSTighteningFactorForTruncation in CFPrefsSearchListSource<0x105e55d20> (Domain: com.edot.reactnavexample, Container: (null) Non-launch persona: 0)
2026-04-10 23:16:10.269 Db EdotReactNavExample[62217:1273a1a] [com.apple.FrontBoard:SceneExtension] registering method "interfaceOrientationLockState" from extension _UISceneOrientationSettingsExtension on class "FBSSceneSettings"
2026-04-10 23:16:10.269 Db EdotReactNavExample[62217:1273a1a] [com.apple.FrontBoard:SceneExtension] registering method "setInterfaceOrientationLockState:" from extension _UISceneOrientationSettingsExtension on class "FBSSceneSettings"
2026-04-10 23:16:10.269 Db EdotReactNavExample[62217:12739f7] [com.apple.defaults:User Defaults] found no value for key NSTighteningFactorForTruncation in CFPrefsSearchListSource<0x105e55d20> (Domain: com.edot.reactnavexample, Container: (null) Non-launch persona: 0)
2026-04-10 23:16:10.269 Db EdotReactNavExample[62217:12739f7] [com.apple.defaults:User Defaults] found no value for key NSAllowsDefaultTighteningForTruncation in CFPrefsSearchListSource<0x105e55d20> (Domain: com.edot.reactnavexample, Container: (null) Non-launch persona: 0)
2026-04-10 23:16:10.269 Df EdotReactNavExample[62217:1273a1a] [com.apple.FrontBoard:SceneExtension] Realizing settings extension _UISceneOrientationClientSettingsExtension on FBSSceneClientSettings
2026-04-10 23:16:10.269 Db EdotReactNavExample[62217:12739f7] [com.apple.defaults:User Defaults] found no value for key NSUsesDefaultHyphenation in CFPrefsSearchListSource<0x105e55d20> (Domain: com.edot.reactnavexample, Container: (null) Non-launch persona: 0)
2026-04-10 23:16:10.269 Db EdotReactNavExample[62217:12739f7] [com.apple.defaults:User Defaults] found no value for key NSDefaultHyphenationFactor in CFPrefsSearchListSource<0x105e55d20> (Domain: com.edot.reactnavexample, Container: (null) Non-launch persona: 0)
2026-04-10 23:16:10.269 Db EdotReactNavExample[62217:12739f7] [com.apple.defaults:User Defaults] found no value for key NSUsesOptimalLineBreaking in CFPrefsSearchListSource<0x105e55d20> (Domain: com.edot.reactnavexample, Container: (null) Non-launch persona: 0)
2026-04-10 23:16:10.269 Db EdotReactNavExample[62217:12739f7] [com.apple.defaults:User Defaults] found no value for key NSUsesOptimalLineBreakingForNonJustifiedAlignments in CFPrefsSearchListSource<0x105e55d20> (Domain: com.edot.reactnavexample, Container: (null) Non-launch persona: 0)
2026-04-10 23:16:10.269 Db EdotReactNavExample[62217:1273a1a] [com.apple.FrontBoard:SceneExtension] registering method "interfaceOrientationLockPreference" from extension _UISceneOrientationClientSettingsExtension on class "FBSSceneClientSettings"
2026-04-10 23:16:10.269 Db EdotReactNavExample[62217:12739f7] [com.apple.defaults:User Defaults] found no value for key NSForceRightToLeftWritingDirection in CFPrefsSearchListSource<0x105e55d20> (Domain: com.edot.reactnavexample, Container: (null) Non-launch persona: 0)
2026-04-10 23:16:10.269 Db EdotReactNavExample[62217:1273a1a] [com.apple.FrontBoard:SceneExtension] registering method "setInterfaceOrientationLockPreference:" from extension _UISceneOrientationClientSettingsExtension on class "FBSSceneClientSettings"
2026-04-10 23:16:10.269 Db EdotReactNavExample[62217:12739f7] [com.apple.defaults:User Defaults] found no value for key UIPreferredContentSizeCategoryName in CFPrefsSearchListSource<0x105e55d20> (Domain: com.edot.reactnavexample, Container: (null) Non-launch persona: 0)
2026-04-10 23:16:10.269 Df EdotReactNavExample[62217:1273a1a] [com.apple.FrontBoard:SceneExtension] Realizing settings extension _UISceneWindowingControlClientSettings on FBSSceneClientSettings
2026-04-10 23:16:10.269 Db EdotReactNavExample[62217:12739f7] [com.apple.Accessibility:AXSupportCommon] CF Read Category Name: domain = com.edot.reactnavexample, appID = com.edot.reactnavexample value = (null)
2026-04-10 23:16:10.269 Df EdotReactNavExample[62217:12739f7] [com.apple.Accessibility:AXSupportCommon] Read CategoryName: per-app = 1, category name = (null)
2026-04-10 23:16:10.269 Db EdotReactNavExample[62217:1273a1a] [com.apple.FrontBoard:SceneExtension] registering method "preferredWindowingControlStyleType" from extension _UISceneWindowingControlClientSettings on class "FBSSceneClientSettings"
2026-04-10 23:16:10.269 Db EdotReactNavExample[62217:1273a1a] [com.apple.FrontBoard:SceneExtension] registering method "setPreferredWindowingControlStyleType:" from extension _UISceneWindowingControlClientSettings on class "FBSSceneClientSettings"
2026-04-10 23:16:10.270 Df EdotReactNavExample[62217:1273a1a] [com.apple.FrontBoard:SceneExtension] Realizing settings extension <_UISceneHostingContentSizePreferenceClientSettings> on FBSSceneClientSettings
2026-04-10 23:16:10.270 Db EdotReactNavExample[62217:12739f7] [com.apple.defaults:User Defaults] found no value for key UIPreferredContentSizeCategoryName in CFPrefsSearchListSource<0x106add200> (Domain: com.apple.UIKit, Container: /Users/nonth/Library/Developer/CoreSimulator/Devices/B7E9BAD6-0C0D-41EE-BE0C-D49BF485382E/data Non-launch persona: 0)
2026-04-10 23:16:10.270 Db EdotReactNavExample[62217:1273a1a] [com.apple.FrontBoard:SceneExtension] registering method "preferredContentSize" from extension <_UISceneHostingContentSizePreferenceClientSettings> on class "FBSSceneClientSettings"
2026-04-10 23:16:10.270 Db EdotReactNavExample[62217:12739f7] [com.apple.Accessibility:AXSupportCommon] CF Read Category Name: domain = /Users/nonth/Library/Developer/CoreSimulator/Devices/B7E9BAD6-0C0D-41EE-BE0C-D49BF485382E/data/Library/Preferences/com.apple.UIKit, appID = (null) value = (null)
2026-04-10 23:16:10.270 Db EdotReactNavExample[62217:1273a1a] [com.apple.FrontBoard:SceneExtension] registering method "setPreferredContentSize:" from extension <_UISceneHostingContentSizePreferenceClientSettings> on class "FBSSceneClientSettings"
2026-04-10 23:16:10.270 Df EdotReactNavExample[62217:12739f7] [com.apple.Accessibility:AXSupportCommon] Read CategoryName: per-app = 0, category name = (null)
2026-04-10 23:16:10.270 Df EdotReactNavExample[62217:1273a1a] [com.apple.FrontBoard:SceneExtension] Realizing settings extension _UISceneHostingTraitCollectionPropagationSettings on FBSSceneSettings
2026-04-10 23:16:10.270 Db EdotReactNavExample[62217:12739f7] [com.apple.defaults:User Defaults] found no value for key UICarPlayPreferredContentSizeCategoryName in CFPrefsSearchListSource<0x10692bc80> (Domain: com.apple.UIKit, Container: (null) Non-launch persona: 0)
2026-04-10 23:16:10.270 Db EdotReactNavExample[62217:12739f7] [com.apple.defaults:User Defaults] found no value for key EnhancedTextLegibilityEnabled in CFPrefsSearchListSource<0x106928880> (Domain: com.apple.Accessibility, Container: (null) Non-launch persona: 0)
2026-04-10 23:16:10.270 Db EdotReactNavExample[62217:12739f7] [com.apple.Accessibility:AXSupportCommon] CF Read: domain = com.apple.Accessibility, preference = EnhancedTextLegibilityEnabled, appID = (null) result = (null) (-1 - empty, 0 - false, 1 - true)
2026-04-10 23:16:10.270 Db EdotReactNavExample[62217:1273a1a] [com.apple.FrontBoard:SceneExtension] registering method "traitCollection" from extension _UISceneHostingTraitCollectionPropagationSettings on class "FBSSceneSettings"
2026-04-10 23:16:10.270 Db EdotReactNavExample[62217:1273a1a] [com.apple.FrontBoard:SceneExtension] registering method "setTraitCollection:" from extension _UISceneHostingTraitCollectionPropagationSettings on class "FBSSceneSettings"
2026-04-10 23:16:10.270 Db EdotReactNavExample[62217:12739f7] [com.apple.defaults:User Defaults] found no value for key EnhancedTextLegibilityEnabled in CFPrefsPlistSource<0x106928b00> (Domain: com.apple.Accessibility, User: kCFPreferencesCurrentUser, ByHost: No, Container: /Users/nonth/Library/Developer/CoreSimulator/Devices/B7E9BAD6-0C0D-41EE-BE0C-D49BF485382E/data, Contents Need Refresh: No)
2026-04-10 23:16:10.270 Db EdotReactNavExample[62217:1273a1a] [com.apple.FrontBoard:SceneExtension] registering method "tintColor" from extension _UISceneHostingTraitCollectionPropagationSettings on class "FBSSceneSettings"
2026-04-10 23:16:10.270 Db EdotReactNavExample[62217:1273a1a] [com.apple.FrontBoard:SceneExtension] registering method "setTintColor:" from extension _UISceneHostingTraitCollectionPropagationSettings on class "FBSSceneSettings"
2026-04-10 23:16:10.270 Db EdotReactNavExample[62217:12739f7] [com.apple.defaults:User Defaults] found no value for key DarkenSystemColors in CFPrefsSearchListSource<0x106928880> (Domain: com.apple.Accessibility, Container: (null) Non-launch persona: 0)
2026-04-10 23:16:10.270 Db EdotReactNavExample[62217:12739f7] [com.apple.Accessibility:AXSupportCommon] CF Read: domain = com.apple.Accessibility, preference = DarkenSystemColors, appID = (null) result = (null) (-1 - empty, 0 - false, 1 - true)
2026-04-10 23:16:10.270 Db EdotReactNavExample[62217:12739f7] [com.apple.defaults:User Defaults] found no value for key DarkenSystemColors in CFPrefsPlistSource<0x106928b00> (Domain: com.apple.Accessibility, User: kCFPreferencesCurrentUser, ByHost: No, Container: /Users/nonth/Library/Developer/CoreSimulator/Devices/B7E9BAD6-0C0D-41EE-BE0C-D49BF485382E/data, Contents Need Refresh: No)
2026-04-10 23:16:10.270 Df EdotReactNavExample[62217:1273a1a] [com.apple.FrontBoard:SceneExtension] Realizing settings extension <_UISceneHostingSheetPresentationSettings> on FBSSceneSettings
2026-04-10 23:16:10.270 Db EdotReactNavExample[62217:1273a1a] [com.apple.FrontBoard:SceneExtension] registering method "sheetConfiguration" from extension <_UISceneHostingSheetPresentationSettings> on class "FBSSceneSettings"
2026-04-10 23:16:10.270 Db EdotReactNavExample[62217:1273a1a] [com.apple.FrontBoard:SceneExtension] registering method "setSheetConfiguration:" from extension <_UISceneHostingSheetPresentationSettings> on class "FBSSceneSettings"
2026-04-10 23:16:10.270 Df EdotReactNavExample[62217:1273a1a] [com.apple.FrontBoard:SceneExtension] Realizing settings extension <_UISceneHostingSheetPresentationClientSettings> on FBSSceneClientSettings
2026-04-10 23:16:10.270 Db EdotReactNavExample[62217:1273a1a] [com.apple.FrontBoard:SceneExtension] registering method "sheetClientConfiguration" from extension <_UISceneHostingSheetPresentationClientSettings> on class "FBSSceneClientSettings"
2026-04-10 23:16:10.270 Db EdotReactNavExample[62217:1273a1a] [com.apple.FrontBoard:SceneExtension] registering method "setSheetClientConfiguration:" from extension <_UISceneHostingSheetPresentationClientSettings> on class "FBSSceneClientSettings"
2026-04-10 23:16:10.270 Df EdotReactNavExample[62217:1273a1a] [com.apple.FrontBoard:SceneExtension] Realizing settings extension <_UISceneHostingEventDeferringSettings> on FBSSceneSettings
2026-04-10 23:16:10.271 Db EdotReactNavExample[62217:1273a1a] [com.apple.BaseBoard:Common] [rdar://100354962] Fixing incorrect property returned by protocol_copyPropertyList2() for "maintainHostFirstResponderWhenClientWantsKeyboard": required --> optional
2026-04-10 23:16:10.271 Db EdotReactNavExample[62217:1273a1a] [com.apple.FrontBoard:SceneExtension] registering method "requestEventDeferralForAllFirstResponderChanges" from extension <_UISceneHostingEventDeferringSettings> on class "FBSSceneSettings"
2026-04-10 23:16:10.271 Db EdotReactNavExample[62217:1273a1a] [com.apple.FrontBoard:SceneExtension] registering method "setRequestEventDeferralForAllFirstResponderChanges:" from extension <_UISceneHostingEventDeferringSettings> on class "FBSSceneSettings"
2026-04-10 23:16:10.271 Db EdotReactNavExample[62217:1273a1a] [com.apple.FrontBoard:SceneExtension] registering method "maintainHostFirstResponderWhenClientWantsKeyboard" from extension <_UISceneHostingEventDeferringSettings> on class "FBSSceneSettings"
2026-04-10 23:16:10.271 Db EdotReactNavExample[62217:1273a1a] [com.apple.FrontBoard:SceneExtension] registering method "setMaintainHostFirstResponderWhenClientWantsKeyboard:" from extension <_UISceneHostingEventDeferringSettings> on class "FBSSceneSettings"
2026-04-10 23:16:10.271 Df EdotReactNavExample[62217:1273a1a] [com.apple.FrontBoard:SceneExtension] Realizing settings extension <UIKit__UITypedKeyValueSceneSettings> on FBSSceneSettings
2026-04-10 23:16:10.271 Db EdotReactNavExample[62217:1273a1a] [com.apple.FrontBoard:SceneExtension] registering method "_uiTypedKeyStorage" from extension <UIKit__UITypedKeyValueSceneSettings> on class "FBSSceneSettings"
2026-04-10 23:16:10.271 Db EdotReactNavExample[62217:1273a1a] [com.apple.FrontBoard:SceneExtension] registering method "set_uiTypedKeyStorage:" from extension <UIKit__UITypedKeyValueSceneSettings> on class "FBSSceneSettings"
2026-04-10 23:16:10.271 Df EdotReactNavExample[62217:1273a1a] [com.apple.FrontBoard:SceneExtension] Realizing settings extension <UIKit__UITypedKeyValueSceneSettings> on FBSSceneClientSettings
2026-04-10 23:16:10.271 Db EdotReactNavExample[62217:1273a1a] [com.apple.FrontBoard:SceneExtension] registering method "_uiTypedKeyStorage" from extension <UIKit__UITypedKeyValueSceneSettings> on class "FBSSceneClientSettings"
2026-04-10 23:16:10.271 Db EdotReactNavExample[62217:1273a1a] [com.apple.FrontBoard:SceneExtension] registering method "set_uiTypedKeyStorage:" from extension <UIKit__UITypedKeyValueSceneSettings> on class "FBSSceneClientSettings"
2026-04-10 23:16:10.271 Df EdotReactNavExample[62217:1273a1a] [com.apple.FrontBoard:SceneExtension] Realizing settings extension <_UISceneHostingViewControllerPreferencePropagationClientSettings> on FBSSceneClientSettings
2026-04-10 23:16:10.271 Db EdotReactNavExample[62217:1273a1a] [com.apple.FrontBoard:SceneExtension] registering method "preferredStatusBarVisibility" from extension <_UISceneHostingViewControllerPreferencePropagationClientSettings> on class "FBSSceneClientSettings"
2026-04-10 23:16:10.271 Db EdotReactNavExample[62217:1273a1a] [com.apple.FrontBoard:SceneExtension] registering method "setPreferredStatusBarVisibility:" from extension <_UISceneHostingViewControllerPreferencePropagationClientSettings> on class "FBSSceneClientSettings"
2026-04-10 23:16:10.272 Db EdotReactNavExample[62217:12739f7] [com.apple.defaults:User Defaults] found no value for key UITraitCollectionChangeLoggingEnabled in CFPrefsSearchListSource<0x105e55d20> (Domain: com.edot.reactnavexample, Container: (null) Non-launch persona: 0)
2026-04-10 23:16:10.271 Df EdotReactNavExample[62217:1273a1a] [com.apple.FrontBoard:SceneExtension] Realizing settings extension <_UISceneZoomTransitionSettings> on FBSSceneSettings
2026-04-10 23:16:10.272 Db EdotReactNavExample[62217:1273a1a] [com.apple.FrontBoard:SceneExtension] registering method "wantsDismissInteraction" from extension <_UISceneZoomTransitionSettings> on class "FBSSceneSettings"
2026-04-10 23:16:10.272 Db EdotReactNavExample[62217:1273a1a] [com.apple.FrontBoard:SceneExtension] registering method "setWantsDismissInteraction:" from extension <_UISceneZoomTransitionSettings> on class "FBSSceneSettings"
2026-04-10 23:16:10.272 Db EdotReactNavExample[62217:1273a1a] [com.apple.CFBundle:loading] dyld image path for pointer 0x19d5ad984 is /Library/Developer/CoreSimulator/Volumes/iOS_23E244/Library/Developer/CoreSimulator/Profiles/Runtimes/iOS 26.4.simruntime/Contents/Resources/RuntimeRoot/System/Library/PrivateFrameworks/CoreMaterial.framework/CoreMaterial
2026-04-10 23:16:10.272 Df EdotReactNavExample[62217:1273a18] [com.apple.FrontBoard:SceneExtension] Realizing settings extension FBSSceneSettingsCore on FBSSceneSettings
2026-04-10 23:16:10.272 Db EdotReactNavExample[62217:12739f7] [com.apple.defaults:User Defaults] found no value for key UIStateRestorationDebugLogging in CFPrefsSearchListSource<0x105e55d20> (Domain: com.edot.reactnavexample, Container: (null) Non-launch persona: 0)
2026-04-10 23:16:10.272 I  EdotReactNavExample[62217:12739f7] [com.wix.DetoxSync:DTXSyncReactNativeSupport] Found modern class RCTCxxBridge, method runRunLoop
2026-04-10 23:16:10.272 Db EdotReactNavExample[62217:12739f7] [com.apple.defaults:User Defaults] looked up value 1 for key AccessibilityEnabled in CFPrefsPlistSource<0x106928a00> (Domain: com.apple.Accessibility, User: kCFPreferencesCurrentUser, ByHost: No, Container: (null), Contents Need Refresh: No) via CFPrefsSearchListSource<0x106928880> (Domain: com.apple.Accessibility, Container: (null) Non-launch persona: 0)
2026-04-10 23:16:10.272 Db EdotReactNavExample[62217:1273a18] [com.apple.BaseBoard:Common] [rdar://100354962] Fixing incorrect property returned by protocol_copyPropertyList2() for "activityMode": required --> optional
2026-04-10 23:16:10.272 Db EdotReactNavExample[62217:12739f7] [com.apple.Accessibility:AXSupportCommon] CF Read: domain = com.apple.Accessibility, preference = AccessibilityEnabled, appID = (null) result = 1 (-1 - empty, 0 - false, 1 - true)
2026-04-10 23:16:10.272 Db EdotReactNavExample[62217:1273a18] [com.apple.BaseBoard:Common] [rdar://100354962] Fixing incorrect property returned by protocol_copyPropertyList2() for "prefersProcessTaskSuspensionWhileSceneForeground": required --> optional
2026-04-10 23:16:10.272 Db EdotReactNavExample[62217:1273a18] [com.apple.BaseBoard:Common] [rdar://100354962] Fixing incorrect property returned by protocol_copyPropertyList2() for "propagatedSettings": required --> optional
2026-04-10 23:16:10.272 Db EdotReactNavExample[62217:12739f7] [com.apple.defaults:User Defaults] looked up value 0 for key InvertColorsEnabled in CFPrefsPlistSource<0x106928a00> (Domain: com.apple.Accessibility, User: kCFPreferencesCurrentUser, ByHost: No, Container: (null), Contents Need Refresh: No) via CFPrefsSearchListSource<0x106928880> (Domain: com.apple.Accessibility, Container: (null) Non-launch persona: 0)
2026-04-10 23:16:10.272 Db EdotReactNavExample[62217:1273a18] [com.apple.BaseBoard:Common] [rdar://100354962] Fixing incorrect property returned by protocol_copyPropertyList2() for "clientProcess": required --> optional
2026-04-10 23:16:10.273 Db EdotReactNavExample[62217:1273a1a] [com.apple.CFBundle:loading] dlfcn check load bundle CFBundle 0x1068cd880 </Library/Developer/CoreSimulator/Volumes/iOS_23E244/Library/Developer/CoreSimulator/Profiles/Runtimes/iOS 26.4.simruntime/Contents/Resources/RuntimeRoot/System/Library/PrivateFrameworks/CoreMaterial.framework> (not loaded), dlopen of /Library/Developer/CoreSimulator/Volumes/iOS_23E244/Library/Developer/CoreSimulator/Profiles/Runtimes/iOS 26.4.simruntime/Contents/Resources/RuntimeRoot/System/Library/PrivateFrameworks/CoreMaterial.framework/CoreMaterial mode 0x115 getting handle 0x3eed61
2026-04-10 23:16:10.273 Db EdotReactNavExample[62217:12739f7] [com.apple.Accessibility:AXSupportCommon] CF Read: domain = com.apple.Accessibility, preference = InvertColorsEnabled, appID = (null) result = 0 (-1 - empty, 0 - false, 1 - true)
2026-04-10 23:16:10.273 Db EdotReactNavExample[62217:12739f7] [com.apple.Accessibility:AXSupportCommon] Read Global: preference = InvertColorsEnabled, result = 0
2026-04-10 23:16:10.273 Db EdotReactNavExample[62217:12739f7] [com.apple.Accessibility:AXSupportCommon] Updated cache: preference = InvertColorsEnabled, result = 0
2026-04-10 23:16:10.273 Db EdotReactNavExample[62217:1273a18] [com.apple.FrontBoard:SceneExtension] registering method "interruptionPolicy" from extension FBSSceneSettingsCore on class "FBSSceneSettings"
2026-04-10 23:16:10.273 Db EdotReactNavExample[62217:1273a18] [com.apple.FrontBoard:SceneExtension] registering method "setInterruptionPolicy:" from extension FBSSceneSettingsCore on class "FBSSceneSettings"
2026-04-10 23:16:10.273 Db EdotReactNavExample[62217:1273a18] [com.apple.FrontBoard:SceneExtension] registering method "prefersProcessTaskSuspensionWhileSceneForeground" from extension FBSSceneSettingsCore on class "FBSSceneSettings"
2026-04-10 23:16:10.273 Db EdotReactNavExample[62217:1273a18] [com.apple.FrontBoard:SceneExtension] registering method "setPrefersProcessTaskSuspensionWhileSceneForeground:" from extension FBSSceneSettingsCore on class "FBSSceneSettings"
2026-04-10 23:16:10.273 Db EdotReactNavExample[62217:1273a18] [com.apple.FrontBoard:SceneExtension] registering method "frame" from extension FBSSceneSettingsCore on class "FBSSceneSettings"
2026-04-10 23:16:10.273 Db EdotReactNavExample[62217:1273a1a] [com.apple.CFBundle:resources] Language lookup at CFBundle 0x1068cd880 </Library/Developer/CoreSimulator/Volumes/iOS_23E244/Library/Developer/CoreSimulator/Profiles/Runtimes/iOS 26.4.simruntime/Contents/Resources/RuntimeRoot/System/Library/PrivateFrameworks/CoreMaterial.framework> (framework, loaded)
	Localizations : [English]
	Dev language  : English
	User prefs    : [en-TH, th-TH]
	Main bundle   : [en]
	Allow mixed   : 0 
	Result        : [English]
2026-04-10 23:16:10.273 Db EdotReactNavExample[62217:1273a18] [com.apple.FrontBoard:SceneExtension] registering method "setFrame:" from extension FBSSceneSettingsCore on class "FBSSceneSettings"
2026-04-10 23:16:10.273 Db EdotReactNavExample[62217:1273a18] [com.apple.FrontBoard:SceneExtension] registering method "propagatedSettings" from extension FBSSceneSettingsCore on class "FBSSceneSettings"
2026-04-10 23:16:10.273 Db EdotReactNavExample[62217:1273a18] [com.apple.FrontBoard:SceneExtension] registering method "setPropagatedSettings:" from extension FBSSceneSettingsCore on class "FBSSceneSettings"
2026-04-10 23:16:10.273 Db EdotReactNavExample[62217:1273a18] [com.apple.FrontBoard:SceneExtension] registering method "clientProcess" from extension FBSSceneSettingsCore on class "FBSSceneSettings"
2026-04-10 23:16:10.273 Db EdotReactNavExample[62217:1273a18] [com.apple.FrontBoard:SceneExtension] registering method "setClientProcess:" from extension FBSSceneSettingsCore on class "FBSSceneSettings"
2026-04-10 23:16:10.273 Db EdotReactNavExample[62217:1273a18] [com.apple.FrontBoard:SceneExtension] registering method "isForeground" from extension FBSSceneSettingsCore on class "FBSSceneSettings"
2026-04-10 23:16:10.273 Db EdotReactNavExample[62217:1273a18] [com.apple.FrontBoard:SceneExtension] registering method "setForeground:" from extension FBSSceneSettingsCore on class "FBSSceneSettings"
2026-04-10 23:16:10.273 Db EdotReactNavExample[62217:1273a18] [com.apple.FrontBoard:SceneExtension] registering method "displayConfiguration" from extension FBSSceneSettingsCore on class "FBSSceneSettings"
2026-04-10 23:16:10.273 Db EdotReactNavExample[62217:1273a18] [com.apple.FrontBoard:SceneExtension] registering method "setDisplayConfiguration:" from extension FBSSceneSettingsCore on class "FBSSceneSettings"
2026-04-10 23:16:10.273 Db EdotReactNavExample[62217:1273a18] [com.apple.FrontBoard:SceneExtension] registering method "level" from extension FBSSceneSettingsCore on class "FBSSceneSettings"
2026-04-10 23:16:10.273 Db EdotReactNavExample[62217:1273a18] [com.apple.FrontBoard:SceneExtension] registering method "setLevel:" from extension FBSSceneSettingsCore on class "FBSSceneSettings"
2026-04-10 23:16:10.273 Db EdotReactNavExample[62217:1273a18] [com.apple.FrontBoard:SceneExtension] registering method "isClientFuture" from extension FBSSceneSettingsCore on class "FBSSceneSettings"
2026-04-10 23:16:10.273 Db EdotReactNavExample[62217:1273a18] [com.apple.FrontBoard:SceneExtension] registering method "setClientFuture:" from extension FBSSceneSettingsCore on class "FBSSceneSettings"
2026-04-10 23:16:10.273 Db EdotReactNavExample[62217:1273a18] [com.apple.FrontBoard:SceneExtension] registering method "jetsamPriority" from extension FBSSceneSettingsCore on class "FBSSceneSettings"
2026-04-10 23:16:10.273 Db EdotReactNavExample[62217:1273a18] [com.apple.FrontBoard:SceneExtension] registering method "setJetsamPriority:" from extension FBSSceneSettingsCore on class "FBSSceneSettings"
2026-04-10 23:16:10.273 Db EdotReactNavExample[62217:1273a18] [com.apple.FrontBoard:SceneExtension] registering method "interfaceOrientation" from extension FBSSceneSettingsCore on class "FBSSceneSettings"
2026-04-10 23:16:10.273 Db EdotReactNavExample[62217:1273a1a] [com.apple.CFBundle:resources] Resource lookup at CFBundle 0x1068cd880 </Library/Developer/CoreSimulator/Volumes/iOS_23E244/Library/Developer/CoreSimulator/Profiles/Runtimes/iOS 26.4.simruntime/Contents/Resources/RuntimeRoot/System/Library/PrivateFrameworks/CoreMaterial.framework> (framework, loaded)
	Request       :  type: materialrecipe
	Result        : platformContentThickLight~appletv.materialrecipe -- file:///Library/Developer/CoreSimulator/Volumes/iOS_23E244/Library/Developer/CoreSimulator/Profiles/Runtimes/iOS%2026.4.simruntime/Contents/Resources/RuntimeRoot/System/Library/PrivateFrameworks/CoreMaterial.framework/, knowledgePlattersSheerDark.materialrecipe -- file:///Library/Developer/CoreSimulator/Volumes/iOS_23E244/Library/Developer/CoreSimulator/Profiles/Runtimes/iOS%2026.4.simruntime/Contents/Resources/RuntimeRoot/System/Library/PrivateFrameworks/CoreMaterial.framework/, platformContentUltraThinLight.materialrecipe -- file:///Library/Developer/CoreSimulator/Volumes/iOS_23E244/Library/Developer/CoreSimulator/Profiles/Runtimes/iOS%2026.4.simruntime/Contents/Reso<…>
2026-04-10 23:16:10.273 Db EdotReactNavExample[62217:1273a18] [com.apple.FrontBoard:SceneExtension] registering method "setInterfaceOrientation:" from extension FBSSceneSettingsCore on class "FBSSceneSettings"
2026-04-10 23:16:10.273 Db EdotReactNavExample[62217:12739f7] [com.apple.CFBundle:loading] dlfcn check load bundle CFBundle 0x1068cda40 </Library/Developer/CoreSimulator/Volumes/iOS_23E244/Library/Developer/CoreSimulator/Profiles/Runtimes/iOS 26.4.simruntime/Contents/Resources/RuntimeRoot/System/Library/AccessibilityBundles/AccessibilitySettingsLoader.bundle> (not loaded), dlopen of /Library/Developer/CoreSimulator/Volumes/iOS_23E244/Library/Developer/CoreSimulator/Profiles/Runtimes/iOS 26.4.simruntime/Contents/Resources/RuntimeRoot/System/Library/AccessibilityBundles/AccessibilitySettingsLoader.bundle/AccessibilitySettingsLoader mode 0x115 no handle
2026-04-10 23:16:10.273 Db EdotReactNavExample[62217:1273a1a] [com.apple.CFBundle:resources] Resource lookup at CFBundle 0x1068cd880 </Library/Developer/CoreSimulator/Volumes/iOS_23E244/Library/Developer/CoreSimulator/Profiles/Runtimes/iOS 26.4.simruntime/Contents/Resources/RuntimeRoot/System/Library/PrivateFrameworks/CoreMaterial.framework> (framework, loaded)
	Request       :  type: descendantrecipe
	Result        : platformContentThickLightShadowed.descendantrecipe -- file:///Library/Developer/CoreSimulator/Volumes/iOS_23E244/Library/Developer/CoreSimulator/Profiles/Runtimes/iOS%2026.4.simruntime/Contents/Resources/RuntimeRoot/System/Library/PrivateFrameworks/CoreMaterial.framework/, modulesSheer.descendantrecipe -- file:///Library/Developer/CoreSimulator/Volumes/iOS_23E244/Library/Developer/CoreSimulator/Profiles/Runtimes/iOS%2026.4.simruntime/Contents/Resources/RuntimeRoot/System/Library/PrivateFrameworks/CoreMaterial.framework/, modulesBackgroundSheer.descendantrecipe -- file:///Library/Developer/CoreSimulator/Volumes/iOS_23E244/Library/Developer/CoreSimulator/Profiles/Runtimes/iOS%2026.4.simruntime/Contents/Resources/Runtime<…>
2026-04-10 23:16:10.273 Db EdotReactNavExample[62217:1273a18] [com.apple.FrontBoard:SceneExtension] registering method "activityMode" from extension FBSSceneSettingsCore on class "FBSSceneSettings"
2026-04-10 23:16:10.273 Db EdotReactNavExample[62217:1273a18] [com.apple.FrontBoard:SceneExtension] registering method "setActivityMode:" from extension FBSSceneSettingsCore on class "FBSSceneSettings"
2026-04-10 23:16:10.273 Db EdotReactNavExample[62217:1273a18] [com.apple.FrontBoard:SceneExtension] registering method "isOccluded" from extension FBSSceneSettingsCore on class "FBSSceneSettings"
2026-04-10 23:16:10.273 Db EdotReactNavExample[62217:1273a18] [com.apple.FrontBoard:SceneExtension] registering method "setOccluded:" from extension FBSSceneSettingsCore on class "FBSSceneSettings"
2026-04-10 23:16:10.273 Df EdotReactNavExample[62217:1273a18] [com.apple.FrontBoard:SceneExtension] Realizing settings extension FBSSceneClientSettingsCore on FBSSceneClientSettings
2026-04-10 23:16:10.274 Db EdotReactNavExample[62217:1273a1a] [com.apple.CFBundle:resources] Resource lookup at CFBundle 0x1068cd880 </Library/Developer/CoreSimulator/Volumes/iOS_23E244/Library/Developer/CoreSimulator/Profiles/Runtimes/iOS 26.4.simruntime/Contents/Resources/RuntimeRoot/System/Library/PrivateFrameworks/CoreMaterial.framework> (framework, loaded)
	Request       : platters type: descendantrecipe
	Result        : None
2026-04-10 23:16:10.281 Db EdotReactNavExample[62217:1273a1a] [com.apple.CFBundle:resources] Resource lookup at CFBundle 0x1068cd880 </Library/Developer/CoreSimulator/Volumes/iOS_23E244/Library/Developer/CoreSimulator/Profiles/Runtimes/iOS 26.4.simruntime/Contents/Resources/RuntimeRoot/System/Library/PrivateFrameworks/CoreMaterial.framework> (framework, loaded)
	Request       : platters type: materialrecipe
	Result        : file:///Library/Developer/CoreSimulator/Volumes/iOS_23E244/Library/Developer/CoreSimulator/Profiles/Runtimes/iOS%2026.4.simruntime/Contents/Resources/RuntimeRoot/System/Library/PrivateFrameworks/CoreMaterial.framework/platters.materialrecipe
2026-04-10 23:16:10.281 Db EdotReactNavExample[62217:12739f7] [com.apple.CFBundle:loading] dlfcn load framework CFBundle 0x1068cda40 </Library/Developer/CoreSimulator/Volumes/iOS_23E244/Library/Developer/CoreSimulator/Profiles/Runtimes/iOS 26.4.simruntime/Contents/Resources/RuntimeRoot/System/Library/AccessibilityBundles/AccessibilitySettingsLoader.bundle> (framework, not loaded), dlopen of /Library/Developer/CoreSimulator/Volumes/iOS_23E244/Library/Developer/CoreSimulator/Profiles/Runtimes/iOS 26.4.simruntime/Contents/Resources/RuntimeRoot/System/Library/AccessibilityBundles/AccessibilitySettingsLoader.bundle/AccessibilitySettingsLoader mode 0x109 returns handle 0x416191
2026-04-10 23:16:10.281 Db EdotReactNavExample[62217:1273a18] [com.apple.FrontBoard:SceneExtension] registering method "layers" from extension FBSSceneClientSettingsCore on class "FBSSceneClientSettings"
2026-04-10 23:16:10.281 Db EdotReactNavExample[62217:1273a18] [com.apple.FrontBoard:SceneExtension] registering method "setLayers:" from extension FBSSceneClientSettingsCore on class "FBSSceneClientSettings"
2026-04-10 23:16:10.281 Db EdotReactNavExample[62217:1273a1a] [com.apple.CFBundle:resources] Resource lookup at CFBundle 0x1068cd880 </Library/Developer/CoreSimulator/Volumes/iOS_23E244/Library/Developer/CoreSimulator/Profiles/Runtimes/iOS 26.4.simruntime/Contents/Resources/RuntimeRoot/System/Library/PrivateFrameworks/CoreMaterial.framework> (framework, loaded)
	Request       : platterFillLight type: descendantstyleset
	Result        : None
2026-04-10 23:16:10.281 Db EdotReactNavExample[62217:1273a18] [com.apple.FrontBoard:SceneExtension] registering method "preferredLevel" from extension FBSSceneClientSettingsCore on class "FBSSceneClientSettings"
2026-04-10 23:16:10.281 Db EdotReactNavExample[62217:1273a18] [com.apple.FrontBoard:SceneExtension] registering method "setPreferredLevel:" from extension FBSSceneClientSettingsCore on class "FBSSceneClientSettings"
2026-04-10 23:16:10.281 Db EdotReactNavExample[62217:1273a18] [com.apple.FrontBoard:SceneExtension] registering method "preferredSceneHostIdentity" from extension FBSSceneClientSettingsCore on class "FBSSceneClientSettings"
2026-04-10 23:16:10.281 Db EdotReactNavExample[62217:1273a18] [com.apple.FrontBoard:SceneExtension] registering method "setPreferredSceneHostIdentity:" from extension FBSSceneClientSettingsCore on class "FBSSceneClientSettings"
2026-04-10 23:16:10.281 Db EdotReactNavExample[62217:1273a18] [com.apple.FrontBoard:SceneExtension] registering method "preferredSceneHostIdentifier" from extension FBSSceneClientSettingsCore on class "FBSSceneClientSettings"
2026-04-10 23:16:10.281 Db EdotReactNavExample[62217:1273a18] [com.apple.FrontBoard:SceneExtension] registering method "setPreferredSceneHostIdentifier:" from extension FBSSceneClientSettingsCore on class "FBSSceneClientSettings"
2026-04-10 23:16:10.281 Db EdotReactNavExample[62217:1273a1a] [com.apple.CFBundle:resources] Resource lookup at CFBundle 0x1068cd880 </Library/Developer/CoreSimulator/Volumes/iOS_23E244/Library/Developer/CoreSimulator/Profiles/Runtimes/iOS 26.4.simruntime/Contents/Resources/RuntimeRoot/System/Library/PrivateFrameworks/CoreMaterial.framework> (framework, loaded)
	Request       : platterFillLight type: visualstyleset
	Result        : file:///Library/Developer/CoreSimulator/Volumes/iOS_23E244/Library/Developer/CoreSimulator/Profiles/Runtimes/iOS%2026.4.simruntime/Contents/Resources/RuntimeRoot/System/Library/PrivateFrameworks/CoreMaterial.framework/platterFillLight.visualstyleset
2026-04-10 23:16:10.282 Db EdotReactNavExample[62217:1273a18] [com.apple.FrontBoard:SceneExtension] registering method "preferredInterfaceOrientation" from extension FBSSceneClientSettingsCore on class "FBSSceneClientSettings"
2026-04-10 23:16:10.282 Db EdotReactNavExample[62217:1273a18] [com.apple.FrontBoard:SceneExtension] registering method "setPreferredInterfaceOrientation:" from extension FBSSceneClientSettingsCore on class "FBSSceneClientSettings"
2026-04-10 23:16:10.282 Db EdotReactNavExample[62217:12739f7] [com.apple.defaults:User Defaults] found no value for key VoiceOverTouchEnabled in CFPrefsSearchListSource<0x106928880> (Domain: com.apple.Accessibility, Container: (null) Non-launch persona: 0)
2026-04-10 23:16:10.282 Db EdotReactNavExample[62217:12739f7] [com.apple.Accessibility:AXSupportCommon] CF Read: domain = com.apple.Accessibility, preference = VoiceOverTouchEnabled, appID = (null) result = (null) (-1 - empty, 0 - false, 1 - true)
2026-04-10 23:16:10.282 Db EdotReactNavExample[62217:12739f7] [com.apple.defaults:User Defaults] found no value for key VoiceOverTouchEnabled in CFPrefsPlistSource<0x106928b00> (Domain: com.apple.Accessibility, User: kCFPreferencesCurrentUser, ByHost: No, Container: /Users/nonth/Library/Developer/CoreSimulator/Devices/B7E9BAD6-0C0D-41EE-BE0C-D49BF485382E/data, Contents Need Refresh: No)
2026-04-10 23:16:10.282 Db EdotReactNavExample[62217:12739f7] [com.apple.defaults:User Defaults] looked up value 1 for key ApplicationAccessibilityEnabled in CFPrefsPlistSource<0x106928a00> (Domain: com.apple.Accessibility, User: kCFPreferencesCurrentUser, ByHost: No, Container: (null), Contents Need Refresh: No) via CFPrefsSearchListSource<0x106928880> (Domain: com.apple.Accessibility, Container: (null) Non-launch persona: 0)
2026-04-10 23:16:10.282 Db EdotReactNavExample[62217:12739f7] [com.apple.Accessibility:AXSupportCommon] CF Read: domain = com.apple.Accessibility, preference = ApplicationAccessibilityEnabled, appID = (null) result = 1 (-1 - empty, 0 - false, 1 - true)
2026-04-10 23:16:10.282 Db EdotReactNavExample[62217:1273a1a] [com.apple.CFBundle:resources] Language lookup at CFBundle 0x1068cdc00 </Library/Developer/CoreSimulator/Volumes/iOS_23E244/Library/Developer/CoreSimulator/Profiles/Runtimes/iOS 26.4.simruntime/Contents/Resources/RuntimeRoot/System/Library/PrivateFrameworks/CoreEmoji.framework> (not loaded)
	Localizations : [de, ur, he, en_AU, ar, el, ja, mr, sq, en, uk, es_419, gu, zh_CN, kn, pa, es, is, sl, or, pt_BR, da, et, it, bg, sk, kk, pt_PT, ms, ta, ml, sv, te, cs, km, en_IN, ko, yue_CN, hy, mn, my, no, hu, zh_HK, ka, tr, pl, zh_TW, es_US, en_GB, vi, lv, lo, lt, ru, fr_CA, uz, fr, fi, id, nl, th, az, bn, ro, hr, hi, ca, hi_Latn]
	Dev language  : en
	User prefs    : [en-TH, th-TH]
	Main bundle   : [en]
	Allow mixed   : 0 
	Result        : [en]
2026-04-10 23:16:10.283 Db EdotReactNavExample[62217:12739f7] [com.apple.CFBundle:loading] dlfcn check load bundle CFBundle 0x1068cddc0 </Library/Developer/CoreSimulator/Volumes/iOS_23E244/Library/Developer/CoreSimulator/Profiles/Runtimes/iOS 26.4.simruntime/Contents/Resources/RuntimeRoot/System/Library/AccessibilityBundles/UIKit.axbundle> (not loaded), dlopen of /Library/Developer/CoreSimulator/Volumes/iOS_23E244/Library/Developer/CoreSimulator/Profiles/Runtimes/iOS 26.4.simruntime/Contents/Resources/RuntimeRoot/System/Library/AccessibilityBundles/UIKit.axbundle/UIKit mode 0x115 no handle
2026-04-10 23:16:10.283 Db EdotReactNavExample[62217:1273a1a] [com.apple.CFBundle:resources] Resource lookup at CFBundle 0x1068cdc00 </Library/Developer/CoreSimulator/Volumes/iOS_23E244/Library/Developer/CoreSimulator/Profiles/Runtimes/iOS 26.4.simruntime/Contents/Resources/RuntimeRoot/System/Library/PrivateFrameworks/CoreEmoji.framework> (not loaded)
	Request       : emoji type: bitmap
	Result        : file:///Library/Developer/CoreSimulator/Volumes/iOS_23E244/Library/Developer/CoreSimulator/Profiles/Runtimes/iOS%2026.4.simruntime/Contents/Resources/RuntimeRoot/System/Library/PrivateFrameworks/CoreEmoji.framework/emoji.bitmap
2026-04-10 23:16:10.284 Db EdotReactNavExample[62217:1273a18] [com.apple.BaseBoard:Common] BSCanonicalOrientationMapResolver will auto-code: <BSObjCIvar: 0x10685bae0; "_currentOrientation" (<long long>)>, <BSObjCIvar: 0x10685bed0; "_fallbackOrientations" (<NSArray<NSNumber *> *>)>, <BSObjCIvar: 0x10685ba50; "_targetOrientation" (<long long>)>
2026-04-10 23:16:10.456 Db EdotReactNavExample[62217:1273a18] [com.apple.BaseBoard:Common] BSCornerRadiusConfiguration will auto-code: <BSObjCIvar: 0x10685bfc0; "_topRight" (<double>)>, <BSObjCIvar: 0x10685b990; "_bottomRight" (<double>)>, <BSObjCIvar: 0x10685b0f0; "_topLeft" (<double>)>, <BSObjCIvar: 0x10685b840; "_bottomLeft" (<double>)>
2026-04-10 23:16:10.456 Df EdotReactNavExample[62217:1273a18] [com.apple.FrontBoard:SceneExtension] UIMutableApplicationSceneSettings setting counterpart class: UIApplicationSceneSettings
2026-04-10 23:16:10.456 Df EdotReactNavExample[62217:1273a18] [com.apple.FrontBoard:SceneExtension] UIMutableApplicationSceneClientSettings setting counterpart class: UIApplicationSceneClientSettings
2026-04-10 23:16:10.456 Df EdotReactNavExample[62217:1273a18] [com.apple.FrontBoard:SceneExtension] Realizing settings extension FBSSceneTransitionContextCore on FBSSceneTransitionContext
2026-04-10 23:16:10.457 Db EdotReactNavExample[62217:1273a18] [com.apple.BaseBoard:Common] [rdar://100354962] Fixing incorrect property returned by protocol_copyPropertyList2() for "parentUpdate": required --> optional
2026-04-10 23:16:10.457 Db EdotReactNavExample[62217:1273a18] [com.apple.BaseBoard:Common] [rdar://100354962] Fixing incorrect property returned by protocol_copyPropertyList2() for "executionContext": required --> optional
2026-04-10 23:16:10.457 Db EdotReactNavExample[62217:1273a18] [com.apple.BaseBoard:Common] [rdar://100354962] Fixing incorrect property returned by protocol_copyPropertyList2() for "clientProcessHandle": required --> optional
2026-04-10 23:16:10.457 Db EdotReactNavExample[62217:1273a18] [com.apple.BaseBoard:Common] [rdar://100354962] Fixing incorrect property returned by protocol_copyPropertyList2() for "updateContext": required --> optional
2026-04-10 23:16:10.457 Db EdotReactNavExample[62217:1273a18] [com.apple.BaseBoard:Common] [rdar://100354962] Fixing incorrect property returned by protocol_copyPropertyList2() for "watchdogTransitionContext": required --> optional
2026-04-10 23:16:10.457 Db EdotReactNavExample[62217:1273a18] [com.apple.BaseBoard:Common] [rdar://100354962] Fixing incorrect property returned by protocol_copyPropertyList2() for "allowCPUThrottling": required --> optional
2026-04-10 23:16:10.457 Db EdotReactNavExample[62217:1273a18] [com.apple.BaseBoard:Common] [rdar://100354962] Fixing incorrect property returned by protocol_copyPropertyList2() for "runningBoardAssertionDisabled": required --> optional
2026-04-10 23:16:10.457 Db EdotReactNavExample[62217:1273a18] [com.apple.BaseBoard:Common] [rdar://100354962] Fixing incorrect property returned by protocol_copyPropertyList2() for "error": required --> optional
2026-04-10 23:16:10.457 Db EdotReactNavExample[62217:1273a18] [com.apple.BaseBoard:Common] [rdar://100354962] Fixing incorrect property returned by protocol_copyPropertyList2() for "updateCompletions": required --> optional
2026-04-10 23:16:10.457 Db EdotReactNavExample[62217:1273a18] [com.apple.FrontBoard:SceneExtension] registering method "allowCPUThrottling" from extension FBSSceneTransitionContextCore on class "FBSSceneTransitionContext"
2026-04-10 23:16:10.457 Db EdotReactNavExample[62217:1273a18] [com.apple.FrontBoard:SceneExtension] registering method "setAllowCPUThrottling:" from extension FBSSceneTransitionContextCore on class "FBSSceneTransitionContext"
2026-04-10 23:16:10.458 Db EdotReactNavExample[62217:1273a18] [com.apple.FrontBoard:SceneExtension] registering method "executionContext" from extension FBSSceneTransitionContextCore on class "FBSSceneTransitionContext"
2026-04-10 23:16:10.458 Db EdotReactNavExample[62217:1273a18] [com.apple.FrontBoard:SceneExtension] registering method "setExecutionContext:" from extension FBSSceneTransitionContextCore on class "FBSSceneTransitionContext"
2026-04-10 23:16:10.458 Db EdotReactNavExample[62217:1273a18] [com.apple.FrontBoard:SceneExtension] registering method "actions" from extension FBSSceneTransitionContextCore on class "FBSSceneTransitionContext"
2026-04-10 23:16:10.458 Db EdotReactNavExample[62217:1273a18] [com.apple.FrontBoard:SceneExtension] registering method "setActions:" from extension FBSSceneTransitionContextCore on class "FBSSceneTransitionContext"
2026-04-10 23:16:10.458 Db EdotReactNavExample[62217:1273a18] [com.apple.FrontBoard:SceneExtension] registering method "animationFence" from extension FBSSceneTransitionContextCore on class "FBSSceneTransitionContext"
2026-04-10 23:16:10.458 Db EdotReactNavExample[62217:1273a18] [com.apple.FrontBoard:SceneExtension] registering method "setAnimationFence:" from extension FBSSceneTransitionContextCore on class "FBSSceneTransitionContext"
2026-04-10 23:16:10.458 Db EdotReactNavExample[62217:1273a18] [com.apple.FrontBoard:SceneExtension] registering method "isRunningBoardAssertionDisabled" from extension FBSSceneTransitionContextCore on class "FBSSceneTransitionContext"
2026-04-10 23:16:10.458 Db EdotReactNavExample[62217:1273a18] [com.apple.FrontBoard:SceneExtension] registering method "setRunningBoardAssertionDisabled:" from extension FBSSceneTransitionContextCore on class "FBSSceneTransitionContext"
2026-04-10 23:16:10.458 Db EdotReactNavExample[62217:1273a18] [com.apple.FrontBoard:SceneExtension] registering method "watchdogTransitionContext" from extension FBSSceneTransitionContextCore on class "FBSSceneTransitionContext"
2026-04-10 23:16:10.458 Db EdotReactNavExample[62217:1273a18] [com.apple.FrontBoard:SceneExtension] registering method "setWatchdogTransitionContext:" from extension FBSSceneTransitionContextCore on class "FBSSceneTransitionContext"
2026-04-10 23:16:10.458 Db EdotReactNavExample[62217:1273a18] [com.apple.FrontBoard:SceneExtension] registering method "error" from extension FBSSceneTransitionContextCore on class "FBSSceneTransitionContext"
2026-04-10 23:16:10.458 Db EdotReactNavExample[62217:1273a18] [com.apple.FrontBoard:SceneExtension] registering method "setError:" from extension FBSSceneTransitionContextCore on class "FBSSceneTransitionContext"
2026-04-10 23:16:10.458 Db EdotReactNavExample[62217:1273a18] [com.apple.FrontBoard:SceneExtension] registering method "clientProcessHandle" from extension FBSSceneTransitionContextCore on class "FBSSceneTransitionContext"
2026-04-10 23:16:10.458 Db EdotReactNavExample[62217:1273a18] [com.apple.FrontBoard:SceneExtension] registering method "setClientProcessHandle:" from extension FBSSceneTransitionContextCore on class "FBSSceneTransitionContext"
2026-04-10 23:16:10.458 Db EdotReactNavExample[62217:1273a18] [com.apple.FrontBoard:SceneExtension] registering method "updateCompletions" from extension FBSSceneTransitionContextCore on class "FBSSceneTransitionContext"
2026-04-10 23:16:10.458 Db EdotReactNavExample[62217:1273a18] [com.apple.FrontBoard:SceneExtension] registering method "setUpdateCompletions:" from extension FBSSceneTransitionContextCore on class "FBSSceneTransitionContext"
2026-04-10 23:16:10.458 Db EdotReactNavExample[62217:1273a18] [com.apple.FrontBoard:SceneExtension] registering method "animationSettings" from extension FBSSceneTransitionContextCore on class "FBSSceneTransitionContext"
2026-04-10 23:16:10.458 Db EdotReactNavExample[62217:1273a18] [com.apple.FrontBoard:SceneExtension] registering method "setAnimationSettings:" from extension FBSSceneTransitionContextCore on class "FBSSceneTransitionContext"
2026-04-10 23:16:10.459 Db EdotReactNavExample[62217:1273a18] [com.apple.FrontBoard:SceneExtension] registering method "parentUpdate" from extension FBSSceneTransitionContextCore on class "FBSSceneTransitionContext"
2026-04-10 23:16:10.459 Db EdotReactNavExample[62217:1273a18] [com.apple.FrontBoard:SceneExtension] registering method "setParentUpdate:" from extension FBSSceneTransitionContextCore on class "FBSSceneTransitionContext"
2026-04-10 23:16:10.459 Db EdotReactNavExample[62217:1273a18] [com.apple.FrontBoard:SceneExtension] registering method "isBarrier" from extension FBSSceneTransitionContextCore on class "FBSSceneTransitionContext"
2026-04-10 23:16:10.459 Db EdotReactNavExample[62217:1273a18] [com.apple.FrontBoard:SceneExtension] registering method "setBarrier:" from extension FBSSceneTransitionContextCore on class "FBSSceneTransitionContext"
2026-04-10 23:16:10.459 Db EdotReactNavExample[62217:1273a18] [com.apple.FrontBoard:SceneExtension] registering method "updateContext" from extension FBSSceneTransitionContextCore on class "FBSSceneTransitionContext"
2026-04-10 23:16:10.459 Db EdotReactNavExample[62217:1273a18] [com.apple.FrontBoard:SceneExtension] registering method "setUpdateContext:" from extension FBSSceneTransitionContextCore on class "FBSSceneTransitionContext"
2026-04-10 23:16:10.459 Db EdotReactNavExample[62217:1273a18] [com.apple.FrontBoard:SceneExtension] registering method "originatingProcess" from extension FBSSceneTransitionContextCore on class "FBSSceneTransitionContext"
2026-04-10 23:16:10.459 Db EdotReactNavExample[62217:1273a18] [com.apple.FrontBoard:SceneExtension] registering method "setOriginatingProcess:" from extension FBSSceneTransitionContextCore on class "FBSSceneTransitionContext"
2026-04-10 23:16:10.459 I  EdotReactNavExample[62217:1273a18] [com.apple.FrontBoard:Common] [FBSScene] [(FBSceneManager):sceneID:com.edot.reactnavexample-default] Created client agent: <UIApplicationSceneClientAgent: 0x1069f0800>
2026-04-10 23:16:10.498 Db EdotReactNavExample[62217:12739f7] [com.apple.CFBundle:loading] dlfcn load framework CFBundle 0x1068cddc0 </Library/Developer/CoreSimulator/Volumes/iOS_23E244/Library/Developer/CoreSimulator/Profiles/Runtimes/iOS 26.4.simruntime/Contents/Resources/RuntimeRoot/System/Library/AccessibilityBundles/UIKit.axbundle> (framework, not loaded), dlopen of /Library/Developer/CoreSimulator/Volumes/iOS_23E244/Library/Developer/CoreSimulator/Profiles/Runtimes/iOS 26.4.simruntime/Contents/Resources/RuntimeRoot/System/Library/AccessibilityBundles/UIKit.axbundle/UIKit mode 0x109 returns handle 0x40b4b1
2026-04-10 23:16:10.546 I  EdotReactNavExample[62217:12739f7] [com.apple.Accessibility:AXCommon] AX Start server
2026-04-10 23:16:10.546 I  EdotReactNavExample[62217:12739f7] [com.apple.Accessibility:AXCommon] AX Begin loading server
2026-04-10 23:16:10.546 Db EdotReactNavExample[62217:12739f7] [com.apple.Accessibility:AXLoading] Accessibility Started (Mini-Server)
2026-04-10 23:16:10.546 Db EdotReactNavExample[62217:12739f7] [com.apple.Accessibility:AXLoading] Accessibility Initialize Runtime Overrides
2026-04-10 23:16:10.546 Db EdotReactNavExample[62217:12739f7] [com.apple.defaults:User Defaults] found no value for key ReportValidationErrors in CFPrefsSearchListSource<0x106928880> (Domain: com.apple.Accessibility, Container: (null) Non-launch persona: 0)
2026-04-10 23:16:10.546 Db EdotReactNavExample[62217:12739f7] [com.apple.Accessibility:AXSupportCommon] CF Read: domain = com.apple.Accessibility, preference = ReportValidationErrors, appID = (null) result = (null) (-1 - empty, 0 - false, 1 - true)
2026-04-10 23:16:10.546 Db EdotReactNavExample[62217:12739f7] [com.apple.defaults:User Defaults] found no value for key ReportValidationErrors in CFPrefsPlistSource<0x106928b00> (Domain: com.apple.Accessibility, User: kCFPreferencesCurrentUser, ByHost: No, Container: /Users/nonth/Library/Developer/CoreSimulator/Devices/B7E9BAD6-0C0D-41EE-BE0C-D49BF485382E/data, Contents Need Refresh: No)
2026-04-10 23:16:10.551 Db EdotReactNavExample[62217:12739f7] [com.apple.defaults:User Defaults] found no value for key AXSAppValidatingTestingPreference in CFPrefsSearchListSource<0x106addf80> (Domain: com.apple.Accessibility, Container: /Users/nonth/Library/Developer/CoreSimulator/Devices/B7E9BAD6-0C0D-41EE-BE0C-D49BF485382E/data Non-launch persona: 0)
2026-04-10 23:16:10.551 Db EdotReactNavExample[62217:12739f7] [com.apple.defaults:User Defaults] found no value for key AXSAppValidatingTestingPreference in CFPrefsSearchListSource<0x106928880> (Domain: com.apple.Accessibility, Container: (null) Non-launch persona: 0)
2026-04-10 23:16:10.551 Db EdotReactNavExample[62217:12739f7] [com.apple.defaults:User Defaults] found no value for key shouldPerformValidationsAtRuntime in CFPrefsSearchListSource<0x106addf80> (Domain: com.apple.Accessibility, Container: /Users/nonth/Library/Developer/CoreSimulator/Devices/B7E9BAD6-0C0D-41EE-BE0C-D49BF485382E/data Non-launch persona: 0)
2026-04-10 23:16:10.551 Db EdotReactNavExample[62217:12739f7] [com.apple.defaults:User Defaults] found no value for key shouldPerformValidationsAtRuntime in CFPrefsSearchListSource<0x106928880> (Domain: com.apple.Accessibility, Container: (null) Non-launch persona: 0)
2026-04-10 23:16:10.551 A  EdotReactNavExample[62217:1273a1a] (CoreFoundation) Updating Key-Value Observers Of Preferences
2026-04-10 23:16:10.552 Db EdotReactNavExample[62217:12739f7] [com.apple.defaults:User Defaults] found no value for key IsAXValidationRunnerCollectingValidations in CFPrefsSearchListSource<0x106addf80> (Domain: com.apple.Accessibility, Container: /Users/nonth/Library/Developer/CoreSimulator/Devices/B7E9BAD6-0C0D-41EE-BE0C-D49BF485382E/data Non-launch persona: 0)
2026-04-10 23:16:10.552 Db EdotReactNavExample[62217:12739f7] [com.apple.defaults:User Defaults] found no value for key IsAXValidationRunnerCollectingValidations in CFPrefsSearchListSource<0x106928880> (Domain: com.apple.Accessibility, Container: (null) Non-launch persona: 0)
2026-04-10 23:16:10.553 Db EdotReactNavExample[62217:12739f7] [com.apple.defaults:User Defaults] found no value for key LocalizedStringLookupInfoEnabled in CFPrefsSearchListSource<0x106928880> (Domain: com.apple.Accessibility, Container: (null) Non-launch persona: 0)
2026-04-10 23:16:10.553 Db EdotReactNavExample[62217:12739f7] [com.apple.Accessibility:AXSupportCommon] CF Read: domain = com.apple.Accessibility, preference = LocalizedStringLookupInfoEnabled, appID = (null) result = (null) (-1 - empty, 0 - false, 1 - true)
2026-04-10 23:16:10.553 Db EdotReactNavExample[62217:12739f7] [com.apple.defaults:User Defaults] found no value for key LocalizedStringLookupInfoEnabled in CFPrefsPlistSource<0x106928b00> (Domain: com.apple.Accessibility, User: kCFPreferencesCurrentUser, ByHost: No, Container: /Users/nonth/Library/Developer/CoreSimulator/Devices/B7E9BAD6-0C0D-41EE-BE0C-D49BF485382E/data, Contents Need Refresh: No)
2026-04-10 23:16:10.553 Db EdotReactNavExample[62217:12739f7] [com.apple.defaults:User Defaults] found no value for key AutomationPreferredLanguage in CFPrefsSearchListSource<0x106928880> (Domain: com.apple.Accessibility, Container: (null) Non-launch persona: 0)
2026-04-10 23:16:10.553 Db EdotReactNavExample[62217:12739f7] [com.apple.Accessibility:AXSupportCommon] CF Read: domain = com.apple.Accessibility, preference = AutomationPreferredLanguage, appID = (null) result = (null) (-1 - empty, 0 - false, 1 - true)
2026-04-10 23:16:10.553 Db EdotReactNavExample[62217:12739f7] [com.apple.defaults:User Defaults] found no value for key AutomationPreferredLanguage in CFPrefsPlistSource<0x106928b00> (Domain: com.apple.Accessibility, User: kCFPreferencesCurrentUser, ByHost: No, Container: /Users/nonth/Library/Developer/CoreSimulator/Devices/B7E9BAD6-0C0D-41EE-BE0C-D49BF485382E/data, Contents Need Refresh: No)
2026-04-10 23:16:10.553 Db EdotReactNavExample[62217:12739f7] [com.apple.defaults:User Defaults] looked up value (
    "en-TH",
    "th-TH"
) for key AppleLanguages in CFPrefsPlistSource<0x105e5a0e0> (Domain: kCFPreferencesAnyApplication, User: kCFPreferencesCurrentUser, ByHost: No, Container: /Users/nonth/Library/Developer/CoreSimulator/Devices/B7E9BAD6-0C0D-41EE-BE0C-D49BF485382E/data, Contents Need Refresh: No) via CFPrefsSearchListSource<0x105e55d20> (Domain: com.edot.reactnavexample, Container: (null) Non-launch persona: 0)
2026-04-10 23:16:10.553 Db EdotReactNavExample[62217:12739f7] [com.apple.Accessibility:AXLoading] Accessibility Initialize Subclass Runtime Overrides (UIKit)
2026-04-10 23:16:10.560 Db EdotReactNavExample[62217:12739f7] [com.apple.Accessibility:AXRuntimeCommon] Successfully created AX server
2026-04-10 23:16:10.560 Db EdotReactNavExample[62217:12739f7] [com.apple.defaults:User Defaults] found no value for key AXAutomationIgnoreLogging in CFPrefsSearchListSource<0x106addf80> (Domain: com.apple.Accessibility, Container: /Users/nonth/Library/Developer/CoreSimulator/Devices/B7E9BAD6-0C0D-41EE-BE0C-D49BF485382E/data Non-launch persona: 0)
2026-04-10 23:16:10.560 I  EdotReactNavExample[62217:12739f7] [com.apple.Accessibility:AXAppAccessibility] Started AXRuntime server. SystemApp=0
2026-04-10 23:16:10.560 Db EdotReactNavExample[62217:12739f7] [com.apple.defaults:User Defaults] found no value for key UseNewAXBundleLoader in CFPrefsSearchListSource<0x106addf80> (Domain: com.apple.Accessibility, Container: /Users/nonth/Library/Developer/CoreSimulator/Devices/B7E9BAD6-0C0D-41EE-BE0C-D49BF485382E/data Non-launch persona: 0)
2026-04-10 23:16:10.560 Db EdotReactNavExample[62217:12739f7] [com.apple.defaults:User Defaults] found no value for key UseNewAXBundleLoader in CFPrefsSearchListSource<0x106928880> (Domain: com.apple.Accessibility, Container: (null) Non-launch persona: 0)
2026-04-10 23:16:10.560 Df EdotReactNavExample[62217:12739f7] [com.apple.dt.xctest:Default] Registering for test daemon availability notify post.
2026-04-10 23:16:10.560 Df EdotReactNavExample[62217:12739f7] [com.apple.dt.xctest:Default] notify_get_state check indicated test daemon not ready.
2026-04-10 23:16:10.561 Df EdotReactNavExample[62217:12739f7] [com.apple.dt.xctest:Default] notify_get_state check indicated test daemon not ready.
2026-04-10 23:16:10.561 Df EdotReactNavExample[62217:12739f7] [com.apple.dt.xctest:Default] notify_get_state check indicated test daemon not ready.
2026-04-10 23:16:10.561 Db EdotReactNavExample[62217:12739f7] [com.apple.defaults:User Defaults] found no value for key UIRequireCrimsonLifecycle in CFPrefsSearchListSource<0x10692bc80> (Domain: com.apple.UIKit, Container: (null) Non-launch persona: 0)
2026-04-10 23:16:10.561 Db EdotReactNavExample[62217:12739f7] [com.apple.defaults:User Defaults] found no value for key LogUpdateScheduler in CFPrefsSearchListSource<0x10692bc80> (Domain: com.apple.UIKit, Container: (null) Non-launch persona: 0)
2026-04-10 23:16:10.561 Df EdotReactNavExample[62217:12739f7] [com.apple.UIKit:UpdateScheduler] Selected display: name=LCD (PurpleMain), id=1
2026-04-10 23:16:10.562 Db EdotReactNavExample[62217:12739f7] [com.apple.FrontBoard:SceneClient] [(FBSceneManager):sceneID:com.edot.reactnavexample-default] Adding extension: "_UISceneRelationshipManagementExtension"
2026-04-10 23:16:10.562 Db EdotReactNavExample[62217:12739f7] [com.apple.FrontBoard:SceneClient] [(FBSceneManager):sceneID:com.edot.reactnavexample-default] Adding extension: "_UIApplicationSceneKeyboardExtension"
2026-04-10 23:16:10.562 Db EdotReactNavExample[62217:12739f7] [com.apple.FrontBoard:SceneClient] [(FBSceneManager):sceneID:com.edot.reactnavexample-default] Instantiated component: "<_UIApplicationSceneKeyboardClientComponent: 0x109c9d4e0>"
2026-04-10 23:16:10.562 Db EdotReactNavExample[62217:12739f7] [com.apple.FrontBoard:SceneClient] [(FBSceneManager):sceneID:com.edot.reactnavexample-default] Adding extension: "_UISceneOcclusionExtension"
2026-04-10 23:16:10.562 Db EdotReactNavExample[62217:12739f7] [com.apple.FrontBoard:SceneClient] [(FBSceneManager):sceneID:com.edot.reactnavexample-default] Adding extension: "_UISceneInterfaceProtectionExtension"
2026-04-10 23:16:10.562 Db EdotReactNavExample[62217:12739f7] [com.apple.FrontBoard:SceneClient] [(FBSceneManager):sceneID:com.edot.reactnavexample-default] Instantiated component: "<_UISceneInterfaceProtectionClientComponent: 0x109c948c0>"
2026-04-10 23:16:10.562 Db EdotReactNavExample[62217:12739f7] [com.apple.FrontBoard:SceneClient] [(FBSceneManager):sceneID:com.edot.reactnavexample-default] Adding extension: "_UISceneGeometryExtension"
2026-04-10 23:16:10.562 Db EdotReactNavExample[62217:12739f7] [com.apple.FrontBoard:SceneClient] [(FBSceneManager):sceneID:com.edot.reactnavexample-default] Instantiated component: "<_UISceneLayoutPreferencesController: 0x106ad0450>"
2026-04-10 23:16:10.562 Db EdotReactNavExample[62217:12739f7] [com.apple.FrontBoard:SceneClient] [(FBSceneManager):sceneID:com.edot.reactnavexample-default] Instantiated component: "<_UISceneSafeAreaClientComponent: 0x109c9dbe0>"
2026-04-10 23:16:10.562 Db EdotReactNavExample[62217:12739f7] [com.apple.FrontBoard:SceneClient] [(FBSceneManager):sceneID:com.edot.reactnavexample-default] Adding extension: "_UISceneMaskingExtension"
2026-04-10 23:16:10.562 Db EdotReactNavExample[62217:12739f7] [com.apple.FrontBoard:SceneClient] [(FBSceneManager):sceneID:com.edot.reactnavexample-default] Instantiated component: "<_UISceneMaskingClientComponent: 0x109c9de60>"
2026-04-10 23:16:10.562 Db EdotReactNavExample[62217:12739f7] [com.apple.FrontBoard:SceneClient] [(FBSceneManager):sceneID:com.edot.reactnavexample-default] Adding extension: "_UISystemChromeSceneExtension"
2026-04-10 23:16:10.562 Db EdotReactNavExample[62217:12739f7] [com.apple.FrontBoard:SceneClient] [(FBSceneManager):sceneID:com.edot.reactnavexample-default] Instantiated component: "<_UIHomeAffordanceClientSceneComponent: 0x109c9e0c0>"
2026-04-10 23:16:10.562 Db EdotReactNavExample[62217:12739f7] [com.apple.FrontBoard:SceneClient] [(FBSceneManager):sceneID:com.edot.reactnavexample-default] Adding extension: "_UISystemShellSceneHostingEnvironmentExtension"
2026-04-10 23:16:10.562 Db EdotReactNavExample[62217:12739f7] [com.apple.FrontBoard:SceneClient] [(FBSceneManager):sceneID:com.edot.reactnavexample-default] Instantiated component: "<_UISystemShellSceneHostingEnvironmentClientComponent: 0x109c9e2e0>"
2026-04-10 23:16:10.562 Db EdotReactNavExample[62217:12739f7] [com.apple.FrontBoard:SceneClient] [(FBSceneManager):sceneID:com.edot.reactnavexample-default] Adding extension: "_UISceneRenderingEnvironmentExtension"
2026-04-10 23:16:10.562 Db EdotReactNavExample[62217:12739f7] [com.apple.FrontBoard:SceneClient] [(FBSceneManager):sceneID:com.edot.reactnavexample-default] Instantiated component: "<_UISceneRenderingEnvironmentClientComponent: 0x106ad2df0>"
2026-04-10 23:16:10.562 Db EdotReactNavExample[62217:12739f7] [com.apple.FrontBoard:SceneClient] [(FBSceneManager):sceneID:com.edot.reactnavexample-default] Adding extension: "_UISceneTransitioningExtension"
2026-04-10 23:16:10.562 Db EdotReactNavExample[62217:12739f7] [com.apple.FrontBoard:SceneClient] [(FBSceneManager):sceneID:com.edot.reactnavexample-default] Instantiated component: "<_UISceneTransitioningClientComponent: 0x109c9e740>"
2026-04-10 23:16:10.562 Db EdotReactNavExample[62217:12739f7] [com.apple.FrontBoard:SceneClient] [(FBSceneManager):sceneID:com.edot.reactnavexample-default] Adding extension: "_UISceneFocusSystemExtension"
2026-04-10 23:16:10.562 Db EdotReactNavExample[62217:12739f7] [com.apple.FrontBoard:SceneClient] [(FBSceneManager):sceneID:com.edot.reactnavexample-default] Instantiated component: "<_UISceneFocusSystemClientComponent: 0x109c9e980>"
2026-04-10 23:16:10.562 Db EdotReactNavExample[62217:12739f7] [com.apple.FrontBoard:SceneClient] [(FBSceneManager):sceneID:com.edot.reactnavexample-default] Adding extension: "_UISceneOrientationExtension"
2026-04-10 23:16:10.562 Db EdotReactNavExample[62217:12739f7] [com.apple.FrontBoard:SceneClient] [(FBSceneManager):sceneID:com.edot.reactnavexample-default] Instantiated component: "<_UISceneOrientationClientComponent: 0x109c9eba0>"
2026-04-10 23:16:10.562 Db EdotReactNavExample[62217:12739f7] [com.apple.FrontBoard:SceneClient] [(FBSceneManager):sceneID:com.edot.reactnavexample-default] Adding extension: "_UISceneWindowingControlExtension"
2026-04-10 23:16:10.562 Db EdotReactNavExample[62217:12739f7] [com.apple.FrontBoard:SceneClient] [(FBSceneManager):sceneID:com.edot.reactnavexample-default] Instantiated component: "<_UISceneWindowingControlClientComponent: 0x109c9ed80>"
2026-04-10 23:16:10.562 I  EdotReactNavExample[62217:12739f7] [com.apple.runningboard:assertion] Acquiring assertion: <RBSAssertionDescriptor| "app_launch_measurement: pageins recording enabled" ID:(null) target:62217>
2026-04-10 23:16:10.563 Db EdotReactNavExample[62217:12739f7] [com.apple.runningboard:assertion] Adding assertion 50369-62217-12331 to dictionary
2026-04-10 23:16:10.563 Df EdotReactNavExample[62217:12739f7] [com.apple.app_launch_measurement:ApplicationLaunch] alm_acquire_pageins_recording_assertion: acquired pageins recording assertion!
2026-04-10 23:16:10.563 Df EdotReactNavExample[62217:12739f7] [com.apple.UIKit:BackgroundTask] Will add backgroundTask with taskName: Persistent SceneSession Map Update, expirationHandler: <__NSGlobalBlock__: 0x1e7b10398>
2026-04-10 23:16:10.563 Df EdotReactNavExample[62217:12739f7] [com.apple.UIKit:BackgroundTask] Reusing background assertion <BKSProcessAssertion: 0x1069b7890>
2026-04-10 23:16:10.563 Df EdotReactNavExample[62217:12739f7] [com.apple.UIKit:BackgroundTask] Incrementing reference count for background assertion <BKSProcessAssertion: 0x1069b7890>
2026-04-10 23:16:10.563 Df EdotReactNavExample[62217:12739f7] [com.apple.UIKit:BackgroundTask] Created background task <_UIBackgroundTaskInfo: 0x109d060c0>: taskID = 2, taskName = Persistent SceneSession Map Update, creationTime = 1229423 (elapsed = 0).
2026-04-10 23:16:10.564 Df EdotReactNavExample[62217:12739f7] [com.apple.UIKit:Application] Deactivation reason added: 5; deactivation reasons: 1024 -> 1056; animating application lifecycle event: 1
2026-04-10 23:16:10.564 Db EdotReactNavExample[62217:12739f7] [com.apple.defaults:User Defaults] found no value for key LogWindow in CFPrefsSearchListSource<0x10692bc80> (Domain: com.apple.UIKit, Container: (null) Non-launch persona: 0)
2026-04-10 23:16:10.564 Db EdotReactNavExample[62217:12739f7] [com.apple.defaults:User Defaults] found no value for key LogInterfaceStyle in CFPrefsSearchListSource<0x10692bc80> (Domain: com.apple.UIKit, Container: (null) Non-launch persona: 0)
2026-04-10 23:16:10.564 Df EdotReactNavExample[62217:12739f7] [com.apple.UIKit:InterfaceStyle] Not push traits update to screen for new style 1, <UIWindowScene: 0x109d14600> (D17960C9-078A-4A2B-9D83-ADFD8BC8D32A)
2026-04-10 23:16:10.564 Df EdotReactNavExample[62217:12739f7] [com.apple.UIKit:InterfaceStyle] Should send trait collection or coordinate space update, interface style 1 -> 1, <UIWindowScene: 0x109d14600> (D17960C9-078A-4A2B-9D83-ADFD8BC8D32A)
2026-04-10 23:16:10.564 Db EdotReactNavExample[62217:12739f7] [com.apple.defaults:User Defaults] found no value for key FullKeyboardAccessEnabled in CFPrefsSearchListSource<0x106928880> (Domain: com.apple.Accessibility, Container: (null) Non-launch persona: 0)
2026-04-10 23:16:10.564 Db EdotReactNavExample[62217:12739f7] [com.apple.Accessibility:AXSupportCommon] CF Read: domain = com.apple.Accessibility, preference = FullKeyboardAccessEnabled, appID = (null) result = (null) (-1 - empty, 0 - false, 1 - true)
2026-04-10 23:16:10.564 Db EdotReactNavExample[62217:12739f7] [com.apple.defaults:User Defaults] found no value for key FullKeyboardAccessEnabled in CFPrefsPlistSource<0x106928b00> (Domain: com.apple.Accessibility, User: kCFPreferencesCurrentUser, ByHost: No, Container: /Users/nonth/Library/Developer/CoreSimulator/Devices/B7E9BAD6-0C0D-41EE-BE0C-D49BF485382E/data, Contents Need Refresh: No)
2026-04-10 23:16:10.565 Df EdotReactNavExample[62217:12739f7] [com.apple.UIKit:InterfaceStyle] Not push traits update to screen for new style 1, <UIWindowScene: 0x109d14600> (D17960C9-078A-4A2B-9D83-ADFD8BC8D32A)
2026-04-10 23:16:10.599 Db EdotReactNavExample[62217:12739f7] [com.apple.BacklightServices:scenes] create BLSBacklightFBSSceneEnvironment (BacklightUIServices) for scene:<UIWindowScene: 0x109d14600; role: UIWindowSceneSessionRoleApplication; activationState: UISceneActivationStateUnattached> {
    session = <UISceneSession: 0x109c00f00; persistentIdentifier: D17960C9-078A-4A2B-9D83-ADFD8BC8D32A> {
        configuration = <UISceneConfiguration: 0x109c01310; name: 0x0>;
    };
    delegate = (nil);
    effectiveGeometry = <UIWindowSceneGeometry: 0x109c011d0; coordinateSpace.bounds: {{0, 0}, {402, 874}}; interfaceOrientation: portrait (1); isInteractivelyResizing: NO>;
    screen = <UIScreen: 0x1069bd540; bounds: {{0, 0}, {402, 874}}; mode: <UIScreenMode: 0x109d191e0; size = 1206.000000 x 2622.000000>>;
}
2026-04-10 23:16:10.615 Db EdotReactNavExample[62217:12739f7] [com.apple.BacklightServices:scenes] 0x106ad27f0 create environment:<BLSBacklightFBSSceneEnvironment: 0x106ad27f0; identifier: 0x0; active: NO; liveUpdating: NO; unrestrictedFramerate: NO; aoSupport: NO; aoContentIs1hz: NO; visualState: 0x0; presentationDate: 0x0> for scene:<FBSScene: 0x1068e9860; (FBSceneManager):sceneID:com.edot.reactnavexample-default; valid: YES> {
    settings = <UIApplicationSceneSettings: 0x106b240f0> {
        settings = <BSKeyedSettings: 0x106ad3ba0> {
            displayConfiguration = <FBSDisplayConfiguration: 0x106958e00; Main; mode: "402x874@3x 60Hz p3 SDR">;
            foreground = Yes;
            frame = NSRect: {{0, 0}, {402, 874}};
            interfaceOrientation = portrait (1);
            interruptionPolicy = reconnect (2);
            level = 1;
            <SBSUIHomeScreenIconStyleSceneSettings> = <BSKeyedSettings: 0x106ad3a50> {
                iconStyleConfiguration = <SBSHomeScreenIconStyleConfiguration: 0x106a92f40>;
            };
            <_UISceneTransitioningHostSettings> = <BSKeyedSettings: 0x106ad36f0> {
   <…>
2026-04-10 23:16:10.616 Db EdotReactNavExample[62217:12739f7] [com.apple.BacklightServices:scenes] BLSBacklightFBSSceneEnvironment (BacklightUIServices) _settingsDiffActionsForScene
2026-04-10 23:16:10.616 Db EdotReactNavExample[62217:12739f7] [com.apple.BacklightServices:scenes] create BLSBacklightUISceneEnvironmentDiffAction:<_UIBacklightUISceneEnvironmentDiffAction: 0x1069f17d0>
2026-04-10 23:16:10.616 Db EdotReactNavExample[62217:12739f7] [com.apple.BacklightServices:scenes] BLSBacklightFBSSceneEnvironment (BacklightUIServices) _actionRespondersForScene
2026-04-10 23:16:10.616 Db EdotReactNavExample[62217:12739f7] [com.apple.BacklightServices:scenes] create BLSBacklightUISceneEnvironmentActionHandler:<_UIBacklightUISceneEnvironmentActionHandler: 0x1069f17c0>
2026-04-10 23:16:10.616 Db EdotReactNavExample[62217:12739f7] [com.apple.defaults:User Defaults] found no value for key LogHomeAffordanceObservation in CFPrefsSearchListSource<0x10692bc80> (Domain: com.apple.UIKit, Container: (null) Non-launch persona: 0)
2026-04-10 23:16:10.616 Df EdotReactNavExample[62217:12739f7] [com.apple.UIKit:HomeAffordanceObservation] Initializing: <_UIHomeAffordanceSceneNotifier: 0x109dcd110>; with scene: <UIWindowScene: 0x109d14600>
2026-04-10 23:16:10.616 Db EdotReactNavExample[62217:12739f7] [com.apple.BacklightServices:scenes] BLSBacklightFBSSceneEnvironment (BacklightUIServices) _settingsDiffActionsForScene
2026-04-10 23:16:10.616 Db EdotReactNavExample[62217:12739f7] [com.apple.BacklightServices:scenes] create BLSBacklightUISceneEnvironmentDiffAction:<_UIBacklightUISceneEnvironmentDiffAction: 0x1069f08f0>
2026-04-10 23:16:10.616 Db EdotReactNavExample[62217:12739f7] [com.apple.BacklightServices:scenes] BLSBacklightFBSSceneEnvironment (BacklightUIServices) _actionRespondersForScene
2026-04-10 23:16:10.616 Db EdotReactNavExample[62217:12739f7] [com.apple.BacklightServices:scenes] create BLSBacklightUISceneEnvironmentActionHandler:<_UIBacklightUISceneEnvironmentActionHandler: 0x1069f1790>
2026-04-10 23:16:10.616 Df EdotReactNavExample[62217:12739f7] [com.apple.BacklightServices:scenes] 0x106ad27f0 setDelegate:<0x109db43f0 _UIBacklightEnvironment> hasDelegate:YES for environment:sceneID:com.edot.reactnavexample-default
2026-04-10 23:16:10.616 Db EdotReactNavExample[62217:12739f7] [com.apple.BacklightServices:scenes] 0x106ad27f0 setSupportsAlwaysOn:NO for environment:sceneID:com.edot.reactnavexample-default
2026-04-10 23:16:10.616 Db EdotReactNavExample[62217:12739f7] [com.apple.BacklightServices:scenes] BLSBacklightFBSSceneEnvironment (BacklightUIServices) _settingsDiffActionsForScene
2026-04-10 23:16:10.616 Db EdotReactNavExample[62217:12739f7] [com.apple.BacklightServices:scenes] create BLSBacklightUISceneEnvironmentDiffAction:<_UIBacklightUISceneEnvironmentDiffAction: 0x1069f2400>
2026-04-10 23:16:10.616 Db EdotReactNavExample[62217:12739f7] [com.apple.BacklightServices:scenes] BLSBacklightFBSSceneEnvironment (BacklightUIServices) _actionRespondersForScene
2026-04-10 23:16:10.616 Db EdotReactNavExample[62217:12739f7] [com.apple.BacklightServices:scenes] create BLSBacklightUISceneEnvironmentActionHandler:<_UIBacklightUISceneEnvironmentActionHandler: 0x1069f17c0>
2026-04-10 23:16:10.616 Df EdotReactNavExample[62217:12739f7] [com.apple.UIKit:InterfaceStyle] Not push traits update to screen for new style 1, <UIWindowScene: 0x109d14600> (D17960C9-078A-4A2B-9D83-ADFD8BC8D32A)
2026-04-10 23:16:10.616 Db EdotReactNavExample[62217:12739f7] [com.apple.defaults:User Defaults] found no value for key LogEventDeferring in CFPrefsSearchListSource<0x10692bc80> (Domain: com.apple.UIKit, Container: (null) Non-launch persona: 0)
2026-04-10 23:16:10.616 Df EdotReactNavExample[62217:12739f7] [com.apple.UIKit:EventDeferring] [0x109dcd180] Initialized with scene: <UIWindowScene: 0x109d14600>; behavior: <_UIEventDeferringBehavior_iOS: 0x109d19260>; availableForProcess: 1, systemShellManagesKeyboardFocus: 1
2026-04-10 23:16:10.616 Db EdotReactNavExample[62217:12739f7] [com.apple.BacklightServices:scenes] BLSBacklightFBSSceneEnvironment (BacklightUIServices) _settingsDiffActionsForScene
2026-04-10 23:16:10.616 Db EdotReactNavExample[62217:12739f7] [com.apple.BacklightServices:scenes] create BLSBacklightUISceneEnvironmentDiffAction:<_UIBacklightUISceneEnvironmentDiffAction: 0x1069f23e0>
2026-04-10 23:16:10.616 Db EdotReactNavExample[62217:12739f7] [com.apple.BacklightServices:scenes] BLSBacklightFBSSceneEnvironment (BacklightUIServices) _actionRespondersForScene
2026-04-10 23:16:10.616 Db EdotReactNavExample[62217:12739f7] [com.apple.BacklightServices:scenes] create BLSBacklightUISceneEnvironmentActionHandler:<_UIBacklightUISceneEnvironmentActionHandler: 0x1069f17a0>
2026-04-10 23:16:10.616 Db EdotReactNavExample[62217:12739f7] [com.apple.defaults:User Defaults] found no value for key LogKeyWindow in CFPrefsSearchListSource<0x10692bc80> (Domain: com.apple.UIKit, Container: (null) Non-launch persona: 0)
2026-04-10 23:16:10.616 Df EdotReactNavExample[62217:12739f7] [com.apple.BoardServices:XPCErrors] [C:2] Alloc com.apple.backboard.hid-services.xpc
2026-04-10 23:16:10.617 Df EdotReactNavExample[62217:12739f7] [com.apple.xpc:connection] [0x1069bde00] activating connection: mach=false listener=false peer=false name=(anonymous)
2026-04-10 23:16:10.617 Db EdotReactNavExample[62217:1273a1b] [com.apple.BaseBoard:MachPort]  *|machport|* <BSMachPortTaskNameRight: 0x109d05bc0; usable: YES; (62217:5e07:send task_name_for_pid:backboardd.50387)> -> (<NSThread: 0x1068c9740>{number = 2, name = (null)}) (
	0   BaseBoard                           0x0000000184059048 -[BSMachPortRight _initWithPort:type:owner:trace:] + 200
	1   BaseBoard                           0x000000018405b074 -[BSMachPortTaskNameRight initWithPID:] + 276
	2   BaseBoard                           0x000000018405af04 +[BSMachPortTaskNameRight taskNameForPID:] + 56
	3   BaseBoard                           0x000000018406e490 +[BSProcessHandle processHandleForXPCConnection:] + 176
	4   BoardServices                       0x0000000188208ac8 +[BSXPCServiceConnectionPeer peerOfConnection:] + 320
	5   BoardServices                       0x000000018823f68c __55-[BSXPCServiceConnection _lock_activateNowOrWhenReady:]_block_invoke_2 + 140
	6   BoardServices                       0x0000000188235a44 __55-[BSXPCServiceConnectionMessage _actuallySendWithMode:]_block_invoke + 164
	7
2026-04-10 23:16:10.618 Df EdotReactNavExample[62217:1273a1a] [com.apple.BackBoard:EventDelivery] BKSHIDEventObserver - connection activation
2026-04-10 23:16:10.618 Df EdotReactNavExample[62217:12739f7] [com.apple.BackBoard:EventDelivery] policyStatus:<BKSHIDEventDeliveryPolicyObserver: 0x106ad7360; process scope; status: target> was:none
2026-04-10 23:16:10.618 Db EdotReactNavExample[62217:12739f7] [com.apple.BackBoard:EventDelivery] observerPolicyDidChange: 0x106ad7360 -> <_UIKeyWindowSceneObserver: 0x109db4960>
2026-04-10 23:16:10.618 Df EdotReactNavExample[62217:12739f7] [com.apple.UIKit:KeyWindow] Setting default evaluation strategy for UIUserInterfaceIdiomPhone to LastOneWins
2026-04-10 23:16:10.618 Df EdotReactNavExample[62217:12739f7] [com.apple.UIKit:KeyWindow] Scene target of keyboard event deferring environment did change: 1; scene: UIWindowScene: 0x109d14600; scene identity: com.apple.frontboard.systemappservices/FBSceneManager:sceneID%3Acom.edot.reactnavexample-default
2026-04-10 23:16:10.618 Df EdotReactNavExample[62217:12739f7] [com.apple.UIKit:EventDeferring] [0x109dcd180] Scene target of event deferring environments did update: scene: 0x109d14600; current systemShellManagesKeyboardFocus: 1; systemShellManagesKeyboardFocusForScene: 1; eligibleForRecordRemoval: 1;
2026-04-10 23:16:10.618 Df EdotReactNavExample[62217:12739f7] [com.apple.UIKit:KeyWindow] Scene became target of keyboard event deferring environment: UIWindowScene: 0x109d14600; scene identity: com.apple.frontboard.systemappservices/FBSceneManager:sceneID%3Acom.edot.reactnavexample-default
2026-04-10 23:16:10.618 Df EdotReactNavExample[62217:12739f7] [com.apple.UIKit:KeyWindow] Stack[KeyWindow] 0x109db4db0: Taking no further action for migration from LastOneWins -> SystemShellManaged as there are no scenes
2026-04-10 23:16:10.618 Df EdotReactNavExample[62217:12739f7] [com.apple.UIKit:KeyWindow] Setting default evaluation strategy for UIUserInterfaceIdiomPhone to SystemShellManaged
2026-04-10 23:16:10.618 Df EdotReactNavExample[62217:12739f7] [com.apple.UIKit:KeyWindow] Key window needs update: 0; currentKeyWindowScene: 0x0; evaluatedKeyWindowScene: 0x109d14600; currentApplicationKeyWindow: 0x0; evaluatedApplicationKeyWindow: 0x0; reason: UIWindowScene: 0x109d14600: Window scene became target of keyboard environment
2026-04-10 23:16:10.618 Db EdotReactNavExample[62217:12739f7] [com.apple.BacklightServices:scenes] BLSBacklightFBSSceneEnvironment (BacklightUIServices) _settingsDiffActionsForScene
2026-04-10 23:16:10.618 Db EdotReactNavExample[62217:12739f7] [com.apple.BacklightServices:scenes] create BLSBacklightUISceneEnvironmentDiffAction:<_UIBacklightUISceneEnvironmentDiffAction: 0x1069f16c0>
2026-04-10 23:16:10.618 Db EdotReactNavExample[62217:12739f7] [com.apple.BacklightServices:scenes] BLSBacklightFBSSceneEnvironment (BacklightUIServices) _actionRespondersForScene
2026-04-10 23:16:10.618 Db EdotReactNavExample[62217:12739f7] [com.apple.BacklightServices:scenes] create BLSBacklightUISceneEnvironmentActionHandler:<_UIBacklightUISceneEnvironmentActionHandler: 0x1069f16f0>
2026-04-10 23:16:10.618 Db EdotReactNavExample[62217:12739f7] [com.apple.BacklightServices:scenes] BLSBacklightFBSSceneEnvironment (BacklightUIServices) _settingsDiffActionsForScene
2026-04-10 23:16:10.618 Db EdotReactNavExample[62217:12739f7] [com.apple.BacklightServices:scenes] create BLSBacklightUISceneEnvironmentDiffAction:<_UIBacklightUISceneEnvironmentDiffAction: 0x1069f1780>
2026-04-10 23:16:10.618 Db EdotReactNavExample[62217:12739f7] [com.apple.BacklightServices:scenes] BLSBacklightFBSSceneEnvironment (BacklightUIServices) _actionRespondersForScene
2026-04-10 23:16:10.618 Db EdotReactNavExample[62217:12739f7] [com.apple.BacklightServices:scenes] create BLSBacklightUISceneEnvironmentActionHandler:<_UIBacklightUISceneEnvironmentActionHandler: 0x1069f2400>
2026-04-10 23:16:10.618 Df EdotReactNavExample[62217:12739f7] [com.apple.UIKit:InterfaceStyle] Not push traits update to screen for new style 1, <UIWindowScene: 0x109d14600> (D17960C9-078A-4A2B-9D83-ADFD8BC8D32A)
2026-04-10 23:16:10.618 Db EdotReactNavExample[62217:12739f7] [com.apple.BacklightServices:scenes] BLSBacklightFBSSceneEnvironment (BacklightUIServices) _settingsDiffActionsForScene
2026-04-10 23:16:10.618 Db EdotReactNavExample[62217:12739f7] [com.apple.BacklightServices:scenes] create BLSBacklightUISceneEnvironmentDiffAction:<_UIBacklightUISceneEnvironmentDiffAction: 0x1069f17a0>
2026-04-10 23:16:10.618 Db EdotReactNavExample[62217:12739f7] [com.apple.BacklightServices:scenes] BLSBacklightFBSSceneEnvironment (BacklightUIServices) _actionRespondersForScene
2026-04-10 23:16:10.618 Db EdotReactNavExample[62217:12739f7] [com.apple.BacklightServices:scenes] create BLSBacklightUISceneEnvironmentActionHandler:<_UIBacklightUISceneEnvironmentActionHandler: 0x1069f23e0>
2026-04-10 23:16:10.619 Db EdotReactNavExample[62217:12739f7] [com.apple.BacklightServices:scenes] BLSBacklightFBSSceneEnvironment (BacklightUIServices) _settingsDiffActionsForScene
2026-04-10 23:16:10.619 Db EdotReactNavExample[62217:12739f7] [com.apple.BacklightServices:scenes] create BLSBacklightUISceneEnvironmentDiffAction:<_UIBacklightUISceneEnvironmentDiffAction: 0x1069f16f0>
2026-04-10 23:16:10.619 Db EdotReactNavExample[62217:12739f7] [com.apple.BacklightServices:scenes] BLSBacklightFBSSceneEnvironment (BacklightUIServices) _actionRespondersForScene
2026-04-10 23:16:10.619 Db EdotReactNavExample[62217:12739f7] [com.apple.BacklightServices:scenes] create BLSBacklightUISceneEnvironmentActionHandler:<_UIBacklightUISceneEnvironmentActionHandler: 0x1069f17a0>
2026-04-10 23:16:10.619 Db EdotReactNavExample[62217:12739f7] [com.apple.BacklightServices:scenes] BLSBacklightFBSSceneEnvironment (BacklightUIServices) _settingsDiffActionsForScene
2026-04-10 23:16:10.619 Db EdotReactNavExample[62217:12739f7] [com.apple.BacklightServices:scenes] create BLSBacklightUISceneEnvironmentDiffAction:<_UIBacklightUISceneEnvironmentDiffAction: 0x1069f2400>
2026-04-10 23:16:10.619 Db EdotReactNavExample[62217:12739f7] [com.apple.BacklightServices:scenes] BLSBacklightFBSSceneEnvironment (BacklightUIServices) _actionRespondersForScene
2026-04-10 23:16:10.619 Db EdotReactNavExample[62217:12739f7] [com.apple.BacklightServices:scenes] create BLSBacklightUISceneEnvironmentActionHandler:<_UIBacklightUISceneEnvironmentActionHandler: 0x1069f16f0>
2026-04-10 23:16:10.619 Df EdotReactNavExample[62217:12739f7] [com.apple.UIKit:InterfaceStyle] Not push traits update to screen for new style 1, <UIWindowScene: 0x109d14600> (D17960C9-078A-4A2B-9D83-ADFD8BC8D32A)
2026-04-10 23:16:10.619 Db EdotReactNavExample[62217:12739f7] [com.apple.BacklightServices:scenes] BLSBacklightFBSSceneEnvironment (BacklightUIServices) _settingsDiffActionsForScene
2026-04-10 23:16:10.619 Db EdotReactNavExample[62217:12739f7] [com.apple.BacklightServices:scenes] create BLSBacklightUISceneEnvironmentDiffAction:<_UIBacklightUISceneEnvironmentDiffAction: 0x1069f16c0>
2026-04-10 23:16:10.619 Db EdotReactNavExample[62217:12739f7] [com.apple.BacklightServices:scenes] BLSBacklightFBSSceneEnvironment (BacklightUIServices) _actionRespondersForScene
2026-04-10 23:16:10.619 Db EdotReactNavExample[62217:12739f7] [com.apple.BacklightServices:scenes] create BLSBacklightUISceneEnvironmentActionHandler:<_UIBacklightUISceneEnvironmentActionHandler: 0x1069f1780>
2026-04-10 23:16:10.619 Db EdotReactNavExample[62217:12739f7] [com.apple.BacklightServices:scenes] BLSBacklightFBSSceneEnvironment (BacklightUIServices) _settingsDiffActionsForScene
2026-04-10 23:16:10.619 Db EdotReactNavExample[62217:12739f7] [com.apple.BacklightServices:scenes] create BLSBacklightUISceneEnvironmentDiffAction:<_UIBacklightUISceneEnvironmentDiffAction: 0x1069f1710>
2026-04-10 23:16:10.619 Db EdotReactNavExample[62217:12739f7] [com.apple.BacklightServices:scenes] BLSBacklightFBSSceneEnvironment (BacklightUIServices) _actionRespondersForScene
2026-04-10 23:16:10.619 Db EdotReactNavExample[62217:12739f7] [com.apple.BacklightServices:scenes] create BLSBacklightUISceneEnvironmentActionHandler:<_UIBacklightUISceneEnvironmentActionHandler: 0x1069f1690>
2026-04-10 23:16:10.620 Db EdotReactNavExample[62217:12739f7] [com.apple.BacklightServices:scenes] BLSBacklightFBSSceneEnvironment (BacklightUIServices) _settingsDiffActionsForScene
2026-04-10 23:16:10.620 Db EdotReactNavExample[62217:12739f7] [com.apple.BacklightServices:scenes] create BLSBacklightUISceneEnvironmentDiffAction:<_UIBacklightUISceneEnvironmentDiffAction: 0x1069f1680>
2026-04-10 23:16:10.620 Db EdotReactNavExample[62217:12739f7] [com.apple.BacklightServices:scenes] BLSBacklightFBSSceneEnvironment (BacklightUIServices) _actionRespondersForScene
2026-04-10 23:16:10.620 Db EdotReactNavExample[62217:12739f7] [com.apple.BacklightServices:scenes] create BLSBacklightUISceneEnvironmentActionHandler:<_UIBacklightUISceneEnvironmentActionHandler: 0x1069f16d0>
2026-04-10 23:16:10.620 Db EdotReactNavExample[62217:12739f7] [com.apple.BacklightServices:scenes] BLSBacklightFBSSceneEnvironment (BacklightUIServices) _settingsDiffActionsForScene
2026-04-10 23:16:10.620 Db EdotReactNavExample[62217:12739f7] [com.apple.BacklightServices:scenes] create BLSBacklightUISceneEnvironmentDiffAction:<_UIBacklightUISceneEnvironmentDiffAction: 0x1069f1690>
2026-04-10 23:16:10.620 Db EdotReactNavExample[62217:12739f7] [com.apple.BacklightServices:scenes] BLSBacklightFBSSceneEnvironment (BacklightUIServices) _actionRespondersForScene
2026-04-10 23:16:10.620 Db EdotReactNavExample[62217:12739f7] [com.apple.BacklightServices:scenes] create BLSBacklightUISceneEnvironmentActionHandler:<_UIBacklightUISceneEnvironmentActionHandler: 0x1069f1660>
2026-04-10 23:16:10.620 Db EdotReactNavExample[62217:12739f7] [com.apple.BacklightServices:scenes] BLSBacklightFBSSceneEnvironment (BacklightUIServices) _settingsDiffActionsForScene
2026-04-10 23:16:10.620 Db EdotReactNavExample[62217:12739f7] [com.apple.BacklightServices:scenes] create BLSBacklightUISceneEnvironmentDiffAction:<_UIBacklightUISceneEnvironmentDiffAction: 0x1069f1620>
2026-04-10 23:16:10.620 Db EdotReactNavExample[62217:12739f7] [com.apple.BacklightServices:scenes] BLSBacklightFBSSceneEnvironment (BacklightUIServices) _actionRespondersForScene
2026-04-10 23:16:10.620 Db EdotReactNavExample[62217:12739f7] [com.apple.BacklightServices:scenes] create BLSBacklightUISceneEnvironmentActionHandler:<_UIBacklightUISceneEnvironmentActionHandler: 0x1069f1600>
2026-04-10 23:16:10.620 Df EdotReactNavExample[62217:12739f7] [com.apple.UIKit:InterfaceStyle] Not push traits update to screen for new style 1, <UIWindowScene: 0x109d14600> (D17960C9-078A-4A2B-9D83-ADFD8BC8D32A)
2026-04-10 23:16:10.620 A  EdotReactNavExample[62217:12739f7] (libsystem_trace.dylib) Activity for state dumps
2026-04-10 23:16:10.620 F  EdotReactNavExample[62217:12739f7] [com.apple.runtime-issues:UIKit App Config] `UIScene` lifecycle will soon be required. Failure to adopt will result in an assert in the future.
2026-04-10 23:16:10.620 Df EdotReactNavExample[62217:12739f7] [com.apple.UIKit:InterfaceStyle] Not push traits update to screen for new style 1, <UIWindowScene: 0x109d14600> (D17960C9-078A-4A2B-9D83-ADFD8BC8D32A)
2026-04-10 23:16:10.620 Db EdotReactNavExample[62217:12739f7] [com.apple.defaults:User Defaults] found no value for key LogAppLifecycle in CFPrefsSearchListSource<0x10692bc80> (Domain: com.apple.UIKit, Container: (null) Non-launch persona: 0)
2026-04-10 23:16:10.620 Df EdotReactNavExample[62217:12739f7] [com.apple.UIKit:AppLifecycle] sceneOfRecord: sceneID: sceneID:com.edot.reactnavexample-default  persistentID: D17960C9-078A-4A2B-9D83-ADFD8BC8D32A
2026-04-10 23:16:10.620 Df EdotReactNavExample[62217:12739f7] [com.apple.UIKit:Application] Ignoring already applied deactivation reason: 5; deactivation reasons: 1056
2026-04-10 23:16:10.621 Df EdotReactNavExample[62217:12739f7] [com.apple.UIKit:Application] Deactivation reason added: 11; deactivation reasons: 1056 -> 3104; animating application lifecycle event: 1
2026-04-10 23:16:10.621 Df EdotReactNavExample[62217:12739f7] [com.apple.KeyboardArbiter:Client] startConnection
2026-04-10 23:16:10.621 Df EdotReactNavExample[62217:12739f7] [com.apple.xpc:connection] [0x1069be580] activating connection: mach=true listener=false peer=false name=com.apple.UIKit.KeyboardManagement.hosted
2026-04-10 23:16:10.621 Db EdotReactNavExample[62217:12739f7] [com.apple.defaults:User Defaults] found no value for key detoxURLOverride in CFPrefsSearchListSource<0x105e55d20> (Domain: com.edot.reactnavexample, Container: (null) Non-launch persona: 0)
2026-04-10 23:16:10.621 Db EdotReactNavExample[62217:12739f7] [com.apple.defaults:User Defaults] found no value for key detoxSourceAppOverride in CFPrefsSearchListSource<0x105e55d20> (Domain: com.edot.reactnavexample, Container: (null) Non-launch persona: 0)
2026-04-10 23:16:10.621 Db EdotReactNavExample[62217:12739f7] [com.apple.defaults:User Defaults] found no value for key UIHandleTestURLScheme in CFPrefsSearchListSource<0x105e55d20> (Domain: com.edot.reactnavexample, Container: (null) Non-launch persona: 0)
2026-04-10 23:16:10.621 Db EdotReactNavExample[62217:12739f7] [com.apple.defaults:User Defaults] found no value for key LogStatusBar in CFPrefsSearchListSource<0x10692bc80> (Domain: com.apple.UIKit, Container: (null) Non-launch persona: 0)
2026-04-10 23:16:10.621 Db EdotReactNavExample[62217:12739f7] [com.apple.defaults:User Defaults] found no value for key detoxURLOverride in CFPrefsSearchListSource<0x105e55d20> (Domain: com.edot.reactnavexample, Container: (null) Non-launch persona: 0)
2026-04-10 23:16:10.621 Db EdotReactNavExample[62217:12739f7] [com.apple.defaults:User Defaults] found no value for key detoxSourceAppOverride in CFPrefsSearchListSource<0x105e55d20> (Domain: com.edot.reactnavexample, Container: (null) Non-launch persona: 0)
2026-04-10 23:16:10.622 Db EdotReactNavExample[62217:12739f7] [com.apple.CFBundle:resources] Resource lookup at CFBundle 0x1068cc1c0 </Users/nonth/Library/Developer/CoreSimulator/Devices/B7E9BAD6-0C0D-41EE-BE0C-D49BF485382E/data/Containers/Bundle/Application/3CD4221D-93B6-482B-A525-320CF30A8C91/EdotReactNavExample.app> (executable, loaded)
	Request       : main type: jsbundle
	Result        : file:///Users/nonth/Library/Developer/CoreSimulator/Devices/B7E9BAD6-0C0D-41EE-BE0C-D49BF485382E/data/Containers/Bundle/Application/3CD4221D-93B6-482B-A525-320CF30A8C91/EdotReactNavExample.app/main.jsbundle
2026-04-10 23:16:10.623 I  EdotReactNavExample[62217:12739f7] [com.wix.DetoxSync:DTXSyncReactNativeSupport] Cleaning idling resource before RN load
2026-04-10 23:16:10.623 I  EdotReactNavExample[62217:12739f7] [com.wix.DetoxSync:DTXSyncReactNativeSupport] Adding idling resource for RN load
2026-04-10 23:16:10.625 Db EdotReactNavExample[62217:12739f7] [com.apple.defaults:User Defaults] found no value for key UIViewLayoutFeedbackLoopDebuggingThreshold in CFPrefsSearchListSource<0x105e55d20> (Domain: com.edot.reactnavexample, Container: (null) Non-launch persona: 0)
2026-04-10 23:16:10.625 Db EdotReactNavExample[62217:12739f7] [com.apple.defaults:User Defaults] found no value for key UIEngineHostingViewsShouldGuardWantsAutolayoutFlagPropagation in CFPrefsSearchListSource<0x105e55d20> (Domain: com.edot.reactnavexample, Container: (null) Non-launch persona: 0)
2026-04-10 23:16:10.626 Db EdotReactNavExample[62217:12739f7] [com.apple.defaults:User Defaults] found no value for key _UIConstraintBasedLayoutEngageNonLazily in CFPrefsSearchListSource<0x105e55d20> (Domain: com.edot.reactnavexample, Container: (null) Non-launch persona: 0)
2026-04-10 23:16:10.628 Db EdotReactNavExample[62217:12739f7] [com.apple.defaults:User Defaults] found no value for key com.apple.SwiftUI.IgnoreSolariumOptOut in CFPrefsSearchListSource<0x105e55d20> (Domain: com.edot.reactnavexample, Container: (null) Non-launch persona: 0)
2026-04-10 23:16:10.628 Db EdotReactNavExample[62217:12739f7] [com.apple.defaults:User Defaults] found no value for key UITraitUsageTrackingLoggingEnabled in CFPrefsSearchListSource<0x105e55d20> (Domain: com.edot.reactnavexample, Container: (null) Non-launch persona: 0)
2026-04-10 23:16:10.628 Db EdotReactNavExample[62217:12739f7] [com.apple.defaults:User Defaults] found no value for key UIStateTrackingLoggingEnabled in CFPrefsSearchListSource<0x105e55d20> (Domain: com.edot.reactnavexample, Container: (null) Non-launch persona: 0)
2026-04-10 23:16:10.629 Db EdotReactNavExample[62217:12739f7] [com.apple.defaults:User Defaults] looked up value 0 for key GrayscaleDisplay in CFPrefsPlistSource<0x106928a00> (Domain: com.apple.Accessibility, User: kCFPreferencesCurrentUser, ByHost: No, Container: (null), Contents Need Refresh: No) via CFPrefsSearchListSource<0x106928880> (Domain: com.apple.Accessibility, Container: (null) Non-launch persona: 0)
2026-04-10 23:16:10.629 Db EdotReactNavExample[62217:12739f7] [com.apple.Accessibility:AXSupportCommon] CF Read: domain = com.apple.Accessibility, preference = GrayscaleDisplay, appID = (null) result = 0 (-1 - empty, 0 - false, 1 - true)
2026-04-10 23:16:10.629 Db EdotReactNavExample[62217:12739f7] [com.apple.defaults:User Defaults] looked up value 0 for key ReduceMotionEnabled in CFPrefsPlistSource<0x106928a00> (Domain: com.apple.Accessibility, User: kCFPreferencesCurrentUser, ByHost: No, Container: (null), Contents Need Refresh: No) via CFPrefsSearchListSource<0x106928880> (Domain: com.apple.Accessibility, Container: (null) Non-launch persona: 0)
2026-04-10 23:16:10.629 Db EdotReactNavExample[62217:12739f7] [com.apple.Accessibility:AXSupportCommon] CF Read: domain = com.apple.Accessibility, preference = ReduceMotionEnabled, appID = (null) result = 0 (-1 - empty, 0 - false, 1 - true)
2026-04-10 23:16:10.629 Db EdotReactNavExample[62217:12739f7] [com.apple.defaults:User Defaults] found no value for key EnhancedBackgroundContrastEnabled in CFPrefsSearchListSource<0x106928880> (Domain: com.apple.Accessibility, Container: (null) Non-launch persona: 0)
2026-04-10 23:16:10.629 Db EdotReactNavExample[62217:12739f7] [com.apple.Accessibility:AXSupportCommon] CF Read: domain = com.apple.Accessibility, preference = EnhancedBackgroundContrastEnabled, appID = (null) result = (null) (-1 - empty, 0 - false, 1 - true)
2026-04-10 23:16:10.629 Db EdotReactNavExample[62217:12739f7] [com.apple.defaults:User Defaults] found no value for key EnhancedBackgroundContrastEnabled in CFPrefsPlistSource<0x106928b00> (Domain: com.apple.Accessibility, User: kCFPreferencesCurrentUser, ByHost: No, Container: /Users/nonth/Library/Developer/CoreSimulator/Devices/B7E9BAD6-0C0D-41EE-BE0C-D49BF485382E/data, Contents Need Refresh: No)
2026-04-10 23:16:10.630 I  EdotReactNavExample[62217:12739f7] [com.facebook.react.log:native] Running application EdotExample ({
    initialProps =     {
    };
    rootTag = 1;
})
2026-04-10 23:16:10.630 Db EdotReactNavExample[62217:12739f7] [com.apple.defaults:User Defaults] found no value for key UIViewShowAlignmentRects in CFPrefsSearchListSource<0x105e55d20> (Domain: com.edot.reactnavexample, Container: (null) Non-launch persona: 0)
2026-04-10 23:16:10.630 Db EdotReactNavExample[62217:12739f7] [com.apple.defaults:User Defaults] found no value for key UIViewUseStaleDelegateContentInsets in CFPrefsSearchListSource<0x105e55d20> (Domain: com.edot.reactnavexample, Container: (null) Non-launch persona: 0)
2026-04-10 23:16:10.634 Db EdotReactNavExample[62217:12739f7] [com.apple.defaults:User Defaults] found no value for key SheetAG in CFPrefsSearchListSource<0x10692bc80> (Domain: com.apple.UIKit, Container: (null) Non-launch persona: 0)
2026-04-10 23:16:10.634 Db EdotReactNavExample[62217:12739f7] [com.apple.defaults:User Defaults] found no value for key _UIConstraintBasedLayout in CFPrefsSearchListSource<0x105e55d20> (Domain: com.edot.reactnavexample, Container: (null) Non-launch persona: 0)
2026-04-10 23:16:10.635 Db EdotReactNavExample[62217:12739f7] [com.apple.defaults:User Defaults] found no value for key LogUIPresentationController in CFPrefsSearchListSource<0x10692bc80> (Domain: com.apple.UIKit, Container: (null) Non-launch persona: 0)
2026-04-10 23:16:10.636 I  EdotReactNavExample[62217:12739f7] [com.apple.Accessibility:AXAppAccessibility] Presentation controller doesn't modalize: <_UIRootPresentationController: 0x109dd0000>
2026-04-10 23:16:10.636 Db EdotReactNavExample[62217:12739f7] [com.apple.defaults:User Defaults] found no value for key UseSingleSystemColor in CFPrefsSearchListSource<0x106928880> (Domain: com.apple.Accessibility, Container: (null) Non-launch persona: 0)
2026-04-10 23:16:10.636 Db EdotReactNavExample[62217:12739f7] [com.apple.Accessibility:AXSupportCommon] CF Read: domain = com.apple.Accessibility, preference = UseSingleSystemColor, appID = (null) result = (null) (-1 - empty, 0 - false, 1 - true)
2026-04-10 23:16:10.636 Db EdotReactNavExample[62217:12739f7] [com.apple.defaults:User Defaults] found no value for key UseSingleSystemColor in CFPrefsPlistSource<0x106928b00> (Domain: com.apple.Accessibility, User: kCFPreferencesCurrentUser, ByHost: No, Container: /Users/nonth/Library/Developer/CoreSimulator/Devices/B7E9BAD6-0C0D-41EE-BE0C-D49BF485382E/data, Contents Need Refresh: No)
2026-04-10 23:16:10.636 Db EdotReactNavExample[62217:12739f7] [com.apple.defaults:User Defaults] found no value for key UIViewLocalizeOverrideLayoutEngine in CFPrefsSearchListSource<0x105e55d20> (Domain: com.edot.reactnavexample, Container: (null) Non-launch persona: 0)
2026-04-10 23:16:10.637 Db EdotReactNavExample[62217:12739f7] [com.apple.CFBundle:resources] Language lookup at CFBundle 0x109d5e680 </Library/Developer/CoreSimulator/Volumes/iOS_23E244/Library/Developer/CoreSimulator/Profiles/Runtimes/iOS 26.4.simruntime/Contents/Resources/RuntimeRoot/System/Library/PrivateFrameworks/UIKitCore.framework/BoundingPathData.bundle> (not loaded)
	Localizations : [en]
	Dev language  : en
	User prefs    : [en-TH, th-TH]
	Main bundle   : [en]
	Allow mixed   : 0 
	Result        : [en]
2026-04-10 23:16:10.637 Db EdotReactNavExample[62217:12739f7] [com.apple.CFBundle:resources] Resource lookup at CFBundle 0x109d5e680 </Library/Developer/CoreSimulator/Volumes/iOS_23E244/Library/Developer/CoreSimulator/Profiles/Runtimes/iOS 26.4.simruntime/Contents/Resources/RuntimeRoot/System/Library/PrivateFrameworks/UIKitCore.framework/BoundingPathData.bundle> (not loaded)
	Request       : Assets type: car
	Result        : file:///Library/Developer/CoreSimulator/Volumes/iOS_23E244/Library/Developer/CoreSimulator/Profiles/Runtimes/iOS%2026.4.simruntime/Contents/Resources/RuntimeRoot/System/Library/PrivateFrameworks/UIKitCore.framework/BoundingPathData.bundle/Assets.car
2026-04-10 23:16:10.638 Db EdotReactNavExample[62217:12739f7] [com.apple.defaults:User Defaults] found no value for key CUIShowDebugLogs in CFPrefsSearchListSource<0x105e55d20> (Domain: com.edot.reactnavexample, Container: (null) Non-launch persona: 0)
2026-04-10 23:16:10.643 Db EdotReactNavExample[62217:12739f7] [com.apple.defaults:User Defaults] found no value for key UIViewControllerDetachedInheritsContentOverlayInsetsFromSuperview in CFPrefsSearchListSource<0x105e55d20> (Domain: com.edot.reactnavexample, Container: (null) Non-launch persona: 0)
2026-04-10 23:16:10.643 Db EdotReactNavExample[62217:12739f7] [com.apple.defaults:User Defaults] found no value for key ModernContentOverlayInsetsPropagation in CFPrefsSearchListSource<0x105e55d20> (Domain: com.edot.reactnavexample, Container: (null) Non-launch persona: 0)
2026-04-10 23:16:10.643 Db EdotReactNavExample[62217:12739f7] [com.apple.defaults:User Defaults] found no value for key LogOrientation in CFPrefsSearchListSource<0x10692bc80> (Domain: com.apple.UIKit, Container: (null) Non-launch persona: 0)
2026-04-10 23:16:10.643 Df EdotReactNavExample[62217:12739f7] [com.apple.UIKit:Orientation] <UIWindowScene: 0x109d14600> (D17960C9-078A-4A2B-9D83-ADFD8BC8D32A) Scene updated orientation preferences: none -> ( Pu Ll Lr )
2026-04-10 23:16:10.649 Df EdotReactNavExample[62217:12739f7] [com.apple.UIKit:KeyWindow] Key window API is scene-level: YES
2026-04-10 23:16:10.650 Df EdotReactNavExample[62217:12739f7] [com.apple.UIKit:KeyWindow] UIWindowScene: 0x109d14600: Window became key in scene: UIWindow: 0x1069a0800; contextId: 0xDF2E2982: reason: UIWindowScene: 0x109d14600: Window requested to become key in scene: 0x1069a0800
2026-04-10 23:16:10.650 Df EdotReactNavExample[62217:12739f7] [com.apple.UIKit:KeyWindow] Key window needs update: 1; currentKeyWindowScene: 0x0; evaluatedKeyWindowScene: 0x109d14600; currentApplicationKeyWindow: 0x0; evaluatedApplicationKeyWindow: 0x1069a0800; reason: UIWindowScene: 0x109d14600: Window requested to become key in scene: 0x1069a0800
2026-04-10 23:16:10.650 Df EdotReactNavExample[62217:12739f7] [com.apple.UIKit:KeyWindow] Window did become application key: UIWindow: 0x1069a0800; contextId: 0xDF2E2982; scene identity: com.apple.frontboard.systemappservices/FBSceneManager:sceneID%3Acom.edot.reactnavexample-default
2026-04-10 23:16:10.650 Df EdotReactNavExample[62217:12739f7] [com.apple.UIKit:EventDeferring] [0x109dcd180] Begin local event deferring requested for token: 0x106ad7240; environments: 1; reason: UIWindowScene: 0x109d14600: Begin event deferring in keyboardFocus for window: 0x1069a0800
2026-04-10 23:16:10.650 Db EdotReactNavExample[62217:12739f7] [com.apple.BackBoard:EventDelivery] aborting flush, not connected to server
2026-04-10 23:16:10.650 Df EdotReactNavExample[62217:1273a1f] [com.apple.BackBoard:EventDelivery] BKSHIDEventDeliveryManager - connection activation
2026-04-10 23:16:10.650 Db EdotReactNavExample[62217:12739f7] [com.apple.defaults:User Defaults] found no value for key LogKeyboardFocus in CFPrefsSearchListSource<0x10692bc80> (Domain: com.apple.UIKit, Container: (null) Non-launch persona: 0)
2026-04-10 23:16:10.650 Db EdotReactNavExample[62217:1273a1f] [com.apple.BackBoard:EventDelivery] flushing changes: {
    contentsMask: 0x2; deferringRules: [[62217-1]];
}
2026-04-10 23:16:10.651 Db EdotReactNavExample[62217:12739f7] [com.apple.defaults:User Defaults] found no value for key detoxURLOverride in CFPrefsSearchListSource<0x105e55d20> (Domain: com.edot.reactnavexample, Container: (null) Non-launch persona: 0)
2026-04-10 23:16:10.651 Db EdotReactNavExample[62217:12739f7] [com.apple.BackgroundTasks:Framework] Application finished launching
2026-04-10 23:16:10.651 Df EdotReactNavExample[62217:1273a25] [com.apple.BackBoard:EventDelivery] policyStatus:<BKSHIDEventDeliveryPolicyObserver: 0x106ad7360; token: com.apple.frontboard.systemappservices/FBSceneManager:sceneID%3Acom.edot.reactnavexample-default; status: ancestor> was:target
2026-04-10 23:16:10.651 Db EdotReactNavExample[62217:1273a25] [com.apple.BackBoard:EventDelivery] observerPolicyDidChange: 0x106ad7360 -> <_UIKeyWindowSceneObserver: 0x109db4960>
2026-04-10 23:16:10.651 Df EdotReactNavExample[62217:12739f7] [com.apple.UIKit:Application] Deactivation reason removed: 10; deactivation reasons: 3104 -> 2080; animating application lifecycle event: 1
2026-04-10 23:16:10.651 Db EdotReactNavExample[62217:12739f7] [com.apple.UIKit:UIDevice.orientation] Setting device orientation to 1 and sending notification.
2026-04-10 23:16:10.652 Db EdotReactNavExample[62217:12739f7] [com.apple.UIKit:UIDevice.orientation] Setting device orientation to 0 and sending notification.
2026-04-10 23:16:10.652 Df EdotReactNavExample[62217:12739f7] [com.apple.UIKit:Application] Deactivation reason added: 12; deactivation reasons: 2080 -> 6176; animating application lifecycle event: 1
2026-04-10 23:16:10.652 Df EdotReactNavExample[62217:12739f7] [com.apple.UIKit:Application] Deactivation reason removed: 11; deactivation reasons: 6176 -> 4128; animating application lifecycle event: 1
2026-04-10 23:16:10.652 Df EdotReactNavExample[62217:12739f7] [com.apple.FrontBoard:SceneExtension] Realizing settings extension <_UISceneIntelligenceSupportSettings> on FBSSceneSettings
2026-04-10 23:16:10.652 Db EdotReactNavExample[62217:12739f7] [com.apple.FrontBoard:SceneExtension] registering method "collectAsRemoteElement" from extension <_UISceneIntelligenceSupportSettings> on class "FBSSceneSettings"
2026-04-10 23:16:10.652 Db EdotReactNavExample[62217:12739f7] [com.apple.FrontBoard:SceneExtension] registering method "setCollectAsRemoteElement:" from extension <_UISceneIntelligenceSupportSettings> on class "FBSSceneSettings"
2026-04-10 23:16:10.652 Db EdotReactNavExample[62217:12739f7] [com.apple.BacklightServices:scenes] 0x106ad27f0 environment updated:sceneID:com.edot.reactnavexample-default
  delta:{ visualState:0 date:0 active:0 seed:0 }
  diff:(null)
  new:(null) (null)
  old:(null) (null)
  new:(null)
2026-04-10 23:16:10.652 Df EdotReactNavExample[62217:1273a1f] [com.apple.UIIntelligenceSupport:xpc] establishing connection to agent
2026-04-10 23:16:10.652 Df EdotReactNavExample[62217:1273a1f] [com.apple.xpc:session] [0x109c01360] Session created.
2026-04-10 23:16:10.652 Df EdotReactNavExample[62217:1273a1f] [com.apple.xpc:session] [0x109c01360] Session created from connection [0x109e07980]
2026-04-10 23:16:10.652 Df EdotReactNavExample[62217:1273a1f] [com.apple.xpc:connection] [0x109e07980] activating connection: mach=true listener=false peer=false name=com.apple.uiintelligencesupport.agent
2026-04-10 23:16:10.652 Db EdotReactNavExample[62217:12739f7] [com.apple.BacklightServices:scenes] BLSBacklightFBSSceneEnvironment (BacklightUIServices) _settingsDiffActionsForScene
2026-04-10 23:16:10.652 Df EdotReactNavExample[62217:1273a1f] [com.apple.xpc:session] [0x109c01360] Session activated
2026-04-10 23:16:10.652 Db EdotReactNavExample[62217:12739f7] [com.apple.BacklightServices:scenes] create BLSBacklightUISceneEnvironmentDiffAction:<_UIBacklightUISceneEnvironmentDiffAction: 0x1069f1210>
2026-04-10 23:16:10.652 Db EdotReactNavExample[62217:12739f7] [com.apple.BacklightServices:scenes] BLSBacklightFBSSceneEnvironment (BacklightUIServices) _actionRespondersForScene
2026-04-10 23:16:10.653 Db EdotReactNavExample[62217:12739f7] [com.apple.BacklightServices:scenes] create BLSBacklightUISceneEnvironmentActionHandler:<_UIBacklightUISceneEnvironmentActionHandler: 0x1069f1200>
2026-04-10 23:16:10.653 Df EdotReactNavExample[62217:12739f7] [com.apple.UIKit:InterfaceStyle] Not push traits update to screen for new style 1, <UIWindowScene: 0x109d14600> (D17960C9-078A-4A2B-9D83-ADFD8BC8D32A)
2026-04-10 23:16:10.654 Db EdotReactNavExample[62217:12739f7] [com.apple.defaults:User Defaults] setting {
    "RCTI18nUtil_makeRTLFlipLeftAndRightStyles" = 1;
} in CFPrefsPlistSource<0x105e599f0> (Domain: com.edot.reactnavexample, User: kCFPreferencesCurrentUser, ByHost: No, Container: (null), Contents Need Refresh: No)
2026-04-10 23:16:10.655 Db EdotReactNavExample[62217:12739f7] [com.apple.defaults:User Defaults] CFPrefsPlistSource<0x105e59e90> (Domain: com.edot.reactnavexample, User: kCFPreferencesCurrentUser, ByHost: No, Container: /Users/nonth/Library/Developer/CoreSimulator/Devices/B7E9BAD6-0C0D-41EE-BE0C-D49BF485382E/data, Contents Need Refresh: No) loaded: an empty base plist and no additional changes from the base plist
2026-04-10 23:16:10.655 Db EdotReactNavExample[62217:12739f7] [com.apple.defaults:User Defaults] CFPrefsPlistSource<0x105e5a160> (Domain: com.edot.reactnavexample, User: kCFPreferencesCurrentUser, ByHost: Yes, Container: (null), Contents Need Refresh: No) loaded: an empty base plist and no additional changes from the base plist
2026-04-10 23:16:10.656 Db EdotReactNavExample[62217:12739f7] [com.apple.defaults:User Defaults] looked up value 1 for key RCTI18nUtil_makeRTLFlipLeftAndRightStyles in CFPrefsPlistSource<0x105e599f0> (Domain: com.edot.reactnavexample, User: kCFPreferencesCurrentUser, ByHost: No, Container: (null), Contents Need Refresh: No) via CFPrefsSearchListSource<0x105e55d20> (Domain: com.edot.reactnavexample, Container: (null) Non-launch persona: 0)
2026-04-10 23:16:10.656 Db EdotReactNavExample[62217:12739f7] [com.apple.defaults:User Defaults] looked up value 1 for key RCTI18nUtil_makeRTLFlipLeftAndRightStyles in CFPrefsPlistSource<0x105e599f0> (Domain: com.edot.reactnavexample, User: kCFPreferencesCurrentUser, ByHost: No, Container: (null), Contents Need Refresh: No) via CFPrefsSearchListSource<0x105e55d20> (Domain: com.edot.reactnavexample, Container: (null) Non-launch persona: 0)
2026-04-10 23:16:10.656 Db EdotReactNavExample[62217:12739f7] [com.apple.defaults:User Defaults] looked up value 1 for key RCTI18nUtil_makeRTLFlipLeftAndRightStyles in CFPrefsPlistSource<0x105e599f0> (Domain: com.edot.reactnavexample, User: kCFPreferencesCurrentUser, ByHost: No, Container: (null), Contents Need Refresh: No) via CFPrefsSearchListSource<0x105e55d20> (Domain: com.edot.reactnavexample, Container: (null) Non-launch persona: 0)
2026-04-10 23:16:10.656 Db EdotReactNavExample[62217:12739f7] [com.apple.defaults:User Defaults] found no value for key CAEnableDeepFramebuffer in CFPrefsSearchListSource<0x105e55d20> (Domain: com.edot.reactnavexample, Container: (null) Non-launch persona: 0)
2026-04-10 23:16:10.656 Db EdotReactNavExample[62217:1273a25] [com.apple.BaseBoard:Common] [BSBlockSentinel:FBSWorkspaceScenesClient] signaled! 1 of 1
2026-04-10 23:16:10.656 Db EdotReactNavExample[62217:1273a25] [com.apple.BaseBoard:Common] [BSBlockSentinel:FBSWorkspaceScenesClient] dealloc
2026-04-10 23:16:10.657 Db EdotReactNavExample[62217:12739f7] [com.apple.launchservices:db] LS DB needs to be mapped into process 62217 for session LSSessionKey(system: 0 uid: 501) (existing DB @ 0x0).
2026-04-10 23:16:10.657 Db EdotReactNavExample[62217:1273a25] [com.apple.runningboard:message] PERF: [app<com.edot.reactnavexample((null))>:62217] Received message from runningboardd: async_didChangeInheritances:completion:
2026-04-10 23:16:10.657 A  EdotReactNavExample[62217:1273a25] (RunningBoardServices) didChangeInheritances
2026-04-10 23:16:10.657 Db EdotReactNavExample[62217:1273a25] [com.apple.runningboard:connection] didChangeInheritances: <RBSInheritanceChangeSet| gained:{(
    <RBSInheritance| environment:UIScene:com.apple.frontboard.systemappservices/FBSceneManager:sceneID%3Acom.edot.reactnavexample-default name:com.apple.frontboard.visibility origID:50369-50481-12332 payload 7352899242745706727>
)} lost:(null)>
2026-04-10 23:16:10.658 Df EdotReactNavExample[62217:12739f7] [com.apple.xpc:connection] [0x1069bd900] activating connection: mach=true listener=false peer=false name=com.apple.lsd.mapdb
2026-04-10 23:16:10.658 Db EdotReactNavExample[62217:12739f7] [com.apple.coreservicesstore:default] Creating CSStore from XPC coder with length 8224768
2026-04-10 23:16:10.659 Db EdotReactNavExample[62217:12739f7] [com.apple.coreservicesstore:default] Checked CSStore data with lengths 8224768/8077000/8223432
2026-04-10 23:16:10.659 I  EdotReactNavExample[62217:12739f7] [com.apple.launchservices:db] LaunchServices database schema version: 20971544
2026-04-10 23:16:10.659 Db EdotReactNavExample[62217:12739f7] [com.apple.launchservices:db] Loaded LS database with sequence number 884
2026-04-10 23:16:10.659 Db EdotReactNavExample[62217:12739f7] [com.apple.launchservices:db] Client database updated - seq#: 884
2026-04-10 23:16:10.659 I  EdotReactNavExample[62217:12739f7] [com.apple.launchservices:datasep] application record search init. Node: <FSNode 0x106a92ce0> { isDir = y, path = '/Users/nonth/Library/Developer/CoreSimulator/Devices/B7E9BAD6-0C0D-41EE-BE0C-D49BF485382E/data/Containers/Bundle/Application/3CD4221D-93B6-482B-A525-320CF30A8C91/EdotReactNavExample.app' } bundleID: (null) itemID: 0
2026-04-10 23:16:10.659 Db EdotReactNavExample[62217:12739f7] [com.apple.launchservices:binding] BindingEvaluator::CreateWithBundleInfo(ID=(null), name=EdotReactNavExample.app, CC=????, vers=(null))
2026-04-10 23:16:10.659 Db EdotReactNavExample[62217:12739f7] [com.apple.launchservices:binding] Skipping strong binding binding due to options
2026-04-10 23:16:10.659 Db EdotReactNavExample[62217:12739f7] [com.apple.launchservices:binding] Truncating a list of bindings to max 1 known-good ones.
2026-04-10 23:16:10.659 Db EdotReactNavExample[62217:12739f7] [com.apple.launchservices:binding] Truncating a list of bindings to max 1 known-good ones.
2026-04-10 23:16:10.659 Db EdotReactNavExample[62217:12739f7] [com.apple.CFBundle:resources] Language lookup at CFBundle 0x1068cd340 </Library/Developer/CoreSimulator/Volumes/iOS_23E244/Library/Developer/CoreSimulator/Profiles/Runtimes/iOS 26.4.simruntime/Contents/Resources/RuntimeRoot/System/Library/PrivateFrameworks/UIKitCore.framework> (not loaded)
	Localizations : [de, ur, he, en_AU, ar, el, ja, mr, en, uk, es_419, gu, zh_CN, kn, pa, es, sl, or, da, it, bg, sk, kk, pt_PT, ms, ta, ml, sv, te, cs, ko, no, hu, zh_HK, tr, pl, zh_TW, en_GB, vi, lt, ru, fr_CA, fr, fi, id, nl, th, pt, bn, ro, hr, hi, ca]
	Dev language  : en
	User prefs    : [en-TH, th-TH]
	Main bundle   : [en]
	Allow mixed   : 0 
	Result        : [en]
2026-04-10 23:16:10.660 Db EdotReactNavExample[62217:12739f7] [com.apple.CFBundle:resources] Resource lookup at CFBundle 0x1068cd340 </Library/Developer/CoreSimulator/Volumes/iOS_23E244/Library/Developer/CoreSimulator/Profiles/Runtimes/iOS 26.4.simruntime/Contents/Resources/RuntimeRoot/System/Library/PrivateFrameworks/UIKitCore.framework> (not loaded)
	Request       : Localizable type: loctable
	Result        : None
2026-04-10 23:16:10.660 Db EdotReactNavExample[62217:12739f7] [com.apple.CFBundle:resources] Resource lookup at CFBundle 0x1068cd340 </Library/Developer/CoreSimulator/Volumes/iOS_23E244/Library/Developer/CoreSimulator/Profiles/Runtimes/iOS 26.4.simruntime/Contents/Resources/RuntimeRoot/System/Library/PrivateFrameworks/UIKitCore.framework> (not loaded)
	Request       : Localizable type: strings
	Result        : file:///Library/Developer/CoreSimulator/Volumes/iOS_23E244/Library/Developer/CoreSimulator/Profiles/Runtimes/iOS%2026.4.simruntime/Contents/Resources/RuntimeRoot/System/Library/PrivateFrameworks/UIKitCore.framework/en.lproj/Localizable.strings
2026-04-10 23:16:10.660 Db EdotReactNavExample[62217:12739f7] [com.apple.CFBundle:resources] Resource lookup at CFBundle 0x1068cd340 </Library/Developer/CoreSimulator/Volumes/iOS_23E244/Library/Developer/CoreSimulator/Profiles/Runtimes/iOS 26.4.simruntime/Contents/Resources/RuntimeRoot/System/Library/PrivateFrameworks/UIKitCore.framework> (not loaded)
	Request       : Localizable type: stringsdict
	Result        : file:///Library/Developer/CoreSimulator/Volumes/iOS_23E244/Library/Developer/CoreSimulator/Profiles/Runtimes/iOS%2026.4.simruntime/Contents/Resources/RuntimeRoot/System/Library/PrivateFrameworks/UIKitCore.framework/en.lproj/Localizable.stringsdict
2026-04-10 23:16:10.660 Db EdotReactNavExample[62217:1273a1f] [com.apple.runningboard:message] PERF: [app<com.edot.reactnavexample((null))>:62217] Received message from runningboardd: async_didChangeInheritances:completion:
2026-04-10 23:16:10.660 A  EdotReactNavExample[62217:1273a1f] (RunningBoardServices) didChangeInheritances
2026-04-10 23:16:10.660 Db EdotReactNavExample[62217:1273a1f] [com.apple.runningboard:connection] didChangeInheritances: <RBSInheritanceChangeSet| gained:{(
    <RBSInheritance| environment:UIScene:com.apple.frontboard.systemappservices/FBSceneManager:sceneID%3Acom.edot.reactnavexample-default name:com.apple.frontboard.visibility origID:50369-50481-12333 payload 7863269006742534122>
)} lost:(null)>
2026-04-10 23:16:10.661 Db EdotReactNavExample[62217:12739f7] [com.apple.defaults:User Defaults] found no value for key NSDoubleLocalizedStrings in CFPrefsSearchListSource<0x105e55d20> (Domain: com.edot.reactnavexample, Container: (null) Non-launch persona: 0)
2026-04-10 23:16:10.661 Db EdotReactNavExample[62217:12739f7] [com.apple.defaults:User Defaults] found no value for key NSForceRightToLeftLocalizedStrings in CFPrefsSearchListSource<0x105e55d20> (Domain: com.edot.reactnavexample, Container: (null) Non-launch persona: 0)
2026-04-10 23:16:10.661 Db EdotReactNavExample[62217:12739f7] [com.apple.defaults:User Defaults] found no value for key NSAccentuateLocalizedStrings in CFPrefsSearchListSource<0x105e55d20> (Domain: com.edot.reactnavexample, Container: (null) Non-launch persona: 0)
2026-04-10 23:16:10.661 Db EdotReactNavExample[62217:12739f7] [com.apple.defaults:User Defaults] found no value for key NSSurroundLocalizedStrings in CFPrefsSearchListSource<0x105e55d20> (Domain: com.edot.reactnavexample, Container: (null) Non-launch persona: 0)
2026-04-10 23:16:10.661 Db EdotReactNavExample[62217:12739f7] [com.apple.defaults:User Defaults] found no value for key NSTallLocalizedStrings in CFPrefsSearchListSource<0x105e55d20> (Domain: com.edot.reactnavexample, Container: (null) Non-launch persona: 0)
2026-04-10 23:16:10.661 Db EdotReactNavExample[62217:12739f7] [com.apple.CFBundle:strings] Bundle: CFBundle 0x1068cd340 </Library/Developer/CoreSimulator/Volumes/iOS_23E244/Library/Developer/CoreSimulator/Profiles/Runtimes/iOS 26.4.simruntime/Contents/Resources/RuntimeRoot/System/Library/PrivateFrameworks/UIKitCore.framework> (not loaded), key: Duplicate, value: Duplicate, table: Localizable, localizationNames: (null), result: Duplicate
2026-04-10 23:16:10.661 Db EdotReactNavExample[62217:12739f7] [com.apple.CFBundle:strings] Bundle: CFBundle 0x1068cd340 </Library/Developer/CoreSimulator/Volumes/iOS_23E244/Library/Developer/CoreSimulator/Profiles/Runtimes/iOS 26.4.simruntime/Contents/Resources/RuntimeRoot/System/Library/PrivateFrameworks/UIKitCore.framework> (not loaded), key: Move, value: Move, table: Localizable, localizationNames: (null), result: Move
2026-04-10 23:16:10.661 Db EdotReactNavExample[62217:12739f7] [com.apple.CFBundle:strings] Bundle: CFBundle 0x1068cd340 </Library/Developer/CoreSimulator/Volumes/iOS_23E244/Library/Developer/CoreSimulator/Profiles/Runtimes/iOS 26.4.simruntime/Contents/Resources/RuntimeRoot/System/Library/PrivateFrameworks/UIKitCore.framework> (not loaded), key: Rename, value: Rename, table: Localizable, localizationNames: (null), result: Rename
2026-04-10 23:16:10.661 Db EdotReactNavExample[62217:12739f7] [com.apple.CFBundle:strings] Bundle: CFBundle 0x1068cd340 </Library/Developer/CoreSimulator/Volumes/iOS_23E244/Library/Developer/CoreSimulator/Profiles/Runtimes/iOS 26.4.simruntime/Contents/Resources/RuntimeRoot/System/Library/PrivateFrameworks/UIKitCore.framework> (not loaded), key: Export, value: Export, table: Localizable, localizationNames: (null), result: Export
2026-04-10 23:16:10.661 Db EdotReactNavExample[62217:12739f7] [com.apple.CFBundle:strings] Bundle: CFBundle 0x1068cd340 </Library/Developer/CoreSimulator/Volumes/iOS_23E244/Library/Developer/CoreSimulator/Profiles/Runtimes/iOS 26.4.simruntime/Contents/Resources/RuntimeRoot/System/Library/PrivateFrameworks/UIKitCore.framework> (not loaded), key: Dictation, value: Dictation, table: Localizable, localizationNames: (null), result: Dictation
2026-04-10 23:16:10.661 Db EdotReactNavExample[62217:12739f7] [com.apple.CFBundle:strings] Bundle: CFBundle 0x1068cd340 </Library/Developer/CoreSimulator/Volumes/iOS_23E244/Library/Developer/CoreSimulator/Profiles/Runtimes/iOS 26.4.simruntime/Contents/Resources/RuntimeRoot/System/Library/PrivateFrameworks/UIKitCore.framework> (not loaded), key: Emoji, value: Emoji, table: Localizable, localizationNames: (null), result: Emoji
2026-04-10 23:16:10.661 Db EdotReactNavExample[62217:12739f7] [com.apple.CFBundle:strings] Bundle: CFBundle 0x1068cd340 </Library/Developer/CoreSimulator/Volumes/iOS_23E244/Library/Developer/CoreSimulator/Profiles/Runtimes/iOS 26.4.simruntime/Contents/Resources/RuntimeRoot/System/Library/PrivateFrameworks/UIKitCore.framework> (not loaded), key: KEYSHORTCUTHUDITEM_FILE_NEW_WINDOW, value: New Window, table: Localizable, localizationNames: (null), result: New Window
2026-04-10 23:16:10.661 Db EdotReactNavExample[62217:12739f7] [com.apple.CFBundle:strings] Bundle: CFBundle 0x1068cd340 </Library/Developer/CoreSimulator/Volumes/iOS_23E244/Library/Developer/CoreSimulator/Profiles/Runtimes/iOS 26.4.simruntime/Contents/Resources/RuntimeRoot/System/Library/PrivateFrameworks/UIKitCore.framework> (not loaded), key: Copy[Menu], value: Copy, table: Localizable, localizationNames: (null), result: Copy
2026-04-10 23:16:10.661 Db EdotReactNavExample[62217:12739f7] [com.apple.CFBundle:strings] Bundle: CFBundle 0x1068cd340 </Library/Developer/CoreSimulator/Volumes/iOS_23E244/Library/Developer/CoreSimulator/Profiles/Runtimes/iOS 26.4.simruntime/Contents/Resources/RuntimeRoot/System/Library/PrivateFrameworks/UIKitCore.framework> (not loaded), key: Cut, value: Cut, table: Localizable, localizationNames: (null), result: Cut
2026-04-10 23:16:10.661 Db EdotReactNavExample[62217:12739f7] [com.apple.CFBundle:strings] Bundle: CFBundle 0x1068cd340 </Library/Developer/CoreSimulator/Volumes/iOS_23E244/Library/Developer/CoreSimulator/Profiles/Runtimes/iOS 26.4.simruntime/Contents/Resources/RuntimeRoot/System/Library/PrivateFrameworks/UIKitCore.framework> (not loaded), key: Smaller, value: Smaller, table: Localizable, localizationNames: (null), result: Smaller
2026-04-10 23:16:10.661 Db EdotReactNavExample[62217:12739f7] [com.apple.CFBundle:strings] Bundle: CFBundle 0x1068cd340 </Library/Developer/CoreSimulator/Volumes/iOS_23E244/Library/Developer/CoreSimulator/Profiles/Runtimes/iOS 26.4.simruntime/Contents/Resources/RuntimeRoot/System/Library/PrivateFrameworks/UIKitCore.framework> (not loaded), key: Delete[Menu], value: Delete, table: Localizable, localizationNames: (null), result: Delete
2026-04-10 23:16:10.661 Db EdotReactNavExample[62217:12739f7] [com.apple.CFBundle:strings] Bundle: CFBundle 0x1068cd340 </Library/Developer/CoreSimulator/Volumes/iOS_23E244/Library/Developer/CoreSimulator/Profiles/Runtimes/iOS 26.4.simruntime/Contents/Resources/RuntimeRoot/System/Library/PrivateFrameworks/UIKitCore.framework> (not loaded), key: Bigger, value: Bigger, table: Localizable, localizationNames: (null), result: Bigger
2026-04-10 23:16:10.661 Db EdotReactNavExample[62217:12739f7] [com.apple.CFBundle:strings] Bundle: CFBundle 0x1068cd340 </Library/Developer/CoreSimulator/Volumes/iOS_23E244/Library/Developer/CoreSimulator/Profiles/Runtimes/iOS 26.4.simruntime/Contents/Resources/RuntimeRoot/System/Library/PrivateFrameworks/UIKitCore.framework> (not loaded), key: Default, value: Default, table: Localizable, localizationNames: (null), result: Default
2026-04-10 23:16:10.661 Db EdotReactNavExample[62217:12739f7] [com.apple.CFBundle:strings] Bundle: CFBundle 0x1068cd340 </Library/Developer/CoreSimulator/Volumes/iOS_23E244/Library/Developer/CoreSimulator/Profiles/Runtimes/iOS 26.4.simruntime/Contents/Resources/RuntimeRoot/System/Library/PrivateFrameworks/UIKitCore.framework> (not loaded), key: Left to Right, value: Left to Right, table: Localizable, localizationNames: (null), result: Left to Right
2026-04-10 23:16:10.661 Db EdotReactNavExample[62217:12739f7] [com.apple.CFBundle:strings] Bundle: CFBundle 0x1068cd340 </Library/Developer/CoreSimulator/Volumes/iOS_23E244/Library/Developer/CoreSimulator/Profiles/Runtimes/iOS 26.4.simruntime/Contents/Resources/RuntimeRoot/System/Library/PrivateFrameworks/UIKitCore.framework> (not loaded), key: Right to Left, value: Right to Left, table: Localizable, localizationNames: (null), result: Right to Left
2026-04-10 23:16:10.662 Db EdotReactNavExample[62217:12739f7] [com.apple.CFBundle:strings] Bundle: CFBundle 0x1068cd340 </Library/Developer/CoreSimulator/Volumes/iOS_23E244/Library/Developer/CoreSimulator/Profiles/Runtimes/iOS 26.4.simruntime/Contents/Resources/RuntimeRoot/System/Library/PrivateFrameworks/UIKitCore.framework> (not loaded), key: Paste, value: Paste, table: Localizable, localizationNames: (null), result: Paste
2026-04-10 23:16:10.662 Db EdotReactNavExample[62217:12739f7] [com.apple.CFBundle:strings] Bundle: CFBundle 0x1068cd340 </Library/Developer/CoreSimulator/Volumes/iOS_23E244/Library/Developer/CoreSimulator/Profiles/Runtimes/iOS 26.4.simruntime/Contents/Resources/RuntimeRoot/System/Library/PrivateFrameworks/UIKitCore.framework> (not loaded), key: Paste and Match Style, value: Paste and Match Style, table: Localizable, localizationNames: (null), result: Paste and Match Style
2026-04-10 23:16:10.662 Db EdotReactNavExample[62217:12739f7] [com.apple.CFBundle:strings] Bundle: CFBundle 0x1068cd340 </Library/Developer/CoreSimulator/Volumes/iOS_23E244/Library/Developer/CoreSimulator/Profiles/Runtimes/iOS 26.4.simruntime/Contents/Resources/RuntimeRoot/System/Library/PrivateFrameworks/UIKitCore.framework> (not loaded), key: Redo, value: Redo, table: Localizable, localizationNames: (null), result: Redo
2026-04-10 23:16:10.662 Db EdotReactNavExample[62217:12739f7] [com.apple.CFBundle:strings] Bundle: CFBundle 0x1068cd340 </Library/Developer/CoreSimulator/Volumes/iOS_23E244/Library/Developer/CoreSimulator/Profiles/Runtimes/iOS 26.4.simruntime/Contents/Resources/RuntimeRoot/System/Library/PrivateFrameworks/UIKitCore.framework> (not loaded), key: Select, value: Select, table: Localizable, localizationNames: (null), result: Select
2026-04-10 23:16:10.662 Db EdotReactNavExample[62217:12739f7] [com.apple.CFBundle:strings] Bundle: CFBundle 0x1068cd340 </Library/Developer/CoreSimulator/Volumes/iOS_23E244/Library/Developer/CoreSimulator/Profiles/Runtimes/iOS 26.4.simruntime/Contents/Resources/RuntimeRoot/System/Library/PrivateFrameworks/UIKitCore.framework> (not loaded), key: Select All, value: Select All, table: Localizable, localizationNames: (null), result: Select All
2026-04-10 23:16:10.662 Db EdotReactNavExample[62217:12739f7] [com.apple.CFBundle:strings] Bundle: CFBundle 0x1068cd340 </Library/Developer/CoreSimulator/Volumes/iOS_23E244/Library/Developer/CoreSimulator/Profiles/Runtimes/iOS 26.4.simruntime/Contents/Resources/RuntimeRoot/System/Library/PrivateFrameworks/UIKitCore.framework> (not loaded), key: TEXT_FORMATTING_MORE, value: More…, table: Localizable, localizationNames: (null), result: More…
2026-04-10 23:16:10.662 Db EdotReactNavExample[62217:12739f7] [com.apple.CFBundle:strings] Bundle: CFBundle 0x1068cd340 </Library/Developer/CoreSimulator/Volumes/iOS_23E244/Library/Developer/CoreSimulator/Profiles/Runtimes/iOS 26.4.simruntime/Contents/Resources/RuntimeRoot/System/Library/PrivateFrameworks/UIKitCore.framework> (not loaded), key: Bold, value: Bold, table: Localizable, localizationNames: (null), result: Bold
2026-04-10 23:16:10.662 Db EdotReactNavExample[62217:12739f7] [com.apple.CFBundle:strings] Bundle: CFBundle 0x1068cd340 </Library/Developer/CoreSimulator/Volumes/iOS_23E244/Library/Developer/CoreSimulator/Profiles/Runtimes/iOS 26.4.simruntime/Contents/Resources/RuntimeRoot/System/Library/PrivateFrameworks/UIKitCore.framework> (not loaded), key: Italic, value: Italic, table: Localizable, localizationNames: (null), result: Italic
2026-04-10 23:16:10.662 Db EdotReactNavExample[62217:12739f7] [com.apple.CFBundle:strings] Bundle: CFBundle 0x1068cd340 </Library/Developer/CoreSimulator/Volumes/iOS_23E244/Library/Developer/CoreSimulator/Profiles/Runtimes/iOS 26.4.simruntime/Contents/Resources/RuntimeRoot/System/Library/PrivateFrameworks/UIKitCore.framework> (not loaded), key: Underline, value: Underline, table: Localizable, localizationNames: (null), result: Underline
2026-04-10 23:16:10.662 Db EdotReactNavExample[62217:12739f7] [com.apple.CFBundle:strings] Bundle: CFBundle 0x1068cd340 </Library/Developer/CoreSimulator/Volumes/iOS_23E244/Library/Developer/CoreSimulator/Profiles/Runtimes/iOS 26.4.simruntime/Contents/Resources/RuntimeRoot/System/Library/PrivateFrameworks/UIKitCore.framework> (not loaded), key: Undo, value: Undo, table: Localizable, localizationNames: (null), result: Undo
2026-04-10 23:16:10.662 Db EdotReactNavExample[62217:12739f7] [com.apple.CFBundle:strings] Bundle: CFBundle 0x1068cd340 </Library/Developer/CoreSimulator/Volumes/iOS_23E244/Library/Developer/CoreSimulator/Profiles/Runtimes/iOS 26.4.simruntime/Contents/Resources/RuntimeRoot/System/Library/PrivateFrameworks/UIKitCore.framework> (not loaded), key: Pause, value: Pause, table: Localizable, localizationNames: (null), result: Pause
2026-04-10 23:16:10.662 Db EdotReactNavExample[62217:12739f7] [com.apple.CFBundle:strings] Bundle: CFBundle 0x1068cd340 </Library/Developer/CoreSimulator/Volumes/iOS_23E244/Library/Developer/CoreSimulator/Profiles/Runtimes/iOS 26.4.simruntime/Contents/Resources/RuntimeRoot/System/Library/PrivateFrameworks/UIKitCore.framework> (not loaded), key: Speak, value: Speak, table: Localizable, localizationNames: (null), result: Speak
2026-04-10 23:16:10.662 Db EdotReactNavExample[62217:12739f7] [com.apple.CFBundle:strings] Bundle: CFBundle 0x1068cd340 </Library/Developer/CoreSimulator/Volumes/iOS_23E244/Library/Developer/CoreSimulator/Profiles/Runtimes/iOS 26.4.simruntime/Contents/Resources/RuntimeRoot/System/Library/PrivateFrameworks/UIKitCore.framework> (not loaded), key: Speak…, value: Speak…, table: Localizable, localizationNames: (null), result: Speak…
2026-04-10 23:16:10.662 Db EdotReactNavExample[62217:12739f7] [com.apple.CFBundle:strings] Bundle: CFBundle 0x1068cd340 </Library/Developer/CoreSimulator/Volumes/iOS_23E244/Library/Developer/CoreSimulator/Profiles/Runtimes/iOS 26.4.simruntime/Contents/Resources/RuntimeRoot/System/Library/PrivateFrameworks/UIKitCore.framework> (not loaded), key: Learn…, value: Learn…, table: Localizable, localizationNames: (null), result: Learn…
2026-04-10 23:16:10.662 Db EdotReactNavExample[62217:12739f7] [com.apple.CFBundle:strings] Bundle: CFBundle 0x1068cd340 </Library/Developer/CoreSimulator/Volumes/iOS_23E244/Library/Developer/CoreSimulator/Profiles/Runtimes/iOS 26.4.simruntime/Contents/Resources/RuntimeRoot/System/Library/PrivateFrameworks/UIKitCore.framework> (not loaded), key: Look Up, value: Look Up, table: Localizable, localizationNames: (null), result: Look Up
2026-04-10 23:16:10.662 Db EdotReactNavExample[62217:12739f7] [com.apple.CFBundle:strings] Bundle: CFBundle 0x1068cd340 </Library/Developer/CoreSimulator/Volumes/iOS_23E244/Library/Developer/CoreSimulator/Profiles/Runtimes/iOS 26.4.simruntime/Contents/Resources/RuntimeRoot/System/Library/PrivateFrameworks/UIKitCore.framework> (not loaded), key: Insert Drawing, value: Insert Drawing, table: Localizable, localizationNames: (null), result: Insert Drawing
2026-04-10 23:16:10.662 Db EdotReactNavExample[62217:12739f7] [com.apple.CFBundle:strings] Bundle: CFBundle 0x1068cd340 </Library/Developer/CoreSimulator/Volumes/iOS_23E244/Library/Developer/CoreSimulator/Profiles/Runtimes/iOS 26.4.simruntime/Contents/Resources/RuntimeRoot/System/Library/PrivateFrameworks/UIKitCore.framework> (not loaded), key: Look Up, value: Look Up, table: Localizable, localizationNames: (null), result: Look Up
2026-04-10 23:16:10.662 Db EdotReactNavExample[62217:12739f7] [com.apple.CFBundle:strings] Bundle: CFBundle 0x1068cd340 </Library/Developer/CoreSimulator/Volumes/iOS_23E244/Library/Developer/CoreSimulator/Profiles/Runtimes/iOS 26.4.simruntime/Contents/Resources/RuntimeRoot/System/Library/PrivateFrameworks/UIKitCore.framework> (not loaded), key: Replace…, value: Replace…, table: Localizable, localizationNames: (null), result: Replace…
2026-04-10 23:16:10.662 Db EdotReactNavExample[62217:12739f7] [com.apple.CFBundle:strings] Bundle: CFBundle 0x1068cd340 </Library/Developer/CoreSimulator/Volumes/iOS_23E244/Library/Developer/CoreSimulator/Profiles/Runtimes/iOS 26.4.simruntime/Contents/Resources/RuntimeRoot/System/Library/PrivateFrameworks/UIKitCore.framework> (not loaded), key: Share…, value: Share…, table: Localizable, localizationNames: (null), result: Share…
2026-04-10 23:16:10.662 Db EdotReactNavExample[62217:12739f7] [com.apple.CFBundle:strings] Bundle: CFBundle 0x1068cd340 </Library/Developer/CoreSimulator/Volumes/iOS_23E244/Library/Developer/CoreSimulator/Profiles/Runtimes/iOS 26.4.simruntime/Contents/Resources/RuntimeRoot/System/Library/PrivateFrameworks/UIKitCore.framework> (not loaded), key: Find, value: Find, table: Localizable, localizationNames: (null), result: Find
2026-04-10 23:16:10.662 Db EdotReactNavExample[62217:12739f7] [com.apple.CFBundle:strings] Bundle: CFBundle 0x1068cd340 </Library/Developer/CoreSimulator/Volumes/iOS_23E244/Library/Developer/CoreSimulator/Profiles/Runtimes/iOS 26.4.simruntime/Contents/Resources/RuntimeRoot/System/Library/PrivateFrameworks/UIKitCore.framework> (not loaded), key: Find & Replace, value: Find & Replace, table: Localizable, localizationNames: (null), result: Find & Replace
2026-04-10 23:16:10.663 Db EdotReactNavExample[62217:12739f7] [com.apple.CFBundle:strings] Bundle: CFBundle 0x1068cd340 </Library/Developer/CoreSimulator/Volumes/iOS_23E244/Library/Developer/CoreSimulator/Profiles/Runtimes/iOS 26.4.simruntime/Contents/Resources/RuntimeRoot/System/Library/PrivateFrameworks/UIKitCore.framework> (not loaded), key: Find Next, value: Find Next, table: Localizable, localizationNames: (null), result: Find Next
2026-04-10 23:16:10.663 Db EdotReactNavExample[62217:12739f7] [com.apple.CFBundle:strings] Bundle: CFBundle 0x1068cd340 </Library/Developer/CoreSimulator/Volumes/iOS_23E244/Library/Developer/CoreSimulator/Profiles/Runtimes/iOS 26.4.simruntime/Contents/Resources/RuntimeRoot/System/Library/PrivateFrameworks/UIKitCore.framework> (not loaded), key: Find Previous, value: Find Previous, table: Localizable, localizationNames: (null), result: Find Previous
2026-04-10 23:16:10.663 Db EdotReactNavExample[62217:12739f7] [com.apple.CFBundle:strings] Bundle: CFBundle 0x1068cd340 </Library/Developer/CoreSimulator/Volumes/iOS_23E244/Library/Developer/CoreSimulator/Profiles/Runtimes/iOS 26.4.simruntime/Contents/Resources/RuntimeRoot/System/Library/PrivateFrameworks/UIKitCore.framework> (not loaded), key: Use Selection for Find, value: Use Selection for Find, table: Localizable, localizationNames: (null), result: Use Selection for Find
2026-04-10 23:16:10.663 Db EdotReactNavExample[62217:12739f7] [com.apple.CFBundle:strings] Bundle: CFBundle 0x1068cd340 </Library/Developer/CoreSimulator/Volumes/iOS_23E244/Library/Developer/CoreSimulator/Profiles/Runtimes/iOS 26.4.simruntime/Contents/Resources/RuntimeRoot/System/Library/PrivateFrameworks/UIKitCore.framework> (not loaded), key: Find Selection, value: Find Selection, table: Localizable, localizationNames: (null), result: Find Selection
2026-04-10 23:16:10.663 Db EdotReactNavExample[62217:12739f7] [com.apple.CFBundle:strings] Bundle: CFBundle 0x1068cd340 </Library/Developer/CoreSimulator/Volumes/iOS_23E244/Library/Developer/CoreSimulator/Profiles/Runtimes/iOS 26.4.simruntime/Contents/Resources/RuntimeRoot/System/Library/PrivateFrameworks/UIKitCore.framework> (not loaded), key: Open..., value: Open..., table: Localizable, localizationNames: (null), result: Open...
2026-04-10 23:16:10.663 Db EdotReactNavExample[62217:12739f7] [com.apple.CFBundle:strings] Bundle: CFBundle 0x1068cd340 </Library/Developer/CoreSimulator/Volumes/iOS_23E244/Library/Developer/CoreSimulator/Profiles/Runtimes/iOS 26.4.simruntime/Contents/Resources/RuntimeRoot/System/Library/PrivateFrameworks/UIKitCore.framework> (not loaded), key: Open in New Window, value: Open in New Window, table: Localizable, localizationNames: (null), result: Open in New Window
2026-04-10 23:16:10.663 Db EdotReactNavExample[62217:12739f7] [com.apple.CFBundle:strings] Bundle: CFBundle 0x1068cd340 </Library/Developer/CoreSimulator/Volumes/iOS_23E244/Library/Developer/CoreSimulator/Profiles/Runtimes/iOS 26.4.simruntime/Contents/Resources/RuntimeRoot/System/Library/PrivateFrameworks/UIKitCore.framework> (not loaded), key: KEYSHORTCUTHUDITEM_FORMAT_TEXTALIGN_LEFT, value: Align Left, table: Localizable, localizationNames: (null), result: Align Left
2026-04-10 23:16:10.663 Db EdotReactNavExample[62217:12739f7] [com.apple.CFBundle:strings] Bundle: CFBundle 0x1068cd340 </Library/Developer/CoreSimulator/Volumes/iOS_23E244/Library/Developer/CoreSimulator/Profiles/Runtimes/iOS 26.4.simruntime/Contents/Resources/RuntimeRoot/System/Library/PrivateFrameworks/UIKitCore.framework> (not loaded), key: KEYSHORTCUTHUDITEM_FORMAT_TEXTALIGN_CENTER, value: Center, table: Localizable, localizationNames: (null), result: Center
2026-04-10 23:16:10.663 Db EdotReactNavExample[62217:12739f7] [com.apple.CFBundle:strings] Bundle: CFBundle 0x1068cd340 </Library/Developer/CoreSimulator/Volumes/iOS_23E244/Library/Developer/CoreSimulator/Profiles/Runtimes/iOS 26.4.simruntime/Contents/Resources/RuntimeRoot/System/Library/PrivateFrameworks/UIKitCore.framework> (not loaded), key: KEYSHORTCUTHUDITEM_FORMAT_TEXTALIGN_JUSTIFY, value: Justify, table: Localizable, localizationNames: (null), result: Justify
2026-04-10 23:16:10.663 Db EdotReactNavExample[62217:12739f7] [com.apple.CFBundle:strings] Bundle: CFBundle 0x1068cd340 </Library/Developer/CoreSimulator/Volumes/iOS_23E244/Library/Developer/CoreSimulator/Profiles/Runtimes/iOS 26.4.simruntime/Contents/Resources/RuntimeRoot/System/Library/PrivateFrameworks/UIKitCore.framework> (not loaded), key: KEYSHORTCUTHUDITEM_FORMAT_TEXTALIGN_RIGHT, value: Align Right, table: Localizable, localizationNames: (null), result: Align Right
2026-04-10 23:16:10.663 Db EdotReactNavExample[62217:12739f7] [com.apple.CFBundle:strings] Bundle: CFBundle 0x1068cd340 </Library/Developer/CoreSimulator/Volumes/iOS_23E244/Library/Developer/CoreSimulator/Profiles/Runtimes/iOS 26.4.simruntime/Contents/Resources/RuntimeRoot/System/Library/PrivateFrameworks/UIKitCore.framework> (not loaded), key: KEYSHORTCUTHUDITEM_VIEW_CUSTOMIZE_TOOLBAR, value: Customize Toolbar…, table: Localizable, localizationNames: (null), result: Customize Toolbar…
2026-04-10 23:16:10.663 Db EdotReactNavExample[62217:12739f7] [com.apple.CFBundle:strings] Bundle: CFBundle 0x1068cd340 </Library/Developer/CoreSimulator/Volumes/iOS_23E244/Library/Developer/CoreSimulator/Profiles/Runtimes/iOS 26.4.simruntime/Contents/Resources/RuntimeRoot/System/Library/PrivateFrameworks/UIKitCore.framework> (not loaded), key: Show Sidebar, value: Show Sidebar, table: Localizable, localizationNames: (null), result: Show Sidebar
2026-04-10 23:16:10.663 Db EdotReactNavExample[62217:12739f7] [com.apple.CFBundle:strings] Bundle: CFBundle 0x1068cd340 </Library/Developer/CoreSimulator/Volumes/iOS_23E244/Library/Developer/CoreSimulator/Profiles/Runtimes/iOS 26.4.simruntime/Contents/Resources/RuntimeRoot/System/Library/PrivateFrameworks/UIKitCore.framework> (not loaded), key: Show Inspector, value: Show Inspector, table: Localizable, localizationNames: (null), result: Show Inspector
2026-04-10 23:16:10.663 Db EdotReactNavExample[62217:12739f7] [com.apple.CFBundle:strings] Bundle: CFBundle 0x1068cd340 </Library/Developer/CoreSimulator/Volumes/iOS_23E244/Library/Developer/CoreSimulator/Profiles/Runtimes/iOS 26.4.simruntime/Contents/Resources/RuntimeRoot/System/Library/PrivateFrameworks/UIKitCore.framework> (not loaded), key: Show Keyboard, value: Show Keyboard, table: Localizable, localizationNames: (null), result: Show Keyboard
2026-04-10 23:16:10.663 Db EdotReactNavExample[62217:12739f7] [com.apple.CFBundle:strings] Bundle: CFBundle 0x1068cd340 </Library/Developer/CoreSimulator/Volumes/iOS_23E244/Library/Developer/CoreSimulator/Profiles/Runtimes/iOS 26.4.simruntime/Contents/Resources/RuntimeRoot/System/Library/PrivateFrameworks/UIKitCore.framework> (not loaded), key: KEYSHORTCUTHUDITEM_FILE_CLOSE, value: Close, table: Localizable, localizationNames: (null), result: Close
2026-04-10 23:16:10.663 Db EdotReactNavExample[62217:12739f7] [com.apple.CFBundle:strings] Bundle: CFBundle 0x1068cd340 </Library/Developer/CoreSimulator/Volumes/iOS_23E244/Library/Developer/CoreSimulator/Profiles/Runtimes/iOS 26.4.simruntime/Contents/Resources/RuntimeRoot/System/Library/PrivateFrameworks/UIKitCore.framework> (not loaded), key: KEYSHORTCUTHUDITEM_FILE_CLOSE_ALL, value: Close All, table: Localizable, localizationNames: (null), result: Close All
2026-04-10 23:16:10.663 Db EdotReactNavExample[62217:12739f7] [com.apple.CFBundle:strings] Bundle: CFBundle 0x1068cd340 </Library/Developer/CoreSimulator/Volumes/iOS_23E244/Library/Developer/CoreSimulator/Profiles/Runtimes/iOS 26.4.simruntime/Contents/Resources/RuntimeRoot/System/Library/PrivateFrameworks/UIKitCore.framework> (not loaded), key: Print, value: Print, table: Localizable, localizationNames: (null), result: Print
2026-04-10 23:16:10.663 Db EdotReactNavExample[62217:12739f7] [com.apple.CFBundle:strings] Bundle: CFBundle 0x1068cd340 </Library/Developer/CoreSimulator/Volumes/iOS_23E244/Library/Developer/CoreSimulator/Profiles/Runtimes/iOS 26.4.simruntime/Contents/Resources/RuntimeRoot/System/Library/PrivateFrameworks/UIKitCore.framework> (not loaded), key: Scan Text, value: Scan Text, table: Localizable, localizationNames: (null), result: Scan Text
2026-04-10 23:16:10.663 Db EdotReactNavExample[62217:12739f7] [com.apple.CFBundle:strings] Bundle: CFBundle 0x1068cd340 </Library/Developer/CoreSimulator/Volumes/iOS_23E244/Library/Developer/CoreSimulator/Profiles/Runtimes/iOS 26.4.simruntime/Contents/Resources/RuntimeRoot/System/Library/PrivateFrameworks/UIKitCore.framework> (not loaded), key: Translate, value: Translate, table: Localizable, localizationNames: (null), result: Translate
2026-04-10 23:16:10.663 Db EdotReactNavExample[62217:12739f7] [com.apple.CFBundle:strings] Bundle: CFBundle 0x1068cd340 </Library/Developer/CoreSimulator/Volumes/iOS_23E244/Library/Developer/CoreSimulator/Profiles/Runtimes/iOS 26.4.simruntime/Contents/Resources/RuntimeRoot/System/Library/PrivateFrameworks/UIKitCore.framework> (not loaded), key: Writing Tools, value: Writing Tools, table: Localizable, localizationNames: (null), result: Writing Tools
2026-04-10 23:16:10.663 Db EdotReactNavExample[62217:12739f7] [com.apple.CFBundle:strings] Bundle: CFBundle 0x1068cd340 </Library/Developer/CoreSimulator/Volumes/iOS_23E244/Library/Developer/CoreSimulator/Profiles/Runtimes/iOS 26.4.simruntime/Contents/Resources/RuntimeRoot/System/Library/PrivateFrameworks/UIKitCore.framework> (not loaded), key: KEYSHORTCUTHUDITEM_APP_SERVICES, value: Services, table: Localizable, localizationNames: (null), result: Services
2026-04-10 23:16:10.663 Db EdotReactNavExample[62217:12739f7] [com.apple.CFBundle:strings] Bundle: CFBundle 0x1068cd340 </Library/Developer/CoreSimulator/Volumes/iOS_23E244/Library/Developer/CoreSimulator/Profiles/Runtimes/iOS 26.4.simruntime/Contents/Resources/RuntimeRoot/System/Library/PrivateFrameworks/UIKitCore.framework> (not loaded), key: KEYSHORTCUTHUD_FILE, value: File, table: Localizable, localizationNames: (null), result: File
2026-04-10 23:16:10.663 Db EdotReactNavExample[62217:12739f7] [com.apple.CFBundle:strings] Bundle: CFBundle 0x1068cd340 </Library/Developer/CoreSimulator/Volumes/iOS_23E244/Library/Developer/CoreSimulator/Profiles/Runtimes/iOS 26.4.simruntime/Contents/Resources/RuntimeRoot/System/Library/PrivateFrameworks/UIKitCore.framework> (not loaded), key: KEYSHORTCUTHUDITEM_FILE_OPEN_RECENT, value: Open Recent, table: Localizable, localizationNames: (null), result: Open Recent
2026-04-10 23:16:10.663 Db EdotReactNavExample[62217:12739f7] [com.apple.CFBundle:strings] Bundle: CFBundle 0x1068cd340 </Library/Developer/CoreSimulator/Volumes/iOS_23E244/Library/Developer/CoreSimulator/Profiles/Runtimes/iOS 26.4.simruntime/Contents/Resources/RuntimeRoot/System/Library/PrivateFrameworks/UIKitCore.framework> (not loaded), key: KEYSHORTCUTHUD_EDIT, value: Edit, table: Localizable, localizationNames: (null), result: Edit
2026-04-10 23:16:10.663 Db EdotReactNavExample[62217:12739f7] [com.apple.CFBundle:strings] Bundle: CFBundle 0x1068cd340 </Library/Developer/CoreSimulator/Volumes/iOS_23E244/Library/Developer/CoreSimulator/Profiles/Runtimes/iOS 26.4.simruntime/Contents/Resources/RuntimeRoot/System/Library/PrivateFrameworks/UIKitCore.framework> (not loaded), key: KEYSHORTCUTHUDITEM_EDIT_FIND_MENU, value: Find, table: Localizable, localizationNames: (null), result: Find
2026-04-10 23:16:10.663 Db EdotReactNavExample[62217:12739f7] [com.apple.CFBundle:strings] Bundle: CFBundle 0x1068cd340 </Library/Developer/CoreSimulator/Volumes/iOS_23E244/Library/Developer/CoreSimulator/Profiles/Runtimes/iOS 26.4.simruntime/Contents/Resources/RuntimeRoot/System/Library/PrivateFrameworks/UIKitCore.framework> (not loaded), key: KEYSHORTCUTHUDITEM_EDIT_SPELLING_AND_GRAMMAR, value: Spelling and Grammar, table: Localizable, localizationNames: (null), result: Spelling and Grammar
2026-04-10 23:16:10.663 Db EdotReactNavExample[62217:12739f7] [com.apple.CFBundle:strings] Bundle: CFBundle 0x1068cd340 </Library/Developer/CoreSimulator/Volumes/iOS_23E244/Library/Developer/CoreSimulator/Profiles/Runtimes/iOS 26.4.simruntime/Contents/Resources/RuntimeRoot/System/Library/PrivateFrameworks/UIKitCore.framework> (not loaded), key: KEYSHORTCUTHUDITEM_EDIT_SUBSTITUTIONS, value: Substitutions, table: Localizable, localizationNames: (null), result: Substitutions
2026-04-10 23:16:10.663 Db EdotReactNavExample[62217:12739f7] [com.apple.CFBundle:strings] Bundle: CFBundle 0x1068cd340 </Library/Developer/CoreSimulator/Volumes/iOS_23E244/Library/Developer/CoreSimulator/Profiles/Runtimes/iOS 26.4.simruntime/Contents/Resources/RuntimeRoot/System/Library/PrivateFrameworks/UIKitCore.framework> (not loaded), key: KEYSHORTCUTHUDITEM_EDIT_TRANSFORMATIONS, value: Transformations, table: Localizable, localizationNames: (null), result: Transformations
2026-04-10 23:16:10.663 Db EdotReactNavExample[62217:12739f7] [com.apple.CFBundle:strings] Bundle: CFBundle 0x1068cd340 </Library/Developer/CoreSimulator/Volumes/iOS_23E244/Library/Developer/CoreSimulator/Profiles/Runtimes/iOS 26.4.simruntime/Contents/Resources/RuntimeRoot/System/Library/PrivateFrameworks/UIKitCore.framework> (not loaded), key: KEYSHORTCUTHUDITEM_EDIT_SPEECH, value: Speech, table: Localizable, localizationNames: (null), result: Speech
2026-04-10 23:16:10.663 Db EdotReactNavExample[62217:12739f7] [com.apple.CFBundle:strings] Bundle: CFBundle 0x1068cd340 </Library/Developer/CoreSimulator/Volumes/iOS_23E244/Library/Developer/CoreSimulator/Profiles/Runtimes/iOS 26.4.simruntime/Contents/Resources/RuntimeRoot/System/Library/PrivateFrameworks/UIKitCore.framework> (not loaded), key: KEYSHORTCUTHUD_FORMAT, value: Format, table: Localizable, localizationNames: (null), result: Format
2026-04-10 23:16:10.663 Db EdotReactNavExample[62217:12739f7] [com.apple.CFBundle:strings] Bundle: CFBundle 0x1068cd340 </Library/Developer/CoreSimulator/Volumes/iOS_23E244/Library/Developer/CoreSimulator/Profiles/Runtimes/iOS 26.4.simruntime/Contents/Resources/RuntimeRoot/System/Library/PrivateFrameworks/UIKitCore.framework> (not loaded), key: KEYSHORTCUTHUDITEM_FORMAT_FONT, value: Font, table: Localizable, localizationNames: (null), result: Font
2026-04-10 23:16:10.663 Db EdotReactNavExample[62217:12739f7] [com.apple.CFBundle:strings] Bundle: CFBundle 0x1068cd340 </Library/Developer/CoreSimulator/Volumes/iOS_23E244/Library/Developer/CoreSimulator/Profiles/Runtimes/iOS 26.4.simruntime/Contents/Resources/RuntimeRoot/System/Library/PrivateFrameworks/UIKitCore.framework> (not loaded), key: KEYSHORTCUTHUDITEM_FORMAT_TEXT, value: Text, table: Localizable, localizationNames: (null), result: Text
2026-04-10 23:16:10.663 Db EdotReactNavExample[62217:12739f7] [com.apple.CFBundle:strings] Bundle: CFBundle 0x1068cd340 </Library/Developer/CoreSimulator/Volumes/iOS_23E244/Library/Developer/CoreSimulator/Profiles/Runtimes/iOS 26.4.simruntime/Contents/Resources/RuntimeRoot/System/Library/PrivateFrameworks/UIKitCore.framework> (not loaded), key: KEYSHORTCUTHUDITEM_FORMAT_TEXT_WRITING_DIRECTION, value: Writing Direction, table: Localizable, localizationNames: (null), result: Writing Direction
2026-04-10 23:16:10.663 Db EdotReactNavExample[62217:12739f7] [com.apple.CFBundle:strings] Bundle: CFBundle 0x1068cd340 </Library/Developer/CoreSimulator/Volumes/iOS_23E244/Library/Developer/CoreSimulator/Profiles/Runtimes/iOS 26.4.simruntime/Contents/Resources/RuntimeRoot/System/Library/PrivateFrameworks/UIKitCore.framework> (not loaded), key: KEYSHORTCUTHUD_VIEW, value: View, table: Localizable, localizationNames: (null), result: View
2026-04-10 23:16:10.663 Db EdotReactNavExample[62217:12739f7] [com.apple.CFBundle:strings] Bundle: CFBundle 0x1068cd340 </Library/Developer/CoreSimulator/Volumes/iOS_23E244/Library/Developer/CoreSimulator/Profiles/Runtimes/iOS 26.4.simruntime/Contents/Resources/RuntimeRoot/System/Library/PrivateFrameworks/UIKitCore.framework> (not loaded), key: KEYSHORTCUTHUD_WINDOW, value: Window, table: Localizable, localizationNames: (null), result: Window
2026-04-10 23:16:10.663 Db EdotReactNavExample[62217:12739f7] [com.apple.CFBundle:strings] Bundle: CFBundle 0x1068cd340 </Library/Developer/CoreSimulator/Volumes/iOS_23E244/Library/Developer/CoreSimulator/Profiles/Runtimes/iOS 26.4.simruntime/Contents/Resources/RuntimeRoot/System/Library/PrivateFrameworks/UIKitCore.framework> (not loaded), key: KEYSHORTCUTHUD_HELP, value: Help, table: Localizable, localizationNames: (null), result: Help
2026-04-10 23:16:10.663 Db EdotReactNavExample[62217:12739f7] [com.apple.CFBundle:strings] Bundle: CFBundle 0x1068cd340 </Library/Developer/CoreSimulator/Volumes/iOS_23E244/Library/Developer/CoreSimulator/Profiles/Runtimes/iOS 26.4.simruntime/Contents/Resources/RuntimeRoot/System/Library/PrivateFrameworks/UIKitCore.framework> (not loaded), key: KEYSHORTCUTHUDITEM_FORMAT_TEXT_STYLE, value: Text Style, table: Localizable, localizationNames: (null), result: Text Style
2026-04-10 23:16:10.663 Db EdotReactNavExample[62217:12739f7] [com.apple.CFBundle:strings] Bundle: CFBundle 0x1068cd340 </Library/Developer/CoreSimulator/Volumes/iOS_23E244/Library/Developer/CoreSimulator/Profiles/Runtimes/iOS 26.4.simruntime/Contents/Resources/RuntimeRoot/System/Library/PrivateFrameworks/UIKitCore.framework> (not loaded), key: KEYSHORTCUTHUD_AUTOFILL, value: AutoFill, table: Localizable, localizationNames: (null), result: AutoFill
2026-04-10 23:16:10.664 Db EdotReactNavExample[62217:12739f7] [com.apple.CFBundle:resources] Resource lookup at CFBundle 0x1068cc1c0 </Users/nonth/Library/Developer/CoreSimulator/Devices/B7E9BAD6-0C0D-41EE-BE0C-D49BF485382E/data/Containers/Bundle/Application/3CD4221D-93B6-482B-A525-320CF30A8C91/EdotReactNavExample.app> (executable, loaded)
	Request       : InfoPlist type: strings
	Result        : None
2026-04-10 23:16:10.664 Db EdotReactNavExample[62217:12739f7] [com.apple.CFBundle:resources] Resource lookup at CFBundle 0x1068cc1c0 </Users/nonth/Library/Developer/CoreSimulator/Devices/B7E9BAD6-0C0D-41EE-BE0C-D49BF485382E/data/Containers/Bundle/Application/3CD4221D-93B6-482B-A525-320CF30A8C91/EdotReactNavExample.app> (executable, loaded)
	Request       : InfoPlist type: stringsdict
	Result        : None
2026-04-10 23:16:10.664 Db EdotReactNavExample[62217:12739f7] [com.apple.CFBundle:strings] Bundle: CFBundle 0x1068cd340 </Library/Developer/CoreSimulator/Volumes/iOS_23E244/Library/Developer/CoreSimulator/Profiles/Runtimes/iOS 26.4.simruntime/Contents/Resources/RuntimeRoot/System/Library/PrivateFrameworks/UIKitCore.framework> (not loaded), key: KEYSHORTCUTHUD_APP_SETTINGS_ELLIPSIS, value: %@ Settings…, table: Localizable, localizationNames: (null), result: %@ Settings…
2026-04-10 23:16:10.669 Db EdotReactNavExample[62217:12739f7] [com.apple.CFBundle:strings] Bundle: CFBundle 0x1068cd340 </Library/Developer/CoreSimulator/Volumes/iOS_23E244/Library/Developer/CoreSimulator/Profiles/Runtimes/iOS 26.4.simruntime/Contents/Resources/RuntimeRoot/System/Library/PrivateFrameworks/UIKitCore.framework> (not loaded), key: CONTEXT_MENU_LOADING, value: Loading…, table: Localizable, localizationNames: (null), result: Loading…
2026-04-10 23:16:10.670 Db EdotReactNavExample[62217:12739f7] [com.apple.BackBoard:EventDelivery] flushing changes: {
    contentsMask: 0x8; keyCommandsRegistrations: [environment: keyboardFocus; token: 0xDF2E2982; keyCommands: 34];
}
2026-04-10 23:16:10.672 Df EdotReactNavExample[62217:12739f7] [com.apple.network:activity] Create activity from XPC object <nw_activity 50:1 [3063E7D9-18F5-4A4B-95CE-4F5EA04F5AEF] (reporting strategy default)>
2026-04-10 23:16:10.672 Df EdotReactNavExample[62217:12739f7] [com.apple.network:activity] Create activity from XPC object <nw_activity 50:2 [FA278342-A18F-4D43-82B0-70476DBF82B2] (reporting strategy default)>
2026-04-10 23:16:10.672 Df EdotReactNavExample[62217:12739f7] [com.apple.network:activity] Set activity <nw_activity 50:1 [3063E7D9-18F5-4A4B-95CE-4F5EA04F5AEF] (reporting strategy default)> as the global parent
2026-04-10 23:16:10.672 Df EdotReactNavExample[62217:12739f7] [com.apple.UIKit:BackgroundTask] Ending background task with UIBackgroundTaskIdentifier: 1
2026-04-10 23:16:10.672 Df EdotReactNavExample[62217:12739f7] [com.apple.UIKit:BackgroundTask] Ending task with identifier 1 and description: <_UIBackgroundTaskInfo: 0x1068c9f00>: taskID = 1, taskName = Launch Background Task for Coalescing, creationTime = 1229422 (elapsed = 1), _expireHandler: (null)
2026-04-10 23:16:10.672 Df EdotReactNavExample[62217:12739f7] [com.apple.UIKit:BackgroundTask] Decrementing reference count for assertion <BKSProcessAssertion: 0x1069b7890> (used by background task with identifier 1: <_UIBackgroundTaskInfo: 0x1068c9f00>: taskID = 1, taskName = Launch Background Task for Coalescing, creationTime = 1229422 (elapsed = 1))
2026-04-10 23:16:10.672 Db EdotReactNavExample[62217:12739f7] [com.apple.defaults:User Defaults] found no value for key LogEventBus in CFPrefsSearchListSource<0x10692bc80> (Domain: com.apple.UIKit, Container: (null) Non-launch persona: 0)
2026-04-10 23:16:10.672 Df EdotReactNavExample[62217:12739f7] [com.apple.UIKit:EventBus] Event Timing Profile for Touch: not found, path="/System/Library/EventTimingProfiles/Sim.Touch.plist"
2026-04-10 23:16:10.672 Df EdotReactNavExample[62217:12739f7] [com.apple.UIKit:EventBus] Event Timing Profile for Pencil: not found, path="/System/Library/EventTimingProfiles/Sim.Pencil.plist"
2026-04-10 23:16:10.672 Df EdotReactNavExample[62217:12739f7] [com.apple.UIKit:UpdateScheduler] Target list changed: <CADisplay:LCD PurpleMain>
2026-04-10 23:16:10.672 Db EdotReactNavExample[62217:12739f7] [com.apple.defaults:User Defaults] found no value for key LogUpdateCycle in CFPrefsSearchListSource<0x10692bc80> (Domain: com.apple.UIKit, Container: (null) Non-launch persona: 0)
2026-04-10 23:16:10.673 Df EdotReactNavExample[62217:12739f7] [com.apple.UIKit:AppLifecycle] sceneOfRecord: sceneID: sceneID:com.edot.reactnavexample-default  persistentID: D17960C9-078A-4A2B-9D83-ADFD8BC8D32A
2026-04-10 23:16:10.673 Db EdotReactNavExample[62217:12739f7] [com.apple.BacklightServices:scenes] 0x106ad27f0 environment updated:sceneID:com.edot.reactnavexample-default
  delta:{ visualState:0 date:0 active:0 seed:0 }
  diff:<FBSSceneSettingsDiff: 0x106b48cc0; UIApplicationSceneSettings> {
    settings = <BSKeyedSettingsDiff: 0x106ad13b0> {
        _UISceneRenderingEnvironmentSettings = <BSKeyedSettingsDiff: 0x106ad1950> {
            activeAppearance = 1;
        };
    };
}
  new:(null) (null)
  old:(null) (null)
  new:(null)
2026-04-10 23:16:10.673 Df EdotReactNavExample[62217:12739f7] [com.apple.UIKit:InterfaceStyle] Not push traits update to screen for new style 1, <UIWindowScene: 0x109d14600> (D17960C9-078A-4A2B-9D83-ADFD8BC8D32A)
2026-04-10 23:16:10.673 Db EdotReactNavExample[62217:12739f7] [com.apple.BaseBoard:Common] [BSBlockSentinel:FBSScene] signaled! 1 of 2
2026-04-10 23:16:10.674 I  EdotReactNavExample[62217:12739f7] [com.apple.Accessibility:AXAppAccessibility] Loading settings loader: (system: 0)
2026-04-10 23:16:10.674 Db EdotReactNavExample[62217:12739f7] [com.apple.defaults:User Defaults] found no value for key ZoomTouchEnabled in CFPrefsSearchListSource<0x106928880> (Domain: com.apple.Accessibility, Container: (null) Non-launch persona: 0)
2026-04-10 23:16:10.674 Db EdotReactNavExample[62217:12739f7] [com.apple.Accessibility:AXSupportCommon] CF Read: domain = com.apple.Accessibility, preference = ZoomTouchEnabled, appID = (null) result = (null) (-1 - empty, 0 - false, 1 - true)
2026-04-10 23:16:10.674 Db EdotReactNavExample[62217:12739f7] [com.apple.defaults:User Defaults] found no value for key ZoomTouchEnabled in CFPrefsPlistSource<0x106928b00> (Domain: com.apple.Accessibility, User: kCFPreferencesCurrentUser, ByHost: No, Container: /Users/nonth/Library/Developer/CoreSimulator/Devices/B7E9BAD6-0C0D-41EE-BE0C-D49BF485382E/data, Contents Need Refresh: No)
2026-04-10 23:16:10.674 Db EdotReactNavExample[62217:12739f7] [com.apple.defaults:User Defaults] found no value for key SpeechSettingsDisabledByManagedConfiguration in CFPrefsSearchListSource<0x106928880> (Domain: com.apple.Accessibility, Container: (null) Non-launch persona: 0)
2026-04-10 23:16:10.674 Db EdotReactNavExample[62217:12739f7] [com.apple.Accessibility:AXSupportCommon] CF Read: domain = com.apple.Accessibility, preference = SpeechSettingsDisabledByManagedConfiguration, appID = (null) result = (null) (-1 - empty, 0 - false, 1 - true)
2026-04-10 23:16:10.674 Db EdotReactNavExample[62217:12739f7] [com.apple.defaults:User Defaults] found no value for key SpeechSettingsDisabledByManagedConfiguration in CFPrefsPlistSource<0x106928b00> (Domain: com.apple.Accessibility, User: kCFPreferencesCurrentUser, ByHost: No, Container: /Users/nonth/Library/Developer/CoreSimulator/Devices/B7E9BAD6-0C0D-41EE-BE0C-D49BF485382E/data, Contents Need Refresh: No)
2026-04-10 23:16:10.674 Db EdotReactNavExample[62217:12739f7] [com.apple.defaults:User Defaults] found no value for key SpeakThisEnabled in CFPrefsSearchListSource<0x106928880> (Domain: com.apple.Accessibility, Container: (null) Non-launch persona: 0)
2026-04-10 23:16:10.674 Db EdotReactNavExample[62217:12739f7] [com.apple.Accessibility:AXSupportCommon] CF Read: domain = com.apple.Accessibility, preference = SpeakThisEnabled, appID = (null) result = (null) (-1 - empty, 0 - false, 1 - true)
2026-04-10 23:16:10.674 Db EdotReactNavExample[62217:12739f7] [com.apple.defaults:User Defaults] found no value for key SpeakThisEnabled in CFPrefsPlistSource<0x106928b00> (Domain: com.apple.Accessibility, User: kCFPreferencesCurrentUser, ByHost: No, Container: /Users/nonth/Library/Developer/CoreSimulator/Devices/B7E9BAD6-0C0D-41EE-BE0C-D49BF485382E/data, Contents Need Refresh: No)
2026-04-10 23:16:10.740 Db EdotReactNavExample[62217:12739f7] [com.apple.defaults:User Defaults] found no value for key __NSTextAttachmentAlwaysUsesAttachmentView in CFPrefsSearchListSource<0x105e55d20> (Domain: com.edot.reactnavexample, Container: (null) Non-launch persona: 0)
2026-04-10 23:16:10.757 Db EdotReactNavExample[62217:1273a20] [com.apple.defaults:User Defaults] found no value for key RCTI18nUtil_forceRTL in CFPrefsSearchListSource<0x105e55d20> (Domain: com.edot.reactnavexample, Container: (null) Non-launch persona: 0)
2026-04-10 23:16:10.757 Db EdotReactNavExample[62217:1273a20] [com.apple.defaults:User Defaults] found no value for key RCTI18nUtil_allowRTL in CFPrefsSearchListSource<0x105e55d20> (Domain: com.edot.reactnavexample, Container: (null) Non-launch persona: 0)
2026-04-10 23:16:10.758 Df EdotReactNavExample[62217:12739f7] [com.apple.UIKit:EventDeferring] [0x109dcd180] Scene target of event deferring environments did update: scene: 0x109d14600; current systemShellManagesKeyboardFocus: 1; systemShellManagesKeyboardFocusForScene: 1; eligibleForRecordRemoval: 1;
2026-04-10 23:16:10.758 Df EdotReactNavExample[62217:12739f7] [com.apple.UIKit:KeyWindow] Scene became target of keyboard event deferring environment: UIWindowScene: 0x109d14600; scene identity: com.apple.frontboard.systemappservices/FBSceneManager:sceneID%3Acom.edot.reactnavexample-default
2026-04-10 23:16:10.758 Db EdotReactNavExample[62217:12739f7] [com.apple.defaults:User Defaults] found no value for key LogFirstResponderRestoration in CFPrefsSearchListSource<0x10692bc80> (Domain: com.apple.UIKit, Container: (null) Non-launch persona: 0)
2026-04-10 23:16:10.759 Db EdotReactNavExample[62217:1273a1b] [com.apple.BaseBoard:Common] [BSBlockSentinel:FBSScene] signaled! 2 of 2
2026-04-10 23:16:10.759 Db EdotReactNavExample[62217:12739f7] [com.apple.defaults:User Defaults] found no value for key AutomationEnabled in CFPrefsSearchListSource<0x106928880> (Domain: com.apple.Accessibility, Container: (null) Non-launch persona: 0)
2026-04-10 23:16:10.759 Db EdotReactNavExample[62217:1273a1b] [com.apple.BaseBoard:Common] [BSBlockSentinel:FBSScene] dealloc
2026-04-10 23:16:10.759 Db EdotReactNavExample[62217:12739f7] [com.apple.Accessibility:AXSupportCommon] CF Read: domain = com.apple.Accessibility, preference = AutomationEnabled, appID = (null) result = (null) (-1 - empty, 0 - false, 1 - true)
2026-04-10 23:16:10.759 Db EdotReactNavExample[62217:12739f7] [com.apple.defaults:User Defaults] found no value for key AutomationEnabled in CFPrefsPlistSource<0x106928b00> (Domain: com.apple.Accessibility, User: kCFPreferencesCurrentUser, ByHost: No, Container: /Users/nonth/Library/Developer/CoreSimulator/Devices/B7E9BAD6-0C0D-41EE-BE0C-D49BF485382E/data, Contents Need Refresh: No)
2026-04-10 23:16:10.759 Df EdotReactNavExample[62217:12739f7] [com.apple.FrontBoard:SceneExtension] Realizing settings extension SBUISecureRenderingSettingsExtension on FBSSceneSettings
2026-04-10 23:16:10.759 Db EdotReactNavExample[62217:12739f7] [com.apple.FrontBoard:SceneExtension] registering method "isSecureRenderingEnabled" from extension SBUISecureRenderingSettingsExtension on class "FBSSceneSettings"
2026-04-10 23:16:10.759 Db EdotReactNavExample[62217:12739f7] [com.apple.FrontBoard:SceneExtension] registering method "setSecureRenderingEnabled:" from extension SBUISecureRenderingSettingsExtension on class "FBSSceneSettings"
2026-04-10 23:16:10.759 Db EdotReactNavExample[62217:12739f7] [com.apple.FrontBoard:SceneClient] [(FBSceneManager):sceneID:com.edot.reactnavexample-default] Adding extension: "SBUISecureRenderingSceneExtension"
2026-04-10 23:16:10.759 Db EdotReactNavExample[62217:12739f7] [com.apple.FrontBoard:SceneClient] [(FBSceneManager):sceneID:com.edot.reactnavexample-default] Instantiated component: "<SBUISecureRenderingClientComponent: 0x109e95860>"
2026-04-10 23:16:10.760 Df EdotReactNavExample[62217:12739f7] [com.apple.UIKit:InterfaceStyle] Not push traits update to screen for new style 1, <UIWindowScene: 0x109d14600> (D17960C9-078A-4A2B-9D83-ADFD8BC8D32A)
2026-04-10 23:16:10.760 Df EdotReactNavExample[62217:12739f7] [com.apple.UIKit:InterfaceStyle] Not push traits update to screen for new style 1, <UIWindowScene: 0x109d14600> (D17960C9-078A-4A2B-9D83-ADFD8BC8D32A)
2026-04-10 23:16:10.761 Df EdotReactNavExample[62217:12739f7] [com.apple.UIKit:AppLifecycle] sceneOfRecord: sceneID: sceneID:com.edot.reactnavexample-default  persistentID: D17960C9-078A-4A2B-9D83-ADFD8BC8D32A
2026-04-10 23:16:10.761 Df EdotReactNavExample[62217:12739f7] [com.apple.UIKit:Application] Deactivation reason removed: 12; deactivation reasons: 4128 -> 32; animating application lifecycle event: 1
2026-04-10 23:16:10.761 Df EdotReactNavExample[62217:12739f7] [com.apple.KeyboardArbiter:Client] Send setDeactivating: N (-DeactivationReason:SuspendedEventsOnly)
2026-04-10 23:16:10.761 Df EdotReactNavExample[62217:12739f7] [com.apple.UIKit:Application] Deactivation reason removed: 5; deactivation reasons: 32 -> 0; animating application lifecycle event: 0
2026-04-10 23:16:10.762 Db EdotReactNavExample[62217:12739f7] [com.apple.BacklightServices:scenes] 0x106ad27f0 environment updated:sceneID:com.edot.reactnavexample-default
  delta:{ visualState:0 date:0 active:0 seed:0 }
  diff:<FBSSceneSettingsDiff: 0x109d06880; UIApplicationSceneSettings> {
    settings = <BSKeyedSettingsDiff: 0x106ad1050> {
        SBUISecureRenderingSettingsExtension = <BSKeyedSettingsDiff: 0x106ad3d80> {
            secureRenderingEnabled = 0;
        };
        _UISceneRenderingEnvironmentSettings = <BSKeyedSettingsDiff: 0x106ad0390> {
            systemDisplayIdentifier = 201A6B0D-4F85-4013-BDBE-CFF4748467E0;
        };
        _UISystemShellSceneHostingEnvironmentSettings = <BSKeyedSettingsDiff: 0x106ad3db0> {
            systemShellHostingSpaceIdentifier = SB-display-<embedded>;
        };
        FBSSceneExtensions = <BSKeyedSettingsDiff: 0x106ad11d0> {
            14 = SBUISecureRenderingSceneExtension;
        };
    };
    subclassSettings = <BSSettingsDiff: 0x106ad1890> {
        targetOfEventDeferringEnvironments = keyboardFocus;
        scenePresenterRenderIdentifierForSnapshotting = 37511
  new:<decode: missing data>
  old:<decode: missing data>
  new:<decode: missing data>
2026-04-10 23:16:10.762 Db EdotReactNavExample[62217:1273a1b] [com.apple.runningboard:message] PERF: [app<com.edot.reactnavexample((null))>:62217] Received message from runningboardd: async_didChangeInheritances:completion:
2026-04-10 23:16:10.762 A  EdotReactNavExample[62217:1273a1b] (RunningBoardServices) didChangeInheritances
2026-04-10 23:16:10.762 Db EdotReactNavExample[62217:12739f7] [com.apple.BaseBoard:Common] [BSBlockSentinel:FBSScene] signaled! 1 of 2
2026-04-10 23:16:10.762 Db EdotReactNavExample[62217:1273a1b] [com.apple.runningboard:connection] didChangeInheritances: <RBSInheritanceChangeSet| gained:(null) lost:{(
    <RBSInheritance| environment:UIScene:com.apple.frontboard.systemappservices/FBSceneManager:sceneID%3Acom.edot.reactnavexample-default name:com.apple.frontboard.visibility origID:50369-50481-12332 payload 4615587603471909359>
)}>
2026-04-10 23:16:10.763 Db EdotReactNavExample[62217:12739f7] (TextInput) -[TIPreferencesController preferencesChangedCallback:]  preferencesChangedCallback: Triggering preferencesChangedCallback for domain <_TIPreferenceDomain: 0x106858510> with notification AppleKeyboardsSettingsChangedNotification
2026-04-10 23:16:10.763 I  EdotReactNavExample[62217:1273a23] [com.facebook.react.log:native] Unbalanced calls start/end for tag 19
2026-04-10 23:16:10.763 I  EdotReactNavExample[62217:1273a23] [com.facebook.react.log:javascript] Running "EdotExample
2026-04-10 23:16:10.764 E  EdotReactNavExample[62217:1273a23] [com.facebook.react.log:javascript] Invariant Violation: "EdotExample" has not been registered. This can happen if:
* Metro (the local dev server) is run from the wrong folder. Check if Metro is running, stop it and restart it in the current project.
* A module failed to load due to an error and `AppRegistry.registerComponent` wasn't called., js engine: hermes
2026-04-10 23:16:10.764 I  EdotReactNavExample[62217:12739f7] [com.wix.Detox:WebSocket] Action received: loginSuccess
2026-04-10 23:16:10.764 I  EdotReactNavExample[62217:12739f7] [com.wix.Detox:DetoxManager] Successfully logged in
2026-04-10 23:16:10.765 Df EdotReactNavExample[62217:12739f7] [com.apple.KeyboardArbiter:Client] startConnection
2026-04-10 23:16:10.765 E  EdotReactNavExample[62217:1273a20] [com.facebook.react.log:native] Unhandled JS Exception: Invariant Violation: "EdotExample" has not been registered. This can happen if:
* Metro (the local dev server) is run from the wrong folder. Check if Metro is running, stop it and restart it in the current project.
* A module failed to load due to an error and `AppRegistry.registerComponent` wasn't called., js engine: hermes
2026-04-10 23:16:10.765 I  EdotReactNavExample[62217:12739f7] [com.wix.Detox:WebSocket] Action received: isReady
2026-04-10 23:16:10.765 Df EdotReactNavExample[62217:12739f7] [com.apple.KeyboardArbiter:Client] handleKeyboardChange: set currentKeyboard:N (wasKeyboard:N)
2026-04-10 23:16:10.766 Db EdotReactNavExample[62217:12739f7] [com.apple.defaults:User Defaults] found no value for key AssistiveTouchEnabled in CFPrefsSearchListSource<0x106928880> (Domain: com.apple.Accessibility, Container: (null) Non-launch persona: 0)
2026-04-10 23:16:10.766 Db EdotReactNavExample[62217:12739f7] [com.apple.Accessibility:AXSupportCommon] CF Read: domain = com.apple.Accessibility, preference = AssistiveTouchEnabled, appID = (null) result = (null) (-1 - empty, 0 - false, 1 - true)
2026-04-10 23:16:10.766 Db EdotReactNavExample[62217:12739f7] [com.apple.defaults:User Defaults] found no value for key AssistiveTouchEnabled in CFPrefsPlistSource<0x106928b00> (Domain: com.apple.Accessibility, User: kCFPreferencesCurrentUser, ByHost: No, Container: /Users/nonth/Library/Developer/CoreSimulator/Devices/B7E9BAD6-0C0D-41EE-BE0C-D49BF485382E/data, Contents Need Refresh: No)
2026-04-10 23:16:10.767 Db EdotReactNavExample[62217:12739f7] [com.apple.defaults:User Defaults] CFPrefsPlistSource<0x10692ad00> (Domain: com.apple.keyboard.preferences, User: kCFPreferencesCurrentUser, ByHost: No, Container: /Users/nonth/Library/Developer/CoreSimulator/Devices/B7E9BAD6-0C0D-41EE-BE0C-D49BF485382E/data, Contents Need Refresh: No) loaded: a new base plist and no additional changes from the base plist
2026-04-10 23:16:10.767 Db EdotReactNavExample[62217:12739f7] [com.apple.defaults:User Defaults] CFPrefsPlistSource<0x10692ad80> (Domain: com.apple.keyboard.preferences, User: kCFPreferencesCurrentUser, ByHost: Yes, Container: (null), Contents Need Refresh: No) loaded: an empty base plist and no additional changes from the base plist
2026-04-10 23:16:10.767 Db EdotReactNavExample[62217:12739f7] [com.apple.defaults:User Defaults] looked up value en_US@sw=QWERTY;hw=Automatic for key KeyboardLastUsed in CFPrefsPlistSource<0x10692ad00> (Domain: com.apple.keyboard.preferences, User: kCFPreferencesCurrentUser, ByHost: No, Container: /Users/nonth/Library/Developer/CoreSimulator/Devices/B7E9BAD6-0C0D-41EE-BE0C-D49BF485382E/data, Contents Need Refresh: No) via CFPrefsSearchListSource<0x10692aa80> (Domain: com.apple.keyboard.preferences, Container: (null) Non-launch persona: 0)
2026-04-10 23:16:10.767 Db EdotReactNavExample[62217:12739f7] [com.apple.defaults:User Defaults] found no value for key AppleKeyboardsIncludeIntl in CFPrefsSearchListSource<0x106928d00> (Domain: kCFPreferencesAnyApplication, Container: (null) Non-launch persona: 0)
2026-04-10 23:16:10.768 Df EdotReactNavExample[62217:12739f7] [com.apple.UIKit:KeyboardSceneDelegate] forceReloadInputViews
2026-04-10 23:16:10.768 Db EdotReactNavExample[62217:12739f7] [com.apple.UIKit:KeyboardSceneDelegate] Did not send signal to missing keyboard analytics. isKeyScene=1, hasHardwareKeyboard=1, hasExternalDisplay=0
2026-04-10 23:16:10.768 Df EdotReactNavExample[62217:12739f7] [com.apple.UIKit:KeyboardSceneDelegate] Reloading input views for key-window scene responder: <(null): 0x0; > force:Y
2026-04-10 23:16:10.769 Df EdotReactNavExample[62217:12739f7] [com.apple.UIKit:KeyboardArbiterClientLog] isWritingToolsHandlingKeyboardTracking:Y (WT ready:Y, Arbiter ready:Y)
2026-04-10 23:16:10.770 E  EdotReactNavExample[62217:12739f7] [com.wix.Detox:DetoxManager] Message was too long and was split into 6 parts
2026-04-10 23:16:10.770 E  EdotReactNavExample[62217:12739f7] [com.wix.Detox:DetoxManager] Part 1/6: App crashed: RCTFatalException: Unhandled JS Exception: Invariant Violation: "EdotExample" has not been registered. This can happen if:
* Metro (the local dev server) is run from the wrong folder. Check if Metro is running, stop it and restart it in the current project.
* A module failed to load due to an error and `AppRegistry.registerComponent` wasn't called., js engine: hermes
Unhandled JS Exception: Invariant Violation: "EdotExample" has not been registered. This can happen if:
* Metro (the local dev se
2026-04-10 23:16:10.770 E  EdotReactNavExample[62217:12739f7] [com.wix.Detox:DetoxManager] Part 2/6: rver) is run from the wrong folder. Check if M..., stack:
invariant@2058:25
runApplication@16755:29
__callFunction@2561:37
anonymous@2368:30
__guard@2494:14
callFunctionReturnFlushedQueue@2367:20

(
	0   CoreFoundation                      0x00000001804c180c __exceptionPreprocess + 160
	1   libobjc.A.dylib                     0x0000000180063438 objc_exception_throw + 72
	2   EdotReactNavExample                 0x0000000102b8a2b0 RCTFormatError + 0
	3   EdotReactNavExample                 0x0000000102bfa8e0
2026-04-10 23:16:10.770 E  EdotReactNavExample[62217:12739f7] [com.wix.Detox:DetoxManager] Part 3/6: -[RCTExceptionsManager reportFatal:stack:exceptionId:extraDataAsJSON:] + 476
	4   EdotReactNavExample                 0x0000000102bfb0e4 -[RCTExceptionsManager reportException:] + 1288
	5   CoreFoundation                      0x00000001804c80c0 __invoking___ + 144
	6   CoreFoundation                      0x00000001804c5320 -[NSInvocation invoke] + 276
	7   CoreFoundation                      0x00000001804c55a4 -[NSInvocation invokeWithTarget:] + 60
	8   EdotReactNavExample                 0x0000000102bbad10
2026-04-10 23:16:10.770 E  EdotReactNavExample[62217:12739f7] [com.wix.Detox:DetoxManager] Part 4/6:  -[RCTModuleMethod invokeWithBridge:module:arguments:] + 372
	9   EdotReactNavExample                 0x0000000102bbcec8 facebook::react::invokeInner(RCTBridge*, RCTModuleData*, unsigned int, folly::dynamic const&, int, (anonymous namespace)::SchedulingContext) + 444
	10  EdotReactNavExample                 0x0000000102bbcb2c invocation function for block in facebook::react::RCTNativeModule::invoke(unsigned int, folly::dynamic&&, int) + 108
	11  DetoxSync                           0x0000000104dc079c ____det
2026-04-10 23:16:10.770 E  EdotReactNavExample[62217:12739f7] [com.wix.Detox:DetoxManager] Part 5/6: ox_sync_dispatch_wrapper_block_invoke + 44
	12  libdispatch.dylib                   0x00000001801856a0 _dispatch_call_block_and_release + 24
	13  libdispatch.dylib                   0x000000018019fe98 _dispatch_client_callout + 12
	14  libdispatch.dylib                   0x000000018018e724 _dispatch_lane_serial_drain + 984
	15  libdispatch.dylib                   0x000000018018f1e8 _dispatch_lane_invoke + 396
	16  libdispatch.dylib                   0x0000000180199ec0 _dispatch_root_queue_drain_deferred_wlh
2026-04-10 23:16:10.770 E  EdotReactNavExample[62217:12739f7] [com.wix.Detox:DetoxManager] Part 6/6:  + 288
	17  libdispatch.dylib                   0x0000000180199608 _dispatch_workloop_worker_thread + 692
	18  libsystem_pthread.dylib             0x0000000104896b8c _pthread_wqthread + 288
	19  libsystem_pthread.dylib             0x000000010489598c start_wqthread + 8
)
2026-04-10 23:16:10.770 I  EdotReactNavExample[62217:12739f7] [com.wix.Detox:DetoxInstrumentsManager] Called stop but no recording in progress
2026-04-10 23:16:10.772 Db EdotReactNavExample[62217:12739f7] [com.apple.defaults:User Defaults] found no value for key EnhancedTextLegibilityEnabled in CFPrefsSearchListSource<0x105e55d20> (Domain: com.edot.reactnavexample, Container: (null) Non-launch persona: 0)
2026-04-10 23:16:10.772 Db EdotReactNavExample[62217:12739f7] [com.apple.Accessibility:AXSupportCommon] CF Read: domain = com.edot.reactnavexample, preference = EnhancedTextLegibilityEnabled, appID = com.edot.reactnavexample result = (null) (-1 - empty, 0 - false, 1 - true)
2026-04-10 23:16:10.772 Db EdotReactNavExample[62217:12739f7] [com.apple.defaults:User Defaults] found no value for key DarkenSystemColors in CFPrefsSearchListSource<0x105e55d20> (Domain: com.edot.reactnavexample, Container: (null) Non-launch persona: 0)
2026-04-10 23:16:10.772 Db EdotReactNavExample[62217:12739f7] [com.apple.Accessibility:AXSupportCommon] CF Read: domain = com.edot.reactnavexample, preference = DarkenSystemColors, appID = com.edot.reactnavexample result = (null) (-1 - empty, 0 - false, 1 - true)
2026-04-10 23:16:10.773 Db EdotReactNavExample[62217:1273a1b] [com.apple.BaseBoard:Common] [BSBlockSentinel:FBSScene] signaled! 2 of 2
2026-04-10 23:16:10.773 Df EdotReactNavExample[62217:1273a20] (CoreFoundation) *** Terminating app due to uncaught exception 'RCTFatalException: Unhandled JS Exception: Invariant Violation: "EdotExample" has not been registered. This can happen if:
* Metro (the local dev server) is run from the wrong folder. Check if Metro is running, stop it and restart it in the current project.
* A module failed to load due to an error and `AppRegistry.registerComponent` wasn't called., js engine: hermes', reason: 'Unhandled JS Exception: Invariant Violation: "EdotExample" has not been registered. This can happen if:
* Metro (the local dev server) is run from the wrong folder. Check if M..., stack:
invariant@2058:25
runApplication@16755:29
__callFunction@2561:37
anonymous@2368:30
__guard@2494:14
callFunctionReturnFlushedQueue@2367:20
'
*** First throw call stack:
(
	0   CoreFoundation                      0x00000001804c1818 __exceptionPreprocess + 172
	1   libobjc.A.dylib                     0x0000000180063438 objc_exception_throw + 72
	2   EdotReactNavExample                 0x0000000102b8a<…>
2026-04-10 23:16:10.773 Db EdotReactNavExample[62217:1273a1b] [com.apple.BaseBoard:Common] [BSBlockSentinel:FBSScene] dealloc
2026-04-10 23:16:10.773 Db EdotReactNavExample[62217:12739f7] [com.apple.defaults:User Defaults] found no value for key InvertColorsEnabled in CFPrefsSearchListSource<0x105e55d20> (Domain: com.edot.reactnavexample, Container: (null) Non-launch persona: 0)
2026-04-10 23:16:10.773 Db EdotReactNavExample[62217:12739f7] [com.apple.Accessibility:AXSupportCommon] CF Read: domain = com.edot.reactnavexample, preference = InvertColorsEnabled, appID = com.edot.reactnavexample result = (null) (-1 - empty, 0 - false, 1 - true)
2026-04-10 23:16:10.773 Df EdotReactNavExample[62217:12739f7] [com.apple.Accessibility:AXCommon] Read Per-App on Init: Smart invert = (null)
2026-04-10 23:16:10.774 E  EdotReactNavExample[62217:12739f7] [com.wix.Detox:DetoxManager] Message was too long and was split into 5 parts
2026-04-10 23:16:10.774 E  EdotReactNavExample[62217:12739f7] [com.wix.Detox:DetoxManager] Part 1/5: App crashed: Signal 6 raised
(
	0   Detox                               0x0000000104fd22a8 +[NSThread(DetoxUtils) dtx_demangledCallStackSymbols] + 36
	1   Detox                               0x0000000104fd5c8c __DTXHandleCrash + 568
	2   Detox                               0x0000000104fd6288 __DTXHandleSignal + 72
	3   libsystem_platform.dylib            0x00000001048fb700 _sigtramp + 52
	4   libsystem_pthread.dylib             0x000000010489a2a8 pthread_kill + 264
	5   libsystem_c.dylib                   0
2026-04-10 23:16:10.774 E  EdotReactNavExample[62217:12739f7] [com.wix.Detox:DetoxManager] Part 2/5: x000000018017a88c abort + 116
	6   libc++abi.dylib                     0x00000001802d07d0 __cxxabiv1::__shim_type_info::~__shim_type_info() + 0
	7   libc++abi.dylib                     0x00000001802bd134 std::set_unexpected(void (*)()) + 0
	8   libobjc.A.dylib                     0x000000018003f19c _objc_terminate() + 124
	9   Detox                               0x0000000104fd6720 __dtx_terminate() + 176
	10  libc++abi.dylib                     0x00000001802cc790 std::__terminate(void (*)()) + 12
	11  libc+
2026-04-10 23:16:10.774 E  EdotReactNavExample[62217:12739f7] [com.wix.Detox:DetoxManager] Part 3/5: +abi.dylib                     0x00000001802cf8ec __cxa_rethrow + 128
	12  libobjc.A.dylib                     0x00000001800635cc objc_exception_rethrow + 40
	13  EdotReactNavExample                 0x0000000102bbd110 facebook::react::invokeInner(RCTBridge*, RCTModuleData*, unsigned int, folly::dynamic const&, int, (anonymous namespace)::SchedulingContext) + 1028
	14  EdotReactNavExample                 0x0000000102bbcb2c invocation function for block in facebook::react::RCTNativeModule::invoke(unsigned int
2026-04-10 23:16:10.774 E  EdotReactNavExample[62217:12739f7] [com.wix.Detox:DetoxManager] Part 4/5: , folly::dynamic&&, int) + 108
	15  DetoxSync                           0x0000000104dc079c ____detox_sync_dispatch_wrapper_block_invoke + 44
	16  libdispatch.dylib                   0x00000001801856a0 _dispatch_call_block_and_release + 24
	17  libdispatch.dylib                   0x000000018019fe98 _dispatch_client_callout + 12
	18  libdispatch.dylib                   0x000000018018e724 _dispatch_lane_serial_drain + 984
	19  libdispatch.dylib                   0x000000018018f1e8 _dispatch_lane_invoke + 396
2026-04-10 23:16:10.774 E  EdotReactNavExample[62217:12739f7] [com.wix.Detox:DetoxManager] Part 5/5: 20  libdispatch.dylib                   0x0000000180199ec0 _dispatch_root_queue_drain_deferred_wlh + 288
	21  libdispatch.dylib                   0x0000000180199608 _dispatch_workloop_worker_thread + 692
	22  libsystem_pthread.dylib             0x0000000104896b8c _pthread_wqthread + 288
	23  libsystem_pthread.dylib             0x000000010489598c start_wqthread + 8
)
2026-04-10 23:16:10.774 I  EdotReactNavExample[62217:12739f7] [com.wix.Detox:DetoxInstrumentsManager] Called stop but no recording in progress

