Filtering the log data using "processImagePath BEGINSWITH "/Users/nonth/Library/Developer/CoreSimulator/Devices/B7E9BAD6-0C0D-41EE-BE0C-D49BF485382E/data/Containers/Bundle/Application/A9D25B4E-FCD1-47CE-888B-F82CFEBC6D31/EdotReactNavExample.app""
Timestamp               Ty Process[PID:TID]
2026-04-10 23:22:27.442 Db EdotReactNavExample[66438:127923c] [com.apple.CFBundle:loading] main bundle CFBundle 0x1064dc000 </Users/nonth/Library/Developer/CoreSimulator/Devices/B7E9BAD6-0C0D-41EE-BE0C-D49BF485382E/data/Containers/Bundle/Application/A9D25B4E-FCD1-47CE-888B-F82CFEBC6D31/EdotReactNavExample.app> (executable, loaded) getting handle 0xfffffffffffffffb
2026-04-10 23:22:27.443 Db EdotReactNavExample[66438:127923c] [com.apple.defaults:User Defaults] setting new value ddf6d3ac-88c9-ee27-18d6-cd5bbbe6b3b0 for key detoxSessionId in CFPrefsSource<0x1064c8040> (Domain: Volatile, User: , ByHost: No, Container: , Contents Need Refresh: No)
2026-04-10 23:22:27.443 Db EdotReactNavExample[66438:127923c] [com.apple.defaults:User Defaults] setting new value YES for key detoxDebugVisibility in CFPrefsSource<0x1064c8040> (Domain: Volatile, User: , ByHost: No, Container: , Contents Need Refresh: No)
2026-04-10 23:22:27.443 Db EdotReactNavExample[66438:127923c] [com.apple.defaults:User Defaults] setting new value ws://localhost:53749 for key detoxServer in CFPrefsSource<0x1064c8040> (Domain: Volatile, User: , ByHost: No, Container: , Contents Need Refresh: No)
2026-04-10 23:22:27.443 Db EdotReactNavExample[66438:127923c] [com.apple.defaults:User Defaults] setting new value YES for key detoxDisableHierarchyDump in CFPrefsSource<0x1064c8040> (Domain: Volatile, User: , ByHost: No, Container: , Contents Need Refresh: No)
2026-04-10 23:22:27.443 Db EdotReactNavExample[66438:127923c] [com.apple.defaults:User Defaults] setting new value (
    "en-001"
) for key AppleLanguages in CFPrefsSource<0x1064c8100> (Domain: Volatile, User: , ByHost: No, Container: , Contents Need Refresh: No)
2026-04-10 23:22:27.443 Db EdotReactNavExample[66438:127923c] [com.apple.defaults:User Defaults] setting new value en_001 for key AppleLocale in CFPrefsSource<0x1064c8100> (Domain: Volatile, User: , ByHost: No, Container: , Contents Need Refresh: No)
2026-04-10 23:22:27.443 Db EdotReactNavExample[66438:127923c] [com.apple.defaults:User Defaults] setting new value (
    "en-001"
) for key NSLanguages in CFPrefsSource<0x1064c8100> (Domain: Volatile, User: , ByHost: No, Container: , Contents Need Refresh: No)
2026-04-10 23:22:27.443 Db EdotReactNavExample[66438:127923c] [com.apple.defaults:User Defaults] setting new value macintosh for key NSInterfaceStyle in CFPrefsSource<0x1064c8100> (Domain: Volatile, User: , ByHost: No, Container: , Contents Need Refresh: No)
2026-04-10 23:22:27.444 Df EdotReactNavExample[66438:127923c] [com.apple.xpc:connection] [0x105993960] activating connection: mach=true listener=false peer=false name=com.apple.cfprefsd.daemon
2026-04-10 23:22:27.445 Db EdotReactNavExample[66438:127923c] [com.apple.defaults:User Defaults] CFPrefsManagedSource<0x105990740> (Domain: com.edot.reactnavexample, User: kCFPreferencesCurrentUser, ByHost: Yes, Container: (null), Contents Need Refresh: No) loaded: an empty base plist and no additional changes from the base plist
2026-04-10 23:22:27.445 Db EdotReactNavExample[66438:127923c] [com.apple.defaults:User Defaults] CFPrefsManagedSource<0x10598fd90> (Domain: com.edot.reactnavexample, User: kCFPreferencesAnyUser, ByHost: Yes, Container: (null), Contents Need Refresh: No) loaded: an empty base plist and no additional changes from the base plist
2026-04-10 23:22:27.445 Db EdotReactNavExample[66438:127923c] [com.apple.defaults:User Defaults] CFPrefsPlistSource<0x1059916f0> (Domain: com.edot.reactnavexample, User: kCFPreferencesCurrentUser, ByHost: No, Container: (null), Contents Need Refresh: No) loaded: an empty base plist and no additional changes from the base plist
2026-04-10 23:22:27.445 Db EdotReactNavExample[66438:127923c] [com.apple.defaults:User Defaults] CFPrefsManagedSource<0x1059919a0> (Domain: kCFPreferencesAnyApplication, User: kCFPreferencesCurrentUser, ByHost: Yes, Container: (null), Contents Need Refresh: No) loaded: an empty base plist and no additional changes from the base plist
2026-04-10 23:22:27.445 Db EdotReactNavExample[66438:127923c] [com.apple.defaults:User Defaults] CFPrefsPlistSource<0x105991c30> (Domain: com.edot.reactnavexample, User: kCFPreferencesCurrentUser, ByHost: No, Container: /Users/nonth/Library/Developer/CoreSimulator/Devices/B7E9BAD6-0C0D-41EE-BE0C-D49BF485382E/data, Contents Need Refresh: No) loaded: an empty base plist and no additional changes from the base plist
2026-04-10 23:22:27.445 Db EdotReactNavExample[66438:127923c] [com.apple.defaults:User Defaults] CFPrefsPlistSource<0x105991cb0> (Domain: kCFPreferencesAnyApplication, User: kCFPreferencesCurrentUser, ByHost: No, Container: (null), Contents Need Refresh: No) loaded: an empty base plist and no additional changes from the base plist
2026-04-10 23:22:27.445 Db EdotReactNavExample[66438:127923c] [com.apple.defaults:User Defaults] CFPrefsPlistSource<0x105991da0> (Domain: kCFPreferencesAnyApplication, User: kCFPreferencesCurrentUser, ByHost: No, Container: /Users/nonth/Library/Developer/CoreSimulator/Devices/B7E9BAD6-0C0D-41EE-BE0C-D49BF485382E/data, Contents Need Refresh: No) loaded: a new base plist and no additional changes from the base plist
2026-04-10 23:22:27.445 Db EdotReactNavExample[66438:127923c] [com.apple.defaults:User Defaults] CFPrefsPlistSource<0x105991e20> (Domain: com.edot.reactnavexample, User: kCFPreferencesCurrentUser, ByHost: Yes, Container: (null), Contents Need Refresh: No) loaded: an empty base plist and no additional changes from the base plist
2026-04-10 23:22:27.445 Db EdotReactNavExample[66438:127923c] [com.apple.defaults:User Defaults] CFPrefsPlistSource<0x105991ff0> (Domain: kCFPreferencesAnyApplication, User: kCFPreferencesCurrentUser, ByHost: Yes, Container: (null), Contents Need Refresh: No) loaded: an empty base plist and no additional changes from the base plist
2026-04-10 23:22:27.445 Db EdotReactNavExample[66438:127923c] [com.apple.defaults:User Defaults] found no value for key DTXEnableVerboseSyncResources in CFPrefsSearchListSource<0x1059906c0> (Domain: com.edot.reactnavexample, Container: (null) Non-launch persona: 0)
2026-04-10 23:22:27.445 Db EdotReactNavExample[66438:127923c] [com.apple.defaults:User Defaults] found no value for key DTXEnableVerboseSyncSystem in CFPrefsSearchListSource<0x1059906c0> (Domain: com.edot.reactnavexample, Container: (null) Non-launch persona: 0)
2026-04-10 23:22:27.445 Db EdotReactNavExample[66438:127923c] [com.apple.defaults:User Defaults] found no value for key DTXEnableDelayedIdleFire in CFPrefsSearchListSource<0x1059906c0> (Domain: com.edot.reactnavexample, Container: (null) Non-launch persona: 0)
2026-04-10 23:22:27.445 Db EdotReactNavExample[66438:127923c] [com.apple.defaults:User Defaults] found no value for key DTXDisableMainRunLoopSync in CFPrefsSearchListSource<0x1059906c0> (Domain: com.edot.reactnavexample, Container: (null) Non-launch persona: 0)
2026-04-10 23:22:27.508 I  EdotReactNavExample[66438:127923c] [com.wix.DetoxSync:RCTAnimatedNodeDTXSpy] [RCTAnimatedNode DTXSpy] RCTAnimatedNode class exists: YES
2026-04-10 23:22:27.508 Df EdotReactNavExample[66438:127923c] (DetoxSync) DTXSwizzleMethod: original method _setDirty not found for class UIGestureRecognizer
2026-04-10 23:22:27.556 Db EdotReactNavExample[66438:127923c] [com.apple.defaults:User Defaults] found no value for key detoxDisableTouchIndicators in CFPrefsSearchListSource<0x1059906c0> (Domain: com.edot.reactnavexample, Container: (null) Non-launch persona: 0)
2026-04-10 23:22:27.556 Db EdotReactNavExample[66438:127923c] [com.apple.defaults:User Defaults] found no value for key enableAppDelegateVerboseLogging in CFPrefsSearchListSource<0x1059906c0> (Domain: com.edot.reactnavexample, Container: (null) Non-launch persona: 0)
2026-04-10 23:22:27.557 Db EdotReactNavExample[66438:127923c] [com.apple.defaults:User Defaults] found no value for key detoxUserActivityDataURL in CFPrefsSearchListSource<0x1059906c0> (Domain: com.edot.reactnavexample, Container: (null) Non-launch persona: 0)
2026-04-10 23:22:27.557 Db EdotReactNavExample[66438:127923c] [com.apple.defaults:User Defaults] found no value for key detoxUserNotificationDataURL in CFPrefsSearchListSource<0x1059906c0> (Domain: com.edot.reactnavexample, Container: (null) Non-launch persona: 0)
2026-04-10 23:22:27.557 Db EdotReactNavExample[66438:127923c] [com.apple.defaults:User Defaults] found no value for key detoxDisableAnimationSpeedup in CFPrefsSearchListSource<0x1059906c0> (Domain: com.edot.reactnavexample, Container: (null) Non-launch persona: 0)
2026-04-10 23:22:27.557 Df EdotReactNavExample[66438:127923c] (Detox) Enabling accessibility for automation on Simulator.
2026-04-10 23:22:27.578 I  EdotReactNavExample[66438:127923c] [com.apple.Accessibility:AXIPC] Connected to server: <NSMachPort: 0x1064f4c80> 8195
2026-04-10 23:22:27.578 I  EdotReactNavExample[66438:127923c] [com.apple.Accessibility:AXIPC] Client (AXIPCClient:<0x10652c600> Service:com.apple.accessibility.AXBackBoardServer ID:(null) connected:1) registering with server on thread (<_NSMainThread: 0x1059896b0>{number = 1, name = main}:name::main:1). UsesMainThreadRunloop:0
2026-04-10 23:22:27.578 Df EdotReactNavExample[66438:127923c] [com.apple.Accessibility:AXIPC] Setting client identifier com.apple.accessibility.AXSystemReplyServer-66438-0
2026-04-10 23:22:27.578 I  EdotReactNavExample[66438:127923c] [com.apple.Accessibility:AXIPC] Client (AXIPCClient:<0x10652c600> Service:com.apple.accessibility.AXBackBoardServer ID:com.apple.accessibility.AXSystemReplyServer-66438-0 connected:1) registering with server on thread (<_NSMainThread: 0x1059896b0>{number = 1, name = main}:name::main:1). UsesMainThreadRunloop:0
2026-04-10 23:22:27.633 Db EdotReactNavExample[66438:127923c] [com.apple.defaults:User Defaults] CFPrefsManagedSource<0x10652c900> (Domain: com.apple.Accessibility, User: kCFPreferencesCurrentUser, ByHost: Yes, Container: (null), Contents Need Refresh: No) loaded: an empty base plist and no additional changes from the base plist
2026-04-10 23:22:27.633 Db EdotReactNavExample[66438:127923c] [com.apple.defaults:User Defaults] CFPrefsManagedSource<0x10652c980> (Domain: com.apple.Accessibility, User: kCFPreferencesAnyUser, ByHost: Yes, Container: (null), Contents Need Refresh: No) loaded: an empty base plist and no additional changes from the base plist
2026-04-10 23:22:27.633 Db EdotReactNavExample[66438:127923c] [com.apple.defaults:User Defaults] CFPrefsPlistSource<0x10652ca00> (Domain: com.apple.Accessibility, User: kCFPreferencesCurrentUser, ByHost: No, Container: (null), Contents Need Refresh: No) loaded: a new base plist and no additional changes from the base plist
2026-04-10 23:22:27.633 Db EdotReactNavExample[66438:127923c] [com.apple.defaults:User Defaults] CFPrefsPlistSource<0x10652cb00> (Domain: com.apple.Accessibility, User: kCFPreferencesCurrentUser, ByHost: No, Container: /Users/nonth/Library/Developer/CoreSimulator/Devices/B7E9BAD6-0C0D-41EE-BE0C-D49BF485382E/data, Contents Need Refresh: No) loaded: a new base plist and no additional changes from the base plist
2026-04-10 23:22:27.633 Db EdotReactNavExample[66438:127923c] [com.apple.defaults:User Defaults] CFPrefsPlistSource<0x10652cb80> (Domain: com.apple.Accessibility, User: kCFPreferencesCurrentUser, ByHost: Yes, Container: (null), Contents Need Refresh: No) loaded: an empty base plist and no additional changes from the base plist
2026-04-10 23:22:27.633 Db EdotReactNavExample[66438:127923c] [com.apple.defaults:User Defaults] CFPrefsPlistSource<0x10652ca00> (Domain: com.apple.Accessibility, User: kCFPreferencesCurrentUser, ByHost: No, Container: (null), Contents Need Refresh: No) skipping setting already-present value for key ApplicationAccessibilityEnabled
2026-04-10 23:22:27.633 Db EdotReactNavExample[66438:127923c] [com.apple.defaults:User Defaults] found no value for key detoxEnableSynchronization in CFPrefsSearchListSource<0x1059906c0> (Domain: com.edot.reactnavexample, Container: (null) Non-launch persona: 0)
2026-04-10 23:22:27.633 Db EdotReactNavExample[66438:127923c] [com.apple.defaults:User Defaults] found no value for key detoxURLBlacklistRegex in CFPrefsSearchListSource<0x1059906c0> (Domain: com.edot.reactnavexample, Container: (null) Non-launch persona: 0)
2026-04-10 23:22:27.633 Db EdotReactNavExample[66438:127923c] [com.apple.defaults:User Defaults] found no value for key detoxMaxSynchronizedDelay in CFPrefsSearchListSource<0x1059906c0> (Domain: com.edot.reactnavexample, Container: (null) Non-launch persona: 0)
2026-04-10 23:22:27.633 Db EdotReactNavExample[66438:127923c] [com.apple.defaults:User Defaults] found no value for key detoxWaitForDebugger in CFPrefsSearchListSource<0x1059906c0> (Domain: com.edot.reactnavexample, Container: (null) Non-launch persona: 0)
2026-04-10 23:22:27.634 Df EdotReactNavExample[66438:127923c] [com.apple.network:] networkd_settings_read_from_file_locked initialized networkd settings by reading plist directly
2026-04-10 23:22:27.635 Df EdotReactNavExample[66438:127923c] [com.apple.network:] networkd_settings_read_from_file_locked initialized networkd settings by reading plist directly
2026-04-10 23:22:27.635 Db EdotReactNavExample[66438:127923c] [com.apple.defaults:User Defaults] CFPrefsManagedSource<0x10652cd80> (Domain: kCFPreferencesAnyApplication, User: kCFPreferencesAnyUser, ByHost: Yes, Container: (null), Contents Need Refresh: No) loaded: an empty base plist and no additional changes from the base plist
2026-04-10 23:22:27.635 Db EdotReactNavExample[66438:127923c] [com.apple.defaults:User Defaults] found no value for key CFNetworkHTTP3Override in CFPrefsSearchListSource<0x10652cd00> (Domain: kCFPreferencesAnyApplication, Container: (null) Non-launch persona: 0)
2026-04-10 23:22:27.635 Db EdotReactNavExample[66438:127923c] [com.apple.defaults:User Defaults] looked up value (
    "en-TH",
    "th-TH"
) for key AppleLanguages in CFPrefsPlistSource<0x105991da0> (Domain: kCFPreferencesAnyApplication, User: kCFPreferencesCurrentUser, ByHost: No, Container: /Users/nonth/Library/Developer/CoreSimulator/Devices/B7E9BAD6-0C0D-41EE-BE0C-D49BF485382E/data, Contents Need Refresh: No) via CFPrefsSearchListSource<0x1059906c0> (Domain: com.edot.reactnavexample, Container: (null) Non-launch persona: 0)
2026-04-10 23:22:27.635 Db EdotReactNavExample[66438:127923c] [com.apple.CFBundle:resources] Language lookup at CFBundle 0x1064dc000 </Users/nonth/Library/Developer/CoreSimulator/Devices/B7E9BAD6-0C0D-41EE-BE0C-D49BF485382E/data/Containers/Bundle/Application/A9D25B4E-FCD1-47CE-888B-F82CFEBC6D31/EdotReactNavExample.app> (executable, loaded)
	Localizations : [en]
	Dev language  : en
	User prefs    : [en-TH, th-TH]
	Main bundle   : [<null>]
	Allow mixed   : 0 
	Result        : [en]
2026-04-10 23:22:27.635 Db EdotReactNavExample[66438:127923c] [com.apple.CFBundle:resources] Using ~iphone resources
2026-04-10 23:22:27.635 Db EdotReactNavExample[66438:127923c] [com.apple.CFBundle:resources] Resource lookup at CFBundle 0x1064dc000 </Users/nonth/Library/Developer/CoreSimulator/Devices/B7E9BAD6-0C0D-41EE-BE0C-D49BF485382E/data/Containers/Bundle/Application/A9D25B4E-FCD1-47CE-888B-F82CFEBC6D31/EdotReactNavExample.app> (executable, loaded)
	Request       : InfoPlist type: loctable
	Result        : None
2026-04-10 23:22:27.635 Db EdotReactNavExample[66438:127923c] [com.apple.CFBundle:resources] Resource lookup at CFBundle 0x1064dc000 </Users/nonth/Library/Developer/CoreSimulator/Devices/B7E9BAD6-0C0D-41EE-BE0C-D49BF485382E/data/Containers/Bundle/Application/A9D25B4E-FCD1-47CE-888B-F82CFEBC6D31/EdotReactNavExample.app> (executable, loaded)
	Request       : InfoPlist type: strings
	Result        : None
2026-04-10 23:22:27.635 Db EdotReactNavExample[66438:127923c] [com.apple.CFBundle:resources] Resource lookup at CFBundle 0x1064dc000 </Users/nonth/Library/Developer/CoreSimulator/Devices/B7E9BAD6-0C0D-41EE-BE0C-D49BF485382E/data/Containers/Bundle/Application/A9D25B4E-FCD1-47CE-888B-F82CFEBC6D31/EdotReactNavExample.app> (executable, loaded)
	Request       : InfoPlist type: stringsdict
	Result        : None
2026-04-10 23:22:27.636 Db EdotReactNavExample[66438:127923c] [com.apple.CFNetwork:ATS] Using configuration {
    NSAllowsLocalNetworking = 1;
    NSExceptionDomains =     {
        "apple-mapkit.com" =         {
            NSATSBuiltinOverride = 1;
            NSExceptionAllowsInsecureHTTPLoads = 1;
            NSExceptionMinimumTLSVersion = "TLSv1.0";
            NSExceptionRequiresForwardSecrecy = 0;
            NSIncludesSubdomains = 1;
        };
        "apple.com" =         {
            NSATSBuiltinOverride = 1;
            NSExceptionAllowsInsecureHTTPLoads = 1;
            NSExceptionMinimumTLSVersion = "TLSv1.2";
            NSExceptionRequiresForwardSecrecy = 0;
            NSIncludesSubdomains = 1;
        };
        "elasticdemo.arkcube.com" =         {
            NSExceptionAllowsInsecureHTTPLoads = 1;
            NSIncludesSubdomains = 0;
        };
        "geo.apple.com" =         {
            NSATSBuiltinOverride = 1;
            NSExceptionAllowsInsecureHTTPLoads = 1;
            NSExceptionMinimumTLSVersion = "TLSv1.0";
            NSExceptionRequiresForwardSecrecy = 0;
2026-04-10 23:22:27.644 Db EdotReactNavExample[66438:127923c] [com.apple.defaults:User Defaults] found no value for key recordingPath in CFPrefsSearchListSource<0x1059906c0> (Domain: com.edot.reactnavexample, Container: (null) Non-launch persona: 0)
2026-04-10 23:22:27.644 Db EdotReactNavExample[66438:127923c] [com.apple.defaults:User Defaults] looked up value ws://localhost:53749 for key detoxServer in CFPrefsSource<0x1064c8040> (Domain: Volatile, User: , ByHost: No, Container: , Contents Need Refresh: No) via CFPrefsSearchListSource<0x1059906c0> (Domain: com.edot.reactnavexample, Container: (null) Non-launch persona: 0)
2026-04-10 23:22:27.644 Db EdotReactNavExample[66438:127923c] [com.apple.defaults:User Defaults] looked up value ddf6d3ac-88c9-ee27-18d6-cd5bbbe6b3b0 for key detoxSessionId in CFPrefsSource<0x1064c8040> (Domain: Volatile, User: , ByHost: No, Container: , Contents Need Refresh: No) via CFPrefsSearchListSource<0x1059906c0> (Domain: com.edot.reactnavexample, Container: (null) Non-launch persona: 0)
2026-04-10 23:22:27.644 Df EdotReactNavExample[66438:127923c] [com.apple.CFNetwork:Default] Task <74E48D50-32DC-415D-BAA7-B2BA9400B27C>.<1> resuming, timeouts(60.0, 604800.0) qos(0x21) voucher((null)) activity(00000000-0000-0000-0000-000000000000)
2026-04-10 23:22:27.645 A  EdotReactNavExample[66438:127923c] (CoreFoundation) Loading Preferences From User Session CFPrefsD
2026-04-10 23:22:27.645 Db EdotReactNavExample[66438:127923c] [com.apple.defaults:User Defaults] CFPrefsPlistSource<0x10652cf80> (Domain: com.apple.CFNetwork, User: kCFPreferencesCurrentUser, ByHost: No, Container: (null), Contents Need Refresh: No) loaded: an empty base plist and no additional changes from the base plist
2026-04-10 23:22:27.645 Db EdotReactNavExample[66438:127923c] [com.apple.defaults:User Defaults] found no value for key har-capture-global in CFPrefsPlistSource<0x10652cf80> (Domain: com.apple.CFNetwork, User: kCFPreferencesCurrentUser, ByHost: No, Container: (null), Contents Need Refresh: No)
2026-04-10 23:22:27.645 Db EdotReactNavExample[66438:127923c] [com.apple.defaults:User Defaults] found no value for key har-capture-pid-date in CFPrefsPlistSource<0x10652cf80> (Domain: com.apple.CFNetwork, User: kCFPreferencesCurrentUser, ByHost: No, Container: (null), Contents Need Refresh: No)
2026-04-10 23:22:27.645 Db EdotReactNavExample[66438:127923c] [com.apple.defaults:User Defaults] found no value for key har-capture-amp in CFPrefsPlistSource<0x10652cf80> (Domain: com.apple.CFNetwork, User: kCFPreferencesCurrentUser, ByHost: No, Container: (null), Contents Need Refresh: No)
2026-04-10 23:22:27.645 Db EdotReactNavExample[66438:127923c] [com.apple.network:activity] Returning should log: 0 for activity cfnetwork:foreground_task
2026-04-10 23:22:27.645 Db EdotReactNavExample[66438:127923c] [com.apple.network:activity] Domain cfnetwork rate configured in registry as 1 / 20000
2026-04-10 23:22:27.645 Db EdotReactNavExample[66438:127923c] [com.apple.network:activity] Domain cfnetwork rate configured after remote default override as 1 / 20000
2026-04-10 23:22:27.645 Db EdotReactNavExample[66438:127923c] [com.apple.network:activity] After reading settings plist, domain cfnetwork rate configured as 1 / 2000000
2026-04-10 23:22:27.645 Db EdotReactNavExample[66438:127923c] [com.apple.network:activity] After settings override, domain cfnetwork rate configured as 1 / 2000000
2026-04-10 23:22:27.645 Db EdotReactNavExample[66438:127923c] [com.apple.network:activity] Final domain cfnetwork rate configured as 1 / 2000000
2026-04-10 23:22:27.645 Db EdotReactNavExample[66438:127923c] [com.apple.network:activity] <nw_activity 12:2 [No UUID] (reporting strategy default)> sampled at 1 / 2000000
2026-04-10 23:22:27.645 Db EdotReactNavExample[66438:127923c] [com.apple.network:activity] Returning should log: 0 for activity cfnetwork:foreground_task
2026-04-10 23:22:27.645 Db EdotReactNavExample[66438:127923c] [com.apple.network:activity] Returning should log: 0 for activity cfnetwork:foreground_task
2026-04-10 23:22:27.645 Db EdotReactNavExample[66438:127923c] [com.apple.CFNetwork:Default] [Telemetry]: Activity <nw_activity 12:2 [8F30DEE4-DDE9-4CC9-A8AA-60DC0AE9BC0B] (reporting strategy default)> on Task <74E48D50-32DC-415D-BAA7-B2BA9400B27C>.<1> was not selected for reporting
2026-04-10 23:22:27.645 Db EdotReactNavExample[66438:12792c0] [com.apple.CFNetwork:Default] Using HSTS 0x106514710 path file:///Users/nonth/Library/Developer/CoreSimulator/Devices/B7E9BAD6-0C0D-41EE-BE0C-D49BF485382E/data/Containers/Data/Application/438DCEE1-3489-4DA1-B18D-63078973F5DB/Library/Caches/com.edot.reactnavexample/HSTS.plist
2026-04-10 23:22:27.645 Df EdotReactNavExample[66438:127923c] (libMobileGestalt.dylib) No persisted cache on this platform.
2026-04-10 23:22:27.645 Db EdotReactNavExample[66438:12792c0] [com.apple.defaults:User Defaults] found no value for key com.apple.CFNetwork.HSTS.DisableHSTS in CFPrefsPlistSource<0x105991cb0> (Domain: kCFPreferencesAnyApplication, User: kCFPreferencesCurrentUser, ByHost: No, Container: (null), Contents Need Refresh: No)
2026-04-10 23:22:27.645 A  EdotReactNavExample[66438:12792c0] (libsystem_containermanager.dylib) container_system_group_path_for_identifier
2026-04-10 23:22:27.645 Df EdotReactNavExample[66438:12792c0] [com.apple.containermanager:xpc] Requesting container lookup; class = 13, identifier = com.apple.nsurlsessiond, group_identifier = systemgroup.com.apple.nsurlstoragedresources, create = 1, temp = 0, euid = 501, uid = 501
2026-04-10 23:22:27.645 A  EdotReactNavExample[66438:12792c0] (libsystem_containermanager.dylib) container_query_t
2026-04-10 23:22:27.645 Db EdotReactNavExample[66438:12792c0] [com.apple.containermanager:xpc] Query; euid = 501, uid = 501, query = <dictionary: 0x10648d500> { count = 10, transaction: 0, voucher = 0x0, contents =
	"ContainerClass" => <uint64: 0x8d9c2fed3d330997>: 13
	"Platform" => <uint64: 0x8d9c2fed3d3309c7>: 7
	"IdentifiersArray" => <array: 0x106458900> { count = 1, capacity = 10, contents =
		0: <string: 0x106458330> { string cache = 0x0, length = 23, contents = "com.apple.nsurlsessiond" }
	}
	"Flags" => <uint64: 0x8d9c2fa53d3309e7>: 38654705667
	"Explicit" => <uint64: 0x8d9c2fed3d3308c7>: 39
	"PrivateFlags" => <uint64: 0x8d9c2fed3d3309e7>: 3
	"Transient" => <bool: 0x1e70b0550>: false
	"PersonaKernelID" => <uint64: 0x8d9c2fed3d3309ff>: 0
	"Command" => <uint64: 0x8d9c2fed3d3308c7>: 39
	"GroupIdentifiers" => <array: 0x1064588a0> { count = 1, capacity = 10, contents =
		0: <string: 0x1064588d0> { string cache = 0x0, length = 44, contents = "systemgroup.com.apple.nsurlstoragedresources" }
	}
}
2026-04-10 23:22:27.645 Db EdotReactNavExample[66438:12792c0] [com.apple.containermanager:xpc] connection <0x106499320/1/0> created; cnt = 2
2026-04-10 23:22:27.646 Db EdotReactNavExample[66438:12792c0] [com.apple.containermanager:xpc] connection <0x106499320/1/0> shared; cnt = 3
2026-04-10 23:22:27.646 A  EdotReactNavExample[66438:127923c] (libsystem_containermanager.dylib) container_system_group_path_for_identifier
2026-04-10 23:22:27.646 Df EdotReactNavExample[66438:127923c] [com.apple.containermanager:xpc] Requesting container lookup; class = 13, identifier = (null), group_identifier = systemgroup.com.apple.configurationprofiles, create = 1, temp = 0, euid = 501, uid = 501
2026-04-10 23:22:27.646 A  EdotReactNavExample[66438:127923c] (libsystem_containermanager.dylib) container_query_t
2026-04-10 23:22:27.646 Db EdotReactNavExample[66438:127923c] [com.apple.containermanager:xpc] Query; euid = 501, uid = 501, query = <dictionary: 0x10648da40> { count = 9, transaction: 0, voucher = 0x0, contents =
	"ContainerClass" => <uint64: 0x8d9c2fed3d330997>: 13
	"Platform" => <uint64: 0x8d9c2fed3d3309c7>: 7
	"Flags" => <uint64: 0x8d9c2fa53d3309e7>: 38654705667
	"Explicit" => <uint64: 0x8d9c2fed3d3308cf>: 38
	"PrivateFlags" => <uint64: 0x8d9c2fed3d3309e7>: 3
	"Transient" => <bool: 0x1e70b0550>: false
	"PersonaKernelID" => <uint64: 0x8d9c2fed3d3309ff>: 0
	"Command" => <uint64: 0x8d9c2fed3d3308c7>: 39
	"GroupIdentifiers" => <array: 0x1064587e0> { count = 1, capacity = 10, contents =
		0: <string: 0x106458810> { string cache = 0x0, length = 43, contents = "systemgroup.com.apple.configurationprofiles" }
	}
}
2026-04-10 23:22:27.646 Db EdotReactNavExample[66438:127923c] [com.apple.containermanager:xpc] connection <0x106499320/1/0> shared; cnt = 4
2026-04-10 23:22:27.647 Db EdotReactNavExample[66438:12792c0] [com.apple.containermanager:xpc] connection <0x106499320/1/0> released; cnt = 3
2026-04-10 23:22:27.647 Df EdotReactNavExample[66438:12792c0] [com.apple.containermanager:unspecified] _container_query_get_result_at_index: success
2026-04-10 23:22:27.647 Db EdotReactNavExample[66438:12792c0] [com.apple.containermanager:sandbox] container_object_sandbox_extension_activate(container, true)
2026-04-10 23:22:27.647 Db EdotReactNavExample[66438:12792c0] [com.apple.containermanager:sandbox] container_object_sandbox_extension_activate(container, true): no sandbox token in container
2026-04-10 23:22:27.647 A  EdotReactNavExample[66438:12792c0] (libsystem_containermanager.dylib) container_copy_object
2026-04-10 23:22:27.647 Df EdotReactNavExample[66438:12792c0] [com.apple.containermanager:unspecified] container_system_group_path_for_identifier: success
2026-04-10 23:22:27.647 I  EdotReactNavExample[66438:12792c0] [com.apple.CFNetwork:Default] TLD info from asset location is unavailable or too old. Falling back to builtin
2026-04-10 23:22:27.647 Db EdotReactNavExample[66438:12792c0] [com.apple.CFBundle:loading] dyld image path for pointer 0x184e4208c is /Library/Developer/CoreSimulator/Volumes/iOS_23E244/Library/Developer/CoreSimulator/Profiles/Runtimes/iOS 26.4.simruntime/Contents/Resources/RuntimeRoot/System/Library/Frameworks/CFNetwork.framework/CFNetwork
2026-04-10 23:22:27.647 Db EdotReactNavExample[66438:127923c] [com.apple.containermanager:xpc] connection <0x106499320/1/0> released; cnt = 2
2026-04-10 23:22:27.647 Db EdotReactNavExample[66438:127923c] [com.apple.containermanager:xpc] connection <0x106499320/1/0> will be canceled in 2 seconds; cnt = 2
2026-04-10 23:22:27.647 Df EdotReactNavExample[66438:127923c] [com.apple.containermanager:unspecified] _container_query_get_result_at_index: success
2026-04-10 23:22:27.647 Db EdotReactNavExample[66438:127923c] [com.apple.containermanager:sandbox] container_object_sandbox_extension_activate(container, true)
2026-04-10 23:22:27.647 Db EdotReactNavExample[66438:127923c] [com.apple.containermanager:sandbox] container_object_sandbox_extension_activate(container, true): no sandbox token in container
2026-04-10 23:22:27.647 A  EdotReactNavExample[66438:127923c] (libsystem_containermanager.dylib) container_copy_object
2026-04-10 23:22:27.647 Df EdotReactNavExample[66438:127923c] [com.apple.containermanager:unspecified] container_system_group_path_for_identifier: success
2026-04-10 23:22:27.647 Df EdotReactNavExample[66438:127923c] [com.apple.ManagedConfiguration:MC] Got system group container path from MCM for systemgroup.com.apple.configurationprofiles: /Users/nonth/Library/Developer/CoreSimulator/Devices/B7E9BAD6-0C0D-41EE-BE0C-D49BF485382E/data/Containers/Shared/SystemGroup/systemgroup.com.apple.configurationprofiles
2026-04-10 23:22:27.649 Df EdotReactNavExample[66438:127923c] [com.apple.xpc:connection] [0x1065bc500] activating connection: mach=true listener=false peer=false name=com.apple.managedconfiguration.profiled.public
2026-04-10 23:22:27.654 Db EdotReactNavExample[66438:12792c0] [com.apple.CFBundle:loading] dlfcn check load bundle CFBundle 0x1064dc7e0 </Library/Developer/CoreSimulator/Volumes/iOS_23E244/Library/Developer/CoreSimulator/Profiles/Runtimes/iOS 26.4.simruntime/Contents/Resources/RuntimeRoot/System/Library/Frameworks/CFNetwork.framework> (not loaded), dlopen of /Library/Developer/CoreSimulator/Volumes/iOS_23E244/Library/Developer/CoreSimulator/Profiles/Runtimes/iOS 26.4.simruntime/Contents/Resources/RuntimeRoot/System/Library/Frameworks/CFNetwork.framework/CFNetwork mode 0x115 getting handle 0xac121
2026-04-10 23:22:27.654 Db EdotReactNavExample[66438:12792c0] [com.apple.CFBundle:resources] Language lookup at CFBundle 0x1064dc7e0 </Library/Developer/CoreSimulator/Volumes/iOS_23E244/Library/Developer/CoreSimulator/Profiles/Runtimes/iOS 26.4.simruntime/Contents/Resources/RuntimeRoot/System/Library/Frameworks/CFNetwork.framework> (framework, loaded)
	Localizations : [de, ur, he, en_AU, ar, el, ja, mr, en, uk, es_419, gu, zh_CN, kn, pa, es, sl, or, pt_BR, da, it, bg, sk, kk, pt_PT, ms, ta, ml, sv, te, cs, ko, no, hu, zh_HK, tr, pl, zh_TW, es_US, en_GB, vi, lt, ru, fr_CA, fr, fi, id, nl, th, bn, ro, hr, hi, ca]
	Dev language  : en
	User prefs    : [en-TH, th-TH]
	Main bundle   : [en]
	Allow mixed   : 0 
	Result        : [en]
2026-04-10 23:22:27.654 Db EdotReactNavExample[66438:12792c0] [com.apple.CFBundle:resources] Resource lookup at CFBundle 0x1064dc7e0 </Library/Developer/CoreSimulator/Volumes/iOS_23E244/Library/Developer/CoreSimulator/Profiles/Runtimes/iOS 26.4.simruntime/Contents/Resources/RuntimeRoot/System/Library/Frameworks/CFNetwork.framework> (framework, loaded)
	Request       : DafsaData type: bin
	Result        : file:///Library/Developer/CoreSimulator/Volumes/iOS_23E244/Library/Developer/CoreSimulator/Profiles/Runtimes/iOS%2026.4.simruntime/Contents/Resources/RuntimeRoot/System/Library/Frameworks/CFNetwork.framework/DafsaData.bin
2026-04-10 23:22:27.655 Db EdotReactNavExample[66438:12792c0] [com.apple.defaults:User Defaults] looked up value (
    "en-TH",
    "th-TH"
) for key AppleLanguages in CFPrefsPlistSource<0x105991da0> (Domain: kCFPreferencesAnyApplication, User: kCFPreferencesCurrentUser, ByHost: No, Container: /Users/nonth/Library/Developer/CoreSimulator/Devices/B7E9BAD6-0C0D-41EE-BE0C-D49BF485382E/data, Contents Need Refresh: No) via CFPrefsSearchListSource<0x1059906c0> (Domain: com.edot.reactnavexample, Container: (null) Non-launch persona: 0)
2026-04-10 23:22:27.656 Db EdotReactNavExample[66438:12792fd] [com.apple.ManagedConfiguration:ProfileConnection] Received settings changed notification
2026-04-10 23:22:27.656 Db EdotReactNavExample[66438:12792fd] [com.apple.ManagedConfiguration:ProfileConnection] Invalidating cache
2026-04-10 23:22:27.658 I  EdotReactNavExample[66438:127923c] [com.apple.ManagedConfiguration:MC] Reading from private effective user settings.
2026-04-10 23:22:27.658 Db EdotReactNavExample[66438:12792c0] [com.apple.defaults:User Defaults] found no value for key AppleCFNetworkDiagnosticLogging in CFPrefsSearchListSource<0x10652cd00> (Domain: kCFPreferencesAnyApplication, Container: (null) Non-launch persona: 0)
2026-04-10 23:22:27.658 Db EdotReactNavExample[66438:12792fd] [com.apple.CFNetwork:ATS] Uploading ATS exception ATSAllowsLocalNetworking
2026-04-10 23:22:27.658 A  EdotReactNavExample[66438:12792c0] (Security) SecTrustReportNetworkingAnalytics
2026-04-10 23:22:27.658 I  EdotReactNavExample[66438:12792fd] [com.apple.network:ATS] Warning [ATS violation]: Did not use TLS when opening connection for server: <private>
2026-04-10 23:22:27.659 Df EdotReactNavExample[66438:12792fd] [com.apple.CFNetwork:Default] Initializing NSHTTPCookieStorage singleton
2026-04-10 23:22:27.659 Df EdotReactNavExample[66438:12792c0] [com.apple.securityd:keychain] System Keychain Always Supported set via feature flag to disabled
2026-04-10 23:22:27.659 Df EdotReactNavExample[66438:12792c0] [com.apple.xpc:connection] [0x1065bc780] activating connection: mach=true listener=false peer=false name=com.apple.trustd
2026-04-10 23:22:27.659 Df EdotReactNavExample[66438:12792fd] [com.apple.CFNetwork:Default] Initializing CFHTTPCookieStorage singleton
2026-04-10 23:22:27.659 Df EdotReactNavExample[66438:12792fd] [com.apple.CFNetwork:Default] Creating default cookie storage with process/bundle identifier
2026-04-10 23:22:27.659 Db EdotReactNavExample[66438:12792fd] [com.apple.defaults:User Defaults] found no value for key com.apple.CFNetwork.ForceIOPath in CFPrefsPlistSource<0x105991cb0> (Domain: kCFPreferencesAnyApplication, User: kCFPreferencesCurrentUser, ByHost: No, Container: (null), Contents Need Refresh: No)
2026-04-10 23:22:27.659 Df EdotReactNavExample[66438:12792fd] [com.apple.CFNetwork:Default] Initializing AlternativeServices Storage singleton
2026-04-10 23:22:27.660 Db EdotReactNavExample[66438:127923c] [com.apple.defaults:User Defaults] CFPrefsManagedSource<0x10652e100> (Domain: com.apple.keyboard.preferences, User: kCFPreferencesCurrentUser, ByHost: Yes, Container: (null), Contents Need Refresh: No) loaded: an empty base plist and no additional changes from the base plist
2026-04-10 23:22:27.660 Db EdotReactNavExample[66438:127923c] [com.apple.defaults:User Defaults] CFPrefsManagedSource<0x10652e180> (Domain: com.apple.keyboard.preferences, User: kCFPreferencesAnyUser, ByHost: Yes, Container: (null), Contents Need Refresh: No) loaded: an empty base plist and no additional changes from the base plist
2026-04-10 23:22:27.660 Db EdotReactNavExample[66438:127923c] [com.apple.defaults:User Defaults] CFPrefsPlistSource<0x10652e200> (Domain: com.apple.keyboard.preferences, User: kCFPreferencesCurrentUser, ByHost: No, Container: (null), Contents Need Refresh: No) loaded: an empty base plist and no additional changes from the base plist
2026-04-10 23:22:27.660 Db EdotReactNavExample[66438:127923c] [com.apple.defaults:User Defaults] CFPrefsPlistSource<0x10652e300> (Domain: com.apple.keyboard.preferences, User: kCFPreferencesCurrentUser, ByHost: No, Container: /Users/nonth/Library/Developer/CoreSimulator/Devices/B7E9BAD6-0C0D-41EE-BE0C-D49BF485382E/data, Contents Need Refresh: No) loaded: a new base plist and no additional changes from the base plist
2026-04-10 23:22:27.660 Db EdotReactNavExample[66438:127923c] [com.apple.defaults:User Defaults] CFPrefsPlistSource<0x10652e380> (Domain: com.apple.keyboard.preferences, User: kCFPreferencesCurrentUser, ByHost: Yes, Container: (null), Contents Need Refresh: No) loaded: an empty base plist and no additional changes from the base plist
2026-04-10 23:22:27.660 Df EdotReactNavExample[66438:12792fd] [com.apple.FileURL:default] kExcludedFromBackupXattrName set on path: /Users/nonth/Library/Developer/CoreSimulator/Devices/B7E9BAD6-0C0D-41EE-BE0C-D49BF485382E/data/Containers/Data/Application/438DCEE1-3489-4DA1-B18D-63078973F5DB/Library/HTTPStorages/com.edot.reactnavexample
2026-04-10 23:22:27.660 Db EdotReactNavExample[66438:127923c] [com.apple.defaults:User Defaults] setting {
    KeyboardAutocorrection = 0;
} in CFPrefsPlistSource<0x10652e200> (Domain: com.apple.keyboard.preferences, User: kCFPreferencesCurrentUser, ByHost: No, Container: (null), Contents Need Refresh: No)
2026-04-10 23:22:27.660 Df EdotReactNavExample[66438:12792c0] [com.apple.securityd:SecError] SecTrustReportNetworkingAnalytics failed with error: -4
2026-04-10 23:22:27.660 Df EdotReactNavExample[66438:12792fd] [com.apple.runningboard:connection] Initializing connection
2026-04-10 23:22:27.660 Df EdotReactNavExample[66438:12792fd] [com.apple.runningboard:process] Removing all cached process handles
2026-04-10 23:22:27.660 Df EdotReactNavExample[66438:12792c0] [com.apple.runningboard:connection] Sending handshake request attempt #1 to server
2026-04-10 23:22:27.660 I  EdotReactNavExample[66438:12792fd] [com.apple.runningboard:assertion] Acquiring assertion: <RBSAssertionDescriptor| "com.apple.CFNetwork.StorageDB" ID:(null) target:66438>
2026-04-10 23:22:27.660 Df EdotReactNavExample[66438:12792c0] [com.apple.runningboard:connection] Creating connection to com.apple.runningboard
2026-04-10 23:22:27.660 Df EdotReactNavExample[66438:12792c0] [com.apple.xpc:connection] [0x1065bc8c0] activating connection: mach=true listener=false peer=false name=com.apple.runningboard
2026-04-10 23:22:27.660 Db EdotReactNavExample[66438:12792fe] [com.apple.runningboard:message] PERF: (null) Received message from runningboardd: async_didChangeInheritances:completion:
2026-04-10 23:22:27.661 A  EdotReactNavExample[66438:12792fe] (RunningBoardServices) didChangeInheritances
2026-04-10 23:22:27.661 Db EdotReactNavExample[66438:12792fe] [com.apple.runningboard:connection] didChangeInheritances: <RBSInheritanceChangeSet| gained:{(
    <RBSInheritance| environment:(none) name:com.apple.frontboard.visibility origID:50369-50481-12451 0>,
    <RBSInheritance| environment:(none) name:com.apple.frontboard.visibility origID:50369-50481-12448 0>
)} lost:(null)>
2026-04-10 23:22:27.661 Db EdotReactNavExample[66438:12792c0] [com.apple.BaseBoard:Common] BSAuditToken will auto-code: <BSObjCIvar: 0x10645ad60; "_bundleID" (<NSString *>)>, <BSObjCIvar: 0x10645adc0; "_auditToken" (<struct[32]>)>
2026-04-10 23:22:27.667 Df EdotReactNavExample[66438:12792c0] [com.apple.runningboard:connection] Handshake succeeded
2026-04-10 23:22:27.667 Df EdotReactNavExample[66438:12792c0] [com.apple.runningboard:connection] Identity resolved as app<com.edot.reactnavexample((null))>
2026-04-10 23:22:27.667 Df EdotReactNavExample[66438:127923c] (CloudSettings) [writeToCloudSettings:forStore] - cloudsettings feature disabled
2026-04-10 23:22:27.667 Db EdotReactNavExample[66438:12792fd] [com.apple.runningboard:assertion] Adding assertion 50369-66438-12452 to dictionary
2026-04-10 23:22:27.667 Db EdotReactNavExample[66438:127923c] [com.apple.foundation:locale] Lookup of 'AppleLanguages' from current preferences failed lookup (app preferences do not contain the key); likely falling back to default locale identifier as current
2026-04-10 23:22:27.669 Db EdotReactNavExample[66438:127923c] [com.apple.defaults:User Defaults] setting {
    "KeyboardAutocorrection_changedAt" = "2026-04-10 16:22:27 +0000";
} in CFPrefsPlistSource<0x10652e200> (Domain: com.apple.keyboard.preferences, User: kCFPreferencesCurrentUser, ByHost: No, Container: (null), Contents Need Refresh: No)
2026-04-10 23:22:27.669 Db EdotReactNavExample[66438:127923c] [com.apple.defaults:User Defaults] setting {
    "KeyboardAutocorrection_buildAtChange" = 23E244;
} in CFPrefsPlistSource<0x10652e200> (Domain: com.apple.keyboard.preferences, User: kCFPreferencesCurrentUser, ByHost: No, Container: (null), Contents Need Refresh: No)
2026-04-10 23:22:27.670 Db EdotReactNavExample[66438:127923c] [com.apple.defaults:User Defaults] CFPrefsPlistSource<0x10652e200> (Domain: com.apple.keyboard.preferences, User: kCFPreferencesCurrentUser, ByHost: No, Container: (null), Contents Need Refresh: No) skipping setting already-present value for key KeyboardAutocorrection_previousValue
2026-04-10 23:22:27.670 Db EdotReactNavExample[66438:127923c] [com.apple.defaults:User Defaults] CFPrefsPlistSource<0x10652e200> (Domain: com.apple.keyboard.preferences, User: kCFPreferencesCurrentUser, ByHost: No, Container: (null), Contents Need Refresh: No) skipping setting already-present value for key KeyboardAutocorrection_analyzedAt
2026-04-10 23:22:27.673 Df EdotReactNavExample[66438:12792fe] [com.apple.CFNetwork:Default] Garbage collection for alternative services
2026-04-10 23:22:27.674 I  EdotReactNavExample[66438:12792fd] [com.apple.network:connection] nw_connection_create_with_id [C1] create connection to Hostname#39440cd2:53749
2026-04-10 23:22:27.674 Df EdotReactNavExample[66438:12792fd] [com.apple.CFNetwork:Default] Connection 1: starting, TC(0x0)
2026-04-10 23:22:27.675 Df EdotReactNavExample[66438:12792fd] [com.apple.network:connection] [C1 E78EC490-8A7A-4FE9-A11A-1C874B65C446 Hostname#39440cd2:53749 tcp, url: http://localhost:53749/, definite, attribution: developer, context: com.apple.CFNetwork.NSURLSession.{DC3AC8DB-D423-4E86-BA2C-0707FB4F61D1}{(null)}{Y}{2}{0x0} (private), proc: C67EB005-8BA8-3AC5-BFDC-CA3E80BE1AA7, delegated upid: 0] start
2026-04-10 23:22:27.675 I  EdotReactNavExample[66438:12792fd] [com.apple.network:connection] nw_endpoint_handler_start [C1 Hostname#39440cd2:53749 initial parent-flow ((null))]
2026-04-10 23:22:27.675 Df EdotReactNavExample[66438:12792fd] [com.apple.network:connection] [C1 Hostname#39440cd2:53749 initial parent-flow ((null))] event: path:start @0.000s
2026-04-10 23:22:27.675 Db EdotReactNavExample[66438:12792fd] [com.apple.network:connection] nw_endpoint_handler_path_change [C1 Hostname#39440cd2:53749 waiting parent-flow (satisfied (Path is satisfied), interface: en0[802.11], uses wifi, LQM: unknown)]
2026-04-10 23:22:27.675 Db EdotReactNavExample[66438:12792fd] [com.apple.networkextension:] ne_tracker_check subsystem is initialized with: {0000000}
2026-04-10 23:22:27.675 Db EdotReactNavExample[66438:12792fd] [com.apple.networkextension:] ne_tracker_check_is_hostname_blocked() proceeding with the in_the_app check for hostname: localhost
2026-04-10 23:22:27.675 Db EdotReactNavExample[66438:12792fd] [com.apple.CFBundle:resources] Resource lookup at CFBundle 0x1064dc000 </Users/nonth/Library/Developer/CoreSimulator/Devices/B7E9BAD6-0C0D-41EE-BE0C-D49BF485382E/data/Containers/Bundle/Application/A9D25B4E-FCD1-47CE-888B-F82CFEBC6D31/EdotReactNavExample.app> (executable, loaded)
	Request       : InfoPlist type: strings
	Result        : None
2026-04-10 23:22:27.675 Db EdotReactNavExample[66438:12792fd] [com.apple.CFBundle:resources] Resource lookup at CFBundle 0x1064dc000 </Users/nonth/Library/Developer/CoreSimulator/Devices/B7E9BAD6-0C0D-41EE-BE0C-D49BF485382E/data/Containers/Bundle/Application/A9D25B4E-FCD1-47CE-888B-F82CFEBC6D31/EdotReactNavExample.app> (executable, loaded)
	Request       : InfoPlist type: stringsdict
	Result        : None
2026-04-10 23:22:27.675 Db EdotReactNavExample[66438:12792fd] [com.apple.networkextension:] ne_tracker_check_is_hostname_blocked(): hostname localhost is not a tracker. Returning: ne_tracker_status_none
2026-04-10 23:22:27.675 Df EdotReactNavExample[66438:12792fd] [com.apple.network:connection] [C1 Hostname#39440cd2:53749 waiting parent-flow (satisfied (Path is satisfied), interface: en0[802.11], uses wifi, LQM: unknown)] event: path:satisfied @0.000s, uuid: AD46200A-712F-41C2-9663-63502167A8CF
2026-04-10 23:22:27.676 I  EdotReactNavExample[66438:12792fd] [com.apple.network:connection] nw_connection_endpoint_report_on_nw_queue_block_invoke [C1 Hostname#39440cd2:53749 waiting parent-flow (satisfied (Path is satisfied), interface: en0[802.11], uses wifi, LQM: unknown)] skipping state update
2026-04-10 23:22:27.676 Db EdotReactNavExample[66438:12792fd] [com.apple.network:] nw_endpoint_proxy_handler_should_use_proxy Looking up proxy for hostname: localhost, ifindex: 0
2026-04-10 23:22:27.676 Db EdotReactNavExample[66438:12792fd] [com.apple.SystemConfiguration:SCPreferences] create <SCPreferences 0x10664c000 [0x1e70e00c0]> {name = SCDynamicStoreCopyProxiesWithOptions, id = /Library/Managed Preferences/mobile/com.apple.SystemConfiguration.plist, path = /Library/Managed Preferences/mobile/com.apple.SystemConfiguration.plist}
2026-04-10 23:22:27.676 Db EdotReactNavExample[66438:12792fd] [com.apple.SystemConfiguration:SCPreferences] SCPreferences() access: /Library/Managed Preferences/mobile/com.apple.SystemConfiguration.plist, size=0
2026-04-10 23:22:27.676 Db EdotReactNavExample[66438:12792fd] [com.apple.SystemConfiguration:SCPreferences] release <SCPreferences 0x10664c000 [0x1e70e00c0]> {name = SCDynamicStoreCopyProxiesWithOptions, id = /Library/Managed Preferences/mobile/com.apple.SystemConfiguration.plist, path = /Library/Managed Preferences/mobile/com.apple.SystemConfiguration.plist, accessed}
2026-04-10 23:22:27.676 Db EdotReactNavExample[66438:12792fd] [com.apple.network:connection] nw_endpoint_flow_attach_protocols [C1 Hostname#39440cd2:53749 in_progress parent-flow (satisfied (Path is satisfied), interface: en0[802.11], uses wifi, LQM: unknown)]
2026-04-10 23:22:27.676 Db EdotReactNavExample[66438:12792fd] [com.apple.network:connection] nw_endpoint_flow_attach_protocols [C1 Hostname#39440cd2:53749 in_progress parent-flow (satisfied (Path is satisfied), interface: en0[802.11], uses wifi, LQM: unknown)] stopping after adding persistent application protocols
2026-04-10 23:22:27.676 Db EdotReactNavExample[66438:12792fd] [com.apple.network:connection] nw_endpoint_flow_setup_protocols [C1 Hostname#39440cd2:53749 in_progress parent-flow (satisfied (Path is satisfied), interface: en0[802.11], uses wifi, LQM: unknown)] persistent protocol stack, starting
2026-04-10 23:22:27.676 Df EdotReactNavExample[66438:12792fd] [com.apple.network:connection] [C1 Hostname#39440cd2:53749 in_progress parent-flow (satisfied (Path is satisfied), interface: en0[802.11], uses wifi, LQM: unknown)] event: flow:start_connect @0.001s
2026-04-10 23:22:27.676 Df EdotReactNavExample[66438:12792fd] [com.apple.network:connection] nw_connection_report_state_with_handler_on_nw_queue [C1] reporting state preparing
2026-04-10 23:22:27.676 I  EdotReactNavExample[66438:12792fd] [com.apple.network:connection] nw_endpoint_flow_connect [C1 Hostname#39440cd2:53749 in_progress parent-flow (satisfied (Path is satisfied), interface: en0[802.11], uses wifi, LQM: unknown)] connect bottom protocol
2026-04-10 23:22:27.676 Db EdotReactNavExample[66438:12792fd] [com.apple.network:connection] nw_endpoint_flow_start_child [C1 Hostname#39440cd2:53749 in_progress parent-flow (satisfied (Path is satisfied), interface: en0[802.11], uses wifi, LQM: unknown)] creating and starting child handler
2026-04-10 23:22:27.676 Db EdotReactNavExample[66438:12792fd] [com.apple.network:] nw_endpoint_proxy_handler_should_use_proxy Looking up proxy for hostname: localhost, ifindex: 0
2026-04-10 23:22:27.676 Db EdotReactNavExample[66438:12792fd] [com.apple.SystemConfiguration:SCPreferences] create <SCPreferences 0x10664c000 [0x1e70e00c0]> {name = SCDynamicStoreCopyProxiesWithOptions, id = /Library/Managed Preferences/mobile/com.apple.SystemConfiguration.plist, path = /Library/Managed Preferences/mobile/com.apple.SystemConfiguration.plist}
2026-04-10 23:22:27.676 Db EdotReactNavExample[66438:12792fd] [com.apple.SystemConfiguration:SCPreferences] SCPreferences() access: /Library/Managed Preferences/mobile/com.apple.SystemConfiguration.plist, size=0
2026-04-10 23:22:27.676 Db EdotReactNavExample[66438:12792fd] [com.apple.SystemConfiguration:SCPreferences] release <SCPreferences 0x10664c000 [0x1e70e00c0]> {name = SCDynamicStoreCopyProxiesWithOptions, id = /Library/Managed Preferences/mobile/com.apple.SystemConfiguration.plist, path = /Library/Managed Preferences/mobile/com.apple.SystemConfiguration.plist, accessed}
2026-04-10 23:22:27.676 Df EdotReactNavExample[66438:12792fd] [com.apple.network:connection] [C1 Hostname#39440cd2:53749 in_progress parent-flow (satisfied (Path is satisfied), interface: en0[802.11], uses wifi, LQM: unknown)] event: flow:start_child @0.001s
2026-04-10 23:22:27.676 I  EdotReactNavExample[66438:12792fd] [com.apple.network:connection] nw_endpoint_handler_start [C1.1 Hostname#39440cd2:53749 initial path ((null))]
2026-04-10 23:22:27.676 Db EdotReactNavExample[66438:12792fd] [com.apple.network:connection] nw_endpoint_flow_receive_report [C1 Hostname#39440cd2:53749 in_progress parent-flow (satisfied (Path is satisfied), interface: en0[802.11], uses wifi, LQM: unknown)] received child report: [C1.1 Hostname#39440cd2:53749 initial path ((null))]
2026-04-10 23:22:27.676 Df EdotReactNavExample[66438:12792fd] [com.apple.network:connection] [C1.1 Hostname#39440cd2:53749 initial path ((null))] event: path:start @0.001s
2026-04-10 23:22:27.676 Db EdotReactNavExample[66438:12792fd] [com.apple.network:connection] nw_endpoint_handler_path_change [C1.1 Hostname#39440cd2:53749 waiting path (satisfied (Path is satisfied), interface: en0[802.11], uses wifi, LQM: unknown)]
2026-04-10 23:22:27.676 Db EdotReactNavExample[66438:12792fd] [com.apple.networkextension:] ne_tracker_check_is_hostname_blocked() proceeding with the in_the_app check for hostname: localhost
2026-04-10 23:22:27.676 Db EdotReactNavExample[66438:12792fd] [com.apple.CFBundle:resources] Resource lookup at CFBundle 0x1064dc000 </Users/nonth/Library/Developer/CoreSimulator/Devices/B7E9BAD6-0C0D-41EE-BE0C-D49BF485382E/data/Containers/Bundle/Application/A9D25B4E-FCD1-47CE-888B-F82CFEBC6D31/EdotReactNavExample.app> (executable, loaded)
	Request       : InfoPlist type: strings
	Result        : None
2026-04-10 23:22:27.677 Db EdotReactNavExample[66438:12792fd] [com.apple.CFBundle:resources] Resource lookup at CFBundle 0x1064dc000 </Users/nonth/Library/Developer/CoreSimulator/Devices/B7E9BAD6-0C0D-41EE-BE0C-D49BF485382E/data/Containers/Bundle/Application/A9D25B4E-FCD1-47CE-888B-F82CFEBC6D31/EdotReactNavExample.app> (executable, loaded)
	Request       : InfoPlist type: stringsdict
	Result        : None
2026-04-10 23:22:27.677 Db EdotReactNavExample[66438:12792fd] [com.apple.networkextension:] ne_tracker_check_is_hostname_blocked(): hostname localhost is not a tracker. Returning: ne_tracker_status_none
2026-04-10 23:22:27.677 Db EdotReactNavExample[66438:12792fd] [com.apple.network:connection] nw_endpoint_flow_receive_report [C1 Hostname#39440cd2:53749 in_progress parent-flow (satisfied (Path is satisfied), interface: en0[802.11], uses wifi, LQM: unknown)] received child report: [C1.1 Hostname#39440cd2:53749 waiting path (satisfied (Path is satisfied), interface: en0[802.11], uses wifi, LQM: unknown)]
2026-04-10 23:22:27.677 Df EdotReactNavExample[66438:12792fd] [com.apple.network:connection] [C1.1 Hostname#39440cd2:53749 waiting path (satisfied (Path is satisfied), interface: en0[802.11], uses wifi, LQM: unknown)] event: path:satisfied @0.001s, uuid: AD46200A-712F-41C2-9663-63502167A8CF
2026-04-10 23:22:27.677 Db EdotReactNavExample[66438:12792fd] [com.apple.network:] nw_endpoint_proxy_handler_should_use_proxy Looking up proxy for hostname: localhost, ifindex: 0
2026-04-10 23:22:27.677 Db EdotReactNavExample[66438:12792fd] [com.apple.SystemConfiguration:SCPreferences] create <SCPreferences 0x10664c000 [0x1e70e00c0]> {name = SCDynamicStoreCopyProxiesWithOptions, id = /Library/Managed Preferences/mobile/com.apple.SystemConfiguration.plist, path = /Library/Managed Preferences/mobile/com.apple.SystemConfiguration.plist}
2026-04-10 23:22:27.677 Db EdotReactNavExample[66438:12792fd] [com.apple.SystemConfiguration:SCPreferences] SCPreferences() access: /Library/Managed Preferences/mobile/com.apple.SystemConfiguration.plist, size=0
2026-04-10 23:22:27.677 Db EdotReactNavExample[66438:12792fd] [com.apple.SystemConfiguration:SCPreferences] release <SCPreferences 0x10664c000 [0x1e70e00c0]> {name = SCDynamicStoreCopyProxiesWithOptions, id = /Library/Managed Preferences/mobile/com.apple.SystemConfiguration.plist, path = /Library/Managed Preferences/mobile/com.apple.SystemConfiguration.plist, accessed}
2026-04-10 23:22:27.677 Db EdotReactNavExample[66438:12792fd] [com.apple.network:connection] -[NWConcrete_nw_endpoint_resolver startWithHandler:] [C1.1 Hostname#39440cd2:53749 waiting resolver (satisfied (Path is satisfied), interface: en0[802.11], uses wifi, LQM: unknown)]
2026-04-10 23:22:27.677 Db EdotReactNavExample[66438:12792fd] [com.apple.network:connection] nw_endpoint_flow_receive_report [C1 Hostname#39440cd2:53749 in_progress parent-flow (satisfied (Path is satisfied), interface: en0[802.11], uses wifi, LQM: unknown)] received child report: [C1.1 Hostname#39440cd2:53749 in_progress resolver (satisfied (Path is satisfied), interface: en0[802.11], uses wifi, LQM: unknown)]
2026-04-10 23:22:27.677 Df EdotReactNavExample[66438:12792fd] [com.apple.network:connection] [C1.1 Hostname#39440cd2:53749 in_progress resolver (satisfied (Path is satisfied), interface: en0[802.11], uses wifi, LQM: unknown)] event: resolver:start_dns @0.002s
2026-04-10 23:22:27.677 Db EdotReactNavExample[66438:12792fe] [com.apple.ManagedConfiguration:ProfileConnection] Received settings changed notification
2026-04-10 23:22:27.677 Db EdotReactNavExample[66438:12792fe] [com.apple.ManagedConfiguration:ProfileConnection] Invalidating cache
2026-04-10 23:22:27.679 I  EdotReactNavExample[66438:127923c] [com.apple.ManagedConfiguration:MC] Reading from private effective user settings.
2026-04-10 23:22:27.679 Db EdotReactNavExample[66438:127923c] [com.apple.defaults:User Defaults] setting {
    KeyboardPrediction = 0;
} in CFPrefsPlistSource<0x10652e200> (Domain: com.apple.keyboard.preferences, User: kCFPreferencesCurrentUser, ByHost: No, Container: (null), Contents Need Refresh: No)
2026-04-10 23:22:27.679 Db EdotReactNavExample[66438:12792fd] [com.apple.networkextension:] ne_tracker_check_is_hostname_blocked() proceeding with the in_the_app check for hostname: localhost
2026-04-10 23:22:27.679 Db EdotReactNavExample[66438:12792fd] [com.apple.CFBundle:resources] Resource lookup at CFBundle 0x1064dc000 </Users/nonth/Library/Developer/CoreSimulator/Devices/B7E9BAD6-0C0D-41EE-BE0C-D49BF485382E/data/Containers/Bundle/Application/A9D25B4E-FCD1-47CE-888B-F82CFEBC6D31/EdotReactNavExample.app> (executable, loaded)
	Request       : InfoPlist type: strings
	Result        : None
2026-04-10 23:22:27.679 Db EdotReactNavExample[66438:12792fd] [com.apple.CFBundle:resources] Resource lookup at CFBundle 0x1064dc000 </Users/nonth/Library/Developer/CoreSimulator/Devices/B7E9BAD6-0C0D-41EE-BE0C-D49BF485382E/data/Containers/Bundle/Application/A9D25B4E-FCD1-47CE-888B-F82CFEBC6D31/EdotReactNavExample.app> (executable, loaded)
	Request       : InfoPlist type: stringsdict
	Result        : None
2026-04-10 23:22:27.679 Df EdotReactNavExample[66438:127923c] (CloudSettings) [writeToCloudSettings:forStore] - cloudsettings feature disabled
2026-04-10 23:22:27.679 Db EdotReactNavExample[66438:12792fd] [com.apple.networkextension:] ne_tracker_check_is_hostname_blocked(): hostname localhost is not a tracker. Returning: ne_tracker_status_none
2026-04-10 23:22:27.680 I  EdotReactNavExample[66438:12792fd] [com.apple.network:connection] nw_resolver_create_dns_service_locked [C1.1] Starting host resolution Hostname#39440cd2:53749, flags 0xc000d000 proto 0
2026-04-10 23:22:27.680 Df EdotReactNavExample[66438:12792fd] [com.apple.CFNetwork:Default] Task <74E48D50-32DC-415D-BAA7-B2BA9400B27C>.<1> setting up Connection 1
2026-04-10 23:22:27.680 Db EdotReactNavExample[66438:12792fd] [com.apple.network:activity] Returning should log: 0 for activity cfnetwork:foreground_task
2026-04-10 23:22:27.680 Db EdotReactNavExample[66438:127923c] [com.apple.defaults:User Defaults] CFPrefsPlistSource<0x10652e300> (Domain: com.apple.keyboard.preferences, User: kCFPreferencesCurrentUser, ByHost: No, Container: /Users/nonth/Library/Developer/CoreSimulator/Devices/B7E9BAD6-0C0D-41EE-BE0C-D49BF485382E/data, Contents Need Refresh: No) loaded: a new base plist and no additional changes from the base plist
2026-04-10 23:22:27.680 Db EdotReactNavExample[66438:127923c] [com.apple.defaults:User Defaults] CFPrefsPlistSource<0x10652e380> (Domain: com.apple.keyboard.preferences, User: kCFPreferencesCurrentUser, ByHost: Yes, Container: (null), Contents Need Refresh: No) loaded: an empty base plist and no additional changes from the base plist
2026-04-10 23:22:27.680 Db EdotReactNavExample[66438:127923c] [com.apple.defaults:User Defaults] found no value for key KeyboardShowPredictionBar in CFPrefsSearchListSource<0x10652e080> (Domain: com.apple.keyboard.preferences, Container: (null) Non-launch persona: 0)
2026-04-10 23:22:27.680 Db EdotReactNavExample[66438:127923c] [com.apple.defaults:User Defaults] setting {
    KeyboardShowPredictionBar = 0;
} in CFPrefsPlistSource<0x10652e200> (Domain: com.apple.keyboard.preferences, User: kCFPreferencesCurrentUser, ByHost: No, Container: (null), Contents Need Refresh: No)
2026-04-10 23:22:27.680 I  EdotReactNavExample[66438:12792fd] [com.apple.network:connection] nw_resolver_host_resolve_callback [C1.1] flags=0x40000003 ifindex=4294967295 error=NoError(0) hostname=localhost. addr=IPv6#18d051e4 ttl=1
2026-04-10 23:22:27.680 I  EdotReactNavExample[66438:12792fd] [com.apple.network:connection] nw_resolver_host_resolve_callback [C1.1] flags=0x40000002 ifindex=4294967295 error=NoError(0) hostname=localhost. addr=IPv4#51dbf883 ttl=1
2026-04-10 23:22:27.681 Db EdotReactNavExample[66438:12792fd] [com.apple.network:] sa_dst_compare_rfc6724 Rule 6, prefer d2, d2 precedence 50 > d1 precedence 35
2026-04-10 23:22:27.681 Db EdotReactNavExample[66438:12792fd] [com.apple.network:] sa_dst_compare_internal <private>@0 < <private>@0
2026-04-10 23:22:27.681 Db EdotReactNavExample[66438:12792fd] [com.apple.network:connection] nw_endpoint_resolver_update [C1.1 Hostname#39440cd2:53749 in_progress resolver (satisfied (Path is satisfied), interface: en0[802.11], uses wifi, LQM: unknown)] resolver is complete
2026-04-10 23:22:27.681 Df EdotReactNavExample[66438:12792fd] [com.apple.network:connection] nw_endpoint_resolver_update [C1.1 Hostname#39440cd2:53749 in_progress resolver (satisfied (Path is satisfied), interface: en0[802.11], uses wifi, LQM: unknown)] Adding endpoint handler for IPv6#a06412f4.53749
2026-04-10 23:22:27.681 Df EdotReactNavExample[66438:12792fd] [com.apple.network:connection] nw_endpoint_resolver_update [C1.1 Hostname#39440cd2:53749 in_progress resolver (satisfied (Path is satisfied), interface: en0[802.11], uses wifi, LQM: unknown)] Adding endpoint handler for IPv4#91c62b99:53749
2026-04-10 23:22:27.681 Db EdotReactNavExample[66438:12792fd] [com.apple.network:connection] nw_endpoint_resolver_update [C1.1 Hostname#39440cd2:53749 in_progress resolver (satisfied (Path is satisfied), interface: en0[802.11], uses wifi, LQM: unknown)] Updated endpoint list is (IPv6#a06412f4.53749,IPv4#91c62b99:53749)
2026-04-10 23:22:27.681 Db EdotReactNavExample[66438:12792fd] [com.apple.network:connection] nw_endpoint_flow_receive_report [C1 Hostname#39440cd2:53749 in_progress parent-flow (satisfied (Path is satisfied), interface: en0[802.11], uses wifi, LQM: unknown)] received child report: [C1.1 Hostname#39440cd2:53749 in_progress resolver (satisfied (Path is satisfied), interface: en0[802.11], uses wifi, LQM: unknown)]
2026-04-10 23:22:27.681 Df EdotReactNavExample[66438:12792fd] [com.apple.network:connection] [C1.1 Hostname#39440cd2:53749 in_progress resolver (satisfied (Path is satisfied), interface: en0[802.11], uses wifi, LQM: unknown)] event: resolver:receive_dns @0.006s
2026-04-10 23:22:27.681 I  EdotReactNavExample[66438:12792fd] [com.apple.network:connection] nw_endpoint_resolver_start_next_child [C1.1 Hostname#39440cd2:53749 in_progress resolver (satisfied (Path is satisfied), interface: en0[802.11], uses wifi, LQM: unknown)] starting child endpoint IPv6#a06412f4.53749
2026-04-10 23:22:27.681 I  EdotReactNavExample[66438:12792fd] [com.apple.network:connection] nw_endpoint_handler_start [C1.1.1 IPv6#a06412f4.53749 initial path ((null))]
2026-04-10 23:22:27.681 Db EdotReactNavExample[66438:12792fd] [com.apple.network:connection] nw_endpoint_resolver_receive_report [C1.1 Hostname#39440cd2:53749 in_progress resolver (satisfied (Path is satisfied), interface: en0[802.11], uses wifi, LQM: unknown)] received child report: [C1.1.1 IPv6#a06412f4.53749 initial path ((null))]
2026-04-10 23:22:27.681 Db EdotReactNavExample[66438:12792fd] [com.apple.network:connection] nw_endpoint_flow_receive_report [C1 Hostname#39440cd2:53749 in_progress parent-flow (satisfied (Path is satisfied), interface: en0[802.11], uses wifi, LQM: unknown)] received child report: [C1.1.1 IPv6#a06412f4.53749 initial path ((null))]
2026-04-10 23:22:27.681 Df EdotReactNavExample[66438:12792fd] [com.apple.network:connection] [C1.1.1 IPv6#a06412f4.53749 initial path ((null))] event: path:start @0.006s
2026-04-10 23:22:27.681 Db EdotReactNavExample[66438:127923c] [com.apple.defaults:User Defaults] CFPrefsPlistSource<0x10652e300> (Domain: com.apple.keyboard.preferences, User: kCFPreferencesCurrentUser, ByHost: No, Container: /Users/nonth/Library/Developer/CoreSimulator/Devices/B7E9BAD6-0C0D-41EE-BE0C-D49BF485382E/data, Contents Need Refresh: No) loaded: a new base plist and no additional changes from the base plist
2026-04-10 23:22:27.681 Db EdotReactNavExample[66438:127923c] [com.apple.defaults:User Defaults] CFPrefsPlistSource<0x10652e380> (Domain: com.apple.keyboard.preferences, User: kCFPreferencesCurrentUser, ByHost: Yes, Container: (null), Contents Need Refresh: No) loaded: an empty base plist and no additional changes from the base plist
2026-04-10 23:22:27.681 Db EdotReactNavExample[66438:12792fd] [com.apple.network:connection] nw_endpoint_handler_path_change [C1.1.1 IPv6#a06412f4.53749 waiting path (satisfied (Path is satisfied), interface: lo0)]
2026-04-10 23:22:27.681 Db EdotReactNavExample[66438:12792fd] [com.apple.network:connection] nw_endpoint_resolver_receive_report [C1.1 Hostname#39440cd2:53749 in_progress resolver (satisfied (Path is satisfied), interface: en0[802.11], uses wifi, LQM: unknown)] received child report: [C1.1.1 IPv6#a06412f4.53749 waiting path (satisfied (Path is satisfied), interface: lo0)]
2026-04-10 23:22:27.681 Db EdotReactNavExample[66438:12792fd] [com.apple.network:connection] nw_endpoint_flow_receive_report [C1 Hostname#39440cd2:53749 in_progress parent-flow (satisfied (Path is satisfied), interface: en0[802.11], uses wifi, LQM: unknown)] received child report: [C1.1.1 IPv6#a06412f4.53749 waiting path (satisfied (Path is satisfied), interface: lo0)]
2026-04-10 23:22:27.681 Db EdotReactNavExample[66438:127923c] [com.apple.defaults:User Defaults] found no value for key DidShowGestureKeyboardIntroduction in CFPrefsSearchListSource<0x10652e080> (Domain: com.apple.keyboard.preferences, Container: (null) Non-launch persona: 0)
2026-04-10 23:22:27.681 Df EdotReactNavExample[66438:12792fd] [com.apple.network:connection] [C1.1.1 IPv6#a06412f4.53749 waiting path (satisfied (Path is satisfied), interface: lo0)] event: path:satisfied @0.006s, uuid: 6198BB00-9276-450C-BA9B-2B34314BC500
2026-04-10 23:22:27.681 Db EdotReactNavExample[66438:127923c] [com.apple.defaults:User Defaults] setting {
    DidShowGestureKeyboardIntroduction = 1;
} in CFPrefsPlistSource<0x10652e200> (Domain: com.apple.keyboard.preferences, User: kCFPreferencesCurrentUser, ByHost: No, Container: (null), Contents Need Refresh: No)
2026-04-10 23:22:27.681 Db EdotReactNavExample[66438:12792fd] [com.apple.network:] nw_endpoint_proxy_handler_should_use_proxy Looking up proxy for hostname: <nil>, ifindex: 0
2026-04-10 23:22:27.681 Db EdotReactNavExample[66438:12792fd] [com.apple.SystemConfiguration:SCPreferences] create <SCPreferences 0x10664c000 [0x1e70e00c0]> {name = SCDynamicStoreCopyProxiesWithOptions, id = /Library/Managed Preferences/mobile/com.apple.SystemConfiguration.plist, path = /Library/Managed Preferences/mobile/com.apple.SystemConfiguration.plist}
2026-04-10 23:22:27.681 Db EdotReactNavExample[66438:12792fd] [com.apple.SystemConfiguration:SCPreferences] SCPreferences() access: /Library/Managed Preferences/mobile/com.apple.SystemConfiguration.plist, size=0
2026-04-10 23:22:27.681 Db EdotReactNavExample[66438:12792fd] [com.apple.SystemConfiguration:SCPreferences] release <SCPreferences 0x10664c000 [0x1e70e00c0]> {name = SCDynamicStoreCopyProxiesWithOptions, id = /Library/Managed Preferences/mobile/com.apple.SystemConfiguration.plist, path = /Library/Managed Preferences/mobile/com.apple.SystemConfiguration.plist, accessed}
2026-04-10 23:22:27.681 I  EdotReactNavExample[66438:12792fd] [com.apple.network:connection] nw_association_create_flow <nw_association IPv6#a06412f4.53749> Added association flow ID 47285E22-B109-46C0-9CD1-C1CC486BAEC0
2026-04-10 23:22:27.681 I  EdotReactNavExample[66438:12792fd] [com.apple.network:connection] nw_endpoint_flow_setup_protocols [C1.1.1 IPv6#a06412f4.53749 in_progress socket-flow (satisfied (Path is satisfied), interface: lo0)] setup flow id 47285E22-B109-46C0-9CD1-C1CC486BAEC0
2026-04-10 23:22:27.681 Db EdotReactNavExample[66438:12792fd] [com.apple.network:connection] nw_endpoint_flow_attach_protocols [C1.1.1 IPv6#a06412f4.53749 in_progress socket-flow (satisfied (Path is satisfied), interface: lo0)]
2026-04-10 23:22:27.681 Db EdotReactNavExample[66438:12792fd] [com.apple.network:connection] nw_endpoint_flow_attach_protocols_block_invoke [C1.1.1 IPv6#a06412f4.53749 in_progress socket-flow (satisfied (Path is satisfied), interface: lo0)] Attached application protocol: CFNetworkConnection-2003639837
2026-04-10 23:22:27.681 Db EdotReactNavExample[66438:12792fd] [com.apple.network:] nw_fd_wrapper_create Created <fd_wrapper 7, guarded: false>
2026-04-10 23:22:27.681 Db EdotReactNavExample[66438:12792fd] [com.apple.network:connection] nw_endpoint_flow_attach_protocols [C1.1.1 IPv6#a06412f4.53749 in_progress socket-flow (satisfied (Path is satisfied), interface: lo0)] Attached socket protocol
2026-04-10 23:22:27.681 Db EdotReactNavExample[66438:12792fd] [com.apple.network:connection] nw_endpoint_flow_setup_protocols [C1.1.1 IPv6#a06412f4.53749 in_progress socket-flow (satisfied (Path is satisfied), interface: lo0)] leaf flow starting
2026-04-10 23:22:27.681 Db EdotReactNavExample[66438:12792fd] [com.apple.network:connection] nw_endpoint_resolver_receive_report [C1.1 Hostname#39440cd2:53749 in_progress resolver (satisfied (Path is satisfied), interface: en0[802.11], uses wifi, LQM: unknown)] received child report: [C1.1.1 IPv6#a06412f4.53749 in_progress socket-flow (satisfied (Path is satisfied), interface: lo0)]
2026-04-10 23:22:27.681 Db EdotReactNavExample[66438:12792fd] [com.apple.network:connection] nw_endpoint_flow_receive_report [C1 Hostname#39440cd2:53749 in_progress parent-flow (satisfied (Path is satisfied), interface: en0[802.11], uses wifi, LQM: unknown)] received child report: [C1.1.1 IPv6#a06412f4.53749 in_progress socket-flow (satisfied (Path is satisfied), interface: lo0)]
2026-04-10 23:22:27.681 Df EdotReactNavExample[66438:12792fd] [com.apple.network:connection] [C1.1.1 IPv6#a06412f4.53749 in_progress socket-flow (satisfied (Path is satisfied), interface: lo0)] event: flow:start_connect @0.006s
2026-04-10 23:22:27.682 I  EdotReactNavExample[66438:12792fd] [com.apple.network:connection] nw_connection_get_association_rtt_estimate_ms [C1] Association has 0 connected flows
2026-04-10 23:22:27.682 Db EdotReactNavExample[66438:12792fd] [com.apple.network:connection] nw_connection_endpoint_report_on_nw_queue_block_invoke [C1] Flow event 3 triggering STARTING_NEW_ATTEMPT (attempt #1)
2026-04-10 23:22:27.682 I  EdotReactNavExample[66438:12792fd] [com.apple.network:connection] nw_endpoint_flow_start_connect_stall_timer [C1.1.1 IPv6#a06412f4.53749 in_progress socket-flow (satisfied (Path is satisfied), interface: lo0)] starting connect connect stall timer (2000ms)
2026-04-10 23:22:27.682 I  EdotReactNavExample[66438:12792fd] [com.apple.network:connection] nw_endpoint_resolver_start_next_child [C1.1 Hostname#39440cd2:53749 in_progress resolver (satisfied (Path is satisfied), interface: en0[802.11], uses wifi, LQM: unknown)] starting next child endpoint in 100ms
2026-04-10 23:22:27.682 Db EdotReactNavExample[66438:12792fd] [com.apple.network:connection] nw_socket_handle_socket_event [C1.1.1:2] Event mask: 0x800
2026-04-10 23:22:27.682 Df EdotReactNavExample[66438:12792fd] [com.apple.network:connection] nw_socket_handle_socket_event [C1.1.1:2] Socket received CONNECTED event
2026-04-10 23:22:27.682 Db EdotReactNavExample[66438:12792fd] [com.apple.network:connection] nw_socket_setup_notsent_lowat [C1.1.1:2] Set TCP_NOTSENT_LOWAT(16384)
2026-04-10 23:22:27.682 Df EdotReactNavExample[66438:12792fd] [com.apple.network:connection] nw_flow_connected [C1.1.1 IPv6#a06412f4.53749 in_progress socket-flow (satisfied (Path is satisfied), interface: lo0)] Transport protocol connected (socket)
2026-04-10 23:22:27.682 Db EdotReactNavExample[66438:12792fd] [com.apple.network:connection] nw_endpoint_resolver_receive_report [C1.1 Hostname#39440cd2:53749 in_progress resolver (satisfied (Path is satisfied), interface: en0[802.11], uses wifi, LQM: unknown)] received child report: [C1.1.1 IPv6#a06412f4.53749 in_progress socket-flow (satisfied (Path is satisfied), interface: lo0)]
2026-04-10 23:22:27.682 Db EdotReactNavExample[66438:12792fd] [com.apple.network:connection] nw_endpoint_flow_receive_report [C1 Hostname#39440cd2:53749 in_progress parent-flow (satisfied (Path is satisfied), interface: en0[802.11], uses wifi, LQM: unknown)] received child report: [C1.1.1 IPv6#a06412f4.53749 in_progress socket-flow (satisfied (Path is satisfied), interface: lo0)]
2026-04-10 23:22:27.682 Df EdotReactNavExample[66438:12792fd] [com.apple.network:connection] [C1.1.1 IPv6#a06412f4.53749 in_progress socket-flow (satisfied (Path is satisfied), interface: lo0)] event: flow:finish_transport @0.007s
2026-04-10 23:22:27.682 Db EdotReactNavExample[66438:12792fd] [com.apple.network:connection] nw_connection_endpoint_report_on_nw_queue_block_invoke [C1] TRANSPORT_COMPLETE: actual RTT from path = 0ms
2026-04-10 23:22:27.682 Db EdotReactNavExample[66438:12792fd] [com.apple.network:connection] nw_connection_endpoint_report_on_nw_queue_block_invoke [C1] TRANSPORT_COMPLETE: no actual RTT or cache, using default est=100ms
2026-04-10 23:22:27.682 I  EdotReactNavExample[66438:12792fd] [com.apple.network:connection] nw_endpoint_resolver_receive_report [C1.1 Hostname#39440cd2:53749 in_progress resolver (satisfied (Path is satisfied), interface: en0[802.11], uses wifi, LQM: unknown)] pushing out endpoint race by 2000ms
2026-04-10 23:22:27.682 Df EdotReactNavExample[66438:12792fd] [com.apple.network:connection] nw_flow_connected [C1.1.1 IPv6#a06412f4.53749 in_progress socket-flow (satisfied (Path is satisfied), interface: lo0)] Output protocol connected (CFNetworkConnection-2003639837)
2026-04-10 23:22:27.682 Db EdotReactNavExample[66438:12792fd] [com.apple.network:connection] nw_endpoint_flow_connected_path_change [C1.1.1 IPv6#a06412f4.53749 ready socket-flow (satisfied (Path is satisfied), interface: lo0)]
2026-04-10 23:22:27.682 I  EdotReactNavExample[66438:12792fd] [com.apple.network:connection] nw_endpoint_flow_connected_path_change [C1.1.1 IPv6#a06412f4.53749 ready socket-flow (satisfied (Path is satisfied), interface: lo0)] Connected path is satisfied, not viable
2026-04-10 23:22:27.682 Db EdotReactNavExample[66438:12792fd] [com.apple.network:connection] nw_endpoint_resolver_receive_report [C1.1 Hostname#39440cd2:53749 in_progress resolver (satisfied (Path is satisfied), interface: en0[802.11], uses wifi, LQM: unknown)] received child report: [C1.1.1 IPv6#a06412f4.53749 ready socket-flow (satisfied (Path is satisfied), interface: lo0)]
2026-04-10 23:22:27.682 Db EdotReactNavExample[66438:12792fd] [com.apple.network:connection] nw_endpoint_flow_receive_report [C1 Hostname#39440cd2:53749 in_progress parent-flow (satisfied (Path is satisfied), interface: en0[802.11], uses wifi, LQM: unknown)] received child report: [C1.1.1 IPv6#a06412f4.53749 ready socket-flow (satisfied (Path is satisfied), interface: lo0)]
2026-04-10 23:22:27.682 Df EdotReactNavExample[66438:12792fd] [com.apple.network:connection] [C1.1.1 IPv6#a06412f4.53749 ready socket-flow (satisfied (Path is satisfied), interface: lo0)] event: flow:child_finish_connect @0.007s
2026-04-10 23:22:27.682 Db EdotReactNavExample[66438:12792fd] [com.apple.network:connection] nw_endpoint_flow_receive_report [C1 IPv6#a06412f4.53749 in_progress parent-flow (satisfied (Path is satisfied), interface: en0[802.11], uses wifi, LQM: unknown)] connecting endpoint_flow to child's shared protocol
2026-04-10 23:22:27.682 Db EdotReactNavExample[66438:12792fd] [com.apple.network:connection] nw_endpoint_flow_setup_protocols [C1 IPv6#a06412f4.53749 in_progress parent-flow (satisfied (Path is satisfied), interface: en0[802.11], uses wifi, LQM: unknown)] already set up
2026-04-10 23:22:27.682 Db EdotReactNavExample[66438:12792fd] [com.apple.network:connection] nw_endpoint_flow_setup_protocols [C1 IPv6#a06412f4.53749 in_progress parent-flow (satisfied (Path is satisfied), interface: en0[802.11], uses wifi, LQM: unknown)] child flow connected, starting
2026-04-10 23:22:27.682 Db EdotReactNavExample[66438:12792fd] [com.apple.network:connection] nw_endpoint_flow_setup_protocols [C1 IPv6#a06412f4.53749 in_progress parent-flow (satisfied (Path is satisfied), interface: en0[802.11], uses wifi, LQM: unknown)] already started
2026-04-10 23:22:27.682 Db EdotReactNavExample[66438:12792fd] [com.apple.network:connection] nw_endpoint_flow_receive_report [C1 IPv6#a06412f4.53749 in_progress parent-flow (satisfied (Path is satisfied), interface: en0[802.11], uses wifi, LQM: unknown)] received child report: [C1.1 Hostname#39440cd2:53749 ready resolver (satisfied (Path is satisfied), interface: en0[802.11], uses wifi, LQM: unknown)]
2026-04-10 23:22:27.682 Df EdotReactNavExample[66438:12792fd] [com.apple.network:connection] [C1.1 Hostname#39440cd2:53749 ready resolver (satisfied (Path is satisfied), interface: en0[802.11], uses wifi, LQM: unknown)] event: flow:child_finish_connect @0.007s
2026-04-10 23:22:27.682 I  EdotReactNavExample[66438:12792fd] [com.apple.network:connection] nw_endpoint_handler_cancel [C1.1.2 IPv4#91c62b99:53749 initial path ((null))]
2026-04-10 23:22:27.682 Df EdotReactNavExample[66438:12792fd] [com.apple.network:connection] nw_flow_connected [C1 IPv6#a06412f4.53749 in_progress parent-flow (satisfied (Path is satisfied), interface: en0[802.11], uses wifi, LQM: unknown)] Output protocol connected (endpoint_flow)
2026-04-10 23:22:27.682 Db EdotReactNavExample[66438:12792fd] [com.apple.network:connection] nw_endpoint_flow_connected_path_change [C1 IPv6#a06412f4.53749 ready parent-flow (satisfied (Path is satisfied), interface: en0[802.11], uses wifi, LQM: unknown)]
2026-04-10 23:22:27.682 I  EdotReactNavExample[66438:12792fd] [com.apple.network:connection] nw_endpoint_flow_connected_path_change [C1 IPv6#a06412f4.53749 ready parent-flow (satisfied (Path is satisfied), interface: en0[802.11], uses wifi, LQM: unknown)] Connected path is satisfied, child is not viable
2026-04-10 23:22:27.682 Df EdotReactNavExample[66438:12792fd] [com.apple.network:connection] [C1 IPv6#a06412f4.53749 ready parent-flow (satisfied (Path is satisfied), interface: en0[802.11], uses wifi, LQM: unknown)] event: flow:finish_connect @0.007s
2026-04-10 23:22:27.682 Db EdotReactNavExample[66438:12792fd] [com.apple.network:connection] nw_connection_run_pqtls_probe_locked_on_nw_queue [C1] No TLS metadata; not running PQ-TLS probe
2026-04-10 23:22:27.682 Db EdotReactNavExample[66438:12792fd] [com.apple.network:connection] nw_connection_run_ech_probe_locked_on_nw_queue [C1] stack doesn't include TLS; not running ECH probe
2026-04-10 23:22:27.682 Db EdotReactNavExample[66438:12792fd] [com.apple.network:connection] nw_connection_endpoint_report_on_nw_queue_block_invoke [C1] Connected fallback generation 0
2026-04-10 23:22:27.682 I  EdotReactNavExample[66438:12792fd] [com.apple.network:connection] nw_connection_start_candidate_manager_if_needed_locked [C1] Checking whether to start candidate manager
2026-04-10 23:22:27.682 Db EdotReactNavExample[66438:12792fd] [com.apple.network:connection] nw_connection_start_candidate_manager_if_needed_locked [C1] Connection does not support multipath, not starting candidate manager
2026-04-10 23:22:27.682 Df EdotReactNavExample[66438:12792fd] [com.apple.network:connection] nw_connection_report_state_with_handler_on_nw_queue [C1] reporting state ready
2026-04-10 23:22:27.682 Df EdotReactNavExample[66438:12792fd] [com.apple.CFNetwork:Default] Connection 1: connected successfully
2026-04-10 23:22:27.682 Df EdotReactNavExample[66438:12792fd] [com.apple.CFNetwork:Default] Connection 1: ready C(N) E(N)
2026-04-10 23:22:27.682 Df EdotReactNavExample[66438:127923c] [com.apple.BoardServices:XPCErrors] [C:1] Alloc com.apple.frontboard.systemappservices
2026-04-10 23:22:27.682 Db EdotReactNavExample[66438:12792fd] [com.apple.CFNetwork:Default] Task <74E48D50-32DC-415D-BAA7-B2BA9400B27C>.<1> done setting up Connection 1
2026-04-10 23:22:27.683 Db EdotReactNavExample[66438:12792fd] [com.apple.network:activity] Returning should log: 0 for activity cfnetwork:foreground_task
2026-04-10 23:22:27.683 Df EdotReactNavExample[66438:12792fd] [com.apple.CFNetwork:Default] Task <74E48D50-32DC-415D-BAA7-B2BA9400B27C>.<1> now using Connection 1
2026-04-10 23:22:27.683 Db EdotReactNavExample[66438:12792fd] [com.apple.network:activity] Returning should log: 0 for activity cfnetwork:foreground_task
2026-04-10 23:22:27.683 Db EdotReactNavExample[66438:12792fd] [com.apple.CFBundle:resources] Resource lookup at CFBundle 0x1064dc7e0 </Library/Developer/CoreSimulator/Volumes/iOS_23E244/Library/Developer/CoreSimulator/Profiles/Runtimes/iOS 26.4.simruntime/Contents/Resources/RuntimeRoot/System/Library/Frameworks/CFNetwork.framework> (framework, loaded)
	Request       : InfoPlist type: loctable
	Result        : None
2026-04-10 23:22:27.683 Db EdotReactNavExample[66438:12792fd] [com.apple.CFBundle:resources] Resource lookup at CFBundle 0x1064dc7e0 </Library/Developer/CoreSimulator/Volumes/iOS_23E244/Library/Developer/CoreSimulator/Profiles/Runtimes/iOS 26.4.simruntime/Contents/Resources/RuntimeRoot/System/Library/Frameworks/CFNetwork.framework> (framework, loaded)
	Request       : InfoPlist type: strings
	Result        : None
2026-04-10 23:22:27.683 Db EdotReactNavExample[66438:12792fd] [com.apple.CFBundle:resources] Resource lookup at CFBundle 0x1064dc7e0 </Library/Developer/CoreSimulator/Volumes/iOS_23E244/Library/Developer/CoreSimulator/Profiles/Runtimes/iOS 26.4.simruntime/Contents/Resources/RuntimeRoot/System/Library/Frameworks/CFNetwork.framework> (framework, loaded)
	Request       : InfoPlist type: stringsdict
	Result        : None
2026-04-10 23:22:27.683 Df EdotReactNavExample[66438:12792fd] [com.apple.CFNetwork:Default] Task <74E48D50-32DC-415D-BAA7-B2BA9400B27C>.<1> sent request, body N 0
2026-04-10 23:22:27.683 Df EdotReactNavExample[66438:127923c] [com.apple.xpc:connection] [0x1065bcf00] activating connection: mach=false listener=false peer=false name=(anonymous)
2026-04-10 23:22:27.684 Db EdotReactNavExample[66438:12792fd] [com.apple.BaseBoard:MachPort]  *|machport|* <BSMachPortTaskNameRight: 0x1064c9b40; usable: YES; (66438:3713:send task_name_for_pid:SpringBoard.50481)> -> (<NSThread: 0x1064c9bc0>{number = 3, name = (null)}) (
	0   BaseBoard                           0x0000000184059048 -[BSMachPortRight _initWithPort:type:owner:trace:] + 200
	1   BaseBoard                           0x000000018405b074 -[BSMachPortTaskNameRight initWithPID:] + 276
	2   BaseBoard                           0x000000018405af04 +[BSMachPortTaskNameRight taskNameForPID:] + 56
	3   BaseBoard                           0x000000018406e490 +[BSProcessHandle processHandleForXPCConnection:] + 176
	4   BoardServices                       0x0000000188208ac8 +[BSXPCServiceConnectionPeer peerOfConnection:] + 320
	5   BoardServices                       0x000000018823f68c __55-[BSXPCServiceConnection _lock_activateNowOrWhenReady:]_block_invoke_2 + 140
	6   BoardServices                       0x0000000188235a44 __55-[BSXPCServiceConnectionMessage _actuallySendWithMode:]_block_invoke + 164
	7
2026-04-10 23:22:27.685 Db EdotReactNavExample[66438:127923c] [com.apple.defaults:User Defaults] CFPrefsPlistSource<0x10652e300> (Domain: com.apple.keyboard.preferences, User: kCFPreferencesCurrentUser, ByHost: No, Container: /Users/nonth/Library/Developer/CoreSimulator/Devices/B7E9BAD6-0C0D-41EE-BE0C-D49BF485382E/data, Contents Need Refresh: No) loaded: a new base plist and no additional changes from the base plist
2026-04-10 23:22:27.685 Db EdotReactNavExample[66438:127923c] [com.apple.defaults:User Defaults] CFPrefsPlistSource<0x10652e380> (Domain: com.apple.keyboard.preferences, User: kCFPreferencesCurrentUser, ByHost: Yes, Container: (null), Contents Need Refresh: No) loaded: an empty base plist and no additional changes from the base plist
2026-04-10 23:22:27.685 Db EdotReactNavExample[66438:127923c] [com.apple.defaults:User Defaults] found no value for key DidShowContinuousPathIntroduction in CFPrefsSearchListSource<0x10652e080> (Domain: com.apple.keyboard.preferences, Container: (null) Non-launch persona: 0)
2026-04-10 23:22:27.685 Db EdotReactNavExample[66438:127923c] [com.apple.defaults:User Defaults] setting {
    DidShowContinuousPathIntroduction = 1;
} in CFPrefsPlistSource<0x10652e200> (Domain: com.apple.keyboard.preferences, User: kCFPreferencesCurrentUser, ByHost: No, Container: (null), Contents Need Refresh: No)
2026-04-10 23:22:27.686 Df EdotReactNavExample[66438:12792c0] [com.apple.CFNetwork:Default] Task <74E48D50-32DC-415D-BAA7-B2BA9400B27C>.<1> received response, status 101 content U
2026-04-10 23:22:27.686 Df EdotReactNavExample[66438:12792c0] [com.apple.CFNetwork:Default] Task <74E48D50-32DC-415D-BAA7-B2BA9400B27C>.<1> response ended
2026-04-10 23:22:27.686 Df EdotReactNavExample[66438:12792c0] [com.apple.CFNetwork:Default] Task <74E48D50-32DC-415D-BAA7-B2BA9400B27C>.<1> done using Connection 1
2026-04-10 23:22:27.686 Db EdotReactNavExample[66438:12792c0] [com.apple.network:activity] Returning should log: 0 for activity cfnetwork:foreground_task
2026-04-10 23:22:27.686 Db EdotReactNavExample[66438:12792fe] [com.apple.cfnetwork:websocket] Task <74E48D50-32DC-415D-BAA7-B2BA9400B27C>.<1> handshake successful
2026-04-10 23:22:27.686 Db EdotReactNavExample[66438:12792c0] [com.apple.network:connection] nw_endpoint_handler_modify_protocol_stack [C1.1.1 IPv6#a06412f4.53749 ready socket-flow (satisfied (Path is satisfied), interface: lo0)] Modified protocol stack
2026-04-10 23:22:27.686 Db EdotReactNavExample[66438:12792c0] [com.apple.network:connection] nw_endpoint_resolver_receive_report [C1.1 Hostname#39440cd2:53749 ready resolver (satisfied (Path is satisfied), interface: en0[802.11], uses wifi, LQM: unknown)] received child report: [C1.1.1 IPv6#a06412f4.53749 in_progress socket-flow (satisfied (Path is satisfied), interface: lo0)]
2026-04-10 23:22:27.686 Db EdotReactNavExample[66438:12792c0] [com.apple.network:connection] nw_endpoint_flow_receive_report [C1 IPv6#a06412f4.53749 ready parent-flow (satisfied (Path is satisfied), interface: en0[802.11], uses wifi, LQM: unknown)] received child report: [C1.1.1 IPv6#a06412f4.53749 in_progress socket-flow (satisfied (Path is satisfied), interface: lo0)]
2026-04-10 23:22:27.686 Df EdotReactNavExample[66438:12792c0] [com.apple.network:connection] [C1.1.1 IPv6#a06412f4.53749 in_progress socket-flow (satisfied (Path is satisfied), interface: lo0)] event: flow:start_secondary_connect @0.011s
2026-04-10 23:22:27.686 I  EdotReactNavExample[66438:12792c0] [com.apple.network:connection] nw_connection_get_association_rtt_estimate_ms [C1] Association has 1 connected flows
2026-04-10 23:22:27.686 I  EdotReactNavExample[66438:12792c0] [com.apple.network:connection] nw_connection_get_association_rtt_estimate_ms [C1] nw_path_get_rtt_values returned false for association path
2026-04-10 23:22:27.686 Db EdotReactNavExample[66438:12792c0] [com.apple.network:connection] nw_connection_endpoint_report_on_nw_queue_block_invoke [C1] Flow event 4 triggering STARTING_NEW_ATTEMPT (attempt #2)
2026-04-10 23:22:27.686 Db EdotReactNavExample[66438:12792c0] [com.apple.network:connection] nw_endpoint_flow_receive_report [C1 IPv6#a06412f4.53749 ready parent-flow (satisfied (Path is satisfied), interface: en0[802.11], uses wifi, LQM: unknown)] received child report: [C1.1 Hostname#39440cd2:53749 in_progress resolver (satisfied (Path is satisfied), interface: en0[802.11], uses wifi, LQM: unknown)]
2026-04-10 23:22:27.686 Df EdotReactNavExample[66438:12792c0] [com.apple.network:connection] [C1.1 Hostname#39440cd2:53749 in_progress resolver (satisfied (Path is satisfied), interface: en0[802.11], uses wifi, LQM: unknown)] event: flow:start_secondary_connect @0.011s
2026-04-10 23:22:27.686 I  EdotReactNavExample[66438:12792c0] [com.apple.network:connection] nw_connection_get_association_rtt_estimate_ms [C1] Association has 1 connected flows
2026-04-10 23:22:27.686 I  EdotReactNavExample[66438:12792c0] [com.apple.network:connection] nw_connection_get_association_rtt_estimate_ms [C1] nw_path_get_rtt_values returned false for association path
2026-04-10 23:22:27.686 Db EdotReactNavExample[66438:12792c0] [com.apple.network:connection] nw_connection_endpoint_report_on_nw_queue_block_invoke [C1] Flow event 4 triggering STARTING_NEW_ATTEMPT (attempt #3)
2026-04-10 23:22:27.686 Df EdotReactNavExample[66438:12792c0] [com.apple.network:connection] [C1 IPv6#a06412f4.53749 in_progress parent-flow (satisfied (Path is satisfied), interface: en0[802.11], uses wifi, LQM: unknown)] event: flow:start_secondary_connect @0.011s
2026-04-10 23:22:27.686 Df EdotReactNavExample[66438:12792c0] [com.apple.network:connection] nw_connection_report_state_with_handler_on_nw_queue [C1] reporting state preparing
2026-04-10 23:22:27.686 Db EdotReactNavExample[66438:12792c0] [com.apple.network:connection] nw_endpoint_resolver_receive_report [C1.1 Hostname#39440cd2:53749 in_progress resolver (satisfied (Path is satisfied), interface: en0[802.11], uses wifi, LQM: unknown)] received child report: [C1.1.1 IPv6#a06412f4.53749 in_progress socket-flow (satisfied (Path is satisfied), interface: lo0)]
2026-04-10 23:22:27.686 Db EdotReactNavExample[66438:12792c0] [com.apple.network:connection] nw_endpoint_flow_receive_report [C1 IPv6#a06412f4.53749 in_progress parent-flow (satisfied (Path is satisfied), interface: en0[802.11], uses wifi, LQM: unknown)] received child report: [C1.1.1 IPv6#a06412f4.53749 in_progress socket-flow (satisfied (Path is satisfied), interface: lo0)]
2026-04-10 23:22:27.686 Df EdotReactNavExample[66438:12792c0] [com.apple.network:connection] [C1.1.1 IPv6#a06412f4.53749 in_progress socket-flow (satisfied (Path is satisfied), interface: lo0)] event: flow:start_connect @0.011s
2026-04-10 23:22:27.686 I  EdotReactNavExample[66438:12792c0] [com.apple.network:connection] nw_connection_get_association_rtt_estimate_ms [C1] Association has 1 connected flows
2026-04-10 23:22:27.686 I  EdotReactNavExample[66438:12792c0] [com.apple.network:connection] nw_connection_get_association_rtt_estimate_ms [C1] nw_path_get_rtt_values returned false for association path
2026-04-10 23:22:27.686 Db EdotReactNavExample[66438:12792c0] [com.apple.network:connection] nw_connection_endpoint_report_on_nw_queue_block_invoke [C1] Flow event 3 triggering STARTING_NEW_ATTEMPT (attempt #4)
2026-04-10 23:22:27.686 Db EdotReactNavExample[66438:12792c0] [com.apple.network:connection] nw_endpoint_flow_receive_report [C1 IPv6#a06412f4.53749 in_progress parent-flow (satisfied (Path is satisfied), interface: en0[802.11], uses wifi, LQM: unknown)] received child report: [C1.1 Hostname#39440cd2:53749 in_progress resolver (satisfied (Path is satisfied), interface: en0[802.11], uses wifi, LQM: unknown)]
2026-04-10 23:22:27.686 Df EdotReactNavExample[66438:12792c0] [com.apple.network:connection] [C1.1 Hostname#39440cd2:53749 in_progress resolver (satisfied (Path is satisfied), interface: en0[802.11], uses wifi, LQM: unknown)] event: flow:start_connect @0.011s
2026-04-10 23:22:27.686 I  EdotReactNavExample[66438:12792c0] [com.apple.network:connection] nw_connection_get_association_rtt_estimate_ms [C1] Association has 1 connected flows
2026-04-10 23:22:27.686 I  EdotReactNavExample[66438:12792c0] [com.apple.network:connection] nw_connection_get_association_rtt_estimate_ms [C1] nw_path_get_rtt_values returned false for association path
2026-04-10 23:22:27.687 Db EdotReactNavExample[66438:12792c0] [com.apple.network:connection] nw_connection_endpoint_report_on_nw_queue_block_invoke [C1] Flow event 3 triggering STARTING_NEW_ATTEMPT (attempt #5)
2026-04-10 23:22:27.687 Df EdotReactNavExample[66438:12792c0] [com.apple.network:connection] [C1 IPv6#a06412f4.53749 in_progress parent-flow (satisfied (Path is satisfied), interface: en0[802.11], uses wifi, LQM: unknown)] event: flow:start_connect @0.011s
2026-04-10 23:22:27.687 I  EdotReactNavExample[66438:12792c0] [com.apple.network:connection] nw_endpoint_flow_start_connect_stall_timer [C1.1.1 IPv6#a06412f4.53749 in_progress socket-flow (satisfied (Path is satisfied), interface: lo0)] starting connect connect stall timer (2000ms)
2026-04-10 23:22:27.687 Df EdotReactNavExample[66438:12792c0] [com.apple.network:connection] nw_flow_connected [C1.1.1 IPv6#a06412f4.53749 in_progress socket-flow (satisfied (Path is satisfied), interface: lo0)] Transport protocol connected (socket)
2026-04-10 23:22:27.687 Db EdotReactNavExample[66438:12792c0] [com.apple.network:connection] nw_endpoint_resolver_receive_report [C1.1 Hostname#39440cd2:53749 in_progress resolver (satisfied (Path is satisfied), interface: en0[802.11], uses wifi, LQM: unknown)] received child report: [C1.1.1 IPv6#a06412f4.53749 in_progress socket-flow (satisfied (Path is satisfied), interface: lo0)]
2026-04-10 23:22:27.687 Db EdotReactNavExample[66438:12792c0] [com.apple.network:connection] nw_endpoint_flow_receive_report [C1 IPv6#a06412f4.53749 in_progress parent-flow (satisfied (Path is satisfied), interface: en0[802.11], uses wifi, LQM: unknown)] received child report: [C1.1.1 IPv6#a06412f4.53749 in_progress socket-flow (satisfied (Path is satisfied), interface: lo0)]
2026-04-10 23:22:27.687 Df EdotReactNavExample[66438:12792c0] [com.apple.network:connection] [C1.1.1 IPv6#a06412f4.53749 in_progress socket-flow (satisfied (Path is satisfied), interface: lo0)] event: flow:finish_transport @0.012s
2026-04-10 23:22:27.687 Db EdotReactNavExample[66438:12792c0] [com.apple.network:connection] nw_connection_endpoint_report_on_nw_queue_block_invoke [C1] TRANSPORT_COMPLETE: actual RTT from path = 0ms
2026-04-10 23:22:27.687 Db EdotReactNavExample[66438:12792c0] [com.apple.network:connection] nw_connection_endpoint_report_on_nw_queue_block_invoke [C1] TRANSPORT_COMPLETE: no actual RTT or cache, using default est=100ms
2026-04-10 23:22:27.687 Db EdotReactNavExample[66438:12792c0] [com.apple.network:connection] nw_endpoint_flow_receive_report [C1 IPv6#a06412f4.53749 in_progress parent-flow (satisfied (Path is satisfied), interface: en0[802.11], uses wifi, LQM: unknown)] received child report: [C1.1 Hostname#39440cd2:53749 in_progress resolver (satisfied (Path is satisfied), interface: en0[802.11], uses wifi, LQM: unknown)]
2026-04-10 23:22:27.687 Df EdotReactNavExample[66438:12792c0] [com.apple.network:connection] [C1.1 Hostname#39440cd2:53749 in_progress resolver (satisfied (Path is satisfied), interface: en0[802.11], uses wifi, LQM: unknown)] event: flow:finish_transport @0.012s
2026-04-10 23:22:27.687 Db EdotReactNavExample[66438:12792c0] [com.apple.network:connection] nw_connection_endpoint_report_on_nw_queue_block_invoke [C1] TRANSPORT_COMPLETE: actual RTT from path = 0ms
2026-04-10 23:22:27.687 Db EdotReactNavExample[66438:12792c0] [com.apple.network:connection] nw_connection_endpoint_report_on_nw_queue_block_invoke [C1] TRANSPORT_COMPLETE: no actual RTT or cache, using default est=100ms
2026-04-10 23:22:27.687 Df EdotReactNavExample[66438:12792c0] [com.apple.network:connection] [C1 IPv6#a06412f4.53749 in_progress parent-flow (satisfied (Path is satisfied), interface: en0[802.11], uses wifi, LQM: unknown)] event: flow:finish_transport @0.012s
2026-04-10 23:22:27.687 Db EdotReactNavExample[66438:12792c0] [com.apple.network:connection] nw_connection_endpoint_report_on_nw_queue_block_invoke [C1] TRANSPORT_COMPLETE: actual RTT from path = 0ms
2026-04-10 23:22:27.687 Db EdotReactNavExample[66438:12792c0] [com.apple.network:connection] nw_connection_endpoint_report_on_nw_queue_block_invoke [C1] TRANSPORT_COMPLETE: no actual RTT or cache, using default est=100ms
2026-04-10 23:22:27.687 Df EdotReactNavExample[66438:12792c0] [com.apple.network:connection] nw_flow_connected [C1.1.1 IPv6#a06412f4.53749 in_progress socket-flow (satisfied (Path is satisfied), interface: lo0)] Output protocol connected (CFNetworkConnection-2003639837)
2026-04-10 23:22:27.687 Db EdotReactNavExample[66438:12792c0] [com.apple.network:connection] nw_endpoint_flow_connected_path_change [C1.1.1 IPv6#a06412f4.53749 ready socket-flow (satisfied (Path is satisfied), interface: lo0)]
2026-04-10 23:22:27.687 I  EdotReactNavExample[66438:12792c0] [com.apple.network:connection] nw_endpoint_flow_connected_path_change [C1.1.1 IPv6#a06412f4.53749 ready socket-flow (satisfied (Path is satisfied), interface: lo0)] Connected path is satisfied, not viable
2026-04-10 23:22:27.687 Db EdotReactNavExample[66438:12792c0] [com.apple.network:connection] nw_endpoint_resolver_receive_report [C1.1 Hostname#39440cd2:53749 in_progress resolver (satisfied (Path is satisfied), interface: en0[802.11], uses wifi, LQM: unknown)] received child report: [C1.1.1 IPv6#a06412f4.53749 ready socket-flow (satisfied (Path is satisfied), interface: lo0)]
2026-04-10 23:22:27.687 Db EdotReactNavExample[66438:12792c0] [com.apple.network:connection] nw_endpoint_flow_receive_report [C1 IPv6#a06412f4.53749 in_progress parent-flow (satisfied (Path is satisfied), interface: en0[802.11], uses wifi, LQM: unknown)] received child report: [C1.1.1 IPv6#a06412f4.53749 ready socket-flow (satisfied (Path is satisfied), interface: lo0)]
2026-04-10 23:22:27.687 Df EdotReactNavExample[66438:12792c0] [com.apple.network:connection] [C1.1.1 IPv6#a06412f4.53749 ready socket-flow (satisfied (Path is satisfied), interface: lo0)] event: flow:child_finish_connect @0.012s
2026-04-10 23:22:27.687 Db EdotReactNavExample[66438:12792c0] [com.apple.network:connection] nw_endpoint_flow_receive_report [C1 IPv6#a06412f4.53749 in_progress parent-flow (satisfied (Path is satisfied), interface: en0[802.11], uses wifi, LQM: unknown)] received child report: [C1.1 Hostname#39440cd2:53749 ready resolver (satisfied (Path is satisfied), interface: en0[802.11], uses wifi, LQM: unknown)]
2026-04-10 23:22:27.687 Df EdotReactNavExample[66438:12792c0] [com.apple.network:connection] [C1.1 Hostname#39440cd2:53749 ready resolver (satisfied (Path is satisfied), interface: en0[802.11], uses wifi, LQM: unknown)] event: flow:child_finish_connect @0.012s
2026-04-10 23:22:27.687 Df EdotReactNavExample[66438:12792c0] [com.apple.network:connection] [C1 IPv6#a06412f4.53749 ready parent-flow (satisfied (Path is satisfied), interface: en0[802.11], uses wifi, LQM: unknown)] event: flow:finish_connect @0.012s
2026-04-10 23:22:27.687 Df EdotReactNavExample[66438:12792c0] [com.apple.network:connection] nw_connection_report_state_with_handler_on_nw_queue [C1] reporting state ready
2026-04-10 23:22:27.687 Df EdotReactNavExample[66438:12792c0] [com.apple.network:connection] nw_flow_connected [C1 IPv6#a06412f4.53749 ready parent-flow (satisfied (Path is satisfied), interface: en0[802.11], uses wifi, LQM: unknown)] Output protocol connected (endpoint_flow)
2026-04-10 23:22:27.687 Db EdotReactNavExample[66438:12792c0] [com.apple.network:connection] nw_endpoint_flow_connected_path_change [C1 IPv6#a06412f4.53749 ready parent-flow (satisfied (Path is satisfied), interface: en0[802.11], uses wifi, LQM: unknown)]
2026-04-10 23:22:27.687 I  EdotReactNavExample[66438:12792c0] [com.apple.network:connection] nw_endpoint_flow_connected_path_change [C1 IPv6#a06412f4.53749 ready parent-flow (satisfied (Path is satisfied), interface: en0[802.11], uses wifi, LQM: unknown)] Connected path is satisfied, child is not viable
2026-04-10 23:22:27.690 Db EdotReactNavExample[66438:12792fe] [com.apple.defaults:User Defaults] found no value for key IIOEnableOOP in CFPrefsSearchListSource<0x1059906c0> (Domain: com.edot.reactnavexample, Container: (null) Non-launch persona: 0)
2026-04-10 23:22:27.690 A  EdotReactNavExample[66438:12792fe] (CoreFoundation) Loading Preferences From User Session CFPrefsD
2026-04-10 23:22:27.690 Db EdotReactNavExample[66438:12792fe] [com.apple.defaults:User Defaults] CFPrefsPlistSource<0x10652fa80> (Domain: com.apple.ImageIO, User: kCFPreferencesCurrentUser, ByHost: No, Container: (null), Contents Need Refresh: No) loaded: an empty base plist and no additional changes from the base plist
2026-04-10 23:22:27.690 Db EdotReactNavExample[66438:12792fe] [com.apple.defaults:User Defaults] found no value for key IIOEnableOOP in CFPrefsPlistSource<0x10652fa80> (Domain: com.apple.ImageIO, User: kCFPreferencesCurrentUser, ByHost: No, Container: (null), Contents Need Refresh: No)
2026-04-10 23:22:27.692 Db EdotReactNavExample[66438:12792c0] [com.apple.defaults:User Defaults] CFPrefsManagedSource<0x10652fd00> (Domain: com.apple.UIKit, User: kCFPreferencesCurrentUser, ByHost: Yes, Container: (null), Contents Need Refresh: No) loaded: an empty base plist and no additional changes from the base plist
2026-04-10 23:22:27.692 Db EdotReactNavExample[66438:12792c0] [com.apple.defaults:User Defaults] CFPrefsManagedSource<0x10652fd80> (Domain: com.apple.UIKit, User: kCFPreferencesAnyUser, ByHost: Yes, Container: (null), Contents Need Refresh: No) loaded: an empty base plist and no additional changes from the base plist
2026-04-10 23:22:27.692 Db EdotReactNavExample[66438:12792c0] [com.apple.defaults:User Defaults] CFPrefsPlistSource<0x10652fe00> (Domain: com.apple.UIKit, User: kCFPreferencesCurrentUser, ByHost: No, Container: (null), Contents Need Refresh: No) loaded: an empty base plist and no additional changes from the base plist
2026-04-10 23:22:27.692 Db EdotReactNavExample[66438:12792c0] [com.apple.defaults:User Defaults] CFPrefsPlistSource<0x10652ff00> (Domain: com.apple.UIKit, User: kCFPreferencesCurrentUser, ByHost: No, Container: /Users/nonth/Library/Developer/CoreSimulator/Devices/B7E9BAD6-0C0D-41EE-BE0C-D49BF485382E/data, Contents Need Refresh: No) loaded: an empty base plist and no additional changes from the base plist
2026-04-10 23:22:27.692 Db EdotReactNavExample[66438:12792c0] [com.apple.defaults:User Defaults] CFPrefsPlistSource<0x10652ff80> (Domain: com.apple.UIKit, User: kCFPreferencesCurrentUser, ByHost: Yes, Container: (null), Contents Need Refresh: No) loaded: an empty base plist and no additional changes from the base plist
2026-04-10 23:22:27.692 Db EdotReactNavExample[66438:1279300] [com.apple.defaults:User Defaults] found no value for key LogHIDEventFiltered in CFPrefsSearchListSource<0x10652fc80> (Domain: com.apple.UIKit, Container: (null) Non-launch persona: 0)
2026-04-10 23:22:27.692 Db EdotReactNavExample[66438:1279300] [com.apple.defaults:User Defaults] found no value for key LogHIDEventIncoming in CFPrefsSearchListSource<0x10652fc80> (Domain: com.apple.UIKit, Container: (null) Non-launch persona: 0)
2026-04-10 23:22:27.693 Db EdotReactNavExample[66438:127923c] [com.apple.defaults:User Defaults] found no value for key LogApplication in CFPrefsSearchListSource<0x10652fc80> (Domain: com.apple.UIKit, Container: (null) Non-launch persona: 0)
2026-04-10 23:22:27.693 Df EdotReactNavExample[66438:127923c] [com.apple.UIKit:Application] Deactivation reason added: 10; deactivation reasons: 0 -> 1024; animating application lifecycle event: 0
2026-04-10 23:22:27.693 Db EdotReactNavExample[66438:12792c0] [com.apple.defaults:User Defaults] found no value for key LogBackgroundTask in CFPrefsSearchListSource<0x10652fc80> (Domain: com.apple.UIKit, Container: (null) Non-launch persona: 0)
2026-04-10 23:22:27.693 Df EdotReactNavExample[66438:12792c0] [com.apple.UIKit:BackgroundTask] Creating new assertion because there is no existing background assertion.
2026-04-10 23:22:27.693 Df EdotReactNavExample[66438:12792c0] [com.apple.UIKit:BackgroundTask] Creating new background assertion
2026-04-10 23:22:27.693 Df EdotReactNavExample[66438:12792c0] [com.apple.UIKit:BackgroundTask] Created new background assertion <BKSProcessAssertion: 0x1065af9d0>
2026-04-10 23:22:27.693 Df EdotReactNavExample[66438:127923c] [com.apple.BoardServices:Injection] activating monitor for service com.apple.frontboard.open
2026-04-10 23:22:27.693 I  EdotReactNavExample[66438:12792c0] [com.apple.runningboard:assertion] Acquiring assertion: <RBSAssertionDescriptor| "Shared Background Assertion 0 for com.edot.reactnavexample" ID:(null) target:66438>
2026-04-10 23:22:27.693 Df EdotReactNavExample[66438:127923c] [com.apple.BoardServices:Injection] activating monitor for service com.apple.frontboard.workspace-service
2026-04-10 23:22:27.693 Df EdotReactNavExample[66438:127923c] [com.apple.FrontBoard:Common] FBSWorkspace registering source: com.apple.frontboard.systemappservices
2026-04-10 23:22:27.693 Db EdotReactNavExample[66438:12792c0] [com.apple.runningboard:assertion] Adding assertion 50369-66438-12453 to dictionary
2026-04-10 23:22:27.693 Df EdotReactNavExample[66438:12792c0] [com.apple.UIKit:BackgroundTask] Incrementing reference count for background assertion <BKSProcessAssertion: 0x1065af9d0>
2026-04-10 23:22:27.693 Df EdotReactNavExample[66438:12792c0] [com.apple.UIKit:BackgroundTask] Created background task <_UIBackgroundTaskInfo: 0x1064ca140>: taskID = 1, taskName = Launch Background Task for Coalescing, creationTime = 1229800 (elapsed = 0).
2026-04-10 23:22:27.693 Df EdotReactNavExample[66438:12792c0] [com.apple.FrontBoard:SceneExtension] Realizing settings extension _UIApplicationSceneKeyboardSettings on FBSSceneSettings
2026-04-10 23:22:27.694 Df EdotReactNavExample[66438:127923c] [com.apple.FrontBoard:Common] FBSWorkspace connected to endpoint : <BSServiceConnectionEndpoint: 0x106688a60; target: com.apple.frontboard.systemappservices; service: com.apple.frontboard.workspace-service>
2026-04-10 23:22:27.694 Df EdotReactNavExample[66438:127923c] [com.apple.FrontBoard:Common] <FBSWorkspaceScenesClient:0x1064f1360 com.apple.frontboard.systemappservices> attempting immediate handshake from activate
2026-04-10 23:22:27.694 Df EdotReactNavExample[66438:127923c] [com.apple.FrontBoard:Common] <FBSWorkspaceScenesClient:0x1064f1360 com.apple.frontboard.systemappservices> sent handshake
2026-04-10 23:22:27.694 Db EdotReactNavExample[66438:12792c0] [com.apple.FrontBoard:SceneExtension] registering method "hardwareKeyboardExclusivityIdentifier" from extension _UIApplicationSceneKeyboardSettings on class "FBSSceneSettings"
2026-04-10 23:22:27.694 Db EdotReactNavExample[66438:12792c0] [com.apple.FrontBoard:SceneExtension] registering method "setHardwareKeyboardExclusivityIdentifier:" from extension _UIApplicationSceneKeyboardSettings on class "FBSSceneSettings"
2026-04-10 23:22:27.694 Db EdotReactNavExample[66438:12792c0] [com.apple.FrontBoard:SceneExtension] registering method "keyboardDockDisabled" from extension _UIApplicationSceneKeyboardSettings on class "FBSSceneSettings"
2026-04-10 23:22:27.694 Db EdotReactNavExample[66438:12792c0] [com.apple.FrontBoard:SceneExtension] registering method "setKeyboardDockDisabled:" from extension _UIApplicationSceneKeyboardSettings on class "FBSSceneSettings"
2026-04-10 23:22:27.694 Df EdotReactNavExample[66438:127923c] [com.apple.runningboard:general] Added observer for process assertions expiration warning: <_RBSExpirationWarningClient: 0x106689180>
2026-04-10 23:22:27.694 Db EdotReactNavExample[66438:12792c0] [com.apple.FrontBoard:SceneExtension] registering method "minimumKeyboardPadding" from extension _UIApplicationSceneKeyboardSettings on class "FBSSceneSettings"
2026-04-10 23:22:27.694 Db EdotReactNavExample[66438:12792c0] [com.apple.FrontBoard:SceneExtension] registering method "setMinimumKeyboardPadding:" from extension _UIApplicationSceneKeyboardSettings on class "FBSSceneSettings"
2026-04-10 23:22:27.694 Db EdotReactNavExample[66438:12792c0] [com.apple.FrontBoard:SceneExtension] registering method "suppressKeyboardFocusRequests" from extension _UIApplicationSceneKeyboardSettings on class "FBSSceneSettings"
2026-04-10 23:22:27.694 Db EdotReactNavExample[66438:12792c0] [com.apple.FrontBoard:SceneExtension] registering method "setSuppressKeyboardFocusRequests:" from extension _UIApplicationSceneKeyboardSettings on class "FBSSceneSettings"
2026-04-10 23:22:27.694 Df EdotReactNavExample[66438:12792c0] [com.apple.FrontBoard:SceneExtension] Realizing settings extension <_UISceneOcclusionSettings> on FBSSceneSettings
2026-04-10 23:22:27.695 Db EdotReactNavExample[66438:12792c0] [com.apple.FrontBoard:SceneExtension] registering method "systemOcclusionRects" from extension <_UISceneOcclusionSettings> on class "FBSSceneSettings"
2026-04-10 23:22:27.695 Db EdotReactNavExample[66438:12792c0] [com.apple.FrontBoard:SceneExtension] registering method "setSystemOcclusionRects:" from extension <_UISceneOcclusionSettings> on class "FBSSceneSettings"
2026-04-10 23:22:27.695 Db EdotReactNavExample[66438:12792c0] [com.apple.FrontBoard:SceneExtension] registering method "applicationOcclusionRects" from extension <_UISceneOcclusionSettings> on class "FBSSceneSettings"
2026-04-10 23:22:27.695 Db EdotReactNavExample[66438:12792c0] [com.apple.FrontBoard:SceneExtension] registering method "setApplicationOcclusionRects:" from extension <_UISceneOcclusionSettings> on class "FBSSceneSettings"
2026-04-10 23:22:27.695 Df EdotReactNavExample[66438:12792c0] [com.apple.FrontBoard:SceneExtension] Realizing settings extension <_UISceneInterfaceProtectionSettings> on FBSSceneSettings
2026-04-10 23:22:27.695 Db EdotReactNavExample[66438:12792c0] [com.apple.FrontBoard:SceneExtension] registering method "underAppProtection" from extension <_UISceneInterfaceProtectionSettings> on class "FBSSceneSettings"
2026-04-10 23:22:27.695 Db EdotReactNavExample[66438:12792c0] [com.apple.FrontBoard:SceneExtension] registering method "setUnderAppProtection:" from extension <_UISceneInterfaceProtectionSettings> on class "FBSSceneSettings"
2026-04-10 23:22:27.695 Db EdotReactNavExample[66438:12792c0] [com.apple.FrontBoard:SceneExtension] registering method "extensionShieldCurrentlyShown" from extension <_UISceneInterfaceProtectionSettings> on class "FBSSceneSettings"
2026-04-10 23:22:27.695 Db EdotReactNavExample[66438:12792c0] [com.apple.FrontBoard:SceneExtension] registering method "setExtensionShieldCurrentlyShown:" from extension <_UISceneInterfaceProtectionSettings> on class "FBSSceneSettings"
2026-04-10 23:22:27.695 Df EdotReactNavExample[66438:12792c0] [com.apple.FrontBoard:SceneExtension] Realizing settings extension _UISceneLayoutPreferencesHostSettingsExtension on FBSSceneSettings
2026-04-10 23:22:27.695 Db EdotReactNavExample[66438:12792c0] [com.apple.FrontBoard:SceneExtension] registering method "_hostObservesLayoutPreferenceChanges" from extension _UISceneLayoutPreferencesHostSettingsExtension on class "FBSSceneSettings"
2026-04-10 23:22:27.695 Db EdotReactNavExample[66438:12792c0] [com.apple.FrontBoard:SceneExtension] registering method "set_hostObservesLayoutPreferenceChanges:" from extension _UISceneLayoutPreferencesHostSettingsExtension on class "FBSSceneSettings"
2026-04-10 23:22:27.695 Db EdotReactNavExample[66438:12792c0] [com.apple.FrontBoard:SceneExtension] registering method "_hostSupportsSceneDoubleTap" from extension _UISceneLayoutPreferencesHostSettingsExtension on class "FBSSceneSettings"
2026-04-10 23:22:27.695 Db EdotReactNavExample[66438:12792c0] [com.apple.FrontBoard:SceneExtension] registering method "set_hostSupportsSceneDoubleTap:" from extension _UISceneLayoutPreferencesHostSettingsExtension on class "FBSSceneSettings"
2026-04-10 23:22:27.696 Df EdotReactNavExample[66438:12792c0] [com.apple.FrontBoard:SceneExtension] Realizing settings extension _UISceneSafeAreaSettingsExtension on FBSSceneSettings
2026-04-10 23:22:27.696 Db EdotReactNavExample[66438:12792c0] [com.apple.FrontBoard:SceneExtension] registering method "safeAreaCornerInsetResolver" from extension _UISceneSafeAreaSettingsExtension on class "FBSSceneSettings"
2026-04-10 23:22:27.696 Db EdotReactNavExample[66438:12792c0] [com.apple.FrontBoard:SceneExtension] registering method "setSafeAreaCornerInsetResolver:" from extension _UISceneSafeAreaSettingsExtension on class "FBSSceneSettings"
2026-04-10 23:22:27.696 Db EdotReactNavExample[66438:12792c0] [com.apple.FrontBoard:SceneExtension] registering method "safeAreaCornerInsets" from extension _UISceneSafeAreaSettingsExtension on class "FBSSceneSettings"
2026-04-10 23:22:27.696 Db EdotReactNavExample[66438:12792c0] [com.apple.FrontBoard:SceneExtension] registering method "setSafeAreaCornerInsets:" from extension _UISceneSafeAreaSettingsExtension on class "FBSSceneSettings"
2026-04-10 23:22:27.696 Db EdotReactNavExample[66438:12792c0] [com.apple.FrontBoard:SceneExtension] registering method "safeAreaEdgeInsetResolver" from extension _UISceneSafeAreaSettingsExtension on class "FBSSceneSettings"
2026-04-10 23:22:27.696 Db EdotReactNavExample[66438:12792c0] [com.apple.FrontBoard:SceneExtension] registering method "setSafeAreaEdgeInsetResolver:" from extension _UISceneSafeAreaSettingsExtension on class "FBSSceneSettings"
2026-04-10 23:22:27.696 Db EdotReactNavExample[66438:12792c0] [com.apple.FrontBoard:SceneExtension] registering method "safeAreaEdgeInsets" from extension _UISceneSafeAreaSettingsExtension on class "FBSSceneSettings"
2026-04-10 23:22:27.696 Db EdotReactNavExample[66438:12792c0] [com.apple.FrontBoard:SceneExtension] registering method "setSafeAreaEdgeInsets:" from extension _UISceneSafeAreaSettingsExtension on class "FBSSceneSettings"
2026-04-10 23:22:27.696 Df EdotReactNavExample[66438:12792c0] [com.apple.FrontBoard:SceneExtension] Realizing settings extension _UISceneLayoutPreferenceClientSettingsExtension on FBSSceneClientSettings
2026-04-10 23:22:27.696 Db EdotReactNavExample[66438:12792c0] [com.apple.FrontBoard:SceneExtension] registering method "preferredMaximumHeight" from extension _UISceneLayoutPreferenceClientSettingsExtension on class "FBSSceneClientSettings"
2026-04-10 23:22:27.696 Db EdotReactNavExample[66438:12792c0] [com.apple.FrontBoard:SceneExtension] registering method "setPreferredMaximumHeight:" from extension _UISceneLayoutPreferenceClientSettingsExtension on class "FBSSceneClientSettings"
2026-04-10 23:22:27.696 Db EdotReactNavExample[66438:12792c0] [com.apple.FrontBoard:SceneExtension] registering method "preferredMaximumWidth" from extension _UISceneLayoutPreferenceClientSettingsExtension on class "FBSSceneClientSettings"
2026-04-10 23:22:27.696 Db EdotReactNavExample[66438:12792c0] [com.apple.FrontBoard:SceneExtension] registering method "setPreferredMaximumWidth:" from extension _UISceneLayoutPreferenceClientSettingsExtension on class "FBSSceneClientSettings"
2026-04-10 23:22:27.696 Db EdotReactNavExample[66438:12792c0] [com.apple.FrontBoard:SceneExtension] registering method "preferredMaximumDepth" from extension _UISceneLayoutPreferenceClientSettingsExtension on class "FBSSceneClientSettings"
2026-04-10 23:22:27.696 Db EdotReactNavExample[66438:12792c0] [com.apple.FrontBoard:SceneExtension] registering method "setPreferredMaximumDepth:" from extension _UISceneLayoutPreferenceClientSettingsExtension on class "FBSSceneClientSettings"
2026-04-10 23:22:27.696 Db EdotReactNavExample[66438:12792c0] [com.apple.FrontBoard:SceneExtension] registering method "preferredMinimumWidth" from extension _UISceneLayoutPreferenceClientSettingsExtension on class "FBSSceneClientSettings"
2026-04-10 23:22:27.696 Db EdotReactNavExample[66438:12792c0] [com.apple.FrontBoard:SceneExtension] registering method "setPreferredMinimumWidth:" from extension _UISceneLayoutPreferenceClientSettingsExtension on class "FBSSceneClientSettings"
2026-04-10 23:22:27.696 Db EdotReactNavExample[66438:12792c0] [com.apple.FrontBoard:SceneExtension] registering method "preferredMinimumHeight" from extension _UISceneLayoutPreferenceClientSettingsExtension on class "FBSSceneClientSettings"
2026-04-10 23:22:27.696 Db EdotReactNavExample[66438:12792c0] [com.apple.FrontBoard:SceneExtension] registering method "setPreferredMinimumHeight:" from extension _UISceneLayoutPreferenceClientSettingsExtension on class "FBSSceneClientSettings"
2026-04-10 23:22:27.696 Db EdotReactNavExample[66438:12792c0] [com.apple.FrontBoard:SceneExtension] registering method "preferredMinimumDepth" from extension _UISceneLayoutPreferenceClientSettingsExtension on class "FBSSceneClientSettings"
2026-04-10 23:22:27.696 Db EdotReactNavExample[66438:12792c0] [com.apple.FrontBoard:SceneExtension] registering method "setPreferredMinimumDepth:" from extension _UISceneLayoutPreferenceClientSettingsExtension on class "FBSSceneClientSettings"
2026-04-10 23:22:27.696 Df EdotReactNavExample[66438:12792c0] [com.apple.FrontBoard:SceneExtension] Realizing settings extension <_UIHomeAffordanceHostSceneSettings> on FBSSceneSettings
2026-04-10 23:22:27.697 Db EdotReactNavExample[66438:12792c0] [com.apple.FrontBoard:SceneExtension] registering method "homeAffordanceSceneReferenceFrame" from extension <_UIHomeAffordanceHostSceneSettings> on class "FBSSceneSettings"
2026-04-10 23:22:27.697 Db EdotReactNavExample[66438:12792c0] [com.apple.FrontBoard:SceneExtension] registering method "setHomeAffordanceSceneReferenceFrame:" from extension <_UIHomeAffordanceHostSceneSettings> on class "FBSSceneSettings"
2026-04-10 23:22:27.697 Db EdotReactNavExample[66438:127923c] [com.apple.defaults:User Defaults] found no value for key LogUIScreen in CFPrefsSearchListSource<0x10652fc80> (Domain: com.apple.UIKit, Container: (null) Non-launch persona: 0)
2026-04-10 23:22:27.697 Df EdotReactNavExample[66438:12792c0] [com.apple.FrontBoard:SceneExtension] Realizing settings extension _UISystemShellSceneHostingEnvironmentSettings on FBSSceneSettings
2026-04-10 23:22:27.697 Df EdotReactNavExample[66438:127923c] [com.apple.UIKit:UIScreen] Evaluated capturing state as 0 on <UIScreen: 0x1065bd540> for initial
2026-04-10 23:22:27.697 Db EdotReactNavExample[66438:12792c0] [com.apple.FrontBoard:SceneExtension] registering method "systemShellHostingSpaceIdentifier" from extension _UISystemShellSceneHostingEnvironmentSettings on class "FBSSceneSettings"
2026-04-10 23:22:27.697 Db EdotReactNavExample[66438:12792c0] [com.apple.FrontBoard:SceneExtension] registering method "setSystemShellHostingSpaceIdentifier:" from extension _UISystemShellSceneHostingEnvironmentSettings on class "FBSSceneSettings"
2026-04-10 23:22:27.697 Df EdotReactNavExample[66438:127923c] [com.apple.UIKit:UIScreen] Evaluated capturing state as 0 on <UIScreen: 0x1065bd540> for CADisplay KVO
2026-04-10 23:22:27.697 Df EdotReactNavExample[66438:12792c0] [com.apple.FrontBoard:SceneExtension] Realizing settings extension _UISceneRenderingEnvironmentSettings on FBSSceneSettings
2026-04-10 23:22:27.697 Db EdotReactNavExample[66438:12792c0] [com.apple.FrontBoard:SceneExtension] registering method "modern_isCapturingContentForAdditionalRenderingDestination" from extension _UISceneRenderingEnvironmentSettings on class "FBSSceneSettings"
2026-04-10 23:22:27.697 Db EdotReactNavExample[66438:12792c0] [com.apple.FrontBoard:SceneExtension] registering method "setModernIsCapturingContentForAdditionalRenderingDestinations:" from extension _UISceneRenderingEnvironmentSettings on class "FBSSceneSettings"
2026-04-10 23:22:27.697 Db EdotReactNavExample[66438:12792c0] [com.apple.FrontBoard:SceneExtension] registering method "systemDisplayIdentifier" from extension _UISceneRenderingEnvironmentSettings on class "FBSSceneSettings"
2026-04-10 23:22:27.697 Db EdotReactNavExample[66438:12792c0] [com.apple.FrontBoard:SceneExtension] registering method "setSystemDisplayIdentifier:" from extension _UISceneRenderingEnvironmentSettings on class "FBSSceneSettings"
2026-04-10 23:22:27.697 Db EdotReactNavExample[66438:12792c0] [com.apple.FrontBoard:SceneExtension] registering method "activeAppearance" from extension _UISceneRenderingEnvironmentSettings on class "FBSSceneSettings"
2026-04-10 23:22:27.697 Db EdotReactNavExample[66438:12792c0] [com.apple.FrontBoard:SceneExtension] registering method "setActiveAppearance:" from extension _UISceneRenderingEnvironmentSettings on class "FBSSceneSettings"
2026-04-10 23:22:27.698 Df EdotReactNavExample[66438:12792c0] [com.apple.FrontBoard:SceneExtension] Realizing settings extension <_UISceneRenderingEnvironmentClientSettings> on FBSSceneClientSettings
2026-04-10 23:22:27.698 Db EdotReactNavExample[66438:12792c0] [com.apple.FrontBoard:SceneExtension] registering method "prefersContentProtection" from extension <_UISceneRenderingEnvironmentClientSettings> on class "FBSSceneClientSettings"
2026-04-10 23:22:27.698 Db EdotReactNavExample[66438:12792c0] [com.apple.FrontBoard:SceneExtension] registering method "setPrefersContentProtection:" from extension <_UISceneRenderingEnvironmentClientSettings> on class "FBSSceneClientSettings"
2026-04-10 23:22:27.698 Df EdotReactNavExample[66438:12792c0] [com.apple.FrontBoard:SceneExtension] Realizing settings extension <_UISceneTransitioningHostSettings> on FBSSceneSettings
2026-04-10 23:22:27.698 Db EdotReactNavExample[66438:12792c0] [com.apple.FrontBoard:SceneExtension] registering method "allowedAsMorphTransitionSource" from extension <_UISceneTransitioningHostSettings> on class "FBSSceneSettings"
2026-04-10 23:22:27.698 Db EdotReactNavExample[66438:12792c0] [com.apple.FrontBoard:SceneExtension] registering method "setAllowedAsMorphTransitionSource:" from extension <_UISceneTransitioningHostSettings> on class "FBSSceneSettings"
2026-04-10 23:22:27.698 Df EdotReactNavExample[66438:12792c0] [com.apple.FrontBoard:SceneExtension] Realizing settings extension <_UISceneFocusSystemSettings> on FBSSceneSettings
2026-04-10 23:22:27.698 Db EdotReactNavExample[66438:127923c] [com.apple.CFBundle:resources] Resource lookup at CFBundle 0x1064dc000 </Users/nonth/Library/Developer/CoreSimulator/Devices/B7E9BAD6-0C0D-41EE-BE0C-D49BF485382E/data/Containers/Bundle/Application/A9D25B4E-FCD1-47CE-888B-F82CFEBC6D31/EdotReactNavExample.app> (executable, loaded)
	Request       : InfoPlist type: strings
	Result        : None
2026-04-10 23:22:27.698 Db EdotReactNavExample[66438:127923c] [com.apple.CFBundle:resources] Resource lookup at CFBundle 0x1064dc000 </Users/nonth/Library/Developer/CoreSimulator/Devices/B7E9BAD6-0C0D-41EE-BE0C-D49BF485382E/data/Containers/Bundle/Application/A9D25B4E-FCD1-47CE-888B-F82CFEBC6D31/EdotReactNavExample.app> (executable, loaded)
	Request       : InfoPlist type: stringsdict
	Result        : None
2026-04-10 23:22:27.698 Db EdotReactNavExample[66438:127923c] [com.apple.defaults:User Defaults] found no value for key _UIEnableLegacyRTL in CFPrefsSearchListSource<0x10652fc80> (Domain: com.apple.UIKit, Container: (null) Non-launch persona: 0)
2026-04-10 23:22:27.698 Db EdotReactNavExample[66438:12792c0] [com.apple.FrontBoard:SceneExtension] registering method "isHostAssertingActiveFocusSystem" from extension <_UISceneFocusSystemSettings> on class "FBSSceneSettings"
2026-04-10 23:22:27.698 Db EdotReactNavExample[66438:127923c] [com.apple.defaults:User Defaults] found no value for key NSTighteningFactorForTruncation in CFPrefsSearchListSource<0x1059906c0> (Domain: com.edot.reactnavexample, Container: (null) Non-launch persona: 0)
2026-04-10 23:22:27.698 Db EdotReactNavExample[66438:12792c0] [com.apple.FrontBoard:SceneExtension] registering method "setHostAssertingActiveFocusSystem:" from extension <_UISceneFocusSystemSettings> on class "FBSSceneSettings"
2026-04-10 23:22:27.698 Db EdotReactNavExample[66438:127923c] [com.apple.defaults:User Defaults] found no value for key NSTighteningFactorForTruncation in CFPrefsSearchListSource<0x1059906c0> (Domain: com.edot.reactnavexample, Container: (null) Non-launch persona: 0)
2026-04-10 23:22:27.698 Db EdotReactNavExample[66438:127923c] [com.apple.defaults:User Defaults] found no value for key NSAllowsDefaultTighteningForTruncation in CFPrefsSearchListSource<0x1059906c0> (Domain: com.edot.reactnavexample, Container: (null) Non-launch persona: 0)
2026-04-10 23:22:27.698 Db EdotReactNavExample[66438:127923c] [com.apple.defaults:User Defaults] found no value for key NSUsesDefaultHyphenation in CFPrefsSearchListSource<0x1059906c0> (Domain: com.edot.reactnavexample, Container: (null) Non-launch persona: 0)
2026-04-10 23:22:27.698 Db EdotReactNavExample[66438:127923c] [com.apple.defaults:User Defaults] found no value for key NSDefaultHyphenationFactor in CFPrefsSearchListSource<0x1059906c0> (Domain: com.edot.reactnavexample, Container: (null) Non-launch persona: 0)
2026-04-10 23:22:27.698 Df EdotReactNavExample[66438:12792c0] [com.apple.FrontBoard:SceneExtension] Realizing settings extension _UISceneOrientationSettingsExtension on FBSSceneSettings
2026-04-10 23:22:27.698 Db EdotReactNavExample[66438:127923c] [com.apple.defaults:User Defaults] found no value for key NSUsesOptimalLineBreaking in CFPrefsSearchListSource<0x1059906c0> (Domain: com.edot.reactnavexample, Container: (null) Non-launch persona: 0)
2026-04-10 23:22:27.698 Db EdotReactNavExample[66438:12792c0] [com.apple.FrontBoard:SceneExtension] registering method "interfaceOrientationLockState" from extension _UISceneOrientationSettingsExtension on class "FBSSceneSettings"
2026-04-10 23:22:27.698 Db EdotReactNavExample[66438:127923c] [com.apple.defaults:User Defaults] found no value for key NSUsesOptimalLineBreakingForNonJustifiedAlignments in CFPrefsSearchListSource<0x1059906c0> (Domain: com.edot.reactnavexample, Container: (null) Non-launch persona: 0)
2026-04-10 23:22:27.698 Db EdotReactNavExample[66438:12792c0] [com.apple.FrontBoard:SceneExtension] registering method "setInterfaceOrientationLockState:" from extension _UISceneOrientationSettingsExtension on class "FBSSceneSettings"
2026-04-10 23:22:27.698 Db EdotReactNavExample[66438:127923c] [com.apple.defaults:User Defaults] found no value for key NSForceRightToLeftWritingDirection in CFPrefsSearchListSource<0x1059906c0> (Domain: com.edot.reactnavexample, Container: (null) Non-launch persona: 0)
2026-04-10 23:22:27.698 Df EdotReactNavExample[66438:12792c0] [com.apple.FrontBoard:SceneExtension] Realizing settings extension _UISceneOrientationClientSettingsExtension on FBSSceneClientSettings
2026-04-10 23:22:27.698 Db EdotReactNavExample[66438:12792c0] [com.apple.FrontBoard:SceneExtension] registering method "interfaceOrientationLockPreference" from extension _UISceneOrientationClientSettingsExtension on class "FBSSceneClientSettings"
2026-04-10 23:22:27.698 Db EdotReactNavExample[66438:12792c0] [com.apple.FrontBoard:SceneExtension] registering method "setInterfaceOrientationLockPreference:" from extension _UISceneOrientationClientSettingsExtension on class "FBSSceneClientSettings"
2026-04-10 23:22:27.699 Db EdotReactNavExample[66438:127923c] [com.apple.defaults:User Defaults] found no value for key UIPreferredContentSizeCategoryName in CFPrefsSearchListSource<0x1059906c0> (Domain: com.edot.reactnavexample, Container: (null) Non-launch persona: 0)
2026-04-10 23:22:27.699 Db EdotReactNavExample[66438:127923c] [com.apple.Accessibility:AXSupportCommon] CF Read Category Name: domain = com.edot.reactnavexample, appID = com.edot.reactnavexample value = (null)
2026-04-10 23:22:27.699 Df EdotReactNavExample[66438:12792c0] [com.apple.FrontBoard:SceneExtension] Realizing settings extension _UISceneWindowingControlClientSettings on FBSSceneClientSettings
2026-04-10 23:22:27.699 Df EdotReactNavExample[66438:127923c] [com.apple.Accessibility:AXSupportCommon] Read CategoryName: per-app = 1, category name = (null)
2026-04-10 23:22:27.699 Db EdotReactNavExample[66438:12792c0] [com.apple.FrontBoard:SceneExtension] registering method "preferredWindowingControlStyleType" from extension _UISceneWindowingControlClientSettings on class "FBSSceneClientSettings"
2026-04-10 23:22:27.699 Db EdotReactNavExample[66438:12792c0] [com.apple.FrontBoard:SceneExtension] registering method "setPreferredWindowingControlStyleType:" from extension _UISceneWindowingControlClientSettings on class "FBSSceneClientSettings"
2026-04-10 23:22:27.699 Db EdotReactNavExample[66438:127923c] [com.apple.defaults:User Defaults] found no value for key UIPreferredContentSizeCategoryName in CFPrefsSearchListSource<0x1066b5080> (Domain: com.apple.UIKit, Container: /Users/nonth/Library/Developer/CoreSimulator/Devices/B7E9BAD6-0C0D-41EE-BE0C-D49BF485382E/data Non-launch persona: 0)
2026-04-10 23:22:27.699 Db EdotReactNavExample[66438:127923c] [com.apple.Accessibility:AXSupportCommon] CF Read Category Name: domain = /Users/nonth/Library/Developer/CoreSimulator/Devices/B7E9BAD6-0C0D-41EE-BE0C-D49BF485382E/data/Library/Preferences/com.apple.UIKit, appID = (null) value = (null)
2026-04-10 23:22:27.699 Df EdotReactNavExample[66438:127923c] [com.apple.Accessibility:AXSupportCommon] Read CategoryName: per-app = 0, category name = (null)
2026-04-10 23:22:27.699 Df EdotReactNavExample[66438:12792c0] [com.apple.FrontBoard:SceneExtension] Realizing settings extension <_UISceneHostingContentSizePreferenceClientSettings> on FBSSceneClientSettings
2026-04-10 23:22:27.699 Db EdotReactNavExample[66438:127923c] [com.apple.defaults:User Defaults] found no value for key UICarPlayPreferredContentSizeCategoryName in CFPrefsSearchListSource<0x10652fc80> (Domain: com.apple.UIKit, Container: (null) Non-launch persona: 0)
2026-04-10 23:22:27.699 Db EdotReactNavExample[66438:12792c0] [com.apple.FrontBoard:SceneExtension] registering method "preferredContentSize" from extension <_UISceneHostingContentSizePreferenceClientSettings> on class "FBSSceneClientSettings"
2026-04-10 23:22:27.699 Db EdotReactNavExample[66438:12792c0] [com.apple.FrontBoard:SceneExtension] registering method "setPreferredContentSize:" from extension <_UISceneHostingContentSizePreferenceClientSettings> on class "FBSSceneClientSettings"
2026-04-10 23:22:27.699 Db EdotReactNavExample[66438:127923c] [com.apple.defaults:User Defaults] found no value for key EnhancedTextLegibilityEnabled in CFPrefsSearchListSource<0x10652c880> (Domain: com.apple.Accessibility, Container: (null) Non-launch persona: 0)
2026-04-10 23:22:27.699 Df EdotReactNavExample[66438:12792c0] [com.apple.FrontBoard:SceneExtension] Realizing settings extension _UISceneHostingTraitCollectionPropagationSettings on FBSSceneSettings
2026-04-10 23:22:27.699 Db EdotReactNavExample[66438:127923c] [com.apple.Accessibility:AXSupportCommon] CF Read: domain = com.apple.Accessibility, preference = EnhancedTextLegibilityEnabled, appID = (null) result = (null) (-1 - empty, 0 - false, 1 - true)
2026-04-10 23:22:27.699 Db EdotReactNavExample[66438:127923c] [com.apple.defaults:User Defaults] found no value for key EnhancedTextLegibilityEnabled in CFPrefsPlistSource<0x10652cb00> (Domain: com.apple.Accessibility, User: kCFPreferencesCurrentUser, ByHost: No, Container: /Users/nonth/Library/Developer/CoreSimulator/Devices/B7E9BAD6-0C0D-41EE-BE0C-D49BF485382E/data, Contents Need Refresh: No)
2026-04-10 23:22:27.699 Db EdotReactNavExample[66438:12792c0] [com.apple.FrontBoard:SceneExtension] registering method "traitCollection" from extension _UISceneHostingTraitCollectionPropagationSettings on class "FBSSceneSettings"
2026-04-10 23:22:27.699 Db EdotReactNavExample[66438:127923c] [com.apple.defaults:User Defaults] found no value for key DarkenSystemColors in CFPrefsSearchListSource<0x10652c880> (Domain: com.apple.Accessibility, Container: (null) Non-launch persona: 0)
2026-04-10 23:22:27.699 Db EdotReactNavExample[66438:127923c] [com.apple.Accessibility:AXSupportCommon] CF Read: domain = com.apple.Accessibility, preference = DarkenSystemColors, appID = (null) result = (null) (-1 - empty, 0 - false, 1 - true)
2026-04-10 23:22:27.699 Db EdotReactNavExample[66438:12792c0] [com.apple.FrontBoard:SceneExtension] registering method "setTraitCollection:" from extension _UISceneHostingTraitCollectionPropagationSettings on class "FBSSceneSettings"
2026-04-10 23:22:27.699 Db EdotReactNavExample[66438:127923c] [com.apple.defaults:User Defaults] found no value for key DarkenSystemColors in CFPrefsPlistSource<0x10652cb00> (Domain: com.apple.Accessibility, User: kCFPreferencesCurrentUser, ByHost: No, Container: /Users/nonth/Library/Developer/CoreSimulator/Devices/B7E9BAD6-0C0D-41EE-BE0C-D49BF485382E/data, Contents Need Refresh: No)
2026-04-10 23:22:27.699 Db EdotReactNavExample[66438:12792c0] [com.apple.FrontBoard:SceneExtension] registering method "tintColor" from extension _UISceneHostingTraitCollectionPropagationSettings on class "FBSSceneSettings"
2026-04-10 23:22:27.700 Db EdotReactNavExample[66438:12792c0] [com.apple.FrontBoard:SceneExtension] registering method "setTintColor:" from extension _UISceneHostingTraitCollectionPropagationSettings on class "FBSSceneSettings"
2026-04-10 23:22:27.700 Df EdotReactNavExample[66438:12792c0] [com.apple.FrontBoard:SceneExtension] Realizing settings extension <_UISceneHostingSheetPresentationSettings> on FBSSceneSettings
2026-04-10 23:22:27.700 Db EdotReactNavExample[66438:12792c0] [com.apple.FrontBoard:SceneExtension] registering method "sheetConfiguration" from extension <_UISceneHostingSheetPresentationSettings> on class "FBSSceneSettings"
2026-04-10 23:22:27.700 Db EdotReactNavExample[66438:12792c0] [com.apple.FrontBoard:SceneExtension] registering method "setSheetConfiguration:" from extension <_UISceneHostingSheetPresentationSettings> on class "FBSSceneSettings"
2026-04-10 23:22:27.700 Df EdotReactNavExample[66438:12792c0] [com.apple.FrontBoard:SceneExtension] Realizing settings extension <_UISceneHostingSheetPresentationClientSettings> on FBSSceneClientSettings
2026-04-10 23:22:27.700 Db EdotReactNavExample[66438:12792c0] [com.apple.FrontBoard:SceneExtension] registering method "sheetClientConfiguration" from extension <_UISceneHostingSheetPresentationClientSettings> on class "FBSSceneClientSettings"
2026-04-10 23:22:27.700 Db EdotReactNavExample[66438:12792c0] [com.apple.FrontBoard:SceneExtension] registering method "setSheetClientConfiguration:" from extension <_UISceneHostingSheetPresentationClientSettings> on class "FBSSceneClientSettings"
2026-04-10 23:22:27.700 Df EdotReactNavExample[66438:12792c0] [com.apple.FrontBoard:SceneExtension] Realizing settings extension <_UISceneHostingEventDeferringSettings> on FBSSceneSettings
2026-04-10 23:22:27.700 Db EdotReactNavExample[66438:12792c0] [com.apple.BaseBoard:Common] [rdar://100354962] Fixing incorrect property returned by protocol_copyPropertyList2() for "maintainHostFirstResponderWhenClientWantsKeyboard": required --> optional
2026-04-10 23:22:27.700 Db EdotReactNavExample[66438:12792c0] [com.apple.FrontBoard:SceneExtension] registering method "requestEventDeferralForAllFirstResponderChanges" from extension <_UISceneHostingEventDeferringSettings> on class "FBSSceneSettings"
2026-04-10 23:22:27.700 Db EdotReactNavExample[66438:12792c0] [com.apple.FrontBoard:SceneExtension] registering method "setRequestEventDeferralForAllFirstResponderChanges:" from extension <_UISceneHostingEventDeferringSettings> on class "FBSSceneSettings"
2026-04-10 23:22:27.700 Db EdotReactNavExample[66438:12792c0] [com.apple.FrontBoard:SceneExtension] registering method "maintainHostFirstResponderWhenClientWantsKeyboard" from extension <_UISceneHostingEventDeferringSettings> on class "FBSSceneSettings"
2026-04-10 23:22:27.700 Db EdotReactNavExample[66438:12792c0] [com.apple.FrontBoard:SceneExtension] registering method "setMaintainHostFirstResponderWhenClientWantsKeyboard:" from extension <_UISceneHostingEventDeferringSettings> on class "FBSSceneSettings"
2026-04-10 23:22:27.701 Df EdotReactNavExample[66438:12792c0] [com.apple.FrontBoard:SceneExtension] Realizing settings extension <UIKit__UITypedKeyValueSceneSettings> on FBSSceneSettings
2026-04-10 23:22:27.701 Db EdotReactNavExample[66438:12792c0] [com.apple.FrontBoard:SceneExtension] registering method "_uiTypedKeyStorage" from extension <UIKit__UITypedKeyValueSceneSettings> on class "FBSSceneSettings"
2026-04-10 23:22:27.701 Db EdotReactNavExample[66438:12792c0] [com.apple.FrontBoard:SceneExtension] registering method "set_uiTypedKeyStorage:" from extension <UIKit__UITypedKeyValueSceneSettings> on class "FBSSceneSettings"
2026-04-10 23:22:27.701 Df EdotReactNavExample[66438:12792c0] [com.apple.FrontBoard:SceneExtension] Realizing settings extension <UIKit__UITypedKeyValueSceneSettings> on FBSSceneClientSettings
2026-04-10 23:22:27.701 Db EdotReactNavExample[66438:12792c0] [com.apple.FrontBoard:SceneExtension] registering method "_uiTypedKeyStorage" from extension <UIKit__UITypedKeyValueSceneSettings> on class "FBSSceneClientSettings"
2026-04-10 23:22:27.701 Db EdotReactNavExample[66438:12792c0] [com.apple.FrontBoard:SceneExtension] registering method "set_uiTypedKeyStorage:" from extension <UIKit__UITypedKeyValueSceneSettings> on class "FBSSceneClientSettings"
2026-04-10 23:22:27.701 Df EdotReactNavExample[66438:12792c0] [com.apple.FrontBoard:SceneExtension] Realizing settings extension <_UISceneHostingViewControllerPreferencePropagationClientSettings> on FBSSceneClientSettings
2026-04-10 23:22:27.701 Db EdotReactNavExample[66438:12792c0] [com.apple.FrontBoard:SceneExtension] registering method "preferredStatusBarVisibility" from extension <_UISceneHostingViewControllerPreferencePropagationClientSettings> on class "FBSSceneClientSettings"
2026-04-10 23:22:27.701 Db EdotReactNavExample[66438:127923c] [com.apple.defaults:User Defaults] found no value for key UITraitCollectionChangeLoggingEnabled in CFPrefsSearchListSource<0x1059906c0> (Domain: com.edot.reactnavexample, Container: (null) Non-launch persona: 0)
2026-04-10 23:22:27.701 Db EdotReactNavExample[66438:12792c0] [com.apple.FrontBoard:SceneExtension] registering method "setPreferredStatusBarVisibility:" from extension <_UISceneHostingViewControllerPreferencePropagationClientSettings> on class "FBSSceneClientSettings"
2026-04-10 23:22:27.701 Df EdotReactNavExample[66438:12792c0] [com.apple.FrontBoard:SceneExtension] Realizing settings extension <_UISceneZoomTransitionSettings> on FBSSceneSettings
2026-04-10 23:22:27.701 Db EdotReactNavExample[66438:12792c0] [com.apple.FrontBoard:SceneExtension] registering method "wantsDismissInteraction" from extension <_UISceneZoomTransitionSettings> on class "FBSSceneSettings"
2026-04-10 23:22:27.701 Db EdotReactNavExample[66438:12792c0] [com.apple.FrontBoard:SceneExtension] registering method "setWantsDismissInteraction:" from extension <_UISceneZoomTransitionSettings> on class "FBSSceneSettings"
2026-04-10 23:22:27.701 Db EdotReactNavExample[66438:127923c] [com.apple.defaults:User Defaults] found no value for key UIStateRestorationDebugLogging in CFPrefsSearchListSource<0x1059906c0> (Domain: com.edot.reactnavexample, Container: (null) Non-launch persona: 0)
2026-04-10 23:22:27.702 I  EdotReactNavExample[66438:127923c] [com.wix.DetoxSync:DTXSyncReactNativeSupport] Found modern class RCTCxxBridge, method runRunLoop
2026-04-10 23:22:27.702 Db EdotReactNavExample[66438:12792c0] [com.apple.CFBundle:loading] dyld image path for pointer 0x19d5ad984 is /Library/Developer/CoreSimulator/Volumes/iOS_23E244/Library/Developer/CoreSimulator/Profiles/Runtimes/iOS 26.4.simruntime/Contents/Resources/RuntimeRoot/System/Library/PrivateFrameworks/CoreMaterial.framework/CoreMaterial
2026-04-10 23:22:27.702 Df EdotReactNavExample[66438:1279302] [com.apple.FrontBoard:SceneExtension] Realizing settings extension FBSSceneSettingsCore on FBSSceneSettings
2026-04-10 23:22:27.702 Db EdotReactNavExample[66438:127923c] [com.apple.defaults:User Defaults] looked up value 1 for key AccessibilityEnabled in CFPrefsPlistSource<0x10652ca00> (Domain: com.apple.Accessibility, User: kCFPreferencesCurrentUser, ByHost: No, Container: (null), Contents Need Refresh: No) via CFPrefsSearchListSource<0x10652c880> (Domain: com.apple.Accessibility, Container: (null) Non-launch persona: 0)
2026-04-10 23:22:27.702 Db EdotReactNavExample[66438:127923c] [com.apple.Accessibility:AXSupportCommon] CF Read: domain = com.apple.Accessibility, preference = AccessibilityEnabled, appID = (null) result = 1 (-1 - empty, 0 - false, 1 - true)
2026-04-10 23:22:27.702 Db EdotReactNavExample[66438:127923c] [com.apple.defaults:User Defaults] looked up value 0 for key InvertColorsEnabled in CFPrefsPlistSource<0x10652ca00> (Domain: com.apple.Accessibility, User: kCFPreferencesCurrentUser, ByHost: No, Container: (null), Contents Need Refresh: No) via CFPrefsSearchListSource<0x10652c880> (Domain: com.apple.Accessibility, Container: (null) Non-launch persona: 0)
2026-04-10 23:22:27.702 Db EdotReactNavExample[66438:127923c] [com.apple.Accessibility:AXSupportCommon] CF Read: domain = com.apple.Accessibility, preference = InvertColorsEnabled, appID = (null) result = 0 (-1 - empty, 0 - false, 1 - true)
2026-04-10 23:22:27.702 Db EdotReactNavExample[66438:127923c] [com.apple.Accessibility:AXSupportCommon] Read Global: preference = InvertColorsEnabled, result = 0
2026-04-10 23:22:27.702 Db EdotReactNavExample[66438:127923c] [com.apple.Accessibility:AXSupportCommon] Updated cache: preference = InvertColorsEnabled, result = 0
2026-04-10 23:22:27.702 Db EdotReactNavExample[66438:1279302] [com.apple.BaseBoard:Common] [rdar://100354962] Fixing incorrect property returned by protocol_copyPropertyList2() for "activityMode": required --> optional
2026-04-10 23:22:27.702 Db EdotReactNavExample[66438:1279302] [com.apple.BaseBoard:Common] [rdar://100354962] Fixing incorrect property returned by protocol_copyPropertyList2() for "prefersProcessTaskSuspensionWhileSceneForeground": required --> optional
2026-04-10 23:22:27.702 Db EdotReactNavExample[66438:1279302] [com.apple.BaseBoard:Common] [rdar://100354962] Fixing incorrect property returned by protocol_copyPropertyList2() for "propagatedSettings": required --> optional
2026-04-10 23:22:27.702 Db EdotReactNavExample[66438:1279302] [com.apple.BaseBoard:Common] [rdar://100354962] Fixing incorrect property returned by protocol_copyPropertyList2() for "clientProcess": required --> optional
2026-04-10 23:22:27.702 Db EdotReactNavExample[66438:1279302] [com.apple.FrontBoard:SceneExtension] registering method "interruptionPolicy" from extension FBSSceneSettingsCore on class "FBSSceneSettings"
2026-04-10 23:22:27.702 Db EdotReactNavExample[66438:1279302] [com.apple.FrontBoard:SceneExtension] registering method "setInterruptionPolicy:" from extension FBSSceneSettingsCore on class "FBSSceneSettings"
2026-04-10 23:22:27.702 Db EdotReactNavExample[66438:1279302] [com.apple.FrontBoard:SceneExtension] registering method "prefersProcessTaskSuspensionWhileSceneForeground" from extension FBSSceneSettingsCore on class "FBSSceneSettings"
2026-04-10 23:22:27.702 Db EdotReactNavExample[66438:1279302] [com.apple.FrontBoard:SceneExtension] registering method "setPrefersProcessTaskSuspensionWhileSceneForeground:" from extension FBSSceneSettingsCore on class "FBSSceneSettings"
2026-04-10 23:22:27.702 Db EdotReactNavExample[66438:1279302] [com.apple.FrontBoard:SceneExtension] registering method "frame" from extension FBSSceneSettingsCore on class "FBSSceneSettings"
2026-04-10 23:22:27.702 Db EdotReactNavExample[66438:1279302] [com.apple.FrontBoard:SceneExtension] registering method "setFrame:" from extension FBSSceneSettingsCore on class "FBSSceneSettings"
2026-04-10 23:22:27.702 Db EdotReactNavExample[66438:1279302] [com.apple.FrontBoard:SceneExtension] registering method "propagatedSettings" from extension FBSSceneSettingsCore on class "FBSSceneSettings"
2026-04-10 23:22:27.702 Db EdotReactNavExample[66438:1279302] [com.apple.FrontBoard:SceneExtension] registering method "setPropagatedSettings:" from extension FBSSceneSettingsCore on class "FBSSceneSettings"
2026-04-10 23:22:27.702 Db EdotReactNavExample[66438:1279302] [com.apple.FrontBoard:SceneExtension] registering method "clientProcess" from extension FBSSceneSettingsCore on class "FBSSceneSettings"
2026-04-10 23:22:27.702 Db EdotReactNavExample[66438:1279302] [com.apple.FrontBoard:SceneExtension] registering method "setClientProcess:" from extension FBSSceneSettingsCore on class "FBSSceneSettings"
2026-04-10 23:22:27.702 Db EdotReactNavExample[66438:1279302] [com.apple.FrontBoard:SceneExtension] registering method "isForeground" from extension FBSSceneSettingsCore on class "FBSSceneSettings"
2026-04-10 23:22:27.702 Db EdotReactNavExample[66438:1279302] [com.apple.FrontBoard:SceneExtension] registering method "setForeground:" from extension FBSSceneSettingsCore on class "FBSSceneSettings"
2026-04-10 23:22:27.702 Db EdotReactNavExample[66438:1279302] [com.apple.FrontBoard:SceneExtension] registering method "displayConfiguration" from extension FBSSceneSettingsCore on class "FBSSceneSettings"
2026-04-10 23:22:27.702 Db EdotReactNavExample[66438:1279302] [com.apple.FrontBoard:SceneExtension] registering method "setDisplayConfiguration:" from extension FBSSceneSettingsCore on class "FBSSceneSettings"
2026-04-10 23:22:27.702 Db EdotReactNavExample[66438:1279302] [com.apple.FrontBoard:SceneExtension] registering method "level" from extension FBSSceneSettingsCore on class "FBSSceneSettings"
2026-04-10 23:22:27.702 Db EdotReactNavExample[66438:1279302] [com.apple.FrontBoard:SceneExtension] registering method "setLevel:" from extension FBSSceneSettingsCore on class "FBSSceneSettings"
2026-04-10 23:22:27.702 Db EdotReactNavExample[66438:1279302] [com.apple.FrontBoard:SceneExtension] registering method "isClientFuture" from extension FBSSceneSettingsCore on class "FBSSceneSettings"
2026-04-10 23:22:27.702 Db EdotReactNavExample[66438:1279302] [com.apple.FrontBoard:SceneExtension] registering method "setClientFuture:" from extension FBSSceneSettingsCore on class "FBSSceneSettings"
2026-04-10 23:22:27.702 Db EdotReactNavExample[66438:1279302] [com.apple.FrontBoard:SceneExtension] registering method "jetsamPriority" from extension FBSSceneSettingsCore on class "FBSSceneSettings"
2026-04-10 23:22:27.702 Db EdotReactNavExample[66438:1279302] [com.apple.FrontBoard:SceneExtension] registering method "setJetsamPriority:" from extension FBSSceneSettingsCore on class "FBSSceneSettings"
2026-04-10 23:22:27.702 Db EdotReactNavExample[66438:1279302] [com.apple.FrontBoard:SceneExtension] registering method "interfaceOrientation" from extension FBSSceneSettingsCore on class "FBSSceneSettings"
2026-04-10 23:22:27.702 Db EdotReactNavExample[66438:1279302] [com.apple.FrontBoard:SceneExtension] registering method "setInterfaceOrientation:" from extension FBSSceneSettingsCore on class "FBSSceneSettings"
2026-04-10 23:22:27.702 Db EdotReactNavExample[66438:1279302] [com.apple.FrontBoard:SceneExtension] registering method "activityMode" from extension FBSSceneSettingsCore on class "FBSSceneSettings"
2026-04-10 23:22:27.702 Db EdotReactNavExample[66438:1279302] [com.apple.FrontBoard:SceneExtension] registering method "setActivityMode:" from extension FBSSceneSettingsCore on class "FBSSceneSettings"
2026-04-10 23:22:27.702 Db EdotReactNavExample[66438:1279302] [com.apple.FrontBoard:SceneExtension] registering method "isOccluded" from extension FBSSceneSettingsCore on class "FBSSceneSettings"
2026-04-10 23:22:27.702 Db EdotReactNavExample[66438:1279302] [com.apple.FrontBoard:SceneExtension] registering method "setOccluded:" from extension FBSSceneSettingsCore on class "FBSSceneSettings"
2026-04-10 23:22:27.702 Df EdotReactNavExample[66438:1279302] [com.apple.FrontBoard:SceneExtension] Realizing settings extension FBSSceneClientSettingsCore on FBSSceneClientSettings
2026-04-10 23:22:27.703 Db EdotReactNavExample[66438:1279302] [com.apple.FrontBoard:SceneExtension] registering method "layers" from extension FBSSceneClientSettingsCore on class "FBSSceneClientSettings"
2026-04-10 23:22:27.703 Db EdotReactNavExample[66438:1279302] [com.apple.FrontBoard:SceneExtension] registering method "setLayers:" from extension FBSSceneClientSettingsCore on class "FBSSceneClientSettings"
2026-04-10 23:22:27.703 Db EdotReactNavExample[66438:1279302] [com.apple.FrontBoard:SceneExtension] registering method "preferredLevel" from extension FBSSceneClientSettingsCore on class "FBSSceneClientSettings"
2026-04-10 23:22:27.703 Db EdotReactNavExample[66438:1279302] [com.apple.FrontBoard:SceneExtension] registering method "setPreferredLevel:" from extension FBSSceneClientSettingsCore on class "FBSSceneClientSettings"
2026-04-10 23:22:27.703 Db EdotReactNavExample[66438:1279302] [com.apple.FrontBoard:SceneExtension] registering method "preferredSceneHostIdentity" from extension FBSSceneClientSettingsCore on class "FBSSceneClientSettings"
2026-04-10 23:22:27.703 Db EdotReactNavExample[66438:1279302] [com.apple.FrontBoard:SceneExtension] registering method "setPreferredSceneHostIdentity:" from extension FBSSceneClientSettingsCore on class "FBSSceneClientSettings"
2026-04-10 23:22:27.703 Db EdotReactNavExample[66438:1279302] [com.apple.FrontBoard:SceneExtension] registering method "preferredSceneHostIdentifier" from extension FBSSceneClientSettingsCore on class "FBSSceneClientSettings"
2026-04-10 23:22:27.703 Db EdotReactNavExample[66438:1279302] [com.apple.FrontBoard:SceneExtension] registering method "setPreferredSceneHostIdentifier:" from extension FBSSceneClientSettingsCore on class "FBSSceneClientSettings"
2026-04-10 23:22:27.703 Db EdotReactNavExample[66438:1279302] [com.apple.FrontBoard:SceneExtension] registering method "preferredInterfaceOrientation" from extension FBSSceneClientSettingsCore on class "FBSSceneClientSettings"
2026-04-10 23:22:27.703 Db EdotReactNavExample[66438:1279302] [com.apple.FrontBoard:SceneExtension] registering method "setPreferredInterfaceOrientation:" from extension FBSSceneClientSettingsCore on class "FBSSceneClientSettings"
2026-04-10 23:22:27.703 Db EdotReactNavExample[66438:127923c] [com.apple.CFBundle:loading] dlfcn check load bundle CFBundle 0x1064dd340 </Library/Developer/CoreSimulator/Volumes/iOS_23E244/Library/Developer/CoreSimulator/Profiles/Runtimes/iOS 26.4.simruntime/Contents/Resources/RuntimeRoot/System/Library/AccessibilityBundles/AccessibilitySettingsLoader.bundle> (not loaded), dlopen of /Library/Developer/CoreSimulator/Volumes/iOS_23E244/Library/Developer/CoreSimulator/Profiles/Runtimes/iOS 26.4.simruntime/Contents/Resources/RuntimeRoot/System/Library/AccessibilityBundles/AccessibilitySettingsLoader.bundle/AccessibilitySettingsLoader mode 0x115 no handle
2026-04-10 23:22:27.703 Db EdotReactNavExample[66438:12792c0] [com.apple.CFBundle:loading] dlfcn check load bundle CFBundle 0x1064dd420 </Library/Developer/CoreSimulator/Volumes/iOS_23E244/Library/Developer/CoreSimulator/Profiles/Runtimes/iOS 26.4.simruntime/Contents/Resources/RuntimeRoot/System/Library/PrivateFrameworks/CoreMaterial.framework> (not loaded), dlopen of /Library/Developer/CoreSimulator/Volumes/iOS_23E244/Library/Developer/CoreSimulator/Profiles/Runtimes/iOS 26.4.simruntime/Contents/Resources/RuntimeRoot/System/Library/PrivateFrameworks/CoreMaterial.framework/CoreMaterial mode 0x115 getting handle 0xd56d61
2026-04-10 23:22:27.704 Db EdotReactNavExample[66438:12792c0] [com.apple.CFBundle:resources] Language lookup at CFBundle 0x1064dd420 </Library/Developer/CoreSimulator/Volumes/iOS_23E244/Library/Developer/CoreSimulator/Profiles/Runtimes/iOS 26.4.simruntime/Contents/Resources/RuntimeRoot/System/Library/PrivateFrameworks/CoreMaterial.framework> (framework, loaded)
	Localizations : [English]
	Dev language  : English
	User prefs    : [en-TH, th-TH]
	Main bundle   : [en]
	Allow mixed   : 0 
	Result        : [English]
2026-04-10 23:22:27.705 Db EdotReactNavExample[66438:1279302] [com.apple.BaseBoard:Common] BSCanonicalOrientationMapResolver will auto-code: <BSObjCIvar: 0x10670a940; "_currentOrientation" (<long long>)>, <BSObjCIvar: 0x10670a370; "_fallbackOrientations" (<NSArray<NSNumber *> *>)>, <BSObjCIvar: 0x10670aac0; "_targetOrientation" (<long long>)>
2026-04-10 23:22:27.711 Db EdotReactNavExample[66438:127923c] [com.apple.CFBundle:loading] dlfcn load framework CFBundle 0x1064dd340 </Library/Developer/CoreSimulator/Volumes/iOS_23E244/Library/Developer/CoreSimulator/Profiles/Runtimes/iOS 26.4.simruntime/Contents/Resources/RuntimeRoot/System/Library/AccessibilityBundles/AccessibilitySettingsLoader.bundle> (framework, not loaded), dlopen of /Library/Developer/CoreSimulator/Volumes/iOS_23E244/Library/Developer/CoreSimulator/Profiles/Runtimes/iOS 26.4.simruntime/Contents/Resources/RuntimeRoot/System/Library/AccessibilityBundles/AccessibilitySettingsLoader.bundle/AccessibilitySettingsLoader mode 0x109 returns handle 0xcb2191
2026-04-10 23:22:27.711 Db EdotReactNavExample[66438:1279302] [com.apple.BaseBoard:Common] BSCornerRadiusConfiguration will auto-code: <BSObjCIvar: 0x10670ae20; "_topRight" (<double>)>, <BSObjCIvar: 0x10670adf0; "_bottomRight" (<double>)>, <BSObjCIvar: 0x10670a9d0; "_topLeft" (<double>)>, <BSObjCIvar: 0x10670a400; "_bottomLeft" (<double>)>
2026-04-10 23:22:27.711 Db EdotReactNavExample[66438:12792c0] [com.apple.CFBundle:resources] Resource lookup at CFBundle 0x1064dd420 </Library/Developer/CoreSimulator/Volumes/iOS_23E244/Library/Developer/CoreSimulator/Profiles/Runtimes/iOS 26.4.simruntime/Contents/Resources/RuntimeRoot/System/Library/PrivateFrameworks/CoreMaterial.framework> (framework, loaded)
	Request       :  type: materialrecipe
	Result        : platformContentThickLight~appletv.materialrecipe -- file:///Library/Developer/CoreSimulator/Volumes/iOS_23E244/Library/Developer/CoreSimulator/Profiles/Runtimes/iOS%2026.4.simruntime/Contents/Resources/RuntimeRoot/System/Library/PrivateFrameworks/CoreMaterial.framework/, knowledgePlattersSheerDark.materialrecipe -- file:///Library/Developer/CoreSimulator/Volumes/iOS_23E244/Library/Developer/CoreSimulator/Profiles/Runtimes/iOS%2026.4.simruntime/Contents/Resources/RuntimeRoot/System/Library/PrivateFrameworks/CoreMaterial.framework/, platformContentUltraThinLight.materialrecipe -- file:///Library/Developer/CoreSimulator/Volumes/iOS_23E244/Library/Developer/CoreSimulator/Profiles/Runtimes/iOS%2026.4.simruntime/Contents/Reso<…>
2026-04-10 23:22:27.711 Db EdotReactNavExample[66438:12792c0] [com.apple.CFBundle:resources] Resource lookup at CFBundle 0x1064dd420 </Library/Developer/CoreSimulator/Volumes/iOS_23E244/Library/Developer/CoreSimulator/Profiles/Runtimes/iOS 26.4.simruntime/Contents/Resources/RuntimeRoot/System/Library/PrivateFrameworks/CoreMaterial.framework> (framework, loaded)
	Request       :  type: descendantrecipe
	Result        : platformContentThickLightShadowed.descendantrecipe -- file:///Library/Developer/CoreSimulator/Volumes/iOS_23E244/Library/Developer/CoreSimulator/Profiles/Runtimes/iOS%2026.4.simruntime/Contents/Resources/RuntimeRoot/System/Library/PrivateFrameworks/CoreMaterial.framework/, modulesSheer.descendantrecipe -- file:///Library/Developer/CoreSimulator/Volumes/iOS_23E244/Library/Developer/CoreSimulator/Profiles/Runtimes/iOS%2026.4.simruntime/Contents/Resources/RuntimeRoot/System/Library/PrivateFrameworks/CoreMaterial.framework/, modulesBackgroundSheer.descendantrecipe -- file:///Library/Developer/CoreSimulator/Volumes/iOS_23E244/Library/Developer/CoreSimulator/Profiles/Runtimes/iOS%2026.4.simruntime/Contents/Resources/Runtime<…>
2026-04-10 23:22:27.712 Df EdotReactNavExample[66438:1279302] [com.apple.FrontBoard:SceneExtension] UIMutableApplicationSceneSettings setting counterpart class: UIApplicationSceneSettings
2026-04-10 23:22:27.712 Db EdotReactNavExample[66438:12792c0] [com.apple.CFBundle:resources] Resource lookup at CFBundle 0x1064dd420 </Library/Developer/CoreSimulator/Volumes/iOS_23E244/Library/Developer/CoreSimulator/Profiles/Runtimes/iOS 26.4.simruntime/Contents/Resources/RuntimeRoot/System/Library/PrivateFrameworks/CoreMaterial.framework> (framework, loaded)
	Request       : platters type: descendantrecipe
	Result        : None
2026-04-10 23:22:27.712 Db EdotReactNavExample[66438:12792c0] [com.apple.CFBundle:resources] Resource lookup at CFBundle 0x1064dd420 </Library/Developer/CoreSimulator/Volumes/iOS_23E244/Library/Developer/CoreSimulator/Profiles/Runtimes/iOS 26.4.simruntime/Contents/Resources/RuntimeRoot/System/Library/PrivateFrameworks/CoreMaterial.framework> (framework, loaded)
	Request       : platters type: materialrecipe
	Result        : file:///Library/Developer/CoreSimulator/Volumes/iOS_23E244/Library/Developer/CoreSimulator/Profiles/Runtimes/iOS%2026.4.simruntime/Contents/Resources/RuntimeRoot/System/Library/PrivateFrameworks/CoreMaterial.framework/platters.materialrecipe
2026-04-10 23:22:27.712 Df EdotReactNavExample[66438:1279302] [com.apple.FrontBoard:SceneExtension] UIMutableApplicationSceneClientSettings setting counterpart class: UIApplicationSceneClientSettings
2026-04-10 23:22:27.712 Df EdotReactNavExample[66438:1279302] [com.apple.FrontBoard:SceneExtension] Realizing settings extension FBSSceneTransitionContextCore on FBSSceneTransitionContext
2026-04-10 23:22:27.712 Db EdotReactNavExample[66438:127923c] [com.apple.defaults:User Defaults] found no value for key VoiceOverTouchEnabled in CFPrefsSearchListSource<0x10652c880> (Domain: com.apple.Accessibility, Container: (null) Non-launch persona: 0)
2026-04-10 23:22:27.712 Db EdotReactNavExample[66438:12792c0] [com.apple.CFBundle:resources] Resource lookup at CFBundle 0x1064dd420 </Library/Developer/CoreSimulator/Volumes/iOS_23E244/Library/Developer/CoreSimulator/Profiles/Runtimes/iOS 26.4.simruntime/Contents/Resources/RuntimeRoot/System/Library/PrivateFrameworks/CoreMaterial.framework> (framework, loaded)
	Request       : platterFillLight type: descendantstyleset
	Result        : None
2026-04-10 23:22:27.712 Db EdotReactNavExample[66438:127923c] [com.apple.Accessibility:AXSupportCommon] CF Read: domain = com.apple.Accessibility, preference = VoiceOverTouchEnabled, appID = (null) result = (null) (-1 - empty, 0 - false, 1 - true)
2026-04-10 23:22:27.712 Db EdotReactNavExample[66438:12792c0] [com.apple.CFBundle:resources] Resource lookup at CFBundle 0x1064dd420 </Library/Developer/CoreSimulator/Volumes/iOS_23E244/Library/Developer/CoreSimulator/Profiles/Runtimes/iOS 26.4.simruntime/Contents/Resources/RuntimeRoot/System/Library/PrivateFrameworks/CoreMaterial.framework> (framework, loaded)
	Request       : platterFillLight type: visualstyleset
	Result        : file:///Library/Developer/CoreSimulator/Volumes/iOS_23E244/Library/Developer/CoreSimulator/Profiles/Runtimes/iOS%2026.4.simruntime/Contents/Resources/RuntimeRoot/System/Library/PrivateFrameworks/CoreMaterial.framework/platterFillLight.visualstyleset
2026-04-10 23:22:27.712 Db EdotReactNavExample[66438:127923c] [com.apple.defaults:User Defaults] found no value for key VoiceOverTouchEnabled in CFPrefsPlistSource<0x10652cb00> (Domain: com.apple.Accessibility, User: kCFPreferencesCurrentUser, ByHost: No, Container: /Users/nonth/Library/Developer/CoreSimulator/Devices/B7E9BAD6-0C0D-41EE-BE0C-D49BF485382E/data, Contents Need Refresh: No)
2026-04-10 23:22:27.712 Db EdotReactNavExample[66438:1279302] [com.apple.BaseBoard:Common] [rdar://100354962] Fixing incorrect property returned by protocol_copyPropertyList2() for "parentUpdate": required --> optional
2026-04-10 23:22:27.712 Db EdotReactNavExample[66438:127923c] [com.apple.defaults:User Defaults] looked up value 1 for key ApplicationAccessibilityEnabled in CFPrefsPlistSource<0x10652ca00> (Domain: com.apple.Accessibility, User: kCFPreferencesCurrentUser, ByHost: No, Container: (null), Contents Need Refresh: No) via CFPrefsSearchListSource<0x10652c880> (Domain: com.apple.Accessibility, Container: (null) Non-launch persona: 0)
2026-04-10 23:22:27.712 Db EdotReactNavExample[66438:1279302] [com.apple.BaseBoard:Common] [rdar://100354962] Fixing incorrect property returned by protocol_copyPropertyList2() for "executionContext": required --> optional
2026-04-10 23:22:27.712 Db EdotReactNavExample[66438:127923c] [com.apple.Accessibility:AXSupportCommon] CF Read: domain = com.apple.Accessibility, preference = ApplicationAccessibilityEnabled, appID = (null) result = 1 (-1 - empty, 0 - false, 1 - true)
2026-04-10 23:22:27.712 Db EdotReactNavExample[66438:1279302] [com.apple.BaseBoard:Common] [rdar://100354962] Fixing incorrect property returned by protocol_copyPropertyList2() for "clientProcessHandle": required --> optional
2026-04-10 23:22:27.712 Db EdotReactNavExample[66438:1279302] [com.apple.BaseBoard:Common] [rdar://100354962] Fixing incorrect property returned by protocol_copyPropertyList2() for "updateContext": required --> optional
2026-04-10 23:22:27.713 Db EdotReactNavExample[66438:1279302] [com.apple.BaseBoard:Common] [rdar://100354962] Fixing incorrect property returned by protocol_copyPropertyList2() for "watchdogTransitionContext": required --> optional
2026-04-10 23:22:27.713 Db EdotReactNavExample[66438:1279302] [com.apple.BaseBoard:Common] [rdar://100354962] Fixing incorrect property returned by protocol_copyPropertyList2() for "allowCPUThrottling": required --> optional
2026-04-10 23:22:27.713 Db EdotReactNavExample[66438:1279302] [com.apple.BaseBoard:Common] [rdar://100354962] Fixing incorrect property returned by protocol_copyPropertyList2() for "runningBoardAssertionDisabled": required --> optional
2026-04-10 23:22:27.713 Db EdotReactNavExample[66438:1279302] [com.apple.BaseBoard:Common] [rdar://100354962] Fixing incorrect property returned by protocol_copyPropertyList2() for "error": required --> optional
2026-04-10 23:22:27.713 Db EdotReactNavExample[66438:1279302] [com.apple.BaseBoard:Common] [rdar://100354962] Fixing incorrect property returned by protocol_copyPropertyList2() for "updateCompletions": required --> optional
2026-04-10 23:22:27.713 Db EdotReactNavExample[66438:1279302] [com.apple.FrontBoard:SceneExtension] registering method "allowCPUThrottling" from extension FBSSceneTransitionContextCore on class "FBSSceneTransitionContext"
2026-04-10 23:22:27.713 Db EdotReactNavExample[66438:1279302] [com.apple.FrontBoard:SceneExtension] registering method "setAllowCPUThrottling:" from extension FBSSceneTransitionContextCore on class "FBSSceneTransitionContext"
2026-04-10 23:22:27.713 Db EdotReactNavExample[66438:1279302] [com.apple.FrontBoard:SceneExtension] registering method "executionContext" from extension FBSSceneTransitionContextCore on class "FBSSceneTransitionContext"
2026-04-10 23:22:27.713 Db EdotReactNavExample[66438:1279302] [com.apple.FrontBoard:SceneExtension] registering method "setExecutionContext:" from extension FBSSceneTransitionContextCore on class "FBSSceneTransitionContext"
2026-04-10 23:22:27.713 Db EdotReactNavExample[66438:1279302] [com.apple.FrontBoard:SceneExtension] registering method "actions" from extension FBSSceneTransitionContextCore on class "FBSSceneTransitionContext"
2026-04-10 23:22:27.713 Db EdotReactNavExample[66438:1279302] [com.apple.FrontBoard:SceneExtension] registering method "setActions:" from extension FBSSceneTransitionContextCore on class "FBSSceneTransitionContext"
2026-04-10 23:22:27.713 Db EdotReactNavExample[66438:1279302] [com.apple.FrontBoard:SceneExtension] registering method "animationFence" from extension FBSSceneTransitionContextCore on class "FBSSceneTransitionContext"
2026-04-10 23:22:27.713 Db EdotReactNavExample[66438:1279302] [com.apple.FrontBoard:SceneExtension] registering method "setAnimationFence:" from extension FBSSceneTransitionContextCore on class "FBSSceneTransitionContext"
2026-04-10 23:22:27.713 Db EdotReactNavExample[66438:1279302] [com.apple.FrontBoard:SceneExtension] registering method "isRunningBoardAssertionDisabled" from extension FBSSceneTransitionContextCore on class "FBSSceneTransitionContext"
2026-04-10 23:22:27.713 Db EdotReactNavExample[66438:1279302] [com.apple.FrontBoard:SceneExtension] registering method "setRunningBoardAssertionDisabled:" from extension FBSSceneTransitionContextCore on class "FBSSceneTransitionContext"
2026-04-10 23:22:27.713 Db EdotReactNavExample[66438:1279302] [com.apple.FrontBoard:SceneExtension] registering method "watchdogTransitionContext" from extension FBSSceneTransitionContextCore on class "FBSSceneTransitionContext"
2026-04-10 23:22:27.713 Db EdotReactNavExample[66438:1279302] [com.apple.FrontBoard:SceneExtension] registering method "setWatchdogTransitionContext:" from extension FBSSceneTransitionContextCore on class "FBSSceneTransitionContext"
2026-04-10 23:22:27.713 Db EdotReactNavExample[66438:1279302] [com.apple.FrontBoard:SceneExtension] registering method "error" from extension FBSSceneTransitionContextCore on class "FBSSceneTransitionContext"
2026-04-10 23:22:27.713 Db EdotReactNavExample[66438:1279302] [com.apple.FrontBoard:SceneExtension] registering method "setError:" from extension FBSSceneTransitionContextCore on class "FBSSceneTransitionContext"
2026-04-10 23:22:27.713 Db EdotReactNavExample[66438:1279302] [com.apple.FrontBoard:SceneExtension] registering method "clientProcessHandle" from extension FBSSceneTransitionContextCore on class "FBSSceneTransitionContext"
2026-04-10 23:22:27.713 Db EdotReactNavExample[66438:1279302] [com.apple.FrontBoard:SceneExtension] registering method "setClientProcessHandle:" from extension FBSSceneTransitionContextCore on class "FBSSceneTransitionContext"
2026-04-10 23:22:27.713 Db EdotReactNavExample[66438:1279302] [com.apple.FrontBoard:SceneExtension] registering method "updateCompletions" from extension FBSSceneTransitionContextCore on class "FBSSceneTransitionContext"
2026-04-10 23:22:27.713 Db EdotReactNavExample[66438:1279302] [com.apple.FrontBoard:SceneExtension] registering method "setUpdateCompletions:" from extension FBSSceneTransitionContextCore on class "FBSSceneTransitionContext"
2026-04-10 23:22:27.713 Db EdotReactNavExample[66438:1279302] [com.apple.FrontBoard:SceneExtension] registering method "animationSettings" from extension FBSSceneTransitionContextCore on class "FBSSceneTransitionContext"
2026-04-10 23:22:27.713 Db EdotReactNavExample[66438:1279302] [com.apple.FrontBoard:SceneExtension] registering method "setAnimationSettings:" from extension FBSSceneTransitionContextCore on class "FBSSceneTransitionContext"
2026-04-10 23:22:27.713 Db EdotReactNavExample[66438:1279302] [com.apple.FrontBoard:SceneExtension] registering method "parentUpdate" from extension FBSSceneTransitionContextCore on class "FBSSceneTransitionContext"
2026-04-10 23:22:27.713 Db EdotReactNavExample[66438:1279302] [com.apple.FrontBoard:SceneExtension] registering method "setParentUpdate:" from extension FBSSceneTransitionContextCore on class "FBSSceneTransitionContext"
2026-04-10 23:22:27.713 Db EdotReactNavExample[66438:1279302] [com.apple.FrontBoard:SceneExtension] registering method "isBarrier" from extension FBSSceneTransitionContextCore on class "FBSSceneTransitionContext"
2026-04-10 23:22:27.714 Db EdotReactNavExample[66438:1279302] [com.apple.FrontBoard:SceneExtension] registering method "setBarrier:" from extension FBSSceneTransitionContextCore on class "FBSSceneTransitionContext"
2026-04-10 23:22:27.714 Db EdotReactNavExample[66438:1279302] [com.apple.FrontBoard:SceneExtension] registering method "updateContext" from extension FBSSceneTransitionContextCore on class "FBSSceneTransitionContext"
2026-04-10 23:22:27.714 Db EdotReactNavExample[66438:1279302] [com.apple.FrontBoard:SceneExtension] registering method "setUpdateContext:" from extension FBSSceneTransitionContextCore on class "FBSSceneTransitionContext"
2026-04-10 23:22:27.714 Db EdotReactNavExample[66438:1279302] [com.apple.FrontBoard:SceneExtension] registering method "originatingProcess" from extension FBSSceneTransitionContextCore on class "FBSSceneTransitionContext"
2026-04-10 23:22:27.714 Db EdotReactNavExample[66438:1279302] [com.apple.FrontBoard:SceneExtension] registering method "setOriginatingProcess:" from extension FBSSceneTransitionContextCore on class "FBSSceneTransitionContext"
2026-04-10 23:22:27.714 I  EdotReactNavExample[66438:1279302] [com.apple.FrontBoard:Common] [FBSScene] [(FBSceneManager):sceneID:com.edot.reactnavexample-default] Created client agent: <UIApplicationSceneClientAgent: 0x1065d8840>
2026-04-10 23:22:27.714 Db EdotReactNavExample[66438:127923c] [com.apple.CFBundle:loading] dlfcn check load bundle CFBundle 0x1064de220 </Library/Developer/CoreSimulator/Volumes/iOS_23E244/Library/Developer/CoreSimulator/Profiles/Runtimes/iOS 26.4.simruntime/Contents/Resources/RuntimeRoot/System/Library/AccessibilityBundles/UIKit.axbundle> (not loaded), dlopen of /Library/Developer/CoreSimulator/Volumes/iOS_23E244/Library/Developer/CoreSimulator/Profiles/Runtimes/iOS 26.4.simruntime/Contents/Resources/RuntimeRoot/System/Library/AccessibilityBundles/UIKit.axbundle/UIKit mode 0x115 no handle
2026-04-10 23:22:27.716 Db EdotReactNavExample[66438:12792c0] [com.apple.CFBundle:resources] Language lookup at CFBundle 0x1064ddb20 </Library/Developer/CoreSimulator/Volumes/iOS_23E244/Library/Developer/CoreSimulator/Profiles/Runtimes/iOS 26.4.simruntime/Contents/Resources/RuntimeRoot/System/Library/PrivateFrameworks/CoreEmoji.framework> (not loaded)
	Localizations : [de, ur, he, en_AU, ar, el, ja, mr, sq, en, uk, es_419, gu, zh_CN, kn, pa, es, is, sl, or, pt_BR, da, et, it, bg, sk, kk, pt_PT, ms, ta, ml, sv, te, cs, km, en_IN, ko, yue_CN, hy, mn, my, no, hu, zh_HK, ka, tr, pl, zh_TW, es_US, en_GB, vi, lv, lo, lt, ru, fr_CA, uz, fr, fi, id, nl, th, az, bn, ro, hr, hi, ca, hi_Latn]
	Dev language  : en
	User prefs    : [en-TH, th-TH]
	Main bundle   : [en]
	Allow mixed   : 0 
	Result        : [en]
2026-04-10 23:22:27.891 Db EdotReactNavExample[66438:12792c0] [com.apple.CFBundle:resources] Resource lookup at CFBundle 0x1064ddb20 </Library/Developer/CoreSimulator/Volumes/iOS_23E244/Library/Developer/CoreSimulator/Profiles/Runtimes/iOS 26.4.simruntime/Contents/Resources/RuntimeRoot/System/Library/PrivateFrameworks/CoreEmoji.framework> (not loaded)
	Request       : emoji type: bitmap
	Result        : file:///Library/Developer/CoreSimulator/Volumes/iOS_23E244/Library/Developer/CoreSimulator/Profiles/Runtimes/iOS%2026.4.simruntime/Contents/Resources/RuntimeRoot/System/Library/PrivateFrameworks/CoreEmoji.framework/emoji.bitmap
2026-04-10 23:22:27.932 Db EdotReactNavExample[66438:127923c] [com.apple.CFBundle:loading] dlfcn load framework CFBundle 0x1064de220 </Library/Developer/CoreSimulator/Volumes/iOS_23E244/Library/Developer/CoreSimulator/Profiles/Runtimes/iOS 26.4.simruntime/Contents/Resources/RuntimeRoot/System/Library/AccessibilityBundles/UIKit.axbundle> (framework, not loaded), dlopen of /Library/Developer/CoreSimulator/Volumes/iOS_23E244/Library/Developer/CoreSimulator/Profiles/Runtimes/iOS 26.4.simruntime/Contents/Resources/RuntimeRoot/System/Library/AccessibilityBundles/UIKit.axbundle/UIKit mode 0x109 returns handle 0xcb74b1
2026-04-10 23:22:27.985 I  EdotReactNavExample[66438:127923c] [com.apple.Accessibility:AXCommon] AX Start server
2026-04-10 23:22:27.985 I  EdotReactNavExample[66438:127923c] [com.apple.Accessibility:AXCommon] AX Begin loading server
2026-04-10 23:22:27.985 Db EdotReactNavExample[66438:127923c] [com.apple.Accessibility:AXLoading] Accessibility Started (Mini-Server)
2026-04-10 23:22:27.986 Db EdotReactNavExample[66438:127923c] [com.apple.Accessibility:AXLoading] Accessibility Initialize Runtime Overrides
2026-04-10 23:22:27.986 Db EdotReactNavExample[66438:127923c] [com.apple.defaults:User Defaults] found no value for key ReportValidationErrors in CFPrefsSearchListSource<0x10652c880> (Domain: com.apple.Accessibility, Container: (null) Non-launch persona: 0)
2026-04-10 23:22:27.986 Db EdotReactNavExample[66438:127923c] [com.apple.Accessibility:AXSupportCommon] CF Read: domain = com.apple.Accessibility, preference = ReportValidationErrors, appID = (null) result = (null) (-1 - empty, 0 - false, 1 - true)
2026-04-10 23:22:27.986 Db EdotReactNavExample[66438:127923c] [com.apple.defaults:User Defaults] found no value for key ReportValidationErrors in CFPrefsPlistSource<0x10652cb00> (Domain: com.apple.Accessibility, User: kCFPreferencesCurrentUser, ByHost: No, Container: /Users/nonth/Library/Developer/CoreSimulator/Devices/B7E9BAD6-0C0D-41EE-BE0C-D49BF485382E/data, Contents Need Refresh: No)
2026-04-10 23:22:27.990 Db EdotReactNavExample[66438:127923c] [com.apple.defaults:User Defaults] found no value for key AXSAppValidatingTestingPreference in CFPrefsSearchListSource<0x1066b6180> (Domain: com.apple.Accessibility, Container: /Users/nonth/Library/Developer/CoreSimulator/Devices/B7E9BAD6-0C0D-41EE-BE0C-D49BF485382E/data Non-launch persona: 0)
2026-04-10 23:22:27.990 Db EdotReactNavExample[66438:127923c] [com.apple.defaults:User Defaults] found no value for key AXSAppValidatingTestingPreference in CFPrefsSearchListSource<0x10652c880> (Domain: com.apple.Accessibility, Container: (null) Non-launch persona: 0)
2026-04-10 23:22:27.991 A  EdotReactNavExample[66438:1279302] (CoreFoundation) Updating Key-Value Observers Of Preferences
2026-04-10 23:22:27.991 Db EdotReactNavExample[66438:127923c] [com.apple.defaults:User Defaults] found no value for key shouldPerformValidationsAtRuntime in CFPrefsSearchListSource<0x1066b6180> (Domain: com.apple.Accessibility, Container: /Users/nonth/Library/Developer/CoreSimulator/Devices/B7E9BAD6-0C0D-41EE-BE0C-D49BF485382E/data Non-launch persona: 0)
2026-04-10 23:22:27.991 Db EdotReactNavExample[66438:127923c] [com.apple.defaults:User Defaults] found no value for key shouldPerformValidationsAtRuntime in CFPrefsSearchListSource<0x10652c880> (Domain: com.apple.Accessibility, Container: (null) Non-launch persona: 0)
2026-04-10 23:22:27.991 Db EdotReactNavExample[66438:127923c] [com.apple.defaults:User Defaults] found no value for key IsAXValidationRunnerCollectingValidations in CFPrefsSearchListSource<0x1066b6180> (Domain: com.apple.Accessibility, Container: /Users/nonth/Library/Developer/CoreSimulator/Devices/B7E9BAD6-0C0D-41EE-BE0C-D49BF485382E/data Non-launch persona: 0)
2026-04-10 23:22:27.991 Db EdotReactNavExample[66438:127923c] [com.apple.defaults:User Defaults] found no value for key IsAXValidationRunnerCollectingValidations in CFPrefsSearchListSource<0x10652c880> (Domain: com.apple.Accessibility, Container: (null) Non-launch persona: 0)
2026-04-10 23:22:27.993 Db EdotReactNavExample[66438:127923c] [com.apple.defaults:User Defaults] found no value for key LocalizedStringLookupInfoEnabled in CFPrefsSearchListSource<0x10652c880> (Domain: com.apple.Accessibility, Container: (null) Non-launch persona: 0)
2026-04-10 23:22:27.993 Db EdotReactNavExample[66438:127923c] [com.apple.Accessibility:AXSupportCommon] CF Read: domain = com.apple.Accessibility, preference = LocalizedStringLookupInfoEnabled, appID = (null) result = (null) (-1 - empty, 0 - false, 1 - true)
2026-04-10 23:22:27.993 Db EdotReactNavExample[66438:127923c] [com.apple.defaults:User Defaults] found no value for key LocalizedStringLookupInfoEnabled in CFPrefsPlistSource<0x10652cb00> (Domain: com.apple.Accessibility, User: kCFPreferencesCurrentUser, ByHost: No, Container: /Users/nonth/Library/Developer/CoreSimulator/Devices/B7E9BAD6-0C0D-41EE-BE0C-D49BF485382E/data, Contents Need Refresh: No)
2026-04-10 23:22:27.993 Db EdotReactNavExample[66438:127923c] [com.apple.defaults:User Defaults] found no value for key AutomationPreferredLanguage in CFPrefsSearchListSource<0x10652c880> (Domain: com.apple.Accessibility, Container: (null) Non-launch persona: 0)
2026-04-10 23:22:27.993 Db EdotReactNavExample[66438:127923c] [com.apple.Accessibility:AXSupportCommon] CF Read: domain = com.apple.Accessibility, preference = AutomationPreferredLanguage, appID = (null) result = (null) (-1 - empty, 0 - false, 1 - true)
2026-04-10 23:22:27.993 Db EdotReactNavExample[66438:127923c] [com.apple.defaults:User Defaults] found no value for key AutomationPreferredLanguage in CFPrefsPlistSource<0x10652cb00> (Domain: com.apple.Accessibility, User: kCFPreferencesCurrentUser, ByHost: No, Container: /Users/nonth/Library/Developer/CoreSimulator/Devices/B7E9BAD6-0C0D-41EE-BE0C-D49BF485382E/data, Contents Need Refresh: No)
2026-04-10 23:22:27.993 Db EdotReactNavExample[66438:127923c] [com.apple.defaults:User Defaults] looked up value (
    "en-TH",
    "th-TH"
) for key AppleLanguages in CFPrefsPlistSource<0x105991da0> (Domain: kCFPreferencesAnyApplication, User: kCFPreferencesCurrentUser, ByHost: No, Container: /Users/nonth/Library/Developer/CoreSimulator/Devices/B7E9BAD6-0C0D-41EE-BE0C-D49BF485382E/data, Contents Need Refresh: No) via CFPrefsSearchListSource<0x1059906c0> (Domain: com.edot.reactnavexample, Container: (null) Non-launch persona: 0)
2026-04-10 23:22:27.993 Db EdotReactNavExample[66438:127923c] [com.apple.Accessibility:AXLoading] Accessibility Initialize Subclass Runtime Overrides (UIKit)
2026-04-10 23:22:28.000 Db EdotReactNavExample[66438:127923c] [com.apple.Accessibility:AXRuntimeCommon] Successfully created AX server
2026-04-10 23:22:28.000 Db EdotReactNavExample[66438:127923c] [com.apple.defaults:User Defaults] found no value for key AXAutomationIgnoreLogging in CFPrefsSearchListSource<0x1066b6180> (Domain: com.apple.Accessibility, Container: /Users/nonth/Library/Developer/CoreSimulator/Devices/B7E9BAD6-0C0D-41EE-BE0C-D49BF485382E/data Non-launch persona: 0)
2026-04-10 23:22:28.000 I  EdotReactNavExample[66438:127923c] [com.apple.Accessibility:AXAppAccessibility] Started AXRuntime server. SystemApp=0
2026-04-10 23:22:28.000 Db EdotReactNavExample[66438:127923c] [com.apple.defaults:User Defaults] found no value for key UseNewAXBundleLoader in CFPrefsSearchListSource<0x1066b6180> (Domain: com.apple.Accessibility, Container: /Users/nonth/Library/Developer/CoreSimulator/Devices/B7E9BAD6-0C0D-41EE-BE0C-D49BF485382E/data Non-launch persona: 0)
2026-04-10 23:22:28.000 Db EdotReactNavExample[66438:127923c] [com.apple.defaults:User Defaults] found no value for key UseNewAXBundleLoader in CFPrefsSearchListSource<0x10652c880> (Domain: com.apple.Accessibility, Container: (null) Non-launch persona: 0)
2026-04-10 23:22:28.000 Df EdotReactNavExample[66438:127923c] [com.apple.dt.xctest:Default] Registering for test daemon availability notify post.
2026-04-10 23:22:28.000 Df EdotReactNavExample[66438:127923c] [com.apple.dt.xctest:Default] notify_get_state check indicated test daemon not ready.
2026-04-10 23:22:28.001 Df EdotReactNavExample[66438:127923c] [com.apple.dt.xctest:Default] notify_get_state check indicated test daemon not ready.
2026-04-10 23:22:28.001 Df EdotReactNavExample[66438:127923c] [com.apple.dt.xctest:Default] notify_get_state check indicated test daemon not ready.
2026-04-10 23:22:28.001 Db EdotReactNavExample[66438:127923c] [com.apple.defaults:User Defaults] found no value for key UIRequireCrimsonLifecycle in CFPrefsSearchListSource<0x10652fc80> (Domain: com.apple.UIKit, Container: (null) Non-launch persona: 0)
2026-04-10 23:22:28.001 Db EdotReactNavExample[66438:127923c] [com.apple.defaults:User Defaults] found no value for key LogUpdateScheduler in CFPrefsSearchListSource<0x10652fc80> (Domain: com.apple.UIKit, Container: (null) Non-launch persona: 0)
2026-04-10 23:22:28.001 Df EdotReactNavExample[66438:127923c] [com.apple.UIKit:UpdateScheduler] Selected display: name=LCD (PurpleMain), id=1
2026-04-10 23:22:28.002 Db EdotReactNavExample[66438:127923c] [com.apple.FrontBoard:SceneClient] [(FBSceneManager):sceneID:com.edot.reactnavexample-default] Adding extension: "_UISceneRelationshipManagementExtension"
2026-04-10 23:22:28.002 Db EdotReactNavExample[66438:127923c] [com.apple.FrontBoard:SceneClient] [(FBSceneManager):sceneID:com.edot.reactnavexample-default] Adding extension: "_UIApplicationSceneKeyboardExtension"
2026-04-10 23:22:28.002 Db EdotReactNavExample[66438:127923c] [com.apple.FrontBoard:SceneClient] [(FBSceneManager):sceneID:com.edot.reactnavexample-default] Instantiated component: "<_UIApplicationSceneKeyboardClientComponent: 0x10668b8e0>"
2026-04-10 23:22:28.002 Db EdotReactNavExample[66438:127923c] [com.apple.FrontBoard:SceneClient] [(FBSceneManager):sceneID:com.edot.reactnavexample-default] Adding extension: "_UISceneOcclusionExtension"
2026-04-10 23:22:28.002 Db EdotReactNavExample[66438:127923c] [com.apple.FrontBoard:SceneClient] [(FBSceneManager):sceneID:com.edot.reactnavexample-default] Adding extension: "_UISceneInterfaceProtectionExtension"
2026-04-10 23:22:28.002 Db EdotReactNavExample[66438:127923c] [com.apple.FrontBoard:SceneClient] [(FBSceneManager):sceneID:com.edot.reactnavexample-default] Instantiated component: "<_UISceneInterfaceProtectionClientComponent: 0x10987e680>"
2026-04-10 23:22:28.002 Db EdotReactNavExample[66438:127923c] [com.apple.FrontBoard:SceneClient] [(FBSceneManager):sceneID:com.edot.reactnavexample-default] Adding extension: "_UISceneGeometryExtension"
2026-04-10 23:22:28.002 Db EdotReactNavExample[66438:127923c] [com.apple.FrontBoard:SceneClient] [(FBSceneManager):sceneID:com.edot.reactnavexample-default] Instantiated component: "<_UISceneLayoutPreferencesController: 0x1067091a0>"
2026-04-10 23:22:28.002 Db EdotReactNavExample[66438:127923c] [com.apple.FrontBoard:SceneClient] [(FBSceneManager):sceneID:com.edot.reactnavexample-default] Instantiated component: "<_UISceneSafeAreaClientComponent: 0x10668bea0>"
2026-04-10 23:22:28.002 Db EdotReactNavExample[66438:127923c] [com.apple.FrontBoard:SceneClient] [(FBSceneManager):sceneID:com.edot.reactnavexample-default] Adding extension: "_UISceneMaskingExtension"
2026-04-10 23:22:28.002 Db EdotReactNavExample[66438:127923c] [com.apple.FrontBoard:SceneClient] [(FBSceneManager):sceneID:com.edot.reactnavexample-default] Instantiated component: "<_UISceneMaskingClientComponent: 0x106567e20>"
2026-04-10 23:22:28.002 Db EdotReactNavExample[66438:127923c] [com.apple.FrontBoard:SceneClient] [(FBSceneManager):sceneID:com.edot.reactnavexample-default] Adding extension: "_UISystemChromeSceneExtension"
2026-04-10 23:22:28.002 Db EdotReactNavExample[66438:127923c] [com.apple.FrontBoard:SceneClient] [(FBSceneManager):sceneID:com.edot.reactnavexample-default] Instantiated component: "<_UIHomeAffordanceClientSceneComponent: 0x10988c120>"
2026-04-10 23:22:28.002 Db EdotReactNavExample[66438:127923c] [com.apple.FrontBoard:SceneClient] [(FBSceneManager):sceneID:com.edot.reactnavexample-default] Adding extension: "_UISystemShellSceneHostingEnvironmentExtension"
2026-04-10 23:22:28.002 Db EdotReactNavExample[66438:127923c] [com.apple.FrontBoard:SceneClient] [(FBSceneManager):sceneID:com.edot.reactnavexample-default] Instantiated component: "<_UISystemShellSceneHostingEnvironmentClientComponent: 0x10988c320>"
2026-04-10 23:22:28.002 Db EdotReactNavExample[66438:127923c] [com.apple.FrontBoard:SceneClient] [(FBSceneManager):sceneID:com.edot.reactnavexample-default] Adding extension: "_UISceneRenderingEnvironmentExtension"
2026-04-10 23:22:28.002 Db EdotReactNavExample[66438:127923c] [com.apple.FrontBoard:SceneClient] [(FBSceneManager):sceneID:com.edot.reactnavexample-default] Instantiated component: "<_UISceneRenderingEnvironmentClientComponent: 0x106709290>"
2026-04-10 23:22:28.002 Db EdotReactNavExample[66438:127923c] [com.apple.FrontBoard:SceneClient] [(FBSceneManager):sceneID:com.edot.reactnavexample-default] Adding extension: "_UISceneTransitioningExtension"
2026-04-10 23:22:28.002 Db EdotReactNavExample[66438:127923c] [com.apple.FrontBoard:SceneClient] [(FBSceneManager):sceneID:com.edot.reactnavexample-default] Instantiated component: "<_UISceneTransitioningClientComponent: 0x10988c740>"
2026-04-10 23:22:28.002 Db EdotReactNavExample[66438:127923c] [com.apple.FrontBoard:SceneClient] [(FBSceneManager):sceneID:com.edot.reactnavexample-default] Adding extension: "_UISceneFocusSystemExtension"
2026-04-10 23:22:28.002 Db EdotReactNavExample[66438:127923c] [com.apple.FrontBoard:SceneClient] [(FBSceneManager):sceneID:com.edot.reactnavexample-default] Instantiated component: "<_UISceneFocusSystemClientComponent: 0x10988c960>"
2026-04-10 23:22:28.002 Db EdotReactNavExample[66438:127923c] [com.apple.FrontBoard:SceneClient] [(FBSceneManager):sceneID:com.edot.reactnavexample-default] Adding extension: "_UISceneOrientationExtension"
2026-04-10 23:22:28.002 Db EdotReactNavExample[66438:127923c] [com.apple.FrontBoard:SceneClient] [(FBSceneManager):sceneID:com.edot.reactnavexample-default] Instantiated component: "<_UISceneOrientationClientComponent: 0x10988cbc0>"
2026-04-10 23:22:28.002 Db EdotReactNavExample[66438:127923c] [com.apple.FrontBoard:SceneClient] [(FBSceneManager):sceneID:com.edot.reactnavexample-default] Adding extension: "_UISceneWindowingControlExtension"
2026-04-10 23:22:28.002 Db EdotReactNavExample[66438:127923c] [com.apple.FrontBoard:SceneClient] [(FBSceneManager):sceneID:com.edot.reactnavexample-default] Instantiated component: "<_UISceneWindowingControlClientComponent: 0x10988ce20>"
2026-04-10 23:22:28.002 I  EdotReactNavExample[66438:127923c] [com.apple.runningboard:assertion] Acquiring assertion: <RBSAssertionDescriptor| "app_launch_measurement: pageins recording enabled" ID:(null) target:66438>
2026-04-10 23:22:28.003 Db EdotReactNavExample[66438:127923c] [com.apple.runningboard:assertion] Adding assertion 50369-66438-12454 to dictionary
2026-04-10 23:22:28.003 Df EdotReactNavExample[66438:127923c] [com.apple.app_launch_measurement:ApplicationLaunch] alm_acquire_pageins_recording_assertion: acquired pageins recording assertion!
2026-04-10 23:22:28.003 Df EdotReactNavExample[66438:127923c] [com.apple.UIKit:BackgroundTask] Will add backgroundTask with taskName: Persistent SceneSession Map Update, expirationHandler: <__NSGlobalBlock__: 0x1e7b10398>
2026-04-10 23:22:28.003 Df EdotReactNavExample[66438:127923c] [com.apple.UIKit:BackgroundTask] Reusing background assertion <BKSProcessAssertion: 0x1065af9d0>
2026-04-10 23:22:28.003 Df EdotReactNavExample[66438:127923c] [com.apple.UIKit:BackgroundTask] Incrementing reference count for background assertion <BKSProcessAssertion: 0x1065af9d0>
2026-04-10 23:22:28.003 Df EdotReactNavExample[66438:127923c] [com.apple.UIKit:BackgroundTask] Created background task <_UIBackgroundTaskInfo: 0x109884980>: taskID = 2, taskName = Persistent SceneSession Map Update, creationTime = 1229800 (elapsed = 0).
2026-04-10 23:22:28.003 Df EdotReactNavExample[66438:127923c] [com.apple.UIKit:Application] Deactivation reason added: 5; deactivation reasons: 1024 -> 1056; animating application lifecycle event: 1
2026-04-10 23:22:28.004 Db EdotReactNavExample[66438:127923c] [com.apple.defaults:User Defaults] found no value for key LogWindow in CFPrefsSearchListSource<0x10652fc80> (Domain: com.apple.UIKit, Container: (null) Non-launch persona: 0)
2026-04-10 23:22:28.004 Db EdotReactNavExample[66438:127923c] [com.apple.defaults:User Defaults] found no value for key LogInterfaceStyle in CFPrefsSearchListSource<0x10652fc80> (Domain: com.apple.UIKit, Container: (null) Non-launch persona: 0)
2026-04-10 23:22:28.004 Df EdotReactNavExample[66438:127923c] [com.apple.UIKit:InterfaceStyle] Not push traits update to screen for new style 1, <UIWindowScene: 0x1098e6600> (D17960C9-078A-4A2B-9D83-ADFD8BC8D32A)
2026-04-10 23:22:28.004 Df EdotReactNavExample[66438:127923c] [com.apple.UIKit:InterfaceStyle] Should send trait collection or coordinate space update, interface style 1 -> 1, <UIWindowScene: 0x1098e6600> (D17960C9-078A-4A2B-9D83-ADFD8BC8D32A)
2026-04-10 23:22:28.004 Db EdotReactNavExample[66438:127923c] [com.apple.defaults:User Defaults] found no value for key FullKeyboardAccessEnabled in CFPrefsSearchListSource<0x10652c880> (Domain: com.apple.Accessibility, Container: (null) Non-launch persona: 0)
2026-04-10 23:22:28.004 Db EdotReactNavExample[66438:127923c] [com.apple.Accessibility:AXSupportCommon] CF Read: domain = com.apple.Accessibility, preference = FullKeyboardAccessEnabled, appID = (null) result = (null) (-1 - empty, 0 - false, 1 - true)
2026-04-10 23:22:28.004 Db EdotReactNavExample[66438:127923c] [com.apple.defaults:User Defaults] found no value for key FullKeyboardAccessEnabled in CFPrefsPlistSource<0x10652cb00> (Domain: com.apple.Accessibility, User: kCFPreferencesCurrentUser, ByHost: No, Container: /Users/nonth/Library/Developer/CoreSimulator/Devices/B7E9BAD6-0C0D-41EE-BE0C-D49BF485382E/data, Contents Need Refresh: No)
2026-04-10 23:22:28.004 Df EdotReactNavExample[66438:127923c] [com.apple.UIKit:InterfaceStyle] Not push traits update to screen for new style 1, <UIWindowScene: 0x1098e6600> (D17960C9-078A-4A2B-9D83-ADFD8BC8D32A)
2026-04-10 23:22:28.005 Db EdotReactNavExample[66438:127923c] [com.apple.BacklightServices:scenes] create BLSBacklightFBSSceneEnvironment (BacklightUIServices) for scene:<UIWindowScene: 0x1098e6600; role: UIWindowSceneSessionRoleApplication; activationState: UISceneActivationStateUnattached> {
    session = <UISceneSession: 0x109818f00; persistentIdentifier: D17960C9-078A-4A2B-9D83-ADFD8BC8D32A> {
        configuration = <UISceneConfiguration: 0x109818ff0; name: 0x0>;
    };
    delegate = (nil);
    effectiveGeometry = <UIWindowSceneGeometry: 0x1098191d0; coordinateSpace.bounds: {{0, 0}, {402, 874}}; interfaceOrientation: portrait (1); isInteractivelyResizing: NO>;
    screen = <UIScreen: 0x1065bd540; bounds: {{0, 0}, {402, 874}}; mode: <UIScreenMode: 0x109900ee0; size = 1206.000000 x 2622.000000>>;
}
2026-04-10 23:22:28.041 Db EdotReactNavExample[66438:127923c] [com.apple.BacklightServices:scenes] 0x106708bd0 create environment:<BLSBacklightFBSSceneEnvironment: 0x106708bd0; identifier: 0x0; active: NO; liveUpdating: NO; unrestrictedFramerate: NO; aoSupport: NO; aoContentIs1hz: NO; visualState: 0x0; presentationDate: 0x0> for scene:<FBSScene: 0x1064f19a0; (FBSceneManager):sceneID:com.edot.reactnavexample-default; valid: YES> {
    settings = <UIApplicationSceneSettings: 0x1067254f0> {
        settings = <BSKeyedSettings: 0x10670a700> {
            displayConfiguration = <FBSDisplayConfiguration: 0x106548d00; Main; mode: "402x874@3x 60Hz p3 SDR">;
            foreground = Yes;
            frame = NSRect: {{0, 0}, {402, 874}};
            interfaceOrientation = portrait (1);
            interruptionPolicy = reconnect (2);
            level = 1;
            <SBSUIHomeScreenIconStyleSceneSettings> = <BSKeyedSettings: 0x10670b360> {
                iconStyleConfiguration = <SBSHomeScreenIconStyleConfiguration: 0x10668ae20>;
            };
            <_UISceneTransitioningHostSettings> = <BSKeyedSettings: 0x10670b420> {
   <…>
2026-04-10 23:22:28.041 Db EdotReactNavExample[66438:127923c] [com.apple.BacklightServices:scenes] BLSBacklightFBSSceneEnvironment (BacklightUIServices) _settingsDiffActionsForScene
2026-04-10 23:22:28.041 Db EdotReactNavExample[66438:127923c] [com.apple.BacklightServices:scenes] create BLSBacklightUISceneEnvironmentDiffAction:<_UIBacklightUISceneEnvironmentDiffAction: 0x1065d97e0>
2026-04-10 23:22:28.041 Db EdotReactNavExample[66438:127923c] [com.apple.BacklightServices:scenes] BLSBacklightFBSSceneEnvironment (BacklightUIServices) _actionRespondersForScene
2026-04-10 23:22:28.041 Db EdotReactNavExample[66438:127923c] [com.apple.BacklightServices:scenes] create BLSBacklightUISceneEnvironmentActionHandler:<_UIBacklightUISceneEnvironmentActionHandler: 0x1065d97d0>
2026-04-10 23:22:28.041 Db EdotReactNavExample[66438:127923c] [com.apple.defaults:User Defaults] found no value for key LogHomeAffordanceObservation in CFPrefsSearchListSource<0x10652fc80> (Domain: com.apple.UIKit, Container: (null) Non-launch persona: 0)
2026-04-10 23:22:28.041 Df EdotReactNavExample[66438:127923c] [com.apple.UIKit:HomeAffordanceObservation] Initializing: <_UIHomeAffordanceSceneNotifier: 0x1099804d0>; with scene: <UIWindowScene: 0x1098e6600>
2026-04-10 23:22:28.041 Db EdotReactNavExample[66438:127923c] [com.apple.BacklightServices:scenes] BLSBacklightFBSSceneEnvironment (BacklightUIServices) _settingsDiffActionsForScene
2026-04-10 23:22:28.041 Db EdotReactNavExample[66438:127923c] [com.apple.BacklightServices:scenes] create BLSBacklightUISceneEnvironmentDiffAction:<_UIBacklightUISceneEnvironmentDiffAction: 0x1065d9af0>
2026-04-10 23:22:28.041 Db EdotReactNavExample[66438:127923c] [com.apple.BacklightServices:scenes] BLSBacklightFBSSceneEnvironment (BacklightUIServices) _actionRespondersForScene
2026-04-10 23:22:28.042 Db EdotReactNavExample[66438:127923c] [com.apple.BacklightServices:scenes] create BLSBacklightUISceneEnvironmentActionHandler:<_UIBacklightUISceneEnvironmentActionHandler: 0x1065d97a0>
2026-04-10 23:22:28.042 Df EdotReactNavExample[66438:127923c] [com.apple.BacklightServices:scenes] 0x106708bd0 setDelegate:<0x106709590 _UIBacklightEnvironment> hasDelegate:YES for environment:sceneID:com.edot.reactnavexample-default
2026-04-10 23:22:28.042 Db EdotReactNavExample[66438:127923c] [com.apple.BacklightServices:scenes] 0x106708bd0 setSupportsAlwaysOn:NO for environment:sceneID:com.edot.reactnavexample-default
2026-04-10 23:22:28.042 Db EdotReactNavExample[66438:127923c] [com.apple.BacklightServices:scenes] BLSBacklightFBSSceneEnvironment (BacklightUIServices) _settingsDiffActionsForScene
2026-04-10 23:22:28.042 Db EdotReactNavExample[66438:127923c] [com.apple.BacklightServices:scenes] create BLSBacklightUISceneEnvironmentDiffAction:<_UIBacklightUISceneEnvironmentDiffAction: 0x1065da400>
2026-04-10 23:22:28.042 Db EdotReactNavExample[66438:127923c] [com.apple.BacklightServices:scenes] BLSBacklightFBSSceneEnvironment (BacklightUIServices) _actionRespondersForScene
2026-04-10 23:22:28.042 Db EdotReactNavExample[66438:127923c] [com.apple.BacklightServices:scenes] create BLSBacklightUISceneEnvironmentActionHandler:<_UIBacklightUISceneEnvironmentActionHandler: 0x1065d97d0>
2026-04-10 23:22:28.042 Df EdotReactNavExample[66438:127923c] [com.apple.UIKit:InterfaceStyle] Not push traits update to screen for new style 1, <UIWindowScene: 0x1098e6600> (D17960C9-078A-4A2B-9D83-ADFD8BC8D32A)
2026-04-10 23:22:28.042 Db EdotReactNavExample[66438:127923c] [com.apple.defaults:User Defaults] found no value for key LogEventDeferring in CFPrefsSearchListSource<0x10652fc80> (Domain: com.apple.UIKit, Container: (null) Non-launch persona: 0)
2026-04-10 23:22:28.042 Df EdotReactNavExample[66438:127923c] [com.apple.UIKit:EventDeferring] [0x109982220] Initialized with scene: <UIWindowScene: 0x1098e6600>; behavior: <_UIEventDeferringBehavior_iOS: 0x109901320>; availableForProcess: 1, systemShellManagesKeyboardFocus: 1
2026-04-10 23:22:28.042 Db EdotReactNavExample[66438:127923c] [com.apple.BacklightServices:scenes] BLSBacklightFBSSceneEnvironment (BacklightUIServices) _settingsDiffActionsForScene
2026-04-10 23:22:28.042 Db EdotReactNavExample[66438:127923c] [com.apple.BacklightServices:scenes] create BLSBacklightUISceneEnvironmentDiffAction:<_UIBacklightUISceneEnvironmentDiffAction: 0x1065d9c10>
2026-04-10 23:22:28.042 Db EdotReactNavExample[66438:127923c] [com.apple.BacklightServices:scenes] BLSBacklightFBSSceneEnvironment (BacklightUIServices) _actionRespondersForScene
2026-04-10 23:22:28.042 Db EdotReactNavExample[66438:127923c] [com.apple.BacklightServices:scenes] create BLSBacklightUISceneEnvironmentActionHandler:<_UIBacklightUISceneEnvironmentActionHandler: 0x1065d97b0>
2026-04-10 23:22:28.042 Db EdotReactNavExample[66438:127923c] [com.apple.defaults:User Defaults] found no value for key LogKeyWindow in CFPrefsSearchListSource<0x10652fc80> (Domain: com.apple.UIKit, Container: (null) Non-launch persona: 0)
2026-04-10 23:22:28.042 Df EdotReactNavExample[66438:127923c] [com.apple.BoardServices:XPCErrors] [C:2] Alloc com.apple.backboard.hid-services.xpc
2026-04-10 23:22:28.042 Df EdotReactNavExample[66438:127923c] [com.apple.xpc:connection] [0x1065bde00] activating connection: mach=false listener=false peer=false name=(anonymous)
2026-04-10 23:22:28.043 Db EdotReactNavExample[66438:127930e] [com.apple.BaseBoard:MachPort]  *|machport|* <BSMachPortTaskNameRight: 0x1098f1080; usable: YES; (66438:6113:send task_name_for_pid:backboardd.50387)> -> (<NSThread: 0x1098f1040>{number = 6, name = (null)}) (
	0   BaseBoard                           0x0000000184059048 -[BSMachPortRight _initWithPort:type:owner:trace:] + 200
	1   BaseBoard                           0x000000018405b074 -[BSMachPortTaskNameRight initWithPID:] + 276
	2   BaseBoard                           0x000000018405af04 +[BSMachPortTaskNameRight taskNameForPID:] + 56
	3   BaseBoard                           0x000000018406e490 +[BSProcessHandle processHandleForXPCConnection:] + 176
	4   BoardServices                       0x0000000188208ac8 +[BSXPCServiceConnectionPeer peerOfConnection:] + 320
	5   BoardServices                       0x000000018823f68c __55-[BSXPCServiceConnection _lock_activateNowOrWhenReady:]_block_invoke_2 + 140
	6   BoardServices                       0x0000000188235a44 __55-[BSXPCServiceConnectionMessage _actuallySendWithMode:]_block_invoke + 164
	7
2026-04-10 23:22:28.044 Df EdotReactNavExample[66438:12792c0] [com.apple.BackBoard:EventDelivery] BKSHIDEventObserver - connection activation
2026-04-10 23:22:28.044 Df EdotReactNavExample[66438:127923c] [com.apple.BackBoard:EventDelivery] policyStatus:<BKSHIDEventDeliveryPolicyObserver: 0x1066ac7e0; process scope; status: target> was:none
2026-04-10 23:22:28.044 Db EdotReactNavExample[66438:127923c] [com.apple.BackBoard:EventDelivery] observerPolicyDidChange: 0x1066ac7e0 -> <_UIKeyWindowSceneObserver: 0x106708120>
2026-04-10 23:22:28.044 Df EdotReactNavExample[66438:127923c] [com.apple.UIKit:KeyWindow] Setting default evaluation strategy for UIUserInterfaceIdiomPhone to LastOneWins
2026-04-10 23:22:28.044 Df EdotReactNavExample[66438:127923c] [com.apple.UIKit:KeyWindow] Scene target of keyboard event deferring environment did change: 1; scene: UIWindowScene: 0x1098e6600; scene identity: com.apple.frontboard.systemappservices/FBSceneManager:sceneID%3Acom.edot.reactnavexample-default
2026-04-10 23:22:28.044 Df EdotReactNavExample[66438:127923c] [com.apple.UIKit:EventDeferring] [0x109982220] Scene target of event deferring environments did update: scene: 0x1098e6600; current systemShellManagesKeyboardFocus: 1; systemShellManagesKeyboardFocusForScene: 1; eligibleForRecordRemoval: 1;
2026-04-10 23:22:28.044 Df EdotReactNavExample[66438:127923c] [com.apple.UIKit:KeyWindow] Scene became target of keyboard event deferring environment: UIWindowScene: 0x1098e6600; scene identity: com.apple.frontboard.systemappservices/FBSceneManager:sceneID%3Acom.edot.reactnavexample-default
2026-04-10 23:22:28.044 Df EdotReactNavExample[66438:127923c] [com.apple.UIKit:KeyWindow] Stack[KeyWindow] 0x10645bcf0: Taking no further action for migration from LastOneWins -> SystemShellManaged as there are no scenes
2026-04-10 23:22:28.044 Df EdotReactNavExample[66438:127923c] [com.apple.UIKit:KeyWindow] Setting default evaluation strategy for UIUserInterfaceIdiomPhone to SystemShellManaged
2026-04-10 23:22:28.044 Df EdotReactNavExample[66438:127923c] [com.apple.UIKit:KeyWindow] Key window needs update: 0; currentKeyWindowScene: 0x0; evaluatedKeyWindowScene: 0x1098e6600; currentApplicationKeyWindow: 0x0; evaluatedApplicationKeyWindow: 0x0; reason: UIWindowScene: 0x1098e6600: Window scene became target of keyboard environment
2026-04-10 23:22:28.044 Db EdotReactNavExample[66438:127923c] [com.apple.BacklightServices:scenes] BLSBacklightFBSSceneEnvironment (BacklightUIServices) _settingsDiffActionsForScene
2026-04-10 23:22:28.044 Db EdotReactNavExample[66438:127923c] [com.apple.BacklightServices:scenes] create BLSBacklightUISceneEnvironmentDiffAction:<_UIBacklightUISceneEnvironmentDiffAction: 0x1065d96d0>
2026-04-10 23:22:28.044 Db EdotReactNavExample[66438:127923c] [com.apple.BacklightServices:scenes] BLSBacklightFBSSceneEnvironment (BacklightUIServices) _actionRespondersForScene
2026-04-10 23:22:28.044 Db EdotReactNavExample[66438:127923c] [com.apple.BacklightServices:scenes] create BLSBacklightUISceneEnvironmentActionHandler:<_UIBacklightUISceneEnvironmentActionHandler: 0x1065d9700>
2026-04-10 23:22:28.045 Db EdotReactNavExample[66438:127923c] [com.apple.BacklightServices:scenes] BLSBacklightFBSSceneEnvironment (BacklightUIServices) _settingsDiffActionsForScene
2026-04-10 23:22:28.045 Db EdotReactNavExample[66438:127923c] [com.apple.BacklightServices:scenes] create BLSBacklightUISceneEnvironmentDiffAction:<_UIBacklightUISceneEnvironmentDiffAction: 0x1065d9790>
2026-04-10 23:22:28.045 Db EdotReactNavExample[66438:127923c] [com.apple.BacklightServices:scenes] BLSBacklightFBSSceneEnvironment (BacklightUIServices) _actionRespondersForScene
2026-04-10 23:22:28.045 Db EdotReactNavExample[66438:127923c] [com.apple.BacklightServices:scenes] create BLSBacklightUISceneEnvironmentActionHandler:<_UIBacklightUISceneEnvironmentActionHandler: 0x1065da400>
2026-04-10 23:22:28.045 Df EdotReactNavExample[66438:127923c] [com.apple.UIKit:InterfaceStyle] Not push traits update to screen for new style 1, <UIWindowScene: 0x1098e6600> (D17960C9-078A-4A2B-9D83-ADFD8BC8D32A)
2026-04-10 23:22:28.045 Db EdotReactNavExample[66438:127923c] [com.apple.BacklightServices:scenes] BLSBacklightFBSSceneEnvironment (BacklightUIServices) _settingsDiffActionsForScene
2026-04-10 23:22:28.045 Db EdotReactNavExample[66438:127923c] [com.apple.BacklightServices:scenes] create BLSBacklightUISceneEnvironmentDiffAction:<_UIBacklightUISceneEnvironmentDiffAction: 0x1065d97b0>
2026-04-10 23:22:28.045 Db EdotReactNavExample[66438:127923c] [com.apple.BacklightServices:scenes] BLSBacklightFBSSceneEnvironment (BacklightUIServices) _actionRespondersForScene
2026-04-10 23:22:28.045 Db EdotReactNavExample[66438:127923c] [com.apple.BacklightServices:scenes] create BLSBacklightUISceneEnvironmentActionHandler:<_UIBacklightUISceneEnvironmentActionHandler: 0x1065d9c10>
2026-04-10 23:22:28.045 Db EdotReactNavExample[66438:127923c] [com.apple.BacklightServices:scenes] BLSBacklightFBSSceneEnvironment (BacklightUIServices) _settingsDiffActionsForScene
2026-04-10 23:22:28.045 Db EdotReactNavExample[66438:127923c] [com.apple.BacklightServices:scenes] create BLSBacklightUISceneEnvironmentDiffAction:<_UIBacklightUISceneEnvironmentDiffAction: 0x1065d9700>
2026-04-10 23:22:28.045 Db EdotReactNavExample[66438:127923c] [com.apple.BacklightServices:scenes] BLSBacklightFBSSceneEnvironment (BacklightUIServices) _actionRespondersForScene
2026-04-10 23:22:28.045 Db EdotReactNavExample[66438:127923c] [com.apple.BacklightServices:scenes] create BLSBacklightUISceneEnvironmentActionHandler:<_UIBacklightUISceneEnvironmentActionHandler: 0x1065d97b0>
2026-04-10 23:22:28.045 Db EdotReactNavExample[66438:127923c] [com.apple.BacklightServices:scenes] BLSBacklightFBSSceneEnvironment (BacklightUIServices) _settingsDiffActionsForScene
2026-04-10 23:22:28.045 Db EdotReactNavExample[66438:127923c] [com.apple.BacklightServices:scenes] create BLSBacklightUISceneEnvironmentDiffAction:<_UIBacklightUISceneEnvironmentDiffAction: 0x1065da400>
2026-04-10 23:22:28.045 Db EdotReactNavExample[66438:127923c] [com.apple.BacklightServices:scenes] BLSBacklightFBSSceneEnvironment (BacklightUIServices) _actionRespondersForScene
2026-04-10 23:22:28.045 Db EdotReactNavExample[66438:127923c] [com.apple.BacklightServices:scenes] create BLSBacklightUISceneEnvironmentActionHandler:<_UIBacklightUISceneEnvironmentActionHandler: 0x1065d9700>
2026-04-10 23:22:28.045 Df EdotReactNavExample[66438:127923c] [com.apple.UIKit:InterfaceStyle] Not push traits update to screen for new style 1, <UIWindowScene: 0x1098e6600> (D17960C9-078A-4A2B-9D83-ADFD8BC8D32A)
2026-04-10 23:22:28.045 Db EdotReactNavExample[66438:127923c] [com.apple.BacklightServices:scenes] BLSBacklightFBSSceneEnvironment (BacklightUIServices) _settingsDiffActionsForScene
2026-04-10 23:22:28.045 Db EdotReactNavExample[66438:127923c] [com.apple.BacklightServices:scenes] create BLSBacklightUISceneEnvironmentDiffAction:<_UIBacklightUISceneEnvironmentDiffAction: 0x1065d96d0>
2026-04-10 23:22:28.045 Db EdotReactNavExample[66438:127923c] [com.apple.BacklightServices:scenes] BLSBacklightFBSSceneEnvironment (BacklightUIServices) _actionRespondersForScene
2026-04-10 23:22:28.045 Db EdotReactNavExample[66438:127923c] [com.apple.BacklightServices:scenes] create BLSBacklightUISceneEnvironmentActionHandler:<_UIBacklightUISceneEnvironmentActionHandler: 0x1065d9790>
2026-04-10 23:22:28.045 Db EdotReactNavExample[66438:127923c] [com.apple.BacklightServices:scenes] BLSBacklightFBSSceneEnvironment (BacklightUIServices) _settingsDiffActionsForScene
2026-04-10 23:22:28.045 Db EdotReactNavExample[66438:127923c] [com.apple.BacklightServices:scenes] create BLSBacklightUISceneEnvironmentDiffAction:<_UIBacklightUISceneEnvironmentDiffAction: 0x1065d9720>
2026-04-10 23:22:28.045 Db EdotReactNavExample[66438:127923c] [com.apple.BacklightServices:scenes] BLSBacklightFBSSceneEnvironment (BacklightUIServices) _actionRespondersForScene
2026-04-10 23:22:28.045 Db EdotReactNavExample[66438:127923c] [com.apple.BacklightServices:scenes] create BLSBacklightUISceneEnvironmentActionHandler:<_UIBacklightUISceneEnvironmentActionHandler: 0x1065d96a0>
2026-04-10 23:22:28.046 Db EdotReactNavExample[66438:127923c] [com.apple.BacklightServices:scenes] BLSBacklightFBSSceneEnvironment (BacklightUIServices) _settingsDiffActionsForScene
2026-04-10 23:22:28.046 Db EdotReactNavExample[66438:127923c] [com.apple.BacklightServices:scenes] create BLSBacklightUISceneEnvironmentDiffAction:<_UIBacklightUISceneEnvironmentDiffAction: 0x1065d9690>
2026-04-10 23:22:28.046 Db EdotReactNavExample[66438:127923c] [com.apple.BacklightServices:scenes] BLSBacklightFBSSceneEnvironment (BacklightUIServices) _actionRespondersForScene
2026-04-10 23:22:28.046 Db EdotReactNavExample[66438:127923c] [com.apple.BacklightServices:scenes] create BLSBacklightUISceneEnvironmentActionHandler:<_UIBacklightUISceneEnvironmentActionHandler: 0x1065d96e0>
2026-04-10 23:22:28.046 Db EdotReactNavExample[66438:127923c] [com.apple.BacklightServices:scenes] BLSBacklightFBSSceneEnvironment (BacklightUIServices) _settingsDiffActionsForScene
2026-04-10 23:22:28.046 Db EdotReactNavExample[66438:127923c] [com.apple.BacklightServices:scenes] create BLSBacklightUISceneEnvironmentDiffAction:<_UIBacklightUISceneEnvironmentDiffAction: 0x1065d96a0>
2026-04-10 23:22:28.046 Db EdotReactNavExample[66438:127923c] [com.apple.BacklightServices:scenes] BLSBacklightFBSSceneEnvironment (BacklightUIServices) _actionRespondersForScene
2026-04-10 23:22:28.046 Db EdotReactNavExample[66438:127923c] [com.apple.BacklightServices:scenes] create BLSBacklightUISceneEnvironmentActionHandler:<_UIBacklightUISceneEnvironmentActionHandler: 0x1065d9670>
2026-04-10 23:22:28.046 Db EdotReactNavExample[66438:127923c] [com.apple.BacklightServices:scenes] BLSBacklightFBSSceneEnvironment (BacklightUIServices) _settingsDiffActionsForScene
2026-04-10 23:22:28.046 Db EdotReactNavExample[66438:127923c] [com.apple.BacklightServices:scenes] create BLSBacklightUISceneEnvironmentDiffAction:<_UIBacklightUISceneEnvironmentDiffAction: 0x1065d9550>
2026-04-10 23:22:28.046 Db EdotReactNavExample[66438:127923c] [com.apple.BacklightServices:scenes] BLSBacklightFBSSceneEnvironment (BacklightUIServices) _actionRespondersForScene
2026-04-10 23:22:28.046 Db EdotReactNavExample[66438:127923c] [com.apple.BacklightServices:scenes] create BLSBacklightUISceneEnvironmentActionHandler:<_UIBacklightUISceneEnvironmentActionHandler: 0x1065d9610>
2026-04-10 23:22:28.046 Df EdotReactNavExample[66438:127923c] [com.apple.UIKit:InterfaceStyle] Not push traits update to screen for new style 1, <UIWindowScene: 0x1098e6600> (D17960C9-078A-4A2B-9D83-ADFD8BC8D32A)
2026-04-10 23:22:28.047 A  EdotReactNavExample[66438:127923c] (libsystem_trace.dylib) Activity for state dumps
2026-04-10 23:22:28.047 F  EdotReactNavExample[66438:127923c] [com.apple.runtime-issues:UIKit App Config] `UIScene` lifecycle will soon be required. Failure to adopt will result in an assert in the future.
2026-04-10 23:22:28.047 Df EdotReactNavExample[66438:127923c] [com.apple.UIKit:InterfaceStyle] Not push traits update to screen for new style 1, <UIWindowScene: 0x1098e6600> (D17960C9-078A-4A2B-9D83-ADFD8BC8D32A)
2026-04-10 23:22:28.047 Db EdotReactNavExample[66438:127923c] [com.apple.defaults:User Defaults] found no value for key LogAppLifecycle in CFPrefsSearchListSource<0x10652fc80> (Domain: com.apple.UIKit, Container: (null) Non-launch persona: 0)
2026-04-10 23:22:28.047 Df EdotReactNavExample[66438:127923c] [com.apple.UIKit:AppLifecycle] sceneOfRecord: sceneID: sceneID:com.edot.reactnavexample-default  persistentID: D17960C9-078A-4A2B-9D83-ADFD8BC8D32A
2026-04-10 23:22:28.047 Df EdotReactNavExample[66438:127923c] [com.apple.UIKit:Application] Ignoring already applied deactivation reason: 5; deactivation reasons: 1056
2026-04-10 23:22:28.047 Df EdotReactNavExample[66438:127923c] [com.apple.UIKit:Application] Deactivation reason added: 11; deactivation reasons: 1056 -> 3104; animating application lifecycle event: 1
2026-04-10 23:22:28.047 Df EdotReactNavExample[66438:127923c] [com.apple.KeyboardArbiter:Client] startConnection
2026-04-10 23:22:28.047 Df EdotReactNavExample[66438:127923c] [com.apple.xpc:connection] [0x1065be6c0] activating connection: mach=true listener=false peer=false name=com.apple.UIKit.KeyboardManagement.hosted
2026-04-10 23:22:28.048 Db EdotReactNavExample[66438:127923c] [com.apple.defaults:User Defaults] found no value for key detoxURLOverride in CFPrefsSearchListSource<0x1059906c0> (Domain: com.edot.reactnavexample, Container: (null) Non-launch persona: 0)
2026-04-10 23:22:28.048 Db EdotReactNavExample[66438:127923c] [com.apple.defaults:User Defaults] found no value for key detoxSourceAppOverride in CFPrefsSearchListSource<0x1059906c0> (Domain: com.edot.reactnavexample, Container: (null) Non-launch persona: 0)
2026-04-10 23:22:28.048 Db EdotReactNavExample[66438:127923c] [com.apple.defaults:User Defaults] found no value for key UIHandleTestURLScheme in CFPrefsSearchListSource<0x1059906c0> (Domain: com.edot.reactnavexample, Container: (null) Non-launch persona: 0)
2026-04-10 23:22:28.048 Db EdotReactNavExample[66438:127923c] [com.apple.defaults:User Defaults] found no value for key LogStatusBar in CFPrefsSearchListSource<0x10652fc80> (Domain: com.apple.UIKit, Container: (null) Non-launch persona: 0)
2026-04-10 23:22:28.048 Db EdotReactNavExample[66438:127923c] [com.apple.defaults:User Defaults] found no value for key detoxURLOverride in CFPrefsSearchListSource<0x1059906c0> (Domain: com.edot.reactnavexample, Container: (null) Non-launch persona: 0)
2026-04-10 23:22:28.048 Db EdotReactNavExample[66438:127923c] [com.apple.defaults:User Defaults] found no value for key detoxSourceAppOverride in CFPrefsSearchListSource<0x1059906c0> (Domain: com.edot.reactnavexample, Container: (null) Non-launch persona: 0)
2026-04-10 23:22:28.049 Db EdotReactNavExample[66438:127923c] [com.apple.CFBundle:resources] Resource lookup at CFBundle 0x1064dc000 </Users/nonth/Library/Developer/CoreSimulator/Devices/B7E9BAD6-0C0D-41EE-BE0C-D49BF485382E/data/Containers/Bundle/Application/A9D25B4E-FCD1-47CE-888B-F82CFEBC6D31/EdotReactNavExample.app> (executable, loaded)
	Request       : main type: jsbundle
	Result        : file:///Users/nonth/Library/Developer/CoreSimulator/Devices/B7E9BAD6-0C0D-41EE-BE0C-D49BF485382E/data/Containers/Bundle/Application/A9D25B4E-FCD1-47CE-888B-F82CFEBC6D31/EdotReactNavExample.app/main.jsbundle
2026-04-10 23:22:28.051 I  EdotReactNavExample[66438:127923c] [com.wix.DetoxSync:DTXSyncReactNativeSupport] Cleaning idling resource before RN load
2026-04-10 23:22:28.051 I  EdotReactNavExample[66438:127923c] [com.wix.DetoxSync:DTXSyncReactNativeSupport] Adding idling resource for RN load
2026-04-10 23:22:28.052 Db EdotReactNavExample[66438:127923c] [com.apple.defaults:User Defaults] found no value for key UIViewLayoutFeedbackLoopDebuggingThreshold in CFPrefsSearchListSource<0x1059906c0> (Domain: com.edot.reactnavexample, Container: (null) Non-launch persona: 0)
2026-04-10 23:22:28.052 Db EdotReactNavExample[66438:127923c] [com.apple.defaults:User Defaults] found no value for key UIEngineHostingViewsShouldGuardWantsAutolayoutFlagPropagation in CFPrefsSearchListSource<0x1059906c0> (Domain: com.edot.reactnavexample, Container: (null) Non-launch persona: 0)
2026-04-10 23:22:28.053 Db EdotReactNavExample[66438:127923c] [com.apple.defaults:User Defaults] found no value for key _UIConstraintBasedLayoutEngageNonLazily in CFPrefsSearchListSource<0x1059906c0> (Domain: com.edot.reactnavexample, Container: (null) Non-launch persona: 0)
2026-04-10 23:22:28.055 Db EdotReactNavExample[66438:127923c] [com.apple.defaults:User Defaults] found no value for key com.apple.SwiftUI.IgnoreSolariumOptOut in CFPrefsSearchListSource<0x1059906c0> (Domain: com.edot.reactnavexample, Container: (null) Non-launch persona: 0)
2026-04-10 23:22:28.056 Db EdotReactNavExample[66438:127923c] [com.apple.defaults:User Defaults] found no value for key UITraitUsageTrackingLoggingEnabled in CFPrefsSearchListSource<0x1059906c0> (Domain: com.edot.reactnavexample, Container: (null) Non-launch persona: 0)
2026-04-10 23:22:28.056 Db EdotReactNavExample[66438:127923c] [com.apple.defaults:User Defaults] found no value for key UIStateTrackingLoggingEnabled in CFPrefsSearchListSource<0x1059906c0> (Domain: com.edot.reactnavexample, Container: (null) Non-launch persona: 0)
2026-04-10 23:22:28.056 Db EdotReactNavExample[66438:127923c] [com.apple.defaults:User Defaults] looked up value 0 for key GrayscaleDisplay in CFPrefsPlistSource<0x10652ca00> (Domain: com.apple.Accessibility, User: kCFPreferencesCurrentUser, ByHost: No, Container: (null), Contents Need Refresh: No) via CFPrefsSearchListSource<0x10652c880> (Domain: com.apple.Accessibility, Container: (null) Non-launch persona: 0)
2026-04-10 23:22:28.056 Db EdotReactNavExample[66438:127923c] [com.apple.Accessibility:AXSupportCommon] CF Read: domain = com.apple.Accessibility, preference = GrayscaleDisplay, appID = (null) result = 0 (-1 - empty, 0 - false, 1 - true)
2026-04-10 23:22:28.056 Db EdotReactNavExample[66438:127923c] [com.apple.defaults:User Defaults] looked up value 0 for key ReduceMotionEnabled in CFPrefsPlistSource<0x10652ca00> (Domain: com.apple.Accessibility, User: kCFPreferencesCurrentUser, ByHost: No, Container: (null), Contents Need Refresh: No) via CFPrefsSearchListSource<0x10652c880> (Domain: com.apple.Accessibility, Container: (null) Non-launch persona: 0)
2026-04-10 23:22:28.056 Db EdotReactNavExample[66438:127923c] [com.apple.Accessibility:AXSupportCommon] CF Read: domain = com.apple.Accessibility, preference = ReduceMotionEnabled, appID = (null) result = 0 (-1 - empty, 0 - false, 1 - true)
2026-04-10 23:22:28.057 Db EdotReactNavExample[66438:127923c] [com.apple.defaults:User Defaults] found no value for key EnhancedBackgroundContrastEnabled in CFPrefsSearchListSource<0x10652c880> (Domain: com.apple.Accessibility, Container: (null) Non-launch persona: 0)
2026-04-10 23:22:28.057 Db EdotReactNavExample[66438:127923c] [com.apple.Accessibility:AXSupportCommon] CF Read: domain = com.apple.Accessibility, preference = EnhancedBackgroundContrastEnabled, appID = (null) result = (null) (-1 - empty, 0 - false, 1 - true)
2026-04-10 23:22:28.057 Db EdotReactNavExample[66438:127923c] [com.apple.defaults:User Defaults] found no value for key EnhancedBackgroundContrastEnabled in CFPrefsPlistSource<0x10652cb00> (Domain: com.apple.Accessibility, User: kCFPreferencesCurrentUser, ByHost: No, Container: /Users/nonth/Library/Developer/CoreSimulator/Devices/B7E9BAD6-0C0D-41EE-BE0C-D49BF485382E/data, Contents Need Refresh: No)
2026-04-10 23:22:28.057 I  EdotReactNavExample[66438:127923c] [com.facebook.react.log:native] Running application EdotReactNavExample ({
    initialProps =     {
    };
    rootTag = 1;
})
2026-04-10 23:22:28.057 Db EdotReactNavExample[66438:127923c] [com.apple.defaults:User Defaults] found no value for key UIViewShowAlignmentRects in CFPrefsSearchListSource<0x1059906c0> (Domain: com.edot.reactnavexample, Container: (null) Non-launch persona: 0)
2026-04-10 23:22:28.057 Db EdotReactNavExample[66438:127923c] [com.apple.defaults:User Defaults] found no value for key UIViewUseStaleDelegateContentInsets in CFPrefsSearchListSource<0x1059906c0> (Domain: com.edot.reactnavexample, Container: (null) Non-launch persona: 0)
2026-04-10 23:22:28.061 Db EdotReactNavExample[66438:127923c] [com.apple.defaults:User Defaults] found no value for key SheetAG in CFPrefsSearchListSource<0x10652fc80> (Domain: com.apple.UIKit, Container: (null) Non-launch persona: 0)
2026-04-10 23:22:28.061 Db EdotReactNavExample[66438:127923c] [com.apple.defaults:User Defaults] found no value for key _UIConstraintBasedLayout in CFPrefsSearchListSource<0x1059906c0> (Domain: com.edot.reactnavexample, Container: (null) Non-launch persona: 0)
2026-04-10 23:22:28.063 Db EdotReactNavExample[66438:127923c] [com.apple.defaults:User Defaults] found no value for key LogUIPresentationController in CFPrefsSearchListSource<0x10652fc80> (Domain: com.apple.UIKit, Container: (null) Non-launch persona: 0)
2026-04-10 23:22:28.063 I  EdotReactNavExample[66438:127923c] [com.apple.Accessibility:AXAppAccessibility] Presentation controller doesn't modalize: <_UIRootPresentationController: 0x1099a4000>
2026-04-10 23:22:28.063 Db EdotReactNavExample[66438:127923c] [com.apple.defaults:User Defaults] found no value for key UseSingleSystemColor in CFPrefsSearchListSource<0x10652c880> (Domain: com.apple.Accessibility, Container: (null) Non-launch persona: 0)
2026-04-10 23:22:28.063 Db EdotReactNavExample[66438:127923c] [com.apple.Accessibility:AXSupportCommon] CF Read: domain = com.apple.Accessibility, preference = UseSingleSystemColor, appID = (null) result = (null) (-1 - empty, 0 - false, 1 - true)
2026-04-10 23:22:28.063 Db EdotReactNavExample[66438:127923c] [com.apple.defaults:User Defaults] found no value for key UseSingleSystemColor in CFPrefsPlistSource<0x10652cb00> (Domain: com.apple.Accessibility, User: kCFPreferencesCurrentUser, ByHost: No, Container: /Users/nonth/Library/Developer/CoreSimulator/Devices/B7E9BAD6-0C0D-41EE-BE0C-D49BF485382E/data, Contents Need Refresh: No)
2026-04-10 23:22:28.063 Db EdotReactNavExample[66438:127923c] [com.apple.defaults:User Defaults] found no value for key UIViewLocalizeOverrideLayoutEngine in CFPrefsSearchListSource<0x1059906c0> (Domain: com.edot.reactnavexample, Container: (null) Non-launch persona: 0)
2026-04-10 23:22:28.065 Db EdotReactNavExample[66438:127923c] [com.apple.CFBundle:resources] Language lookup at CFBundle 0x109986f40 </Library/Developer/CoreSimulator/Volumes/iOS_23E244/Library/Developer/CoreSimulator/Profiles/Runtimes/iOS 26.4.simruntime/Contents/Resources/RuntimeRoot/System/Library/PrivateFrameworks/UIKitCore.framework/BoundingPathData.bundle> (not loaded)
	Localizations : [en]
	Dev language  : en
	User prefs    : [en-TH, th-TH]
	Main bundle   : [en]
	Allow mixed   : 0 
	Result        : [en]
2026-04-10 23:22:28.065 Db EdotReactNavExample[66438:127923c] [com.apple.CFBundle:resources] Resource lookup at CFBundle 0x109986f40 </Library/Developer/CoreSimulator/Volumes/iOS_23E244/Library/Developer/CoreSimulator/Profiles/Runtimes/iOS 26.4.simruntime/Contents/Resources/RuntimeRoot/System/Library/PrivateFrameworks/UIKitCore.framework/BoundingPathData.bundle> (not loaded)
	Request       : Assets type: car
	Result        : file:///Library/Developer/CoreSimulator/Volumes/iOS_23E244/Library/Developer/CoreSimulator/Profiles/Runtimes/iOS%2026.4.simruntime/Contents/Resources/RuntimeRoot/System/Library/PrivateFrameworks/UIKitCore.framework/BoundingPathData.bundle/Assets.car
2026-04-10 23:22:28.065 Db EdotReactNavExample[66438:127923c] [com.apple.defaults:User Defaults] found no value for key CUIShowDebugLogs in CFPrefsSearchListSource<0x1059906c0> (Domain: com.edot.reactnavexample, Container: (null) Non-launch persona: 0)
2026-04-10 23:22:28.070 Db EdotReactNavExample[66438:127923c] [com.apple.defaults:User Defaults] found no value for key UIViewControllerDetachedInheritsContentOverlayInsetsFromSuperview in CFPrefsSearchListSource<0x1059906c0> (Domain: com.edot.reactnavexample, Container: (null) Non-launch persona: 0)
2026-04-10 23:22:28.070 Db EdotReactNavExample[66438:127923c] [com.apple.defaults:User Defaults] found no value for key ModernContentOverlayInsetsPropagation in CFPrefsSearchListSource<0x1059906c0> (Domain: com.edot.reactnavexample, Container: (null) Non-launch persona: 0)
2026-04-10 23:22:28.070 Db EdotReactNavExample[66438:127923c] [com.apple.defaults:User Defaults] found no value for key LogOrientation in CFPrefsSearchListSource<0x10652fc80> (Domain: com.apple.UIKit, Container: (null) Non-launch persona: 0)
2026-04-10 23:22:28.070 Df EdotReactNavExample[66438:127923c] [com.apple.UIKit:Orientation] <UIWindowScene: 0x1098e6600> (D17960C9-078A-4A2B-9D83-ADFD8BC8D32A) Scene updated orientation preferences: none -> ( Pu Ll Lr )
2026-04-10 23:22:28.076 Df EdotReactNavExample[66438:127923c] [com.apple.UIKit:KeyWindow] Key window API is scene-level: YES
2026-04-10 23:22:28.077 Df EdotReactNavExample[66438:127923c] [com.apple.UIKit:KeyWindow] UIWindowScene: 0x1098e6600: Window became key in scene: UIWindow: 0x106598800; contextId: 0x43573745: reason: UIWindowScene: 0x1098e6600: Window requested to become key in scene: 0x106598800
2026-04-10 23:22:28.077 Df EdotReactNavExample[66438:127923c] [com.apple.UIKit:KeyWindow] Key window needs update: 1; currentKeyWindowScene: 0x0; evaluatedKeyWindowScene: 0x1098e6600; currentApplicationKeyWindow: 0x0; evaluatedApplicationKeyWindow: 0x106598800; reason: UIWindowScene: 0x1098e6600: Window requested to become key in scene: 0x106598800
2026-04-10 23:22:28.077 Df EdotReactNavExample[66438:127923c] [com.apple.UIKit:KeyWindow] Window did become application key: UIWindow: 0x106598800; contextId: 0x43573745; scene identity: com.apple.frontboard.systemappservices/FBSceneManager:sceneID%3Acom.edot.reactnavexample-default
2026-04-10 23:22:28.077 Df EdotReactNavExample[66438:127923c] [com.apple.UIKit:EventDeferring] [0x109982220] Begin local event deferring requested for token: 0x1066af960; environments: 1; reason: UIWindowScene: 0x1098e6600: Begin event deferring in keyboardFocus for window: 0x106598800
2026-04-10 23:22:28.077 Db EdotReactNavExample[66438:127923c] [com.apple.BackBoard:EventDelivery] aborting flush, not connected to server
2026-04-10 23:22:28.077 Df EdotReactNavExample[66438:127930a] [com.apple.BackBoard:EventDelivery] BKSHIDEventDeliveryManager - connection activation
2026-04-10 23:22:28.077 Db EdotReactNavExample[66438:127923c] [com.apple.defaults:User Defaults] found no value for key LogKeyboardFocus in CFPrefsSearchListSource<0x10652fc80> (Domain: com.apple.UIKit, Container: (null) Non-launch persona: 0)
2026-04-10 23:22:28.077 Db EdotReactNavExample[66438:127930a] [com.apple.BackBoard:EventDelivery] flushing changes: {
    contentsMask: 0x2; deferringRules: [[66438-1]];
}
2026-04-10 23:22:28.078 Db EdotReactNavExample[66438:127923c] [com.apple.defaults:User Defaults] found no value for key detoxURLOverride in CFPrefsSearchListSource<0x1059906c0> (Domain: com.edot.reactnavexample, Container: (null) Non-launch persona: 0)
2026-04-10 23:22:28.078 Db EdotReactNavExample[66438:127923c] [com.apple.BackgroundTasks:Framework] Application finished launching
2026-04-10 23:22:28.078 Df EdotReactNavExample[66438:127930a] [com.apple.BackBoard:EventDelivery] policyStatus:<BKSHIDEventDeliveryPolicyObserver: 0x1066ac7e0; token: com.apple.frontboard.systemappservices/FBSceneManager:sceneID%3Acom.edot.reactnavexample-default; status: ancestor> was:target
2026-04-10 23:22:28.078 Db EdotReactNavExample[66438:127930a] [com.apple.BackBoard:EventDelivery] observerPolicyDidChange: 0x1066ac7e0 -> <_UIKeyWindowSceneObserver: 0x106708120>
2026-04-10 23:22:28.078 Df EdotReactNavExample[66438:127923c] [com.apple.UIKit:Application] Deactivation reason removed: 10; deactivation reasons: 3104 -> 2080; animating application lifecycle event: 1
2026-04-10 23:22:28.078 Db EdotReactNavExample[66438:127923c] [com.apple.UIKit:UIDevice.orientation] Setting device orientation to 1 and sending notification.
2026-04-10 23:22:28.079 Db EdotReactNavExample[66438:127923c] [com.apple.UIKit:UIDevice.orientation] Setting device orientation to 0 and sending notification.
2026-04-10 23:22:28.079 Df EdotReactNavExample[66438:127923c] [com.apple.UIKit:Application] Deactivation reason added: 12; deactivation reasons: 2080 -> 6176; animating application lifecycle event: 1
2026-04-10 23:22:28.079 Df EdotReactNavExample[66438:127923c] [com.apple.UIKit:Application] Deactivation reason removed: 11; deactivation reasons: 6176 -> 4128; animating application lifecycle event: 1
2026-04-10 23:22:28.079 Df EdotReactNavExample[66438:127923c] [com.apple.FrontBoard:SceneExtension] Realizing settings extension <_UISceneIntelligenceSupportSettings> on FBSSceneSettings
2026-04-10 23:22:28.079 Db EdotReactNavExample[66438:127923c] [com.apple.FrontBoard:SceneExtension] registering method "collectAsRemoteElement" from extension <_UISceneIntelligenceSupportSettings> on class "FBSSceneSettings"
2026-04-10 23:22:28.079 Db EdotReactNavExample[66438:127923c] [com.apple.FrontBoard:SceneExtension] registering method "setCollectAsRemoteElement:" from extension <_UISceneIntelligenceSupportSettings> on class "FBSSceneSettings"
2026-04-10 23:22:28.079 Db EdotReactNavExample[66438:127923c] [com.apple.BacklightServices:scenes] 0x106708bd0 environment updated:sceneID:com.edot.reactnavexample-default
  delta:{ visualState:0 date:0 active:0 seed:0 }
  diff:(null)
  new:(null) (null)
  old:(null) (null)
  new:(null)
2026-04-10 23:22:28.079 Df EdotReactNavExample[66438:12792c0] [com.apple.UIIntelligenceSupport:xpc] establishing connection to agent
2026-04-10 23:22:28.079 Df EdotReactNavExample[66438:12792c0] [com.apple.xpc:session] [0x109819860] Session created.
2026-04-10 23:22:28.079 Df EdotReactNavExample[66438:12792c0] [com.apple.xpc:session] [0x109819860] Session created from connection [0x109a03980]
2026-04-10 23:22:28.079 Df EdotReactNavExample[66438:12792c0] [com.apple.xpc:connection] [0x109a03980] activating connection: mach=true listener=false peer=false name=com.apple.uiintelligencesupport.agent
2026-04-10 23:22:28.079 Db EdotReactNavExample[66438:127923c] [com.apple.BacklightServices:scenes] BLSBacklightFBSSceneEnvironment (BacklightUIServices) _settingsDiffActionsForScene
2026-04-10 23:22:28.079 Df EdotReactNavExample[66438:12792c0] [com.apple.xpc:session] [0x109819860] Session activated
2026-04-10 23:22:28.079 Db EdotReactNavExample[66438:127923c] [com.apple.BacklightServices:scenes] create BLSBacklightUISceneEnvironmentDiffAction:<_UIBacklightUISceneEnvironmentDiffAction: 0x1065d9270>
2026-04-10 23:22:28.079 Db EdotReactNavExample[66438:127923c] [com.apple.BacklightServices:scenes] BLSBacklightFBSSceneEnvironment (BacklightUIServices) _actionRespondersForScene
2026-04-10 23:22:28.080 Db EdotReactNavExample[66438:127923c] [com.apple.BacklightServices:scenes] create BLSBacklightUISceneEnvironmentActionHandler:<_UIBacklightUISceneEnvironmentActionHandler: 0x1065d9200>
2026-04-10 23:22:28.080 Df EdotReactNavExample[66438:127923c] [com.apple.UIKit:InterfaceStyle] Not push traits update to screen for new style 1, <UIWindowScene: 0x1098e6600> (D17960C9-078A-4A2B-9D83-ADFD8BC8D32A)
2026-04-10 23:22:28.081 Db EdotReactNavExample[66438:127923c] [com.apple.defaults:User Defaults] setting {
    "RCTI18nUtil_makeRTLFlipLeftAndRightStyles" = 1;
} in CFPrefsPlistSource<0x1059916f0> (Domain: com.edot.reactnavexample, User: kCFPreferencesCurrentUser, ByHost: No, Container: (null), Contents Need Refresh: No)
2026-04-10 23:22:28.082 Db EdotReactNavExample[66438:127923c] [com.apple.defaults:User Defaults] CFPrefsPlistSource<0x105991c30> (Domain: com.edot.reactnavexample, User: kCFPreferencesCurrentUser, ByHost: No, Container: /Users/nonth/Library/Developer/CoreSimulator/Devices/B7E9BAD6-0C0D-41EE-BE0C-D49BF485382E/data, Contents Need Refresh: No) loaded: an empty base plist and no additional changes from the base plist
2026-04-10 23:22:28.082 Db EdotReactNavExample[66438:127923c] [com.apple.defaults:User Defaults] CFPrefsPlistSource<0x105991e20> (Domain: com.edot.reactnavexample, User: kCFPreferencesCurrentUser, ByHost: Yes, Container: (null), Contents Need Refresh: No) loaded: an empty base plist and no additional changes from the base plist
2026-04-10 23:22:28.083 Db EdotReactNavExample[66438:127923c] [com.apple.defaults:User Defaults] looked up value 1 for key RCTI18nUtil_makeRTLFlipLeftAndRightStyles in CFPrefsPlistSource<0x1059916f0> (Domain: com.edot.reactnavexample, User: kCFPreferencesCurrentUser, ByHost: No, Container: (null), Contents Need Refresh: No) via CFPrefsSearchListSource<0x1059906c0> (Domain: com.edot.reactnavexample, Container: (null) Non-launch persona: 0)
2026-04-10 23:22:28.083 Db EdotReactNavExample[66438:127923c] [com.apple.defaults:User Defaults] looked up value 1 for key RCTI18nUtil_makeRTLFlipLeftAndRightStyles in CFPrefsPlistSource<0x1059916f0> (Domain: com.edot.reactnavexample, User: kCFPreferencesCurrentUser, ByHost: No, Container: (null), Contents Need Refresh: No) via CFPrefsSearchListSource<0x1059906c0> (Domain: com.edot.reactnavexample, Container: (null) Non-launch persona: 0)
2026-04-10 23:22:28.083 Db EdotReactNavExample[66438:127923c] [com.apple.defaults:User Defaults] looked up value 1 for key RCTI18nUtil_makeRTLFlipLeftAndRightStyles in CFPrefsPlistSource<0x1059916f0> (Domain: com.edot.reactnavexample, User: kCFPreferencesCurrentUser, ByHost: No, Container: (null), Contents Need Refresh: No) via CFPrefsSearchListSource<0x1059906c0> (Domain: com.edot.reactnavexample, Container: (null) Non-launch persona: 0)
2026-04-10 23:22:28.083 Db EdotReactNavExample[66438:127923c] [com.apple.defaults:User Defaults] found no value for key CAEnableDeepFramebuffer in CFPrefsSearchListSource<0x1059906c0> (Domain: com.edot.reactnavexample, Container: (null) Non-launch persona: 0)
2026-04-10 23:22:28.083 Db EdotReactNavExample[66438:12792c0] [com.apple.BaseBoard:Common] [BSBlockSentinel:FBSWorkspaceScenesClient] signaled! 1 of 1
2026-04-10 23:22:28.083 Db EdotReactNavExample[66438:12792c0] [com.apple.BaseBoard:Common] [BSBlockSentinel:FBSWorkspaceScenesClient] dealloc
2026-04-10 23:22:28.084 Db EdotReactNavExample[66438:12792c0] [com.apple.runningboard:message] PERF: [app<com.edot.reactnavexample((null))>:66438] Received message from runningboardd: async_didChangeInheritances:completion:
2026-04-10 23:22:28.084 A  EdotReactNavExample[66438:12792c0] (RunningBoardServices) didChangeInheritances
2026-04-10 23:22:28.084 Db EdotReactNavExample[66438:12792c0] [com.apple.runningboard:connection] didChangeInheritances: <RBSInheritanceChangeSet| gained:{(
    <RBSInheritance| environment:UIScene:com.apple.frontboard.systemappservices/FBSceneManager:sceneID%3Acom.edot.reactnavexample-default name:com.apple.frontboard.visibility origID:50369-50481-12455 payload 11656560252473492107>
)} lost:(null)>
2026-04-10 23:22:28.084 Db EdotReactNavExample[66438:127923c] [com.apple.launchservices:db] LS DB needs to be mapped into process 66438 for session LSSessionKey(system: 0 uid: 501) (existing DB @ 0x0).
2026-04-10 23:22:28.085 Df EdotReactNavExample[66438:127923c] [com.apple.xpc:connection] [0x1065bd900] activating connection: mach=true listener=false peer=false name=com.apple.lsd.mapdb
2026-04-10 23:22:28.086 Db EdotReactNavExample[66438:127923c] [com.apple.coreservicesstore:default] Creating CSStore from XPC coder with length 8257536
2026-04-10 23:22:28.086 Db EdotReactNavExample[66438:127923c] [com.apple.coreservicesstore:default] Checked CSStore data with lengths 8257536/8084808/8244600
2026-04-10 23:22:28.086 I  EdotReactNavExample[66438:127923c] [com.apple.launchservices:db] LaunchServices database schema version: 20971544
2026-04-10 23:22:28.086 Db EdotReactNavExample[66438:127923c] [com.apple.launchservices:db] Loaded LS database with sequence number 900
2026-04-10 23:22:28.086 Db EdotReactNavExample[66438:127923c] [com.apple.launchservices:db] Client database updated - seq#: 900
2026-04-10 23:22:28.086 I  EdotReactNavExample[66438:127923c] [com.apple.launchservices:datasep] application record search init. Node: <FSNode 0x109902d00> { isDir = y, path = '/Users/nonth/Library/Developer/CoreSimulator/Devices/B7E9BAD6-0C0D-41EE-BE0C-D49BF485382E/data/Containers/Bundle/Application/A9D25B4E-FCD1-47CE-888B-F82CFEBC6D31/EdotReactNavExample.app' } bundleID: (null) itemID: 0
2026-04-10 23:22:28.086 Db EdotReactNavExample[66438:127923c] [com.apple.launchservices:binding] BindingEvaluator::CreateWithBundleInfo(ID=(null), name=EdotReactNavExample.app, CC=????, vers=(null))
2026-04-10 23:22:28.086 Db EdotReactNavExample[66438:127923c] [com.apple.launchservices:binding] Skipping strong binding binding due to options
2026-04-10 23:22:28.086 Db EdotReactNavExample[66438:127923c] [com.apple.launchservices:binding] Truncating a list of bindings to max 1 known-good ones.
2026-04-10 23:22:28.086 Db EdotReactNavExample[66438:127923c] [com.apple.launchservices:binding] Truncating a list of bindings to max 1 known-good ones.
2026-04-10 23:22:28.086 Db EdotReactNavExample[66438:127930a] [com.apple.runningboard:message] PERF: [app<com.edot.reactnavexample((null))>:66438] Received message from runningboardd: async_didChangeInheritances:completion:
2026-04-10 23:22:28.086 A  EdotReactNavExample[66438:127930a] (RunningBoardServices) didChangeInheritances
2026-04-10 23:22:28.086 Db EdotReactNavExample[66438:127930a] [com.apple.runningboard:connection] didChangeInheritances: <RBSInheritanceChangeSet| gained:{(
    <RBSInheritance| environment:UIScene:com.apple.frontboard.systemappservices/FBSceneManager:sceneID%3Acom.edot.reactnavexample-default name:com.apple.frontboard.visibility origID:50369-50481-12456 payload 7147083571767194598>
)} lost:(null)>
2026-04-10 23:22:28.086 Db EdotReactNavExample[66438:127923c] [com.apple.CFBundle:resources] Language lookup at CFBundle 0x1064de300 </Library/Developer/CoreSimulator/Volumes/iOS_23E244/Library/Developer/CoreSimulator/Profiles/Runtimes/iOS 26.4.simruntime/Contents/Resources/RuntimeRoot/System/Library/PrivateFrameworks/UIKitCore.framework> (not loaded)
	Localizations : [de, ur, he, en_AU, ar, el, ja, mr, en, uk, es_419, gu, zh_CN, kn, pa, es, sl, or, da, it, bg, sk, kk, pt_PT, ms, ta, ml, sv, te, cs, ko, no, hu, zh_HK, tr, pl, zh_TW, en_GB, vi, lt, ru, fr_CA, fr, fi, id, nl, th, pt, bn, ro, hr, hi, ca]
	Dev language  : en
	User prefs    : [en-TH, th-TH]
	Main bundle   : [en]
	Allow mixed   : 0 
	Result        : [en]
2026-04-10 23:22:28.087 Db EdotReactNavExample[66438:127923c] [com.apple.CFBundle:resources] Resource lookup at CFBundle 0x1064de300 </Library/Developer/CoreSimulator/Volumes/iOS_23E244/Library/Developer/CoreSimulator/Profiles/Runtimes/iOS 26.4.simruntime/Contents/Resources/RuntimeRoot/System/Library/PrivateFrameworks/UIKitCore.framework> (not loaded)
	Request       : Localizable type: loctable
	Result        : None
2026-04-10 23:22:28.087 Db EdotReactNavExample[66438:127923c] [com.apple.CFBundle:resources] Resource lookup at CFBundle 0x1064de300 </Library/Developer/CoreSimulator/Volumes/iOS_23E244/Library/Developer/CoreSimulator/Profiles/Runtimes/iOS 26.4.simruntime/Contents/Resources/RuntimeRoot/System/Library/PrivateFrameworks/UIKitCore.framework> (not loaded)
	Request       : Localizable type: strings
	Result        : file:///Library/Developer/CoreSimulator/Volumes/iOS_23E244/Library/Developer/CoreSimulator/Profiles/Runtimes/iOS%2026.4.simruntime/Contents/Resources/RuntimeRoot/System/Library/PrivateFrameworks/UIKitCore.framework/en.lproj/Localizable.strings
2026-04-10 23:22:28.087 Db EdotReactNavExample[66438:127923c] [com.apple.CFBundle:resources] Resource lookup at CFBundle 0x1064de300 </Library/Developer/CoreSimulator/Volumes/iOS_23E244/Library/Developer/CoreSimulator/Profiles/Runtimes/iOS 26.4.simruntime/Contents/Resources/RuntimeRoot/System/Library/PrivateFrameworks/UIKitCore.framework> (not loaded)
	Request       : Localizable type: stringsdict
	Result        : file:///Library/Developer/CoreSimulator/Volumes/iOS_23E244/Library/Developer/CoreSimulator/Profiles/Runtimes/iOS%2026.4.simruntime/Contents/Resources/RuntimeRoot/System/Library/PrivateFrameworks/UIKitCore.framework/en.lproj/Localizable.stringsdict
2026-04-10 23:22:28.091 Db EdotReactNavExample[66438:127923c] [com.apple.defaults:User Defaults] found no value for key NSDoubleLocalizedStrings in CFPrefsSearchListSource<0x1059906c0> (Domain: com.edot.reactnavexample, Container: (null) Non-launch persona: 0)
2026-04-10 23:22:28.091 Db EdotReactNavExample[66438:127923c] [com.apple.defaults:User Defaults] found no value for key NSForceRightToLeftLocalizedStrings in CFPrefsSearchListSource<0x1059906c0> (Domain: com.edot.reactnavexample, Container: (null) Non-launch persona: 0)
2026-04-10 23:22:28.091 Db EdotReactNavExample[66438:127923c] [com.apple.defaults:User Defaults] found no value for key NSAccentuateLocalizedStrings in CFPrefsSearchListSource<0x1059906c0> (Domain: com.edot.reactnavexample, Container: (null) Non-launch persona: 0)
2026-04-10 23:22:28.091 Db EdotReactNavExample[66438:127923c] [com.apple.defaults:User Defaults] found no value for key NSSurroundLocalizedStrings in CFPrefsSearchListSource<0x1059906c0> (Domain: com.edot.reactnavexample, Container: (null) Non-launch persona: 0)
2026-04-10 23:22:28.091 Db EdotReactNavExample[66438:127923c] [com.apple.defaults:User Defaults] found no value for key NSTallLocalizedStrings in CFPrefsSearchListSource<0x1059906c0> (Domain: com.edot.reactnavexample, Container: (null) Non-launch persona: 0)
2026-04-10 23:22:28.091 Db EdotReactNavExample[66438:127923c] [com.apple.CFBundle:strings] Bundle: CFBundle 0x1064de300 </Library/Developer/CoreSimulator/Volumes/iOS_23E244/Library/Developer/CoreSimulator/Profiles/Runtimes/iOS 26.4.simruntime/Contents/Resources/RuntimeRoot/System/Library/PrivateFrameworks/UIKitCore.framework> (not loaded), key: Duplicate, value: Duplicate, table: Localizable, localizationNames: (null), result: Duplicate
2026-04-10 23:22:28.091 Db EdotReactNavExample[66438:127923c] [com.apple.CFBundle:strings] Bundle: CFBundle 0x1064de300 </Library/Developer/CoreSimulator/Volumes/iOS_23E244/Library/Developer/CoreSimulator/Profiles/Runtimes/iOS 26.4.simruntime/Contents/Resources/RuntimeRoot/System/Library/PrivateFrameworks/UIKitCore.framework> (not loaded), key: Move, value: Move, table: Localizable, localizationNames: (null), result: Move
2026-04-10 23:22:28.091 Db EdotReactNavExample[66438:127923c] [com.apple.CFBundle:strings] Bundle: CFBundle 0x1064de300 </Library/Developer/CoreSimulator/Volumes/iOS_23E244/Library/Developer/CoreSimulator/Profiles/Runtimes/iOS 26.4.simruntime/Contents/Resources/RuntimeRoot/System/Library/PrivateFrameworks/UIKitCore.framework> (not loaded), key: Rename, value: Rename, table: Localizable, localizationNames: (null), result: Rename
2026-04-10 23:22:28.091 Db EdotReactNavExample[66438:127923c] [com.apple.CFBundle:strings] Bundle: CFBundle 0x1064de300 </Library/Developer/CoreSimulator/Volumes/iOS_23E244/Library/Developer/CoreSimulator/Profiles/Runtimes/iOS 26.4.simruntime/Contents/Resources/RuntimeRoot/System/Library/PrivateFrameworks/UIKitCore.framework> (not loaded), key: Export, value: Export, table: Localizable, localizationNames: (null), result: Export
2026-04-10 23:22:28.091 Db EdotReactNavExample[66438:127923c] [com.apple.CFBundle:strings] Bundle: CFBundle 0x1064de300 </Library/Developer/CoreSimulator/Volumes/iOS_23E244/Library/Developer/CoreSimulator/Profiles/Runtimes/iOS 26.4.simruntime/Contents/Resources/RuntimeRoot/System/Library/PrivateFrameworks/UIKitCore.framework> (not loaded), key: Dictation, value: Dictation, table: Localizable, localizationNames: (null), result: Dictation
2026-04-10 23:22:28.091 Db EdotReactNavExample[66438:127923c] [com.apple.CFBundle:strings] Bundle: CFBundle 0x1064de300 </Library/Developer/CoreSimulator/Volumes/iOS_23E244/Library/Developer/CoreSimulator/Profiles/Runtimes/iOS 26.4.simruntime/Contents/Resources/RuntimeRoot/System/Library/PrivateFrameworks/UIKitCore.framework> (not loaded), key: Emoji, value: Emoji, table: Localizable, localizationNames: (null), result: Emoji
2026-04-10 23:22:28.091 Db EdotReactNavExample[66438:127923c] [com.apple.CFBundle:strings] Bundle: CFBundle 0x1064de300 </Library/Developer/CoreSimulator/Volumes/iOS_23E244/Library/Developer/CoreSimulator/Profiles/Runtimes/iOS 26.4.simruntime/Contents/Resources/RuntimeRoot/System/Library/PrivateFrameworks/UIKitCore.framework> (not loaded), key: KEYSHORTCUTHUDITEM_FILE_NEW_WINDOW, value: New Window, table: Localizable, localizationNames: (null), result: New Window
2026-04-10 23:22:28.091 Db EdotReactNavExample[66438:127923c] [com.apple.CFBundle:strings] Bundle: CFBundle 0x1064de300 </Library/Developer/CoreSimulator/Volumes/iOS_23E244/Library/Developer/CoreSimulator/Profiles/Runtimes/iOS 26.4.simruntime/Contents/Resources/RuntimeRoot/System/Library/PrivateFrameworks/UIKitCore.framework> (not loaded), key: Copy[Menu], value: Copy, table: Localizable, localizationNames: (null), result: Copy
2026-04-10 23:22:28.091 Db EdotReactNavExample[66438:127923c] [com.apple.CFBundle:strings] Bundle: CFBundle 0x1064de300 </Library/Developer/CoreSimulator/Volumes/iOS_23E244/Library/Developer/CoreSimulator/Profiles/Runtimes/iOS 26.4.simruntime/Contents/Resources/RuntimeRoot/System/Library/PrivateFrameworks/UIKitCore.framework> (not loaded), key: Cut, value: Cut, table: Localizable, localizationNames: (null), result: Cut
2026-04-10 23:22:28.091 Db EdotReactNavExample[66438:127923c] [com.apple.CFBundle:strings] Bundle: CFBundle 0x1064de300 </Library/Developer/CoreSimulator/Volumes/iOS_23E244/Library/Developer/CoreSimulator/Profiles/Runtimes/iOS 26.4.simruntime/Contents/Resources/RuntimeRoot/System/Library/PrivateFrameworks/UIKitCore.framework> (not loaded), key: Smaller, value: Smaller, table: Localizable, localizationNames: (null), result: Smaller
2026-04-10 23:22:28.091 Db EdotReactNavExample[66438:127923c] [com.apple.CFBundle:strings] Bundle: CFBundle 0x1064de300 </Library/Developer/CoreSimulator/Volumes/iOS_23E244/Library/Developer/CoreSimulator/Profiles/Runtimes/iOS 26.4.simruntime/Contents/Resources/RuntimeRoot/System/Library/PrivateFrameworks/UIKitCore.framework> (not loaded), key: Delete[Menu], value: Delete, table: Localizable, localizationNames: (null), result: Delete
2026-04-10 23:22:28.091 Db EdotReactNavExample[66438:127923c] [com.apple.CFBundle:strings] Bundle: CFBundle 0x1064de300 </Library/Developer/CoreSimulator/Volumes/iOS_23E244/Library/Developer/CoreSimulator/Profiles/Runtimes/iOS 26.4.simruntime/Contents/Resources/RuntimeRoot/System/Library/PrivateFrameworks/UIKitCore.framework> (not loaded), key: Bigger, value: Bigger, table: Localizable, localizationNames: (null), result: Bigger
2026-04-10 23:22:28.091 Db EdotReactNavExample[66438:127923c] [com.apple.CFBundle:strings] Bundle: CFBundle 0x1064de300 </Library/Developer/CoreSimulator/Volumes/iOS_23E244/Library/Developer/CoreSimulator/Profiles/Runtimes/iOS 26.4.simruntime/Contents/Resources/RuntimeRoot/System/Library/PrivateFrameworks/UIKitCore.framework> (not loaded), key: Default, value: Default, table: Localizable, localizationNames: (null), result: Default
2026-04-10 23:22:28.091 Db EdotReactNavExample[66438:127923c] [com.apple.CFBundle:strings] Bundle: CFBundle 0x1064de300 </Library/Developer/CoreSimulator/Volumes/iOS_23E244/Library/Developer/CoreSimulator/Profiles/Runtimes/iOS 26.4.simruntime/Contents/Resources/RuntimeRoot/System/Library/PrivateFrameworks/UIKitCore.framework> (not loaded), key: Left to Right, value: Left to Right, table: Localizable, localizationNames: (null), result: Left to Right
2026-04-10 23:22:28.091 Db EdotReactNavExample[66438:127923c] [com.apple.CFBundle:strings] Bundle: CFBundle 0x1064de300 </Library/Developer/CoreSimulator/Volumes/iOS_23E244/Library/Developer/CoreSimulator/Profiles/Runtimes/iOS 26.4.simruntime/Contents/Resources/RuntimeRoot/System/Library/PrivateFrameworks/UIKitCore.framework> (not loaded), key: Right to Left, value: Right to Left, table: Localizable, localizationNames: (null), result: Right to Left
2026-04-10 23:22:28.091 Db EdotReactNavExample[66438:127923c] [com.apple.CFBundle:strings] Bundle: CFBundle 0x1064de300 </Library/Developer/CoreSimulator/Volumes/iOS_23E244/Library/Developer/CoreSimulator/Profiles/Runtimes/iOS 26.4.simruntime/Contents/Resources/RuntimeRoot/System/Library/PrivateFrameworks/UIKitCore.framework> (not loaded), key: Paste, value: Paste, table: Localizable, localizationNames: (null), result: Paste
2026-04-10 23:22:28.091 Db EdotReactNavExample[66438:127923c] [com.apple.CFBundle:strings] Bundle: CFBundle 0x1064de300 </Library/Developer/CoreSimulator/Volumes/iOS_23E244/Library/Developer/CoreSimulator/Profiles/Runtimes/iOS 26.4.simruntime/Contents/Resources/RuntimeRoot/System/Library/PrivateFrameworks/UIKitCore.framework> (not loaded), key: Paste and Match Style, value: Paste and Match Style, table: Localizable, localizationNames: (null), result: Paste and Match Style
2026-04-10 23:22:28.091 Db EdotReactNavExample[66438:127923c] [com.apple.CFBundle:strings] Bundle: CFBundle 0x1064de300 </Library/Developer/CoreSimulator/Volumes/iOS_23E244/Library/Developer/CoreSimulator/Profiles/Runtimes/iOS 26.4.simruntime/Contents/Resources/RuntimeRoot/System/Library/PrivateFrameworks/UIKitCore.framework> (not loaded), key: Redo, value: Redo, table: Localizable, localizationNames: (null), result: Redo
2026-04-10 23:22:28.092 Db EdotReactNavExample[66438:127923c] [com.apple.CFBundle:strings] Bundle: CFBundle 0x1064de300 </Library/Developer/CoreSimulator/Volumes/iOS_23E244/Library/Developer/CoreSimulator/Profiles/Runtimes/iOS 26.4.simruntime/Contents/Resources/RuntimeRoot/System/Library/PrivateFrameworks/UIKitCore.framework> (not loaded), key: Select, value: Select, table: Localizable, localizationNames: (null), result: Select
2026-04-10 23:22:28.092 Db EdotReactNavExample[66438:127923c] [com.apple.CFBundle:strings] Bundle: CFBundle 0x1064de300 </Library/Developer/CoreSimulator/Volumes/iOS_23E244/Library/Developer/CoreSimulator/Profiles/Runtimes/iOS 26.4.simruntime/Contents/Resources/RuntimeRoot/System/Library/PrivateFrameworks/UIKitCore.framework> (not loaded), key: Select All, value: Select All, table: Localizable, localizationNames: (null), result: Select All
2026-04-10 23:22:28.092 Db EdotReactNavExample[66438:127923c] [com.apple.CFBundle:strings] Bundle: CFBundle 0x1064de300 </Library/Developer/CoreSimulator/Volumes/iOS_23E244/Library/Developer/CoreSimulator/Profiles/Runtimes/iOS 26.4.simruntime/Contents/Resources/RuntimeRoot/System/Library/PrivateFrameworks/UIKitCore.framework> (not loaded), key: TEXT_FORMATTING_MORE, value: More…, table: Localizable, localizationNames: (null), result: More…
2026-04-10 23:22:28.092 Db EdotReactNavExample[66438:127923c] [com.apple.CFBundle:strings] Bundle: CFBundle 0x1064de300 </Library/Developer/CoreSimulator/Volumes/iOS_23E244/Library/Developer/CoreSimulator/Profiles/Runtimes/iOS 26.4.simruntime/Contents/Resources/RuntimeRoot/System/Library/PrivateFrameworks/UIKitCore.framework> (not loaded), key: Bold, value: Bold, table: Localizable, localizationNames: (null), result: Bold
2026-04-10 23:22:28.092 Db EdotReactNavExample[66438:127923c] [com.apple.CFBundle:strings] Bundle: CFBundle 0x1064de300 </Library/Developer/CoreSimulator/Volumes/iOS_23E244/Library/Developer/CoreSimulator/Profiles/Runtimes/iOS 26.4.simruntime/Contents/Resources/RuntimeRoot/System/Library/PrivateFrameworks/UIKitCore.framework> (not loaded), key: Italic, value: Italic, table: Localizable, localizationNames: (null), result: Italic
2026-04-10 23:22:28.092 Db EdotReactNavExample[66438:127923c] [com.apple.CFBundle:strings] Bundle: CFBundle 0x1064de300 </Library/Developer/CoreSimulator/Volumes/iOS_23E244/Library/Developer/CoreSimulator/Profiles/Runtimes/iOS 26.4.simruntime/Contents/Resources/RuntimeRoot/System/Library/PrivateFrameworks/UIKitCore.framework> (not loaded), key: Underline, value: Underline, table: Localizable, localizationNames: (null), result: Underline
2026-04-10 23:22:28.092 Db EdotReactNavExample[66438:127923c] [com.apple.CFBundle:strings] Bundle: CFBundle 0x1064de300 </Library/Developer/CoreSimulator/Volumes/iOS_23E244/Library/Developer/CoreSimulator/Profiles/Runtimes/iOS 26.4.simruntime/Contents/Resources/RuntimeRoot/System/Library/PrivateFrameworks/UIKitCore.framework> (not loaded), key: Undo, value: Undo, table: Localizable, localizationNames: (null), result: Undo
2026-04-10 23:22:28.092 Db EdotReactNavExample[66438:127923c] [com.apple.CFBundle:strings] Bundle: CFBundle 0x1064de300 </Library/Developer/CoreSimulator/Volumes/iOS_23E244/Library/Developer/CoreSimulator/Profiles/Runtimes/iOS 26.4.simruntime/Contents/Resources/RuntimeRoot/System/Library/PrivateFrameworks/UIKitCore.framework> (not loaded), key: Pause, value: Pause, table: Localizable, localizationNames: (null), result: Pause
2026-04-10 23:22:28.092 Db EdotReactNavExample[66438:127923c] [com.apple.CFBundle:strings] Bundle: CFBundle 0x1064de300 </Library/Developer/CoreSimulator/Volumes/iOS_23E244/Library/Developer/CoreSimulator/Profiles/Runtimes/iOS 26.4.simruntime/Contents/Resources/RuntimeRoot/System/Library/PrivateFrameworks/UIKitCore.framework> (not loaded), key: Speak, value: Speak, table: Localizable, localizationNames: (null), result: Speak
2026-04-10 23:22:28.092 Db EdotReactNavExample[66438:127923c] [com.apple.CFBundle:strings] Bundle: CFBundle 0x1064de300 </Library/Developer/CoreSimulator/Volumes/iOS_23E244/Library/Developer/CoreSimulator/Profiles/Runtimes/iOS 26.4.simruntime/Contents/Resources/RuntimeRoot/System/Library/PrivateFrameworks/UIKitCore.framework> (not loaded), key: Speak…, value: Speak…, table: Localizable, localizationNames: (null), result: Speak…
2026-04-10 23:22:28.092 Db EdotReactNavExample[66438:127923c] [com.apple.CFBundle:strings] Bundle: CFBundle 0x1064de300 </Library/Developer/CoreSimulator/Volumes/iOS_23E244/Library/Developer/CoreSimulator/Profiles/Runtimes/iOS 26.4.simruntime/Contents/Resources/RuntimeRoot/System/Library/PrivateFrameworks/UIKitCore.framework> (not loaded), key: Learn…, value: Learn…, table: Localizable, localizationNames: (null), result: Learn…
2026-04-10 23:22:28.092 Db EdotReactNavExample[66438:127923c] [com.apple.CFBundle:strings] Bundle: CFBundle 0x1064de300 </Library/Developer/CoreSimulator/Volumes/iOS_23E244/Library/Developer/CoreSimulator/Profiles/Runtimes/iOS 26.4.simruntime/Contents/Resources/RuntimeRoot/System/Library/PrivateFrameworks/UIKitCore.framework> (not loaded), key: Look Up, value: Look Up, table: Localizable, localizationNames: (null), result: Look Up
2026-04-10 23:22:28.092 Db EdotReactNavExample[66438:127923c] [com.apple.CFBundle:strings] Bundle: CFBundle 0x1064de300 </Library/Developer/CoreSimulator/Volumes/iOS_23E244/Library/Developer/CoreSimulator/Profiles/Runtimes/iOS 26.4.simruntime/Contents/Resources/RuntimeRoot/System/Library/PrivateFrameworks/UIKitCore.framework> (not loaded), key: Insert Drawing, value: Insert Drawing, table: Localizable, localizationNames: (null), result: Insert Drawing
2026-04-10 23:22:28.092 Db EdotReactNavExample[66438:127923c] [com.apple.CFBundle:strings] Bundle: CFBundle 0x1064de300 </Library/Developer/CoreSimulator/Volumes/iOS_23E244/Library/Developer/CoreSimulator/Profiles/Runtimes/iOS 26.4.simruntime/Contents/Resources/RuntimeRoot/System/Library/PrivateFrameworks/UIKitCore.framework> (not loaded), key: Look Up, value: Look Up, table: Localizable, localizationNames: (null), result: Look Up
2026-04-10 23:22:28.092 Db EdotReactNavExample[66438:127923c] [com.apple.CFBundle:strings] Bundle: CFBundle 0x1064de300 </Library/Developer/CoreSimulator/Volumes/iOS_23E244/Library/Developer/CoreSimulator/Profiles/Runtimes/iOS 26.4.simruntime/Contents/Resources/RuntimeRoot/System/Library/PrivateFrameworks/UIKitCore.framework> (not loaded), key: Replace…, value: Replace…, table: Localizable, localizationNames: (null), result: Replace…
2026-04-10 23:22:28.092 Db EdotReactNavExample[66438:127923c] [com.apple.CFBundle:strings] Bundle: CFBundle 0x1064de300 </Library/Developer/CoreSimulator/Volumes/iOS_23E244/Library/Developer/CoreSimulator/Profiles/Runtimes/iOS 26.4.simruntime/Contents/Resources/RuntimeRoot/System/Library/PrivateFrameworks/UIKitCore.framework> (not loaded), key: Share…, value: Share…, table: Localizable, localizationNames: (null), result: Share…
2026-04-10 23:22:28.092 Db EdotReactNavExample[66438:127923c] [com.apple.CFBundle:strings] Bundle: CFBundle 0x1064de300 </Library/Developer/CoreSimulator/Volumes/iOS_23E244/Library/Developer/CoreSimulator/Profiles/Runtimes/iOS 26.4.simruntime/Contents/Resources/RuntimeRoot/System/Library/PrivateFrameworks/UIKitCore.framework> (not loaded), key: Find, value: Find, table: Localizable, localizationNames: (null), result: Find
2026-04-10 23:22:28.092 Db EdotReactNavExample[66438:127923c] [com.apple.CFBundle:strings] Bundle: CFBundle 0x1064de300 </Library/Developer/CoreSimulator/Volumes/iOS_23E244/Library/Developer/CoreSimulator/Profiles/Runtimes/iOS 26.4.simruntime/Contents/Resources/RuntimeRoot/System/Library/PrivateFrameworks/UIKitCore.framework> (not loaded), key: Find & Replace, value: Find & Replace, table: Localizable, localizationNames: (null), result: Find & Replace
2026-04-10 23:22:28.092 Db EdotReactNavExample[66438:127923c] [com.apple.CFBundle:strings] Bundle: CFBundle 0x1064de300 </Library/Developer/CoreSimulator/Volumes/iOS_23E244/Library/Developer/CoreSimulator/Profiles/Runtimes/iOS 26.4.simruntime/Contents/Resources/RuntimeRoot/System/Library/PrivateFrameworks/UIKitCore.framework> (not loaded), key: Find Next, value: Find Next, table: Localizable, localizationNames: (null), result: Find Next
2026-04-10 23:22:28.092 Db EdotReactNavExample[66438:127923c] [com.apple.CFBundle:strings] Bundle: CFBundle 0x1064de300 </Library/Developer/CoreSimulator/Volumes/iOS_23E244/Library/Developer/CoreSimulator/Profiles/Runtimes/iOS 26.4.simruntime/Contents/Resources/RuntimeRoot/System/Library/PrivateFrameworks/UIKitCore.framework> (not loaded), key: Find Previous, value: Find Previous, table: Localizable, localizationNames: (null), result: Find Previous
2026-04-10 23:22:28.092 Db EdotReactNavExample[66438:127923c] [com.apple.CFBundle:strings] Bundle: CFBundle 0x1064de300 </Library/Developer/CoreSimulator/Volumes/iOS_23E244/Library/Developer/CoreSimulator/Profiles/Runtimes/iOS 26.4.simruntime/Contents/Resources/RuntimeRoot/System/Library/PrivateFrameworks/UIKitCore.framework> (not loaded), key: Use Selection for Find, value: Use Selection for Find, table: Localizable, localizationNames: (null), result: Use Selection for Find
2026-04-10 23:22:28.092 Db EdotReactNavExample[66438:127923c] [com.apple.CFBundle:strings] Bundle: CFBundle 0x1064de300 </Library/Developer/CoreSimulator/Volumes/iOS_23E244/Library/Developer/CoreSimulator/Profiles/Runtimes/iOS 26.4.simruntime/Contents/Resources/RuntimeRoot/System/Library/PrivateFrameworks/UIKitCore.framework> (not loaded), key: Find Selection, value: Find Selection, table: Localizable, localizationNames: (null), result: Find Selection
2026-04-10 23:22:28.092 Db EdotReactNavExample[66438:127923c] [com.apple.CFBundle:strings] Bundle: CFBundle 0x1064de300 </Library/Developer/CoreSimulator/Volumes/iOS_23E244/Library/Developer/CoreSimulator/Profiles/Runtimes/iOS 26.4.simruntime/Contents/Resources/RuntimeRoot/System/Library/PrivateFrameworks/UIKitCore.framework> (not loaded), key: Open..., value: Open..., table: Localizable, localizationNames: (null), result: Open...
2026-04-10 23:22:28.092 Db EdotReactNavExample[66438:127923c] [com.apple.CFBundle:strings] Bundle: CFBundle 0x1064de300 </Library/Developer/CoreSimulator/Volumes/iOS_23E244/Library/Developer/CoreSimulator/Profiles/Runtimes/iOS 26.4.simruntime/Contents/Resources/RuntimeRoot/System/Library/PrivateFrameworks/UIKitCore.framework> (not loaded), key: Open in New Window, value: Open in New Window, table: Localizable, localizationNames: (null), result: Open in New Window
2026-04-10 23:22:28.092 Db EdotReactNavExample[66438:127923c] [com.apple.CFBundle:strings] Bundle: CFBundle 0x1064de300 </Library/Developer/CoreSimulator/Volumes/iOS_23E244/Library/Developer/CoreSimulator/Profiles/Runtimes/iOS 26.4.simruntime/Contents/Resources/RuntimeRoot/System/Library/PrivateFrameworks/UIKitCore.framework> (not loaded), key: KEYSHORTCUTHUDITEM_FORMAT_TEXTALIGN_LEFT, value: Align Left, table: Localizable, localizationNames: (null), result: Align Left
2026-04-10 23:22:28.092 Db EdotReactNavExample[66438:127923c] [com.apple.CFBundle:strings] Bundle: CFBundle 0x1064de300 </Library/Developer/CoreSimulator/Volumes/iOS_23E244/Library/Developer/CoreSimulator/Profiles/Runtimes/iOS 26.4.simruntime/Contents/Resources/RuntimeRoot/System/Library/PrivateFrameworks/UIKitCore.framework> (not loaded), key: KEYSHORTCUTHUDITEM_FORMAT_TEXTALIGN_CENTER, value: Center, table: Localizable, localizationNames: (null), result: Center
2026-04-10 23:22:28.092 Db EdotReactNavExample[66438:127923c] [com.apple.CFBundle:strings] Bundle: CFBundle 0x1064de300 </Library/Developer/CoreSimulator/Volumes/iOS_23E244/Library/Developer/CoreSimulator/Profiles/Runtimes/iOS 26.4.simruntime/Contents/Resources/RuntimeRoot/System/Library/PrivateFrameworks/UIKitCore.framework> (not loaded), key: KEYSHORTCUTHUDITEM_FORMAT_TEXTALIGN_JUSTIFY, value: Justify, table: Localizable, localizationNames: (null), result: Justify
2026-04-10 23:22:28.092 Db EdotReactNavExample[66438:127923c] [com.apple.CFBundle:strings] Bundle: CFBundle 0x1064de300 </Library/Developer/CoreSimulator/Volumes/iOS_23E244/Library/Developer/CoreSimulator/Profiles/Runtimes/iOS 26.4.simruntime/Contents/Resources/RuntimeRoot/System/Library/PrivateFrameworks/UIKitCore.framework> (not loaded), key: KEYSHORTCUTHUDITEM_FORMAT_TEXTALIGN_RIGHT, value: Align Right, table: Localizable, localizationNames: (null), result: Align Right
2026-04-10 23:22:28.092 Db EdotReactNavExample[66438:127923c] [com.apple.CFBundle:strings] Bundle: CFBundle 0x1064de300 </Library/Developer/CoreSimulator/Volumes/iOS_23E244/Library/Developer/CoreSimulator/Profiles/Runtimes/iOS 26.4.simruntime/Contents/Resources/RuntimeRoot/System/Library/PrivateFrameworks/UIKitCore.framework> (not loaded), key: KEYSHORTCUTHUDITEM_VIEW_CUSTOMIZE_TOOLBAR, value: Customize Toolbar…, table: Localizable, localizationNames: (null), result: Customize Toolbar…
2026-04-10 23:22:28.092 Db EdotReactNavExample[66438:127923c] [com.apple.CFBundle:strings] Bundle: CFBundle 0x1064de300 </Library/Developer/CoreSimulator/Volumes/iOS_23E244/Library/Developer/CoreSimulator/Profiles/Runtimes/iOS 26.4.simruntime/Contents/Resources/RuntimeRoot/System/Library/PrivateFrameworks/UIKitCore.framework> (not loaded), key: Show Sidebar, value: Show Sidebar, table: Localizable, localizationNames: (null), result: Show Sidebar
2026-04-10 23:22:28.092 Db EdotReactNavExample[66438:127923c] [com.apple.CFBundle:strings] Bundle: CFBundle 0x1064de300 </Library/Developer/CoreSimulator/Volumes/iOS_23E244/Library/Developer/CoreSimulator/Profiles/Runtimes/iOS 26.4.simruntime/Contents/Resources/RuntimeRoot/System/Library/PrivateFrameworks/UIKitCore.framework> (not loaded), key: Show Inspector, value: Show Inspector, table: Localizable, localizationNames: (null), result: Show Inspector
2026-04-10 23:22:28.092 Db EdotReactNavExample[66438:127923c] [com.apple.CFBundle:strings] Bundle: CFBundle 0x1064de300 </Library/Developer/CoreSimulator/Volumes/iOS_23E244/Library/Developer/CoreSimulator/Profiles/Runtimes/iOS 26.4.simruntime/Contents/Resources/RuntimeRoot/System/Library/PrivateFrameworks/UIKitCore.framework> (not loaded), key: Show Keyboard, value: Show Keyboard, table: Localizable, localizationNames: (null), result: Show Keyboard
2026-04-10 23:22:28.092 Db EdotReactNavExample[66438:127923c] [com.apple.CFBundle:strings] Bundle: CFBundle 0x1064de300 </Library/Developer/CoreSimulator/Volumes/iOS_23E244/Library/Developer/CoreSimulator/Profiles/Runtimes/iOS 26.4.simruntime/Contents/Resources/RuntimeRoot/System/Library/PrivateFrameworks/UIKitCore.framework> (not loaded), key: KEYSHORTCUTHUDITEM_FILE_CLOSE, value: Close, table: Localizable, localizationNames: (null), result: Close
2026-04-10 23:22:28.092 Db EdotReactNavExample[66438:127923c] [com.apple.CFBundle:strings] Bundle: CFBundle 0x1064de300 </Library/Developer/CoreSimulator/Volumes/iOS_23E244/Library/Developer/CoreSimulator/Profiles/Runtimes/iOS 26.4.simruntime/Contents/Resources/RuntimeRoot/System/Library/PrivateFrameworks/UIKitCore.framework> (not loaded), key: KEYSHORTCUTHUDITEM_FILE_CLOSE_ALL, value: Close All, table: Localizable, localizationNames: (null), result: Close All
2026-04-10 23:22:28.092 Db EdotReactNavExample[66438:127923c] [com.apple.CFBundle:strings] Bundle: CFBundle 0x1064de300 </Library/Developer/CoreSimulator/Volumes/iOS_23E244/Library/Developer/CoreSimulator/Profiles/Runtimes/iOS 26.4.simruntime/Contents/Resources/RuntimeRoot/System/Library/PrivateFrameworks/UIKitCore.framework> (not loaded), key: Print, value: Print, table: Localizable, localizationNames: (null), result: Print
2026-04-10 23:22:28.092 Db EdotReactNavExample[66438:127923c] [com.apple.CFBundle:strings] Bundle: CFBundle 0x1064de300 </Library/Developer/CoreSimulator/Volumes/iOS_23E244/Library/Developer/CoreSimulator/Profiles/Runtimes/iOS 26.4.simruntime/Contents/Resources/RuntimeRoot/System/Library/PrivateFrameworks/UIKitCore.framework> (not loaded), key: Scan Text, value: Scan Text, table: Localizable, localizationNames: (null), result: Scan Text
2026-04-10 23:22:28.092 Db EdotReactNavExample[66438:127923c] [com.apple.CFBundle:strings] Bundle: CFBundle 0x1064de300 </Library/Developer/CoreSimulator/Volumes/iOS_23E244/Library/Developer/CoreSimulator/Profiles/Runtimes/iOS 26.4.simruntime/Contents/Resources/RuntimeRoot/System/Library/PrivateFrameworks/UIKitCore.framework> (not loaded), key: Translate, value: Translate, table: Localizable, localizationNames: (null), result: Translate
2026-04-10 23:22:28.092 Db EdotReactNavExample[66438:127923c] [com.apple.CFBundle:strings] Bundle: CFBundle 0x1064de300 </Library/Developer/CoreSimulator/Volumes/iOS_23E244/Library/Developer/CoreSimulator/Profiles/Runtimes/iOS 26.4.simruntime/Contents/Resources/RuntimeRoot/System/Library/PrivateFrameworks/UIKitCore.framework> (not loaded), key: Writing Tools, value: Writing Tools, table: Localizable, localizationNames: (null), result: Writing Tools
2026-04-10 23:22:28.092 Db EdotReactNavExample[66438:127923c] [com.apple.CFBundle:strings] Bundle: CFBundle 0x1064de300 </Library/Developer/CoreSimulator/Volumes/iOS_23E244/Library/Developer/CoreSimulator/Profiles/Runtimes/iOS 26.4.simruntime/Contents/Resources/RuntimeRoot/System/Library/PrivateFrameworks/UIKitCore.framework> (not loaded), key: KEYSHORTCUTHUDITEM_APP_SERVICES, value: Services, table: Localizable, localizationNames: (null), result: Services
2026-04-10 23:22:28.092 Db EdotReactNavExample[66438:127923c] [com.apple.CFBundle:strings] Bundle: CFBundle 0x1064de300 </Library/Developer/CoreSimulator/Volumes/iOS_23E244/Library/Developer/CoreSimulator/Profiles/Runtimes/iOS 26.4.simruntime/Contents/Resources/RuntimeRoot/System/Library/PrivateFrameworks/UIKitCore.framework> (not loaded), key: KEYSHORTCUTHUD_FILE, value: File, table: Localizable, localizationNames: (null), result: File
2026-04-10 23:22:28.092 Db EdotReactNavExample[66438:127923c] [com.apple.CFBundle:strings] Bundle: CFBundle 0x1064de300 </Library/Developer/CoreSimulator/Volumes/iOS_23E244/Library/Developer/CoreSimulator/Profiles/Runtimes/iOS 26.4.simruntime/Contents/Resources/RuntimeRoot/System/Library/PrivateFrameworks/UIKitCore.framework> (not loaded), key: KEYSHORTCUTHUDITEM_FILE_OPEN_RECENT, value: Open Recent, table: Localizable, localizationNames: (null), result: Open Recent
2026-04-10 23:22:28.092 Db EdotReactNavExample[66438:127923c] [com.apple.CFBundle:strings] Bundle: CFBundle 0x1064de300 </Library/Developer/CoreSimulator/Volumes/iOS_23E244/Library/Developer/CoreSimulator/Profiles/Runtimes/iOS 26.4.simruntime/Contents/Resources/RuntimeRoot/System/Library/PrivateFrameworks/UIKitCore.framework> (not loaded), key: KEYSHORTCUTHUD_EDIT, value: Edit, table: Localizable, localizationNames: (null), result: Edit
2026-04-10 23:22:28.092 Db EdotReactNavExample[66438:127923c] [com.apple.CFBundle:strings] Bundle: CFBundle 0x1064de300 </Library/Developer/CoreSimulator/Volumes/iOS_23E244/Library/Developer/CoreSimulator/Profiles/Runtimes/iOS 26.4.simruntime/Contents/Resources/RuntimeRoot/System/Library/PrivateFrameworks/UIKitCore.framework> (not loaded), key: KEYSHORTCUTHUDITEM_EDIT_FIND_MENU, value: Find, table: Localizable, localizationNames: (null), result: Find
2026-04-10 23:22:28.092 Db EdotReactNavExample[66438:127923c] [com.apple.CFBundle:strings] Bundle: CFBundle 0x1064de300 </Library/Developer/CoreSimulator/Volumes/iOS_23E244/Library/Developer/CoreSimulator/Profiles/Runtimes/iOS 26.4.simruntime/Contents/Resources/RuntimeRoot/System/Library/PrivateFrameworks/UIKitCore.framework> (not loaded), key: KEYSHORTCUTHUDITEM_EDIT_SPELLING_AND_GRAMMAR, value: Spelling and Grammar, table: Localizable, localizationNames: (null), result: Spelling and Grammar
2026-04-10 23:22:28.092 Db EdotReactNavExample[66438:127923c] [com.apple.CFBundle:strings] Bundle: CFBundle 0x1064de300 </Library/Developer/CoreSimulator/Volumes/iOS_23E244/Library/Developer/CoreSimulator/Profiles/Runtimes/iOS 26.4.simruntime/Contents/Resources/RuntimeRoot/System/Library/PrivateFrameworks/UIKitCore.framework> (not loaded), key: KEYSHORTCUTHUDITEM_EDIT_SUBSTITUTIONS, value: Substitutions, table: Localizable, localizationNames: (null), result: Substitutions
2026-04-10 23:22:28.092 Db EdotReactNavExample[66438:127923c] [com.apple.CFBundle:strings] Bundle: CFBundle 0x1064de300 </Library/Developer/CoreSimulator/Volumes/iOS_23E244/Library/Developer/CoreSimulator/Profiles/Runtimes/iOS 26.4.simruntime/Contents/Resources/RuntimeRoot/System/Library/PrivateFrameworks/UIKitCore.framework> (not loaded), key: KEYSHORTCUTHUDITEM_EDIT_TRANSFORMATIONS, value: Transformations, table: Localizable, localizationNames: (null), result: Transformations
2026-04-10 23:22:28.092 Db EdotReactNavExample[66438:127923c] [com.apple.CFBundle:strings] Bundle: CFBundle 0x1064de300 </Library/Developer/CoreSimulator/Volumes/iOS_23E244/Library/Developer/CoreSimulator/Profiles/Runtimes/iOS 26.4.simruntime/Contents/Resources/RuntimeRoot/System/Library/PrivateFrameworks/UIKitCore.framework> (not loaded), key: KEYSHORTCUTHUDITEM_EDIT_SPEECH, value: Speech, table: Localizable, localizationNames: (null), result: Speech
2026-04-10 23:22:28.092 Db EdotReactNavExample[66438:127923c] [com.apple.CFBundle:strings] Bundle: CFBundle 0x1064de300 </Library/Developer/CoreSimulator/Volumes/iOS_23E244/Library/Developer/CoreSimulator/Profiles/Runtimes/iOS 26.4.simruntime/Contents/Resources/RuntimeRoot/System/Library/PrivateFrameworks/UIKitCore.framework> (not loaded), key: KEYSHORTCUTHUD_FORMAT, value: Format, table: Localizable, localizationNames: (null), result: Format
2026-04-10 23:22:28.092 Db EdotReactNavExample[66438:127923c] [com.apple.CFBundle:strings] Bundle: CFBundle 0x1064de300 </Library/Developer/CoreSimulator/Volumes/iOS_23E244/Library/Developer/CoreSimulator/Profiles/Runtimes/iOS 26.4.simruntime/Contents/Resources/RuntimeRoot/System/Library/PrivateFrameworks/UIKitCore.framework> (not loaded), key: KEYSHORTCUTHUDITEM_FORMAT_FONT, value: Font, table: Localizable, localizationNames: (null), result: Font
2026-04-10 23:22:28.092 Db EdotReactNavExample[66438:127923c] [com.apple.CFBundle:strings] Bundle: CFBundle 0x1064de300 </Library/Developer/CoreSimulator/Volumes/iOS_23E244/Library/Developer/CoreSimulator/Profiles/Runtimes/iOS 26.4.simruntime/Contents/Resources/RuntimeRoot/System/Library/PrivateFrameworks/UIKitCore.framework> (not loaded), key: KEYSHORTCUTHUDITEM_FORMAT_TEXT, value: Text, table: Localizable, localizationNames: (null), result: Text
2026-04-10 23:22:28.092 Db EdotReactNavExample[66438:127923c] [com.apple.CFBundle:strings] Bundle: CFBundle 0x1064de300 </Library/Developer/CoreSimulator/Volumes/iOS_23E244/Library/Developer/CoreSimulator/Profiles/Runtimes/iOS 26.4.simruntime/Contents/Resources/RuntimeRoot/System/Library/PrivateFrameworks/UIKitCore.framework> (not loaded), key: KEYSHORTCUTHUDITEM_FORMAT_TEXT_WRITING_DIRECTION, value: Writing Direction, table: Localizable, localizationNames: (null), result: Writing Direction
2026-04-10 23:22:28.092 Db EdotReactNavExample[66438:127923c] [com.apple.CFBundle:strings] Bundle: CFBundle 0x1064de300 </Library/Developer/CoreSimulator/Volumes/iOS_23E244/Library/Developer/CoreSimulator/Profiles/Runtimes/iOS 26.4.simruntime/Contents/Resources/RuntimeRoot/System/Library/PrivateFrameworks/UIKitCore.framework> (not loaded), key: KEYSHORTCUTHUD_VIEW, value: View, table: Localizable, localizationNames: (null), result: View
2026-04-10 23:22:28.092 Db EdotReactNavExample[66438:127923c] [com.apple.CFBundle:strings] Bundle: CFBundle 0x1064de300 </Library/Developer/CoreSimulator/Volumes/iOS_23E244/Library/Developer/CoreSimulator/Profiles/Runtimes/iOS 26.4.simruntime/Contents/Resources/RuntimeRoot/System/Library/PrivateFrameworks/UIKitCore.framework> (not loaded), key: KEYSHORTCUTHUD_WINDOW, value: Window, table: Localizable, localizationNames: (null), result: Window
2026-04-10 23:22:28.092 Db EdotReactNavExample[66438:127923c] [com.apple.CFBundle:strings] Bundle: CFBundle 0x1064de300 </Library/Developer/CoreSimulator/Volumes/iOS_23E244/Library/Developer/CoreSimulator/Profiles/Runtimes/iOS 26.4.simruntime/Contents/Resources/RuntimeRoot/System/Library/PrivateFrameworks/UIKitCore.framework> (not loaded), key: KEYSHORTCUTHUD_HELP, value: Help, table: Localizable, localizationNames: (null), result: Help
2026-04-10 23:22:28.092 Db EdotReactNavExample[66438:127923c] [com.apple.CFBundle:strings] Bundle: CFBundle 0x1064de300 </Library/Developer/CoreSimulator/Volumes/iOS_23E244/Library/Developer/CoreSimulator/Profiles/Runtimes/iOS 26.4.simruntime/Contents/Resources/RuntimeRoot/System/Library/PrivateFrameworks/UIKitCore.framework> (not loaded), key: KEYSHORTCUTHUDITEM_FORMAT_TEXT_STYLE, value: Text Style, table: Localizable, localizationNames: (null), result: Text Style
2026-04-10 23:22:28.092 Db EdotReactNavExample[66438:127923c] [com.apple.CFBundle:strings] Bundle: CFBundle 0x1064de300 </Library/Developer/CoreSimulator/Volumes/iOS_23E244/Library/Developer/CoreSimulator/Profiles/Runtimes/iOS 26.4.simruntime/Contents/Resources/RuntimeRoot/System/Library/PrivateFrameworks/UIKitCore.framework> (not loaded), key: KEYSHORTCUTHUD_AUTOFILL, value: AutoFill, table: Localizable, localizationNames: (null), result: AutoFill
2026-04-10 23:22:28.093 Db EdotReactNavExample[66438:127923c] [com.apple.CFBundle:resources] Resource lookup at CFBundle 0x1064dc000 </Users/nonth/Library/Developer/CoreSimulator/Devices/B7E9BAD6-0C0D-41EE-BE0C-D49BF485382E/data/Containers/Bundle/Application/A9D25B4E-FCD1-47CE-888B-F82CFEBC6D31/EdotReactNavExample.app> (executable, loaded)
	Request       : InfoPlist type: strings
	Result        : None
2026-04-10 23:22:28.093 Db EdotReactNavExample[66438:127923c] [com.apple.CFBundle:resources] Resource lookup at CFBundle 0x1064dc000 </Users/nonth/Library/Developer/CoreSimulator/Devices/B7E9BAD6-0C0D-41EE-BE0C-D49BF485382E/data/Containers/Bundle/Application/A9D25B4E-FCD1-47CE-888B-F82CFEBC6D31/EdotReactNavExample.app> (executable, loaded)
	Request       : InfoPlist type: stringsdict
	Result        : None
2026-04-10 23:22:28.093 Db EdotReactNavExample[66438:127923c] [com.apple.CFBundle:strings] Bundle: CFBundle 0x1064de300 </Library/Developer/CoreSimulator/Volumes/iOS_23E244/Library/Developer/CoreSimulator/Profiles/Runtimes/iOS 26.4.simruntime/Contents/Resources/RuntimeRoot/System/Library/PrivateFrameworks/UIKitCore.framework> (not loaded), key: KEYSHORTCUTHUD_APP_SETTINGS_ELLIPSIS, value: %@ Settings…, table: Localizable, localizationNames: (null), result: %@ Settings…
2026-04-10 23:22:28.099 Db EdotReactNavExample[66438:127923c] [com.apple.CFBundle:strings] Bundle: CFBundle 0x1064de300 </Library/Developer/CoreSimulator/Volumes/iOS_23E244/Library/Developer/CoreSimulator/Profiles/Runtimes/iOS 26.4.simruntime/Contents/Resources/RuntimeRoot/System/Library/PrivateFrameworks/UIKitCore.framework> (not loaded), key: CONTEXT_MENU_LOADING, value: Loading…, table: Localizable, localizationNames: (null), result: Loading…
2026-04-10 23:22:28.100 Db EdotReactNavExample[66438:127923c] [com.apple.BackBoard:EventDelivery] flushing changes: {
    contentsMask: 0x8; keyCommandsRegistrations: [environment: keyboardFocus; token: 0x43573745; keyCommands: 34];
}
2026-04-10 23:22:28.102 Df EdotReactNavExample[66438:127923c] [com.apple.network:activity] Create activity from XPC object <nw_activity 50:1 [C4EBC61A-80FA-48DE-A5D2-E0F64A435E14] (reporting strategy default)>
2026-04-10 23:22:28.102 Df EdotReactNavExample[66438:127923c] [com.apple.network:activity] Create activity from XPC object <nw_activity 50:2 [D33482EE-C66D-4215-A294-3FADD9A4FCB2] (reporting strategy default)>
2026-04-10 23:22:28.102 Df EdotReactNavExample[66438:127923c] [com.apple.network:activity] Set activity <nw_activity 50:1 [C4EBC61A-80FA-48DE-A5D2-E0F64A435E14] (reporting strategy default)> as the global parent
2026-04-10 23:22:28.102 Df EdotReactNavExample[66438:127923c] [com.apple.UIKit:BackgroundTask] Ending background task with UIBackgroundTaskIdentifier: 1
2026-04-10 23:22:28.102 Df EdotReactNavExample[66438:127923c] [com.apple.UIKit:BackgroundTask] Ending task with identifier 1 and description: <_UIBackgroundTaskInfo: 0x1064ca140>: taskID = 1, taskName = Launch Background Task for Coalescing, creationTime = 1229800 (elapsed = 0), _expireHandler: (null)
2026-04-10 23:22:28.102 Df EdotReactNavExample[66438:127923c] [com.apple.UIKit:BackgroundTask] Decrementing reference count for assertion <BKSProcessAssertion: 0x1065af9d0> (used by background task with identifier 1: <_UIBackgroundTaskInfo: 0x1064ca140>: taskID = 1, taskName = Launch Background Task for Coalescing, creationTime = 1229800 (elapsed = 0))
2026-04-10 23:22:28.102 Db EdotReactNavExample[66438:127923c] [com.apple.defaults:User Defaults] found no value for key LogEventBus in CFPrefsSearchListSource<0x10652fc80> (Domain: com.apple.UIKit, Container: (null) Non-launch persona: 0)
2026-04-10 23:22:28.102 Df EdotReactNavExample[66438:127923c] [com.apple.UIKit:EventBus] Event Timing Profile for Touch: not found, path="/System/Library/EventTimingProfiles/Sim.Touch.plist"
2026-04-10 23:22:28.102 Df EdotReactNavExample[66438:127923c] [com.apple.UIKit:EventBus] Event Timing Profile for Pencil: not found, path="/System/Library/EventTimingProfiles/Sim.Pencil.plist"
2026-04-10 23:22:28.102 Df EdotReactNavExample[66438:127923c] [com.apple.UIKit:UpdateScheduler] Target list changed: <CADisplay:LCD PurpleMain>
2026-04-10 23:22:28.102 Db EdotReactNavExample[66438:127923c] [com.apple.defaults:User Defaults] found no value for key LogUpdateCycle in CFPrefsSearchListSource<0x10652fc80> (Domain: com.apple.UIKit, Container: (null) Non-launch persona: 0)
2026-04-10 23:22:28.102 Df EdotReactNavExample[66438:127923c] [com.apple.UIKit:AppLifecycle] sceneOfRecord: sceneID: sceneID:com.edot.reactnavexample-default  persistentID: D17960C9-078A-4A2B-9D83-ADFD8BC8D32A
2026-04-10 23:22:28.102 Db EdotReactNavExample[66438:127923c] [com.apple.BacklightServices:scenes] 0x106708bd0 environment updated:sceneID:com.edot.reactnavexample-default
  delta:{ visualState:0 date:0 active:0 seed:0 }
  diff:<FBSSceneSettingsDiff: 0x106744d00; UIApplicationSceneSettings> {
    settings = <BSKeyedSettingsDiff: 0x106709560> {
        _UISceneRenderingEnvironmentSettings = <BSKeyedSettingsDiff: 0x106709b00> {
            activeAppearance = 1;
        };
    };
}
  new:(null) (null)
  old:(null) (null)
  new:(null)
2026-04-10 23:22:28.103 Df EdotReactNavExample[66438:127923c] [com.apple.UIKit:InterfaceStyle] Not push traits update to screen for new style 1, <UIWindowScene: 0x1098e6600> (D17960C9-078A-4A2B-9D83-ADFD8BC8D32A)
2026-04-10 23:22:28.103 Db EdotReactNavExample[66438:127923c] [com.apple.BaseBoard:Common] [BSBlockSentinel:FBSScene] signaled! 1 of 2
2026-04-10 23:22:28.103 I  EdotReactNavExample[66438:127923c] [com.apple.Accessibility:AXAppAccessibility] Loading settings loader: (system: 0)
2026-04-10 23:22:28.103 Db EdotReactNavExample[66438:127923c] [com.apple.defaults:User Defaults] found no value for key ZoomTouchEnabled in CFPrefsSearchListSource<0x10652c880> (Domain: com.apple.Accessibility, Container: (null) Non-launch persona: 0)
2026-04-10 23:22:28.103 Db EdotReactNavExample[66438:127923c] [com.apple.Accessibility:AXSupportCommon] CF Read: domain = com.apple.Accessibility, preference = ZoomTouchEnabled, appID = (null) result = (null) (-1 - empty, 0 - false, 1 - true)
2026-04-10 23:22:28.103 Db EdotReactNavExample[66438:127923c] [com.apple.defaults:User Defaults] found no value for key ZoomTouchEnabled in CFPrefsPlistSource<0x10652cb00> (Domain: com.apple.Accessibility, User: kCFPreferencesCurrentUser, ByHost: No, Container: /Users/nonth/Library/Developer/CoreSimulator/Devices/B7E9BAD6-0C0D-41EE-BE0C-D49BF485382E/data, Contents Need Refresh: No)
2026-04-10 23:22:28.103 Db EdotReactNavExample[66438:127923c] [com.apple.defaults:User Defaults] found no value for key SpeechSettingsDisabledByManagedConfiguration in CFPrefsSearchListSource<0x10652c880> (Domain: com.apple.Accessibility, Container: (null) Non-launch persona: 0)
2026-04-10 23:22:28.103 Db EdotReactNavExample[66438:127923c] [com.apple.Accessibility:AXSupportCommon] CF Read: domain = com.apple.Accessibility, preference = SpeechSettingsDisabledByManagedConfiguration, appID = (null) result = (null) (-1 - empty, 0 - false, 1 - true)
2026-04-10 23:22:28.103 Db EdotReactNavExample[66438:127923c] [com.apple.defaults:User Defaults] found no value for key SpeechSettingsDisabledByManagedConfiguration in CFPrefsPlistSource<0x10652cb00> (Domain: com.apple.Accessibility, User: kCFPreferencesCurrentUser, ByHost: No, Container: /Users/nonth/Library/Developer/CoreSimulator/Devices/B7E9BAD6-0C0D-41EE-BE0C-D49BF485382E/data, Contents Need Refresh: No)
2026-04-10 23:22:28.103 Db EdotReactNavExample[66438:127923c] [com.apple.defaults:User Defaults] found no value for key SpeakThisEnabled in CFPrefsSearchListSource<0x10652c880> (Domain: com.apple.Accessibility, Container: (null) Non-launch persona: 0)
2026-04-10 23:22:28.103 Db EdotReactNavExample[66438:127923c] [com.apple.Accessibility:AXSupportCommon] CF Read: domain = com.apple.Accessibility, preference = SpeakThisEnabled, appID = (null) result = (null) (-1 - empty, 0 - false, 1 - true)
2026-04-10 23:22:28.104 Db EdotReactNavExample[66438:127923c] [com.apple.defaults:User Defaults] found no value for key SpeakThisEnabled in CFPrefsPlistSource<0x10652cb00> (Domain: com.apple.Accessibility, User: kCFPreferencesCurrentUser, ByHost: No, Container: /Users/nonth/Library/Developer/CoreSimulator/Devices/B7E9BAD6-0C0D-41EE-BE0C-D49BF485382E/data, Contents Need Refresh: No)
2026-04-10 23:22:28.170 Db EdotReactNavExample[66438:127923c] [com.apple.defaults:User Defaults] found no value for key __NSTextAttachmentAlwaysUsesAttachmentView in CFPrefsSearchListSource<0x1059906c0> (Domain: com.edot.reactnavexample, Container: (null) Non-launch persona: 0)
2026-04-10 23:22:28.189 Db EdotReactNavExample[66438:1279302] [com.apple.defaults:User Defaults] found no value for key RCTI18nUtil_forceRTL in CFPrefsSearchListSource<0x1059906c0> (Domain: com.edot.reactnavexample, Container: (null) Non-launch persona: 0)
2026-04-10 23:22:28.189 Df EdotReactNavExample[66438:127923c] [com.apple.UIKit:EventDeferring] [0x109982220] Scene target of event deferring environments did update: scene: 0x1098e6600; current systemShellManagesKeyboardFocus: 1; systemShellManagesKeyboardFocusForScene: 1; eligibleForRecordRemoval: 1;
2026-04-10 23:22:28.189 Db EdotReactNavExample[66438:1279302] [com.apple.defaults:User Defaults] found no value for key RCTI18nUtil_allowRTL in CFPrefsSearchListSource<0x1059906c0> (Domain: com.edot.reactnavexample, Container: (null) Non-launch persona: 0)
2026-04-10 23:22:28.189 Df EdotReactNavExample[66438:127923c] [com.apple.UIKit:KeyWindow] Scene became target of keyboard event deferring environment: UIWindowScene: 0x1098e6600; scene identity: com.apple.frontboard.systemappservices/FBSceneManager:sceneID%3Acom.edot.reactnavexample-default
2026-04-10 23:22:28.189 Db EdotReactNavExample[66438:127923c] [com.apple.defaults:User Defaults] found no value for key LogFirstResponderRestoration in CFPrefsSearchListSource<0x10652fc80> (Domain: com.apple.UIKit, Container: (null) Non-launch persona: 0)
2026-04-10 23:22:28.190 Db EdotReactNavExample[66438:1279302] [com.apple.runningboard:message] PERF: [app<com.edot.reactnavexample((null))>:66438] Received message from runningboardd: async_didChangeInheritances:completion:
2026-04-10 23:22:28.190 A  EdotReactNavExample[66438:1279302] (RunningBoardServices) didChangeInheritances
2026-04-10 23:22:28.190 Db EdotReactNavExample[66438:1279302] [com.apple.runningboard:connection] didChangeInheritances: <RBSInheritanceChangeSet| gained:(null) lost:{(
    <RBSInheritance| environment:UIScene:com.apple.frontboard.systemappservices/FBSceneManager:sceneID%3Acom.edot.reactnavexample-default name:com.apple.frontboard.visibility origID:50369-50481-12455 payload 11298051908297376392>
)}>
2026-04-10 23:22:28.191 Db EdotReactNavExample[66438:1279303] [com.apple.BaseBoard:Common] [BSBlockSentinel:FBSScene] signaled! 2 of 2
2026-04-10 23:22:28.191 Db EdotReactNavExample[66438:1279303] [com.apple.BaseBoard:Common] [BSBlockSentinel:FBSScene] dealloc
2026-04-10 23:22:28.191 Db EdotReactNavExample[66438:127923c] [com.apple.defaults:User Defaults] found no value for key AutomationEnabled in CFPrefsSearchListSource<0x10652c880> (Domain: com.apple.Accessibility, Container: (null) Non-launch persona: 0)
2026-04-10 23:22:28.191 Db EdotReactNavExample[66438:127923c] [com.apple.Accessibility:AXSupportCommon] CF Read: domain = com.apple.Accessibility, preference = AutomationEnabled, appID = (null) result = (null) (-1 - empty, 0 - false, 1 - true)
2026-04-10 23:22:28.191 Db EdotReactNavExample[66438:127923c] [com.apple.defaults:User Defaults] found no value for key AutomationEnabled in CFPrefsPlistSource<0x10652cb00> (Domain: com.apple.Accessibility, User: kCFPreferencesCurrentUser, ByHost: No, Container: /Users/nonth/Library/Developer/CoreSimulator/Devices/B7E9BAD6-0C0D-41EE-BE0C-D49BF485382E/data, Contents Need Refresh: No)
2026-04-10 23:22:28.191 Df EdotReactNavExample[66438:127923c] [com.apple.FrontBoard:SceneExtension] Realizing settings extension SBUISecureRenderingSettingsExtension on FBSSceneSettings
2026-04-10 23:22:28.192 Db EdotReactNavExample[66438:127923c] [com.apple.FrontBoard:SceneExtension] registering method "isSecureRenderingEnabled" from extension SBUISecureRenderingSettingsExtension on class "FBSSceneSettings"
2026-04-10 23:22:28.192 Db EdotReactNavExample[66438:127923c] [com.apple.FrontBoard:SceneExtension] registering method "setSecureRenderingEnabled:" from extension SBUISecureRenderingSettingsExtension on class "FBSSceneSettings"
2026-04-10 23:22:28.192 Db EdotReactNavExample[66438:127923c] [com.apple.FrontBoard:SceneClient] [(FBSceneManager):sceneID:com.edot.reactnavexample-default] Adding extension: "SBUISecureRenderingSceneExtension"
2026-04-10 23:22:28.192 Db EdotReactNavExample[66438:127923c] [com.apple.FrontBoard:SceneClient] [(FBSceneManager):sceneID:com.edot.reactnavexample-default] Instantiated component: "<SBUISecureRenderingClientComponent: 0x109aa58a0>"
2026-04-10 23:22:28.192 Df EdotReactNavExample[66438:127923c] [com.apple.UIKit:InterfaceStyle] Not push traits update to screen for new style 1, <UIWindowScene: 0x1098e6600> (D17960C9-078A-4A2B-9D83-ADFD8BC8D32A)
2026-04-10 23:22:28.193 Df EdotReactNavExample[66438:127923c] [com.apple.UIKit:InterfaceStyle] Not push traits update to screen for new style 1, <UIWindowScene: 0x1098e6600> (D17960C9-078A-4A2B-9D83-ADFD8BC8D32A)
2026-04-10 23:22:28.193 Df EdotReactNavExample[66438:127923c] [com.apple.UIKit:AppLifecycle] sceneOfRecord: sceneID: sceneID:com.edot.reactnavexample-default  persistentID: D17960C9-078A-4A2B-9D83-ADFD8BC8D32A
2026-04-10 23:22:28.193 Df EdotReactNavExample[66438:127923c] [com.apple.UIKit:Application] Deactivation reason removed: 12; deactivation reasons: 4128 -> 32; animating application lifecycle event: 1
2026-04-10 23:22:28.193 Df EdotReactNavExample[66438:127923c] [com.apple.KeyboardArbiter:Client] Send setDeactivating: N (-DeactivationReason:SuspendedEventsOnly)
2026-04-10 23:22:28.193 Df EdotReactNavExample[66438:127923c] [com.apple.UIKit:Application] Deactivation reason removed: 5; deactivation reasons: 32 -> 0; animating application lifecycle event: 0
2026-04-10 23:22:28.194 Db EdotReactNavExample[66438:127923c] [com.apple.BacklightServices:scenes] 0x106708bd0 environment updated:sceneID:com.edot.reactnavexample-default
  delta:{ visualState:0 date:0 active:0 seed:0 }
  diff:<FBSSceneSettingsDiff: 0x1098f1a40; UIApplicationSceneSettings> {
    settings = <BSKeyedSettingsDiff: 0x1099b3f60> {
        SBUISecureRenderingSettingsExtension = <BSKeyedSettingsDiff: 0x1099b3de0> {
            secureRenderingEnabled = 0;
        };
        _UISceneRenderingEnvironmentSettings = <BSKeyedSettingsDiff: 0x1099b3db0> {
            systemDisplayIdentifier = 201A6B0D-4F85-4013-BDBE-CFF4748467E0;
        };
        _UISystemShellSceneHostingEnvironmentSettings = <BSKeyedSettingsDiff: 0x1099b3f90> {
            systemShellHostingSpaceIdentifier = SB-display-<embedded>;
        };
        FBSSceneExtensions = <BSKeyedSettingsDiff: 0x1099b3d50> {
            14 = SBUISecureRenderingSceneExtension;
        };
    };
    subclassSettings = <BSSettingsDiff: 0x1099b3fc0> {
        targetOfEventDeferringEnvironments = keyboardFocus;
        scenePresenterRenderIdentifierForSnapshotting = 37511
  new:<decode: missing data>
  old:<decode: missing data>
  new:<decode: missing data>
2026-04-10 23:22:28.195 Db EdotReactNavExample[66438:127923c] [com.apple.BaseBoard:Common] [BSBlockSentinel:FBSScene] signaled! 1 of 2
2026-04-10 23:22:28.195 Db EdotReactNavExample[66438:127923c] (TextInput) -[TIPreferencesController preferencesChangedCallback:]  preferencesChangedCallback: Triggering preferencesChangedCallback for domain <_TIPreferenceDomain: 0x106458510> with notification AppleKeyboardsSettingsChangedNotification
2026-04-10 23:22:28.195 I  EdotReactNavExample[66438:1279316] [com.facebook.react.log:native] Unbalanced calls start/end for tag 19
2026-04-10 23:22:28.195 I  EdotReactNavExample[66438:1279316] [com.facebook.react.log:javascript] Running "EdotReactNavExample
2026-04-10 23:22:28.196 I  EdotReactNavExample[66438:127923c] [com.wix.Detox:WebSocket] Action received: loginSuccess
2026-04-10 23:22:28.196 I  EdotReactNavExample[66438:127923c] [com.wix.Detox:DetoxManager] Successfully logged in
2026-04-10 23:22:28.197 Df EdotReactNavExample[66438:127923c] [com.apple.KeyboardArbiter:Client] startConnection
2026-04-10 23:22:28.197 I  EdotReactNavExample[66438:127923c] [com.wix.Detox:WebSocket] Action received: isReady
2026-04-10 23:22:28.197 Df EdotReactNavExample[66438:127923c] [com.apple.KeyboardArbiter:Client] handleKeyboardChange: set currentKeyboard:N (wasKeyboard:N)
2026-04-10 23:22:28.198 Db EdotReactNavExample[66438:127923c] [com.apple.defaults:User Defaults] found no value for key AssistiveTouchEnabled in CFPrefsSearchListSource<0x10652c880> (Domain: com.apple.Accessibility, Container: (null) Non-launch persona: 0)
2026-04-10 23:22:28.198 Db EdotReactNavExample[66438:127923c] [com.apple.Accessibility:AXSupportCommon] CF Read: domain = com.apple.Accessibility, preference = AssistiveTouchEnabled, appID = (null) result = (null) (-1 - empty, 0 - false, 1 - true)
2026-04-10 23:22:28.198 Db EdotReactNavExample[66438:127923c] [com.apple.defaults:User Defaults] found no value for key AssistiveTouchEnabled in CFPrefsPlistSource<0x10652cb00> (Domain: com.apple.Accessibility, User: kCFPreferencesCurrentUser, ByHost: No, Container: /Users/nonth/Library/Developer/CoreSimulator/Devices/B7E9BAD6-0C0D-41EE-BE0C-D49BF485382E/data, Contents Need Refresh: No)
2026-04-10 23:22:28.199 Db EdotReactNavExample[66438:127923c] [com.apple.defaults:User Defaults] CFPrefsPlistSource<0x10652e300> (Domain: com.apple.keyboard.preferences, User: kCFPreferencesCurrentUser, ByHost: No, Container: /Users/nonth/Library/Developer/CoreSimulator/Devices/B7E9BAD6-0C0D-41EE-BE0C-D49BF485382E/data, Contents Need Refresh: No) loaded: a new base plist and no additional changes from the base plist
2026-04-10 23:22:28.199 Db EdotReactNavExample[66438:127923c] [com.apple.defaults:User Defaults] CFPrefsPlistSource<0x10652e380> (Domain: com.apple.keyboard.preferences, User: kCFPreferencesCurrentUser, ByHost: Yes, Container: (null), Contents Need Refresh: No) loaded: an empty base plist and no additional changes from the base plist
2026-04-10 23:22:28.199 Db EdotReactNavExample[66438:127923c] [com.apple.defaults:User Defaults] looked up value en_US@sw=QWERTY;hw=Automatic for key KeyboardLastUsed in CFPrefsPlistSource<0x10652e300> (Domain: com.apple.keyboard.preferences, User: kCFPreferencesCurrentUser, ByHost: No, Container: /Users/nonth/Library/Developer/CoreSimulator/Devices/B7E9BAD6-0C0D-41EE-BE0C-D49BF485382E/data, Contents Need Refresh: No) via CFPrefsSearchListSource<0x10652e080> (Domain: com.apple.keyboard.preferences, Container: (null) Non-launch persona: 0)
2026-04-10 23:22:28.199 Db EdotReactNavExample[66438:127923c] [com.apple.defaults:User Defaults] found no value for key AppleKeyboardsIncludeIntl in CFPrefsSearchListSource<0x10652cd00> (Domain: kCFPreferencesAnyApplication, Container: (null) Non-launch persona: 0)
2026-04-10 23:22:28.200 Db EdotReactNavExample[66438:1279316] [com.apple.defaults:User Defaults] found no value for key RCTI18nUtil_forceRTL in CFPrefsSearchListSource<0x1059906c0> (Domain: com.edot.reactnavexample, Container: (null) Non-launch persona: 0)
2026-04-10 23:22:28.200 Db EdotReactNavExample[66438:1279316] [com.apple.defaults:User Defaults] found no value for key RCTI18nUtil_allowRTL in CFPrefsSearchListSource<0x1059906c0> (Domain: com.edot.reactnavexample, Container: (null) Non-launch persona: 0)
2026-04-10 23:22:28.201 Db EdotReactNavExample[66438:1279316] [com.apple.defaults:User Defaults] looked up value 1 for key RCTI18nUtil_makeRTLFlipLeftAndRightStyles in CFPrefsPlistSource<0x1059916f0> (Domain: com.edot.reactnavexample, User: kCFPreferencesCurrentUser, ByHost: No, Container: (null), Contents Need Refresh: No) via CFPrefsSearchListSource<0x1059906c0> (Domain: com.edot.reactnavexample, Container: (null) Non-launch persona: 0)
2026-04-10 23:22:28.201 Df EdotReactNavExample[66438:127923c] [com.apple.UIKit:KeyboardSceneDelegate] forceReloadInputViews
2026-04-10 23:22:28.201 Db EdotReactNavExample[66438:127923c] [com.apple.UIKit:KeyboardSceneDelegate] Did not send signal to missing keyboard analytics. isKeyScene=1, hasHardwareKeyboard=1, hasExternalDisplay=0
2026-04-10 23:22:28.201 Df EdotReactNavExample[66438:127923c] [com.apple.UIKit:KeyboardSceneDelegate] Reloading input views for key-window scene responder: <(null): 0x0; > force:Y
2026-04-10 23:22:28.201 Df EdotReactNavExample[66438:127923c] [com.apple.UIKit:KeyboardArbiterClientLog] isWritingToolsHandlingKeyboardTracking:Y (WT ready:Y, Arbiter ready:Y)
2026-04-10 23:22:28.201 Db EdotReactNavExample[66438:127923c] [com.apple.defaults:User Defaults] found no value for key EnhancedTextLegibilityEnabled in CFPrefsSearchListSource<0x1059906c0> (Domain: com.edot.reactnavexample, Container: (null) Non-launch persona: 0)
2026-04-10 23:22:28.201 Db EdotReactNavExample[66438:127923c] [com.apple.Accessibility:AXSupportCommon] CF Read: domain = com.edot.reactnavexample, preference = EnhancedTextLegibilityEnabled, appID = com.edot.reactnavexample result = (null) (-1 - empty, 0 - false, 1 - true)
2026-04-10 23:22:28.201 Db EdotReactNavExample[66438:127923c] [com.apple.defaults:User Defaults] found no value for key DarkenSystemColors in CFPrefsSearchListSource<0x1059906c0> (Domain: com.edot.reactnavexample, Container: (null) Non-launch persona: 0)
2026-04-10 23:22:28.201 Db EdotReactNavExample[66438:127923c] [com.apple.Accessibility:AXSupportCommon] CF Read: domain = com.edot.reactnavexample, preference = DarkenSystemColors, appID = com.edot.reactnavexample result = (null) (-1 - empty, 0 - false, 1 - true)
2026-04-10 23:22:28.205 Db EdotReactNavExample[66438:127923c] [com.apple.defaults:User Defaults] found no value for key InvertColorsEnabled in CFPrefsSearchListSource<0x1059906c0> (Domain: com.edot.reactnavexample, Container: (null) Non-launch persona: 0)
2026-04-10 23:22:28.205 Db EdotReactNavExample[66438:127923c] [com.apple.Accessibility:AXSupportCommon] CF Read: domain = com.edot.reactnavexample, preference = InvertColorsEnabled, appID = com.edot.reactnavexample result = (null) (-1 - empty, 0 - false, 1 - true)
2026-04-10 23:22:28.205 Df EdotReactNavExample[66438:127923c] [com.apple.Accessibility:AXCommon] Read Per-App on Init: Smart invert = (null)
2026-04-10 23:22:28.206 Db EdotReactNavExample[66438:127930e] [com.apple.BaseBoard:Common] [BSBlockSentinel:FBSScene] signaled! 2 of 2
2026-04-10 23:22:28.206 Db EdotReactNavExample[66438:127930e] [com.apple.BaseBoard:Common] [BSBlockSentinel:FBSScene] dealloc
2026-04-10 23:22:28.211 Db EdotReactNavExample[66438:1279302] [com.apple.defaults:User Defaults] looked up value 1 for key RCTI18nUtil_makeRTLFlipLeftAndRightStyles in CFPrefsPlistSource<0x1059916f0> (Domain: com.edot.reactnavexample, User: kCFPreferencesCurrentUser, ByHost: No, Container: (null), Contents Need Refresh: No) via CFPrefsSearchListSource<0x1059906c0> (Domain: com.edot.reactnavexample, Container: (null) Non-launch persona: 0)
2026-04-10 23:22:28.211 Db EdotReactNavExample[66438:127923c] [com.apple.defaults:User Defaults] found no value for key PocketBlurOverLuminanceAdjustment in CFPrefsSearchListSource<0x10652fc80> (Domain: com.apple.UIKit, Container: (null) Non-launch persona: 0)
2026-04-10 23:22:28.211 Db EdotReactNavExample[66438:1279302] [com.apple.defaults:User Defaults] looked up value 1 for key RCTI18nUtil_makeRTLFlipLeftAndRightStyles in CFPrefsPlistSource<0x1059916f0> (Domain: com.edot.reactnavexample, User: kCFPreferencesCurrentUser, ByHost: No, Container: (null), Contents Need Refresh: No) via CFPrefsSearchListSource<0x1059906c0> (Domain: com.edot.reactnavexample, Container: (null) Non-launch persona: 0)
2026-04-10 23:22:28.211 Db EdotReactNavExample[66438:127923c] [com.apple.defaults:User Defaults] found no value for key UIScrollViewForceConvertSafeAreaToContentInsetPreference in CFPrefsSearchListSource<0x1059906c0> (Domain: com.edot.reactnavexample, Container: (null) Non-launch persona: 0)
2026-04-10 23:22:28.211 Db EdotReactNavExample[66438:1279302] [com.apple.defaults:User Defaults] looked up value 1 for key RCTI18nUtil_makeRTLFlipLeftAndRightStyles in CFPrefsPlistSource<0x1059916f0> (Domain: com.edot.reactnavexample, User: kCFPreferencesCurrentUser, ByHost: No, Container: (null), Contents Need Refresh: No) via CFPrefsSearchListSource<0x1059906c0> (Domain: com.edot.reactnavexample, Container: (null) Non-launch persona: 0)
2026-04-10 23:22:28.211 Db EdotReactNavExample[66438:1279302] [com.apple.defaults:User Defaults] looked up value 1 for key RCTI18nUtil_makeRTLFlipLeftAndRightStyles in CFPrefsPlistSource<0x1059916f0> (Domain: com.edot.reactnavexample, User: kCFPreferencesCurrentUser, ByHost: No, Container: (null), Contents Need Refresh: No) via CFPrefsSearchListSource<0x1059906c0> (Domain: com.edot.reactnavexample, Container: (null) Non-launch persona: 0)
2026-04-10 23:22:28.212 Db EdotReactNavExample[66438:1279302] [com.apple.defaults:User Defaults] looked up value 1 for key RCTI18nUtil_makeRTLFlipLeftAndRightStyles in CFPrefsPlistSource<0x1059916f0> (Domain: com.edot.reactnavexample, User: kCFPreferencesCurrentUser, ByHost: No, Container: (null), Contents Need Refresh: No) via CFPrefsSearchListSource<0x1059906c0> (Domain: com.edot.reactnavexample, Container: (null) Non-launch persona: 0)
2026-04-10 23:22:28.212 Db EdotReactNavExample[66438:1279302] [com.apple.defaults:User Defaults] looked up value 1 for key RCTI18nUtil_makeRTLFlipLeftAndRightStyles in CFPrefsPlistSource<0x1059916f0> (Domain: com.edot.reactnavexample, User: kCFPreferencesCurrentUser, ByHost: No, Container: (null), Contents Need Refresh: No) via CFPrefsSearchListSource<0x1059906c0> (Domain: com.edot.reactnavexample, Container: (null) Non-launch persona: 0)
2026-04-10 23:22:28.212 Db EdotReactNavExample[66438:1279302] [com.apple.defaults:User Defaults] looked up value 1 for key RCTI18nUtil_makeRTLFlipLeftAndRightStyles in CFPrefsPlistSource<0x1059916f0> (Domain: com.edot.reactnavexample, User: kCFPreferencesCurrentUser, ByHost: No, Container: (null), Contents Need Refresh: No) via CFPrefsSearchListSource<0x1059906c0> (Domain: com.edot.reactnavexample, Container: (null) Non-launch persona: 0)
2026-04-10 23:22:28.212 Db EdotReactNavExample[66438:1279302] [com.apple.defaults:User Defaults] looked up value 1 for key RCTI18nUtil_makeRTLFlipLeftAndRightStyles in CFPrefsPlistSource<0x1059916f0> (Domain: com.edot.reactnavexample, User: kCFPreferencesCurrentUser, ByHost: No, Container: (null), Contents Need Refresh: No) via CFPrefsSearchListSource<0x1059906c0> (Domain: com.edot.reactnavexample, Container: (null) Non-launch persona: 0)
2026-04-10 23:22:28.212 Db EdotReactNavExample[66438:1279302] [com.apple.defaults:User Defaults] looked up value 1 for key RCTI18nUtil_makeRTLFlipLeftAndRightStyles in CFPrefsPlistSource<0x1059916f0> (Domain: com.edot.reactnavexample, User: kCFPreferencesCurrentUser, ByHost: No, Container: (null), Contents Need Refresh: No) via CFPrefsSearchListSource<0x1059906c0> (Domain: com.edot.reactnavexample, Container: (null) Non-launch persona: 0)
2026-04-10 23:22:28.212 Db EdotReactNavExample[66438:1279302] [com.apple.defaults:User Defaults] looked up value 1 for key RCTI18nUtil_makeRTLFlipLeftAndRightStyles in CFPrefsPlistSource<0x1059916f0> (Domain: com.edot.reactnavexample, User: kCFPreferencesCurrentUser, ByHost: No, Container: (null), Contents Need Refresh: No) via CFPrefsSearchListSource<0x1059906c0> (Domain: com.edot.reactnavexample, Container: (null) Non-launch persona: 0)
2026-04-10 23:22:28.213 Db EdotReactNavExample[66438:1279302] [com.apple.defaults:User Defaults] looked up value 1 for key RCTI18nUtil_makeRTLFlipLeftAndRightStyles in CFPrefsPlistSource<0x1059916f0> (Domain: com.edot.reactnavexample, User: kCFPreferencesCurrentUser, ByHost: No, Container: (null), Contents Need Refresh: No) via CFPrefsSearchListSource<0x1059906c0> (Domain: com.edot.reactnavexample, Container: (null) Non-launch persona: 0)
2026-04-10 23:22:28.213 Db EdotReactNavExample[66438:1279302] [com.apple.defaults:User Defaults] looked up value 1 for key RCTI18nUtil_makeRTLFlipLeftAndRightStyles in CFPrefsPlistSource<0x1059916f0> (Domain: com.edot.reactnavexample, User: kCFPreferencesCurrentUser, ByHost: No, Container: (null), Contents Need Refresh: No) via CFPrefsSearchListSource<0x1059906c0> (Domain: com.edot.reactnavexample, Container: (null) Non-launch persona: 0)
2026-04-10 23:22:28.213 Db EdotReactNavExample[66438:1279302] [com.apple.defaults:User Defaults] looked up value 1 for key RCTI18nUtil_makeRTLFlipLeftAndRightStyles in CFPrefsPlistSource<0x1059916f0> (Domain: com.edot.reactnavexample, User: kCFPreferencesCurrentUser, ByHost: No, Container: (null), Contents Need Refresh: No) via CFPrefsSearchListSource<0x1059906c0> (Domain: com.edot.reactnavexample, Container: (null) Non-launch persona: 0)
2026-04-10 23:22:28.213 Db EdotReactNavExample[66438:1279302] [com.apple.defaults:User Defaults] looked up value 1 for key RCTI18nUtil_makeRTLFlipLeftAndRightStyles in CFPrefsPlistSource<0x1059916f0> (Domain: com.edot.reactnavexample, User: kCFPreferencesCurrentUser, ByHost: No, Container: (null), Contents Need Refresh: No) via CFPrefsSearchListSource<0x1059906c0> (Domain: com.edot.reactnavexample, Container: (null) Non-launch persona: 0)
2026-04-10 23:22:28.213 Db EdotReactNavExample[66438:1279302] [com.apple.defaults:User Defaults] looked up value 1 for key RCTI18nUtil_makeRTLFlipLeftAndRightStyles in CFPrefsPlistSource<0x1059916f0> (Domain: com.edot.reactnavexample, User: kCFPreferencesCurrentUser, ByHost: No, Container: (null), Contents Need Refresh: No) via CFPrefsSearchListSource<0x1059906c0> (Domain: com.edot.reactnavexample, Container: (null) Non-launch persona: 0)
2026-04-10 23:22:28.213 Db EdotReactNavExample[66438:1279302] [com.apple.defaults:User Defaults] looked up value 1 for key RCTI18nUtil_makeRTLFlipLeftAndRightStyles in CFPrefsPlistSource<0x1059916f0> (Domain: com.edot.reactnavexample, User: kCFPreferencesCurrentUser, ByHost: No, Container: (null), Contents Need Refresh: No) via CFPrefsSearchListSource<0x1059906c0> (Domain: com.edot.reactnavexample, Container: (null) Non-launch persona: 0)
2026-04-10 23:22:28.214 Db EdotReactNavExample[66438:1279302] [com.apple.defaults:User Defaults] looked up value 1 for key RCTI18nUtil_makeRTLFlipLeftAndRightStyles in CFPrefsPlistSource<0x1059916f0> (Domain: com.edot.reactnavexample, User: kCFPreferencesCurrentUser, ByHost: No, Container: (null), Contents Need Refresh: No) via CFPrefsSearchListSource<0x1059906c0> (Domain: com.edot.reactnavexample, Container: (null) Non-launch persona: 0)
2026-04-10 23:22:28.214 Db EdotReactNavExample[66438:1279302] [com.apple.defaults:User Defaults] looked up value 1 for key RCTI18nUtil_makeRTLFlipLeftAndRightStyles in CFPrefsPlistSource<0x1059916f0> (Domain: com.edot.reactnavexample, User: kCFPreferencesCurrentUser, ByHost: No, Container: (null), Contents Need Refresh: No) via CFPrefsSearchListSource<0x1059906c0> (Domain: com.edot.reactnavexample, Container: (null) Non-launch persona: 0)
2026-04-10 23:22:28.214 Db EdotReactNavExample[66438:1279302] [com.apple.defaults:User Defaults] looked up value 1 for key RCTI18nUtil_makeRTLFlipLeftAndRightStyles in CFPrefsPlistSource<0x1059916f0> (Domain: com.edot.reactnavexample, User: kCFPreferencesCurrentUser, ByHost: No, Container: (null), Contents Need Refresh: No) via CFPrefsSearchListSource<0x1059906c0> (Domain: com.edot.reactnavexample, Container: (null) Non-launch persona: 0)
2026-04-10 23:22:28.214 Db EdotReactNavExample[66438:1279302] [com.apple.defaults:User Defaults] looked up value 1 for key RCTI18nUtil_makeRTLFlipLeftAndRightStyles in CFPrefsPlistSource<0x1059916f0> (Domain: com.edot.reactnavexample, User: kCFPreferencesCurrentUser, ByHost: No, Container: (null), Contents Need Refresh: No) via CFPrefsSearchListSource<0x1059906c0> (Domain: com.edot.reactnavexample, Container: (null) Non-launch persona: 0)
2026-04-10 23:22:28.214 Db EdotReactNavExample[66438:1279302] [com.apple.defaults:User Defaults] looked up value 1 for key RCTI18nUtil_makeRTLFlipLeftAndRightStyles in CFPrefsPlistSource<0x1059916f0> (Domain: com.edot.reactnavexample, User: kCFPreferencesCurrentUser, ByHost: No, Container: (null), Contents Need Refresh: No) via CFPrefsSearchListSource<0x1059906c0> (Domain: com.edot.reactnavexample, Container: (null) Non-launch persona: 0)
2026-04-10 23:22:28.214 Db EdotReactNavExample[66438:1279302] [com.apple.defaults:User Defaults] looked up value 1 for key RCTI18nUtil_makeRTLFlipLeftAndRightStyles in CFPrefsPlistSource<0x1059916f0> (Domain: com.edot.reactnavexample, User: kCFPreferencesCurrentUser, ByHost: No, Container: (null), Contents Need Refresh: No) via CFPrefsSearchListSource<0x1059906c0> (Domain: com.edot.reactnavexample, Container: (null) Non-launch persona: 0)
2026-04-10 23:22:28.214 Db EdotReactNavExample[66438:1279302] [com.apple.defaults:User Defaults] looked up value 1 for key RCTI18nUtil_makeRTLFlipLeftAndRightStyles in CFPrefsPlistSource<0x1059916f0> (Domain: com.edot.reactnavexample, User: kCFPreferencesCurrentUser, ByHost: No, Container: (null), Contents Need Refresh: No) via CFPrefsSearchListSource<0x1059906c0> (Domain: com.edot.reactnavexample, Container: (null) Non-launch persona: 0)
2026-04-10 23:22:28.214 Db EdotReactNavExample[66438:1279302] [com.apple.defaults:User Defaults] looked up value 1 for key RCTI18nUtil_makeRTLFlipLeftAndRightStyles in CFPrefsPlistSource<0x1059916f0> (Domain: com.edot.reactnavexample, User: kCFPreferencesCurrentUser, ByHost: No, Container: (null), Contents Need Refresh: No) via CFPrefsSearchListSource<0x1059906c0> (Domain: com.edot.reactnavexample, Container: (null) Non-launch persona: 0)
2026-04-10 23:22:28.214 Db EdotReactNavExample[66438:1279302] [com.apple.defaults:User Defaults] looked up value 1 for key RCTI18nUtil_makeRTLFlipLeftAndRightStyles in CFPrefsPlistSource<0x1059916f0> (Domain: com.edot.reactnavexample, User: kCFPreferencesCurrentUser, ByHost: No, Container: (null), Contents Need Refresh: No) via CFPrefsSearchListSource<0x1059906c0> (Domain: com.edot.reactnavexample, Container: (null) Non-launch persona: 0)
2026-04-10 23:22:28.214 Db EdotReactNavExample[66438:1279302] [com.apple.defaults:User Defaults] looked up value 1 for key RCTI18nUtil_makeRTLFlipLeftAndRightStyles in CFPrefsPlistSource<0x1059916f0> (Domain: com.edot.reactnavexample, User: kCFPreferencesCurrentUser, ByHost: No, Container: (null), Contents Need Refresh: No) via CFPrefsSearchListSource<0x1059906c0> (Domain: com.edot.reactnavexample, Container: (null) Non-launch persona: 0)
2026-04-10 23:22:28.214 Db EdotReactNavExample[66438:1279302] [com.apple.defaults:User Defaults] looked up value 1 for key RCTI18nUtil_makeRTLFlipLeftAndRightStyles in CFPrefsPlistSource<0x1059916f0> (Domain: com.edot.reactnavexample, User: kCFPreferencesCurrentUser, ByHost: No, Container: (null), Contents Need Refresh: No) via CFPrefsSearchListSource<0x1059906c0> (Domain: com.edot.reactnavexample, Container: (null) Non-launch persona: 0)
2026-04-10 23:22:28.214 Db EdotReactNavExample[66438:1279302] [com.apple.defaults:User Defaults] looked up value 1 for key RCTI18nUtil_makeRTLFlipLeftAndRightStyles in CFPrefsPlistSource<0x1059916f0> (Domain: com.edot.reactnavexample, User: kCFPreferencesCurrentUser, ByHost: No, Container: (null), Contents Need Refresh: No) via CFPrefsSearchListSource<0x1059906c0> (Domain: com.edot.reactnavexample, Container: (null) Non-launch persona: 0)
2026-04-10 23:22:28.214 Db EdotReactNavExample[66438:1279302] [com.apple.defaults:User Defaults] looked up value 1 for key RCTI18nUtil_makeRTLFlipLeftAndRightStyles in CFPrefsPlistSource<0x1059916f0> (Domain: com.edot.reactnavexample, User: kCFPreferencesCurrentUser, ByHost: No, Container: (null), Contents Need Refresh: No) via CFPrefsSearchListSource<0x1059906c0> (Domain: com.edot.reactnavexample, Container: (null) Non-launch persona: 0)
2026-04-10 23:22:28.214 Db EdotReactNavExample[66438:1279302] [com.apple.defaults:User Defaults] found no value for key NSUsesScreenFonts in CFPrefsSearchListSource<0x1059906c0> (Domain: com.edot.reactnavexample, Container: (null) Non-launch persona: 0)
2026-04-10 23:22:28.214 Db EdotReactNavExample[66438:1279302] [com.apple.defaults:User Defaults] found no value for key NSIgnoresViewTransformations in CFPrefsSearchListSource<0x1059906c0> (Domain: com.edot.reactnavexample, Container: (null) Non-launch persona: 0)
2026-04-10 23:22:28.214 Db EdotReactNavExample[66438:1279302] [com.apple.defaults:User Defaults] found no value for key NSTextShowsInvisibleCharacters in CFPrefsSearchListSource<0x1059906c0> (Domain: com.edot.reactnavexample, Container: (null) Non-launch persona: 0)
2026-04-10 23:22:28.214 Db EdotReactNavExample[66438:1279302] [com.apple.defaults:User Defaults] found no value for key NSTextShowsControlCharacters in CFPrefsSearchListSource<0x1059906c0> (Domain: com.edot.reactnavexample, Container: (null) Non-launch persona: 0)
2026-04-10 23:22:28.214 Db EdotReactNavExample[66438:1279302] [com.apple.defaults:User Defaults] found no value for key NSTextAllowsNonContiguousLayout in CFPrefsSearchListSource<0x1059906c0> (Domain: com.edot.reactnavexample, Container: (null) Non-launch persona: 0)
2026-04-10 23:22:28.214 Db EdotReactNavExample[66438:1279302] [com.apple.defaults:User Defaults] found no value for key NSTextBackgroundLayoutEnabled in CFPrefsSearchListSource<0x1059906c0> (Domain: com.edot.reactnavexample, Container: (null) Non-launch persona: 0)
2026-04-10 23:22:28.214 Db EdotReactNavExample[66438:1279302] [com.apple.defaults:User Defaults] found no value for key NSLayoutManagerForcesShowPackedGlyphs in CFPrefsSearchListSource<0x1059906c0> (Domain: com.edot.reactnavexample, Container: (null) Non-launch persona: 0)
2026-04-10 23:22:28.214 Db EdotReactNavExample[66438:1279302] [com.apple.defaults:User Defaults] found no value for key NSTypesetterBehavior in CFPrefsSearchListSource<0x1059906c0> (Domain: com.edot.reactnavexample, Container: (null) Non-launch persona: 0)
2026-04-10 23:22:28.214 Db EdotReactNavExample[66438:1279302] [com.apple.defaults:User Defaults] found no value for key NSTypesetterCompatibilityLevel in CFPrefsSearchListSource<0x1059906c0> (Domain: com.edot.reactnavexample, Container: (null) Non-launch persona: 0)
2026-04-10 23:22:28.214 Db EdotReactNavExample[66438:1279302] [com.apple.defaults:User Defaults] found no value for key NSStringDrawingTypesetterBehavior in CFPrefsSearchListSource<0x1059906c0> (Domain: com.edot.reactnavexample, Container: (null) Non-launch persona: 0)
2026-04-10 23:22:28.214 Db EdotReactNavExample[66438:1279302] [com.apple.defaults:User Defaults] setting new value 1 for key NSHyphenatesAsLastResort in CFPrefsSource<0x1064c8100> (Domain: Volatile, User: , ByHost: No, Container: , Contents Need Refresh: No)
2026-04-10 23:22:28.214 Db EdotReactNavExample[66438:1279302] [com.apple.defaults:User Defaults] setting new value 1 for key NSUsesCFStringTokenizerForLineBreaks in CFPrefsSource<0x1064c8100> (Domain: Volatile, User: , ByHost: No, Container: , Contents Need Refresh: No)
2026-04-10 23:22:28.214 Db EdotReactNavExample[66438:1279302] [com.apple.defaults:User Defaults] setting new value 1 for key NSUsesTextStylesForLineBreaks in CFPrefsSource<0x1064c8100> (Domain: Volatile, User: , ByHost: No, Container: , Contents Need Refresh: No)
2026-04-10 23:22:28.215 Db EdotReactNavExample[66438:127930e] [com.apple.defaults:User Defaults] found no value for key elastic.session.timer in CFPrefsSearchListSource<0x1059906c0> (Domain: com.edot.reactnavexample, Container: (null) Non-launch persona: 0)
2026-04-10 23:22:28.215 Db EdotReactNavExample[66438:1279302] [com.apple.defaults:User Defaults] found no value for key NSUsesDefaultHyphenation in CFPrefsSearchListSource<0x1059906c0> (Domain: com.edot.reactnavexample, Container: (null) Non-launch persona: 0)
2026-04-10 23:22:28.215 Db EdotReactNavExample[66438:127930e] [com.apple.defaults:User Defaults] setting {
    "elastic.session.id" = "D7885554-D91E-455B-8951-C1AF519E0420";
} in CFPrefsPlistSource<0x1059916f0> (Domain: com.edot.reactnavexample, User: kCFPreferencesCurrentUser, ByHost: No, Container: (null), Contents Need Refresh: No)
2026-04-10 23:22:28.215 Db EdotReactNavExample[66438:127930e] [com.apple.defaults:User Defaults] setting {
    "elastic.session.timer" = "1775838148.215835";
} in CFPrefsPlistSource<0x1059916f0> (Domain: com.edot.reactnavexample, User: kCFPreferencesCurrentUser, ByHost: No, Container: (null), Contents Need Refresh: No)
2026-04-10 23:22:28.216 Db EdotReactNavExample[66438:127930e] [com.apple.defaults:User Defaults] CFPrefsPlistSource<0x105991c30> (Domain: com.edot.reactnavexample, User: kCFPreferencesCurrentUser, ByHost: No, Container: /Users/nonth/Library/Developer/CoreSimulator/Devices/B7E9BAD6-0C0D-41EE-BE0C-D49BF485382E/data, Contents Need Refresh: No) loaded: an empty base plist and no additional changes from the base plist
2026-04-10 23:22:28.216 Db EdotReactNavExample[66438:127930e] [com.apple.defaults:User Defaults] CFPrefsPlistSource<0x105991e20> (Domain: com.edot.reactnavexample, User: kCFPreferencesCurrentUser, ByHost: Yes, Container: (null), Contents Need Refresh: No) loaded: an empty base plist and no additional changes from the base plist
2026-04-10 23:22:28.216 Db EdotReactNavExample[66438:127930e] [com.apple.defaults:User Defaults] looked up value D7885554-D91E-455B-8951-C1AF519E0420 for key elastic.session.id in CFPrefsPlistSource<0x1059916f0> (Domain: com.edot.reactnavexample, User: kCFPreferencesCurrentUser, ByHost: No, Container: (null), Contents Need Refresh: No) via CFPrefsSearchListSource<0x1059906c0> (Domain: com.edot.reactnavexample, Container: (null) Non-launch persona: 0)
2026-04-10 23:22:28.216 Db EdotReactNavExample[66438:127930e] [com.apple.defaults:User Defaults] looked up value 1775838148.215835 for key elastic.session.timer in CFPrefsPlistSource<0x1059916f0> (Domain: com.edot.reactnavexample, User: kCFPreferencesCurrentUser, ByHost: No, Container: (null), Contents Need Refresh: No) via CFPrefsSearchListSource<0x1059906c0> (Domain: com.edot.reactnavexample, Container: (null) Non-launch persona: 0)
2026-04-10 23:22:28.216 Db EdotReactNavExample[66438:127930e] [com.apple.defaults:User Defaults] looked up value D7885554-D91E-455B-8951-C1AF519E0420 for key elastic.session.id in CFPrefsPlistSource<0x1059916f0> (Domain: com.edot.reactnavexample, User: kCFPreferencesCurrentUser, ByHost: No, Container: (null), Contents Need Refresh: No) via CFPrefsSearchListSource<0x1059906c0> (Domain: com.edot.reactnavexample, Container: (null) Non-launch persona: 0)
2026-04-10 23:22:28.217 Df EdotReactNavExample[66438:127930e] [com.apple.xpc:connection] [0x109a01cc0] activating connection: mach=true listener=false peer=false name=com.apple.fontservicesd
2026-04-10 23:22:28.217 Db EdotReactNavExample[66438:1279302] [com.apple.defaults:User Defaults] found no value for key NSTallLocalizedStrings in CFPrefsSearchListSource<0x1059906c0> (Domain: com.edot.reactnavexample, Container: (null) Non-launch persona: 0)
2026-04-10 23:22:28.218 Db EdotReactNavExample[66438:1279302] [com.apple.defaults:User Defaults] looked up value (
    "en-TH",
    "th-TH"
) for key AppleLanguages in CFPrefsPlistSource<0x105991da0> (Domain: kCFPreferencesAnyApplication, User: kCFPreferencesCurrentUser, ByHost: No, Container: /Users/nonth/Library/Developer/CoreSimulator/Devices/B7E9BAD6-0C0D-41EE-BE0C-D49BF485382E/data, Contents Need Refresh: No) via CFPrefsSearchListSource<0x1059906c0> (Domain: com.edot.reactnavexample, Container: (null) Non-launch persona: 0)
2026-04-10 23:22:28.218 Db EdotReactNavExample[66438:1279302] [com.apple.defaults:User Defaults] looked up value (
    "en-TH",
    "th-TH"
) for key AppleLanguages in CFPrefsPlistSource<0x105991da0> (Domain: kCFPreferencesAnyApplication, User: kCFPreferencesCurrentUser, ByHost: No, Container: /Users/nonth/Library/Developer/CoreSimulator/Devices/B7E9BAD6-0C0D-41EE-BE0C-D49BF485382E/data, Contents Need Refresh: No) via CFPrefsSearchListSource<0x1059906c0> (Domain: com.edot.reactnavexample, Container: (null) Non-launch persona: 0)
2026-04-10 23:22:28.219 Db EdotReactNavExample[66438:127923c] [com.apple.defaults:User Defaults] found no value for key NSLanguageAwareLineSpacingAdjustmentsON in CFPrefsSearchListSource<0x1059906c0> (Domain: com.edot.reactnavexample, Container: (null) Non-launch persona: 0)
2026-04-10 23:22:28.219 Db EdotReactNavExample[66438:1279302] [com.apple.defaults:User Defaults] found no value for key NSPreTigerAttributedStringHash in CFPrefsSearchListSource<0x1059906c0> (Domain: com.edot.reactnavexample, Container: (null) Non-launch persona: 0)
2026-04-10 23:22:28.219 Db EdotReactNavExample[66438:1279302] [com.apple.defaults:User Defaults] found no value for key NSAlwaysFixAttributesLazily in CFPrefsSearchListSource<0x1059906c0> (Domain: com.edot.reactnavexample, Container: (null) Non-launch persona: 0)
2026-04-10 23:22:28.219 Db EdotReactNavExample[66438:127923c] [com.apple.defaults:User Defaults] found no value for key NSLanguageAwareAdjustmentRatio in CFPrefsSearchListSource<0x1059906c0> (Domain: com.edot.reactnavexample, Container: (null) Non-launch persona: 0)
2026-04-10 23:22:28.220 Db EdotReactNavExample[66438:1279302] [com.apple.defaults:User Defaults] found no value for key AppleLanguages in CFPrefsPlistSource<0x105991cb0> (Domain: kCFPreferencesAnyApplication, User: kCFPreferencesCurrentUser, ByHost: No, Container: (null), Contents Need Refresh: No)
2026-04-10 23:22:28.220 Db EdotReactNavExample[66438:1279302] [com.apple.defaults:User Defaults] found no value for key AppleLanguages in CFPrefsPlistSource<0x105991cb0> (Domain: kCFPreferencesAnyApplication, User: kCFPreferencesCurrentUser, ByHost: No, Container: (null), Contents Need Refresh: No)
2026-04-10 23:22:28.220 Db EdotReactNavExample[66438:127923c] [com.apple.defaults:User Defaults] found no value for key BarUseDynamicType in CFPrefsSearchListSource<0x10652fc80> (Domain: com.apple.UIKit, Container: (null) Non-launch persona: 0)
2026-04-10 23:22:28.220 Db EdotReactNavExample[66438:1279302] [com.apple.defaults:User Defaults] found no value for key NSGlyphGeneratorConcreteClassName in CFPrefsSearchListSource<0x1059906c0> (Domain: com.edot.reactnavexample, Container: (null) Non-launch persona: 0)
2026-04-10 23:22:28.220 Db EdotReactNavExample[66438:127923c] [com.apple.defaults:User Defaults] found no value for key CGAllowDebuggingDefaults in CFPrefsPlistSource<0x105991cb0> (Domain: kCFPreferencesAnyApplication, User: kCFPreferencesCurrentUser, ByHost: No, Container: (null), Contents Need Refresh: No)
2026-04-10 23:22:28.221 Db EdotReactNavExample[66438:127923c] [com.apple.defaults:User Defaults] found no value for key DetectTextLayoutIssues in CFPrefsSearchListSource<0x10652fc80> (Domain: com.apple.UIKit, Container: (null) Non-launch persona: 0)
2026-04-10 23:22:28.221 Db EdotReactNavExample[66438:1279302] [com.apple.defaults:User Defaults] found no value for key _NSRaiseWithRecursiveLayoutRequest in CFPrefsSearchListSource<0x1059906c0> (Domain: com.edot.reactnavexample, Container: (null) Non-launch persona: 0)
2026-04-10 23:22:28.221 Db EdotReactNavExample[66438:1279302] [com.apple.defaults:User Defaults] found no value for key _NSAllowsScreenFontKerning in CFPrefsSearchListSource<0x1059906c0> (Domain: com.edot.reactnavexample, Container: (null) Non-launch persona: 0)
2026-04-10 23:22:28.221 Db EdotReactNavExample[66438:1279302] [com.apple.defaults:User Defaults] found no value for key AppleSystemUIFontDefaultTrack in CFPrefsPlistSource<0x105991cb0> (Domain: kCFPreferencesAnyApplication, User: kCFPreferencesCurrentUser, ByHost: No, Container: (null), Contents Need Refresh: No)
2026-04-10 23:22:28.221 Db EdotReactNavExample[66438:1279302] [com.apple.defaults:User Defaults] looked up value (
    "en-TH",
    "th-TH"
) for key AppleLanguages in CFPrefsPlistSource<0x105991da0> (Domain: kCFPreferencesAnyApplication, User: kCFPreferencesCurrentUser, ByHost: No, Container: /Users/nonth/Library/Developer/CoreSimulator/Devices/B7E9BAD6-0C0D-41EE-BE0C-D49BF485382E/data, Contents Need Refresh: No) via CFPrefsSearchListSource<0x1059906c0> (Domain: com.edot.reactnavexample, Container: (null) Non-launch persona: 0)
2026-04-10 23:22:28.222 Db EdotReactNavExample[66438:127923c] [com.apple.defaults:User Defaults] found no value for key BarAppearanceVersion in CFPrefsSearchListSource<0x1059906c0> (Domain: com.edot.reactnavexample, Container: (null) Non-launch persona: 0)
2026-04-10 23:22:28.222 Db EdotReactNavExample[66438:127923c] [com.apple.defaults:User Defaults] found no value for key BarAppearanceVersion in CFPrefsSearchListSource<0x10652fc80> (Domain: com.apple.UIKit, Container: (null) Non-launch persona: 0)
2026-04-10 23:22:28.222 Db EdotReactNavExample[66438:127923c] [com.apple.defaults:User Defaults] found no value for key BarAppearanceVersionOverride in CFPrefsSearchListSource<0x10652fc80> (Domain: com.apple.UIKit, Container: (null) Non-launch persona: 0)
2026-04-10 23:22:28.224 Db EdotReactNavExample[66438:1279302] [com.apple.defaults:User Defaults] looked up value 1 for key RCTI18nUtil_makeRTLFlipLeftAndRightStyles in CFPrefsPlistSource<0x1059916f0> (Domain: com.edot.reactnavexample, User: kCFPreferencesCurrentUser, ByHost: No, Container: (null), Contents Need Refresh: No) via CFPrefsSearchListSource<0x1059906c0> (Domain: com.edot.reactnavexample, Container: (null) Non-launch persona: 0)
2026-04-10 23:22:28.224 Db EdotReactNavExample[66438:1279302] [com.apple.defaults:User Defaults] looked up value 1 for key NSUsesTextStylesForLineBreaks in CFPrefsSource<0x1064c8100> (Domain: Volatile, User: , ByHost: No, Container: , Contents Need Refresh: No) via CFPrefsSearchListSource<0x1059906c0> (Domain: com.edot.reactnavexample, Container: (null) Non-launch persona: 0)
2026-04-10 23:22:28.224 Db EdotReactNavExample[66438:1279302] [com.apple.defaults:User Defaults] looked up value 1 for key NSHyphenatesAsLastResort in CFPrefsSource<0x1064c8100> (Domain: Volatile, User: , ByHost: No, Container: , Contents Need Refresh: No) via CFPrefsSearchListSource<0x1059906c0> (Domain: com.edot.reactnavexample, Container: (null) Non-launch persona: 0)
2026-04-10 23:22:28.224 Db EdotReactNavExample[66438:1279302] [com.apple.defaults:User Defaults] looked up value (
    "en-TH",
    "th-TH"
) for key AppleLanguages in CFPrefsPlistSource<0x105991da0> (Domain: kCFPreferencesAnyApplication, User: kCFPreferencesCurrentUser, ByHost: No, Container: /Users/nonth/Library/Developer/CoreSimulator/Devices/B7E9BAD6-0C0D-41EE-BE0C-D49BF485382E/data, Contents Need Refresh: No) via CFPrefsSearchListSource<0x1059906c0> (Domain: com.edot.reactnavexample, Container: (null) Non-launch persona: 0)
2026-04-10 23:22:28.224 Db EdotReactNavExample[66438:1279302] [com.apple.defaults:User Defaults] found no value for key NSForceHangulWordBreakPriority in CFPrefsSearchListSource<0x1059906c0> (Domain: com.edot.reactnavexample, Container: (null) Non-launch persona: 0)
2026-04-10 23:22:28.224 Db EdotReactNavExample[66438:1279302] [com.apple.defaults:User Defaults] found no value for key AppleTextBreakLocale in CFPrefsSearchListSource<0x1059906c0> (Domain: com.edot.reactnavexample, Container: (null) Non-launch persona: 0)
2026-04-10 23:22:28.224 Db EdotReactNavExample[66438:127923c] [com.apple.defaults:User Defaults] found no value for key UIForceFluidParallaxEnabled in CFPrefsSearchListSource<0x10652fc80> (Domain: com.apple.UIKit, Container: (null) Non-launch persona: 0)
2026-04-10 23:22:28.224 Db EdotReactNavExample[66438:127923c] [com.apple.defaults:User Defaults] found no value for key UIForceFluidParallaxEnabled in CFPrefsSearchListSource<0x1059906c0> (Domain: com.edot.reactnavexample, Container: (null) Non-launch persona: 0)
2026-04-10 23:22:28.225 Db EdotReactNavExample[66438:127923c] [com.apple.CFBundle:strings] Bundle: CFBundle 0x1064de300 </Library/Developer/CoreSimulator/Volumes/iOS_23E244/Library/Developer/CoreSimulator/Profiles/Runtimes/iOS 26.4.simruntime/Contents/Resources/RuntimeRoot/System/Library/PrivateFrameworks/UIKitCore.framework> (not loaded), key: Search, value: Search, table: Localizable, localizationNames: (null), result: Search
2026-04-10 23:22:28.227 Db EdotReactNavExample[66438:127923c] [com.apple.defaults:User Defaults] found no value for key UIViewGlassLegibilitySetting in CFPrefsSearchListSource<0x10652fc80> (Domain: com.apple.UIKit, Container: (null) Non-launch persona: 0)
2026-04-10 23:22:28.228 Df EdotReactNavExample[66438:127923c] [PrototypeTools:domain] Not observing PTDefaults on customer install.
2026-04-10 23:22:28.229 Db EdotReactNavExample[66438:127923c] [com.apple.defaults:User Defaults] found no value for key UILayoutAnchorsDeferTrippingWantsAutolayoutFlagUntilUsed in CFPrefsSearchListSource<0x1059906c0> (Domain: com.edot.reactnavexample, Container: (null) Non-launch persona: 0)
2026-04-10 23:22:28.229 Db EdotReactNavExample[66438:127923c] [com.apple.defaults:User Defaults] found no value for key NSConstraintBasedLayoutAriadneTracepoints in CFPrefsSearchListSource<0x1059906c0> (Domain: com.edot.reactnavexample, Container: (null) Non-launch persona: 0)
2026-04-10 23:22:28.229 Db EdotReactNavExample[66438:127923c] [com.apple.defaults:User Defaults] found no value for key NSConstraintBasedLayoutTrackAllocation in CFPrefsSearchListSource<0x1059906c0> (Domain: com.edot.reactnavexample, Container: (null) Non-launch persona: 0)
2026-04-10 23:22:28.229 Db EdotReactNavExample[66438:127923c] [com.apple.defaults:User Defaults] found no value for key NSConstraintBasedLayoutDebug in CFPrefsSearchListSource<0x1059906c0> (Domain: com.edot.reactnavexample, Container: (null) Non-launch persona: 0)
2026-04-10 23:22:28.229 Db EdotReactNavExample[66438:127923c] [com.apple.defaults:User Defaults] found no value for key NSConstraintBasedLayoutAllowUnoptimizedReads in CFPrefsSearchListSource<0x1059906c0> (Domain: com.edot.reactnavexample, Container: (null) Non-launch persona: 0)
2026-04-10 23:22:28.232 Db EdotReactNavExample[66438:127923c] [com.apple.CFBundle:resources] Language lookup at CFBundle 0x1064de220 </Library/Developer/CoreSimulator/Volumes/iOS_23E244/Library/Developer/CoreSimulator/Profiles/Runtimes/iOS 26.4.simruntime/Contents/Resources/RuntimeRoot/System/Library/AccessibilityBundles/UIKit.axbundle> (framework, loaded)
	Localizations : [de, ur, he, en_AU, ar, el, ja, mr, en, uk, es_419, gu, zh_CN, kn, pa, es, sl, or, da, it, bg, sk, kk, pt_PT, ms, ta, ml, sv, te, cs, en_IN, ko, yue_CN, no, hu, zh_HK, tr, pl, zh_TW, es_US, en_GB, vi, lt, ru, fr_CA, fr, fi, id, nl, th, pt, bn, ro, hr, hi, ca]
	Dev language  : English
	User prefs    : [en-TH, th-TH]
	Main bundle   : [en]
	Allow mixed   : 0 
	Result        : [en]
2026-04-10 23:22:28.232 Db EdotReactNavExample[66438:127923c] [com.apple.CFBundle:resources] Resource lookup at CFBundle 0x1064de220 </Library/Developer/CoreSimulator/Volumes/iOS_23E244/Library/Developer/CoreSimulator/Profiles/Runtimes/iOS 26.4.simruntime/Contents/Resources/RuntimeRoot/System/Library/AccessibilityBundles/UIKit.axbundle> (framework, loaded)
	Request       : Accessibility type: loctable
	Result        : None
2026-04-10 23:22:28.232 Db EdotReactNavExample[66438:127923c] [com.apple.CFBundle:resources] Resource lookup at CFBundle 0x1064de220 </Library/Developer/CoreSimulator/Volumes/iOS_23E244/Library/Developer/CoreSimulator/Profiles/Runtimes/iOS 26.4.simruntime/Contents/Resources/RuntimeRoot/System/Library/AccessibilityBundles/UIKit.axbundle> (framework, loaded)
	Request       : Accessibility type: strings
	Result        : file:///Library/Developer/CoreSimulator/Volumes/iOS_23E244/Library/Developer/CoreSimulator/Profiles/Runtimes/iOS%2026.4.simruntime/Contents/Resources/RuntimeRoot/System/Library/AccessibilityBundles/UIKit.axbundle/en.lproj/Accessibility.strings
2026-04-10 23:22:28.232 Db EdotReactNavExample[66438:127923c] [com.apple.CFBundle:resources] Resource lookup at CFBundle 0x1064de220 </Library/Developer/CoreSimulator/Volumes/iOS_23E244/Library/Developer/CoreSimulator/Profiles/Runtimes/iOS 26.4.simruntime/Contents/Resources/RuntimeRoot/System/Library/AccessibilityBundles/UIKit.axbundle> (framework, loaded)
	Request       : Accessibility type: stringsdict
	Result        : file:///Library/Developer/CoreSimulator/Volumes/iOS_23E244/Library/Developer/CoreSimulator/Profiles/Runtimes/iOS%2026.4.simruntime/Contents/Resources/RuntimeRoot/System/Library/AccessibilityBundles/UIKit.axbundle/en.lproj/Accessibility.stringsdict
2026-04-10 23:22:28.232 I  EdotReactNavExample[66438:1279302] [com.facebook.react.log:native] Unrecognized font family 'monospace'
2026-04-10 23:22:28.234 Db EdotReactNavExample[66438:127923c] [com.apple.CFBundle:strings] Bundle: CFBundle 0x1064de220 </Library/Developer/CoreSimulator/Volumes/iOS_23E244/Library/Developer/CoreSimulator/Profiles/Runtimes/iOS 26.4.simruntime/Contents/Resources/RuntimeRoot/System/Library/AccessibilityBundles/UIKit.axbundle> (framework, loaded), key: toolbar.label, value: , table: Accessibility, localizationNames: (null), result: Toolbar
2026-04-10 23:22:28.235 Db EdotReactNavExample[66438:127923c] [com.apple.BackBoard:EventDelivery] no-op flush
2026-04-10 23:22:28.235 Db EdotReactNavExample[66438:127923c] [com.apple.defaults:User Defaults] found no value for key AssistiveTouchScannerEnabled in CFPrefsSearchListSource<0x10652c880> (Domain: com.apple.Accessibility, Container: (null) Non-launch persona: 0)
2026-04-10 23:22:28.235 Db EdotReactNavExample[66438:127923c] [com.apple.Accessibility:AXSupportCommon] CF Read: domain = com.apple.Accessibility, preference = AssistiveTouchScannerEnabled, appID = (null) result = (null) (-1 - empty, 0 - false, 1 - true)
2026-04-10 23:22:28.235 Db EdotReactNavExample[66438:127923c] [com.apple.defaults:User Defaults] found no value for key AssistiveTouchScannerEnabled in CFPrefsPlistSource<0x10652cb00> (Domain: com.apple.Accessibility, User: kCFPreferencesCurrentUser, ByHost: No, Container: /Users/nonth/Library/Developer/CoreSimulator/Devices/B7E9BAD6-0C0D-41EE-BE0C-D49BF485382E/data, Contents Need Refresh: No)
2026-04-10 23:22:28.236 I  EdotReactNavExample[66438:127923c] [com.apple.Accessibility:AXRuntimeNotifications] Attempting to send notification:  (1001) <private>
2026-04-10 23:22:28.236 I  EdotReactNavExample[66438:127923c] [com.apple.Accessibility:AXRuntimeNotifications] Attempting to send notification:  (1001) <private>
2026-04-10 23:22:28.238 Db EdotReactNavExample[66438:127923c] [com.apple.defaults:User Defaults] found no value for key NSConstraintBasedLayoutDebugEngineConsistency in CFPrefsSearchListSource<0x1059906c0> (Domain: com.edot.reactnavexample, Container: (null) Non-launch persona: 0)
2026-04-10 23:22:28.238 Db EdotReactNavExample[66438:127923c] [com.apple.defaults:User Defaults] found no value for key NSConstraintBasedLayoutVariableChangeTransactions in CFPrefsSearchListSource<0x1059906c0> (Domain: com.edot.reactnavexample, Container: (null) Non-launch persona: 0)
2026-04-10 23:22:28.238 Db EdotReactNavExample[66438:127923c] [com.apple.defaults:User Defaults] found no value for key NSConstraintBasedLayoutDeferOptimization in CFPrefsSearchListSource<0x1059906c0> (Domain: com.edot.reactnavexample, Container: (null) Non-launch persona: 0)
2026-04-10 23:22:28.238 Db EdotReactNavExample[66438:127923c] [com.apple.UIKit:KeyboardSceneDelegate] KeyboardTrackingCoordinator: TUIKeyboardTracker registered before coordinator is ready, will add later: <UICoreKeyboardTracking:0x10ac77720>
2026-04-10 23:22:28.239 Db EdotReactNavExample[66438:127923c] [com.apple.defaults:User Defaults] found no value for key NSConstraintBasedLayoutLogPivotCounts in CFPrefsSearchListSource<0x1059906c0> (Domain: com.edot.reactnavexample, Container: (null) Non-launch persona: 0)
2026-04-10 23:22:28.239 Db EdotReactNavExample[66438:127923c] [com.apple.defaults:User Defaults] found no value for key NSConstraintBasedLayoutTrackDirtyObservables in CFPrefsSearchListSource<0x1059906c0> (Domain: com.edot.reactnavexample, Container: (null) Non-launch persona: 0)
2026-04-10 23:22:28.239 Db EdotReactNavExample[66438:127923c] [com.apple.defaults:User Defaults] found no value for key ForceLargeTitlesOn in CFPrefsSearchListSource<0x10652fc80> (Domain: com.apple.UIKit, Container: (null) Non-launch persona: 0)
2026-04-10 23:22:28.241 Db EdotReactNavExample[66438:127923c] [com.apple.CFBundle:strings] Bundle: CFBundle 0x1064de300 </Library/Developer/CoreSimulator/Volumes/iOS_23E244/Library/Developer/CoreSimulator/Profiles/Runtimes/iOS 26.4.simruntime/Contents/Resources/RuntimeRoot/System/Library/PrivateFrameworks/UIKitCore.framework> (not loaded), key: CONTEXT_MENU_LOADING, value: Loading…, table: Localizable, localizationNames: (null), result: Loading…
2026-04-10 23:22:28.242 Db EdotReactNavExample[66438:127923c] [com.apple.defaults:User Defaults] found no value for key DisableLargeTitleReparenting in CFPrefsSearchListSource<0x10652fc80> (Domain: com.apple.UIKit, Container: (null) Non-launch persona: 0)
2026-04-10 23:22:28.243 Db EdotReactNavExample[66438:127923c] [com.apple.defaults:User Defaults] found no value for key UIBarsApplyChromelessEverywhere in CFPrefsSearchListSource<0x1059906c0> (Domain: com.edot.reactnavexample, Container: (null) Non-launch persona: 0)
2026-04-10 23:22:28.249 Db EdotReactNavExample[66438:127923c] [com.apple.defaults:User Defaults] CFPrefsManagedSource<0x1066b5700> (Domain: com.apple.SwiftUI, User: kCFPreferencesCurrentUser, ByHost: Yes, Container: (null), Contents Need Refresh: No) loaded: an empty base plist and no additional changes from the base plist
2026-04-10 23:22:28.249 Db EdotReactNavExample[66438:127923c] [com.apple.defaults:User Defaults] CFPrefsManagedSource<0x1066b5600> (Domain: com.apple.SwiftUI, User: kCFPreferencesAnyUser, ByHost: Yes, Container: (null), Contents Need Refresh: No) loaded: an empty base plist and no additional changes from the base plist
2026-04-10 23:22:28.249 Db EdotReactNavExample[66438:127923c] [com.apple.defaults:User Defaults] CFPrefsPlistSource<0x1066b5400> (Domain: com.apple.SwiftUI, User: kCFPreferencesCurrentUser, ByHost: No, Container: (null), Contents Need Refresh: No) loaded: an empty base plist and no additional changes from the base plist
2026-04-10 23:22:28.249 Db EdotReactNavExample[66438:127923c] [com.apple.defaults:User Defaults] CFPrefsPlistSource<0x1066b5100> (Domain: com.apple.SwiftUI, User: kCFPreferencesCurrentUser, ByHost: No, Container: /Users/nonth/Library/Developer/CoreSimulator/Devices/B7E9BAD6-0C0D-41EE-BE0C-D49BF485382E/data, Contents Need Refresh: No) loaded: an empty base plist and no additional changes from the base plist
2026-04-10 23:22:28.249 Db EdotReactNavExample[66438:127923c] [com.apple.defaults:User Defaults] CFPrefsPlistSource<0x1066b6800> (Domain: com.apple.SwiftUI, User: kCFPreferencesCurrentUser, ByHost: Yes, Container: (null), Contents Need Refresh: No) loaded: an empty base plist and no additional changes from the base plist
2026-04-10 23:22:28.249 Db EdotReactNavExample[66438:127923c] [com.apple.defaults:User Defaults] found no value for key GraphReuseOptions in CFPrefsSearchListSource<0x1066b5800> (Domain: com.apple.SwiftUI, Container: (null) Non-launch persona: 0)
2026-04-10 23:22:28.251 Db EdotReactNavExample[66438:127923c] [com.apple.defaults:User Defaults] found no value for key UnaryGlassContainerEnabled in CFPrefsSearchListSource<0x1066b5800> (Domain: com.apple.SwiftUI, Container: (null) Non-launch persona: 0)
2026-04-10 23:22:28.254 Db EdotReactNavExample[66438:127923c] [com.apple.defaults:User Defaults] found no value for key ReduceMotionReduceSlideTransitionsPreference in CFPrefsSearchListSource<0x10652c880> (Domain: com.apple.Accessibility, Container: (null) Non-launch persona: 0)
2026-04-10 23:22:28.254 Db EdotReactNavExample[66438:127923c] [com.apple.Accessibility:AXSupportCommon] CF Read: domain = com.apple.Accessibility, preference = ReduceMotionReduceSlideTransitionsPreference, appID = (null) result = (null) (-1 - empty, 0 - false, 1 - true)
2026-04-10 23:22:28.254 Db EdotReactNavExample[66438:127923c] [com.apple.defaults:User Defaults] found no value for key ReduceMotionReduceSlideTransitionsPreference in CFPrefsPlistSource<0x10652cb00> (Domain: com.apple.Accessibility, User: kCFPreferencesCurrentUser, ByHost: No, Container: /Users/nonth/Library/Developer/CoreSimulator/Devices/B7E9BAD6-0C0D-41EE-BE0C-D49BF485382E/data, Contents Need Refresh: No)
2026-04-10 23:22:28.257 Db EdotReactNavExample[66438:127923c] [com.apple.defaults:User Defaults] found no value for key PhoneticFeedbackEnabled in CFPrefsSearchListSource<0x10652c880> (Domain: com.apple.Accessibility, Container: (null) Non-launch persona: 0)
2026-04-10 23:22:28.257 Db EdotReactNavExample[66438:127923c] [com.apple.Accessibility:AXSupportCommon] CF Read: domain = com.apple.Accessibility, preference = PhoneticFeedbackEnabled, appID = (null) result = (null) (-1 - empty, 0 - false, 1 - true)
2026-04-10 23:22:28.257 Db EdotReactNavExample[66438:127923c] [com.apple.defaults:User Defaults] found no value for key PhoneticFeedbackEnabled in CFPrefsPlistSource<0x10652cb00> (Domain: com.apple.Accessibility, User: kCFPreferencesCurrentUser, ByHost: No, Container: /Users/nonth/Library/Developer/CoreSimulator/Devices/B7E9BAD6-0C0D-41EE-BE0C-D49BF485382E/data, Contents Need Refresh: No)
2026-04-10 23:22:28.257 Db EdotReactNavExample[66438:127923c] [com.apple.defaults:User Defaults] found no value for key LetterFeedbackEnabled in CFPrefsSearchListSource<0x10652c880> (Domain: com.apple.Accessibility, Container: (null) Non-launch persona: 0)
2026-04-10 23:22:28.257 Db EdotReactNavExample[66438:127923c] [com.apple.Accessibility:AXSupportCommon] CF Read: domain = com.apple.Accessibility, preference = LetterFeedbackEnabled, appID = (null) result = (null) (-1 - empty, 0 - false, 1 - true)
2026-04-10 23:22:28.257 Db EdotReactNavExample[66438:127923c] [com.apple.defaults:User Defaults] found no value for key LetterFeedbackEnabled in CFPrefsPlistSource<0x10652cb00> (Domain: com.apple.Accessibility, User: kCFPreferencesCurrentUser, ByHost: No, Container: /Users/nonth/Library/Developer/CoreSimulator/Devices/B7E9BAD6-0C0D-41EE-BE0C-D49BF485382E/data, Contents Need Refresh: No)
2026-04-10 23:22:28.257 Db EdotReactNavExample[66438:127923c] [com.apple.defaults:User Defaults] found no value for key PhoneticFeedbackEnabled in CFPrefsSearchListSource<0x10652c880> (Domain: com.apple.Accessibility, Container: (null) Non-launch persona: 0)
2026-04-10 23:22:28.257 Db EdotReactNavExample[66438:127923c] [com.apple.Accessibility:AXSupportCommon] CF Read: domain = com.apple.Accessibility, preference = PhoneticFeedbackEnabled, appID = (null) result = (null) (-1 - empty, 0 - false, 1 - true)
2026-04-10 23:22:28.257 Db EdotReactNavExample[66438:127923c] [com.apple.defaults:User Defaults] found no value for key PhoneticFeedbackEnabled in CFPrefsPlistSource<0x10652cb00> (Domain: com.apple.Accessibility, User: kCFPreferencesCurrentUser, ByHost: No, Container: /Users/nonth/Library/Developer/CoreSimulator/Devices/B7E9BAD6-0C0D-41EE-BE0C-D49BF485382E/data, Contents Need Refresh: No)
2026-04-10 23:22:28.257 Db EdotReactNavExample[66438:127923c] [com.apple.defaults:User Defaults] found no value for key LetterFeedbackEnabled in CFPrefsSearchListSource<0x10652c880> (Domain: com.apple.Accessibility, Container: (null) Non-launch persona: 0)
2026-04-10 23:22:28.257 Db EdotReactNavExample[66438:127923c] [com.apple.Accessibility:AXSupportCommon] CF Read: domain = com.apple.Accessibility, preference = LetterFeedbackEnabled, appID = (null) result = (null) (-1 - empty, 0 - false, 1 - true)
2026-04-10 23:22:28.257 Db EdotReactNavExample[66438:127923c] [com.apple.defaults:User Defaults] found no value for key LetterFeedbackEnabled in CFPrefsPlistSource<0x10652cb00> (Domain: com.apple.Accessibility, User: kCFPreferencesCurrentUser, ByHost: No, Container: /Users/nonth/Library/Developer/CoreSimulator/Devices/B7E9BAD6-0C0D-41EE-BE0C-D49BF485382E/data, Contents Need Refresh: No)
2026-04-10 23:22:28.257 Db EdotReactNavExample[66438:127923c] [com.apple.defaults:User Defaults] found no value for key QuickTypePredictionFeedbackEnabled in CFPrefsSearchListSource<0x10652c880> (Domain: com.apple.Accessibility, Container: (null) Non-launch persona: 0)
2026-04-10 23:22:28.257 Db EdotReactNavExample[66438:127923c] [com.apple.Accessibility:AXSupportCommon] CF Read: domain = com.apple.Accessibility, preference = QuickTypePredictionFeedbackEnabled, appID = (null) result = (null) (-1 - empty, 0 - false, 1 - true)
2026-04-10 23:22:28.257 Db EdotReactNavExample[66438:127923c] [com.apple.defaults:User Defaults] found no value for key QuickTypePredictionFeedbackEnabled in CFPrefsPlistSource<0x10652cb00> (Domain: com.apple.Accessibility, User: kCFPreferencesCurrentUser, ByHost: No, Container: /Users/nonth/Library/Developer/CoreSimulator/Devices/B7E9BAD6-0C0D-41EE-BE0C-D49BF485382E/data, Contents Need Refresh: No)
2026-04-10 23:22:28.257 Db EdotReactNavExample[66438:127923c] [com.apple.defaults:User Defaults] found no value for key WordFeedbackEnabled in CFPrefsSearchListSource<0x10652c880> (Domain: com.apple.Accessibility, Container: (null) Non-launch persona: 0)
2026-04-10 23:22:28.257 Db EdotReactNavExample[66438:127923c] [com.apple.Accessibility:AXSupportCommon] CF Read: domain = com.apple.Accessibility, preference = WordFeedbackEnabled, appID = (null) result = (null) (-1 - empty, 0 - false, 1 - true)
2026-04-10 23:22:28.257 Db EdotReactNavExample[66438:127923c] [com.apple.defaults:User Defaults] found no value for key WordFeedbackEnabled in CFPrefsPlistSource<0x10652cb00> (Domain: com.apple.Accessibility, User: kCFPreferencesCurrentUser, ByHost: No, Container: /Users/nonth/Library/Developer/CoreSimulator/Devices/B7E9BAD6-0C0D-41EE-BE0C-D49BF485382E/data, Contents Need Refresh: No)
2026-04-10 23:22:28.257 Db EdotReactNavExample[66438:127923c] [com.apple.defaults:User Defaults] found no value for key PhoneticFeedbackEnabled in CFPrefsSearchListSource<0x10652c880> (Domain: com.apple.Accessibility, Container: (null) Non-launch persona: 0)
2026-04-10 23:22:28.257 Db EdotReactNavExample[66438:127923c] [com.apple.Accessibility:AXSupportCommon] CF Read: domain = com.apple.Accessibility, preference = PhoneticFeedbackEnabled, appID = (null) result = (null) (-1 - empty, 0 - false, 1 - true)
2026-04-10 23:22:28.257 Db EdotReactNavExample[66438:127923c] [com.apple.defaults:User Defaults] found no value for key PhoneticFeedbackEnabled in CFPrefsPlistSource<0x10652cb00> (Domain: com.apple.Accessibility, User: kCFPreferencesCurrentUser, ByHost: No, Container: /Users/nonth/Library/Developer/CoreSimulator/Devices/B7E9BAD6-0C0D-41EE-BE0C-D49BF485382E/data, Contents Need Refresh: No)
2026-04-10 23:22:28.257 Db EdotReactNavExample[66438:127923c] [com.apple.defaults:User Defaults] found no value for key LetterFeedbackEnabled in CFPrefsSearchListSource<0x10652c880> (Domain: com.apple.Accessibility, Container: (null) Non-launch persona: 0)
2026-04-10 23:22:28.257 Db EdotReactNavExample[66438:127923c] [com.apple.Accessibility:AXSupportCommon] CF Read: domain = com.apple.Accessibility, preference = LetterFeedbackEnabled, appID = (null) result = (null) (-1 - empty, 0 - false, 1 - true)
2026-04-10 23:22:28.257 Db EdotReactNavExample[66438:127923c] [com.apple.defaults:User Defaults] found no value for key LetterFeedbackEnabled in CFPrefsPlistSource<0x10652cb00> (Domain: com.apple.Accessibility, User: kCFPreferencesCurrentUser, ByHost: No, Container: /Users/nonth/Library/Developer/CoreSimulator/Devices/B7E9BAD6-0C0D-41EE-BE0C-D49BF485382E/data, Contents Need Refresh: No)
2026-04-10 23:22:28.257 Db EdotReactNavExample[66438:127923c] [com.apple.defaults:User Defaults] found no value for key WordFeedbackEnabled in CFPrefsSearchListSource<0x10652c880> (Domain: com.apple.Accessibility, Container: (null) Non-launch persona: 0)
2026-04-10 23:22:28.257 Db EdotReactNavExample[66438:127923c] [com.apple.Accessibility:AXSupportCommon] CF Read: domain = com.apple.Accessibility, preference = WordFeedbackEnabled, appID = (null) result = (null) (-1 - empty, 0 - false, 1 - true)
2026-04-10 23:22:28.257 Db EdotReactNavExample[66438:127923c] [com.apple.defaults:User Defaults] found no value for key WordFeedbackEnabled in CFPrefsPlistSource<0x10652cb00> (Domain: com.apple.Accessibility, User: kCFPreferencesCurrentUser, ByHost: No, Container: /Users/nonth/Library/Developer/CoreSimulator/Devices/B7E9BAD6-0C0D-41EE-BE0C-D49BF485382E/data, Contents Need Refresh: No)
2026-04-10 23:22:28.257 Db EdotReactNavExample[66438:127923c] [com.apple.defaults:User Defaults] found no value for key QuickTypePredictionFeedbackEnabled in CFPrefsSearchListSource<0x10652c880> (Domain: com.apple.Accessibility, Container: (null) Non-launch persona: 0)
2026-04-10 23:22:28.257 Db EdotReactNavExample[66438:127923c] [com.apple.Accessibility:AXSupportCommon] CF Read: domain = com.apple.Accessibility, preference = QuickTypePredictionFeedbackEnabled, appID = (null) result = (null) (-1 - empty, 0 - false, 1 - true)
2026-04-10 23:22:28.257 Db EdotReactNavExample[66438:127923c] [com.apple.defaults:User Defaults] found no value for key QuickTypePredictionFeedbackEnabled in CFPrefsPlistSource<0x10652cb00> (Domain: com.apple.Accessibility, User: kCFPreferencesCurrentUser, ByHost: No, Container: /Users/nonth/Library/Developer/CoreSimulator/Devices/B7E9BAD6-0C0D-41EE-BE0C-D49BF485382E/data, Contents Need Refresh: No)
2026-04-10 23:22:28.257 Db EdotReactNavExample[66438:127923c] [com.apple.defaults:User Defaults] found no value for key SpeakCorrectionsEnabled in CFPrefsSearchListSource<0x1066b6180> (Domain: com.apple.Accessibility, Container: /Users/nonth/Library/Developer/CoreSimulator/Devices/B7E9BAD6-0C0D-41EE-BE0C-D49BF485382E/data Non-launch persona: 0)
2026-04-10 23:22:28.257 Db EdotReactNavExample[66438:127923c] [com.apple.defaults:User Defaults] found no value for key SpeakCorrectionsEnabled in CFPrefsSearchListSource<0x10652c880> (Domain: com.apple.Accessibility, Container: (null) Non-launch persona: 0)
2026-04-10 23:22:28.258 Db EdotReactNavExample[66438:127923c] [com.apple.defaults:User Defaults] found no value for key UIObservationTrackingLoggingEnabled in CFPrefsSearchListSource<0x1059906c0> (Domain: com.edot.reactnavexample, Container: (null) Non-launch persona: 0)
2026-04-10 23:22:28.264 Db EdotReactNavExample[66438:127923c] [com.apple.CFBundle:strings] Bundle: CFBundle 0x1064de300 </Library/Developer/CoreSimulator/Volumes/iOS_23E244/Library/Developer/CoreSimulator/Profiles/Runtimes/iOS 26.4.simruntime/Contents/Resources/RuntimeRoot/System/Library/PrivateFrameworks/UIKitCore.framework> (not loaded), key: Search, value: Search, table: Localizable, localizationNames: (null), result: Search
2026-04-10 23:22:28.264 Db EdotReactNavExample[66438:127923c] [com.apple.defaults:User Defaults] found no value for key UIViewControllerContainersShouldForwardContentScrollView in CFPrefsSearchListSource<0x1059906c0> (Domain: com.edot.reactnavexample, Container: (null) Non-launch persona: 0)
2026-04-10 23:22:28.265 Db EdotReactNavExample[66438:127923c] [com.apple.CFBundle:strings] Bundle: CFBundle 0x1064de220 </Library/Developer/CoreSimulator/Volumes/iOS_23E244/Library/Developer/CoreSimulator/Profiles/Runtimes/iOS 26.4.simruntime/Contents/Resources/RuntimeRoot/System/Library/AccessibilityBundles/UIKit.axbundle> (framework, loaded), key: toolbar.label, value: , table: Accessibility, localizationNames: (null), result: Toolbar
2026-04-10 23:22:28.265 Db EdotReactNavExample[66438:127923c] [com.apple.UIKit:KeyboardSceneDelegate] KeyboardTrackingCoordinator: TUIKeyboardTracker registered before coordinator is ready, will add later: <UICoreKeyboardTracking:0x10ae491a0>
2026-04-10 23:22:28.265 Db EdotReactNavExample[66438:127923c] [com.apple.CFBundle:strings] Bundle: CFBundle 0x1064de300 </Library/Developer/CoreSimulator/Volumes/iOS_23E244/Library/Developer/CoreSimulator/Profiles/Runtimes/iOS 26.4.simruntime/Contents/Resources/RuntimeRoot/System/Library/PrivateFrameworks/UIKitCore.framework> (not loaded), key: CONTEXT_MENU_LOADING, value: Loading…, table: Localizable, localizationNames: (null), result: Loading…
2026-04-10 23:22:28.266 Db EdotReactNavExample[66438:127923c] [com.apple.CFBundle:strings] Bundle: CFBundle 0x1064de220 </Library/Developer/CoreSimulator/Volumes/iOS_23E244/Library/Developer/CoreSimulator/Profiles/Runtimes/iOS 26.4.simruntime/Contents/Resources/RuntimeRoot/System/Library/AccessibilityBundles/UIKit.axbundle> (framework, loaded), key: more.button, value: , table: Accessibility, localizationNames: (null), result: More
2026-04-10 23:22:28.267 Db EdotReactNavExample[66438:127923c] [com.apple.UIKit:NavbarWidthResolver] Available width: 402.000000
2026-04-10 23:22:28.267 Db EdotReactNavExample[66438:127923c] [com.apple.defaults:User Defaults] found no value for key NavbarLayoutVisualizersEnabled in CFPrefsSearchListSource<0x10652fc80> (Domain: com.apple.UIKit, Container: (null) Non-launch persona: 0)
2026-04-10 23:22:28.272 Db EdotReactNavExample[66438:127923c] [com.apple.CFBundle:resources] Language lookup at CFBundle 0x109985880 </Library/Developer/CoreSimulator/Volumes/iOS_23E244/Library/Developer/CoreSimulator/Profiles/Runtimes/iOS 26.4.simruntime/Contents/Resources/RuntimeRoot/System/Library/PrivateFrameworks/SFSymbols.framework> (not loaded)
	Localizations : [de, ur, he, en_AU, ar, el, ja, mr, en, uk, es_419, gu, zh_CN, kn, pa, es, sl, or, pt_BR, da, it, bg, sk, kk, pt_PT, ms, ta, ml, sv, te, cs, en_IN, ko, no, hu, zh_HK, tr, pl, zh_TW, en_GB, vi, lt, ru, fr_CA, fr, fi, id, nl, th, bn, ro, hr, hi, ca]
	Dev language  : en
	User prefs    : [en-TH, th-TH]
	Main bundle   : [en]
	Allow mixed   : 0 
	Result        : [en]
2026-04-10 23:22:28.272 Db EdotReactNavExample[66438:127923c] [com.apple.CFBundle:resources] Resource lookup at CFBundle 0x109985880 </Library/Developer/CoreSimulator/Volumes/iOS_23E244/Library/Developer/CoreSimulator/Profiles/Runtimes/iOS 26.4.simruntime/Contents/Resources/RuntimeRoot/System/Library/PrivateFrameworks/SFSymbols.framework> (not loaded)
	Request       : CoreGlyphs type: bundle
	Result        : file:///Library/Developer/CoreSimulator/Volumes/iOS_23E244/Library/Developer/CoreSimulator/Profiles/Runtimes/iOS%2026.4.simruntime/Contents/Resources/RuntimeRoot/System/Library/PrivateFrameworks/SFSymbols.framework/CoreGlyphs.bundle/
2026-04-10 23:22:28.275 Db EdotReactNavExample[66438:127923c] [com.apple.CFBundle:resources] Language lookup at CFBundle 0x109985960 </Library/Developer/CoreSimulator/Volumes/iOS_23E244/Library/Developer/CoreSimulator/Profiles/Runtimes/iOS 26.4.simruntime/Contents/Resources/RuntimeRoot/System/Library/PrivateFrameworks/SFSymbols.framework/CoreGlyphs.bundle> (not loaded)
	Localizations : [ar, bg, bn, el, gu, he, hi, ja, kk, km, kn, ko, ml, mni, mr, my, or, pa, ru, sat, si, ta, te, th, uk, ur, zh-Hans, zh-Hant, en]
	Dev language  : en
	User prefs    : [en-TH, th-TH]
	Main bundle   : [en]
	Allow mixed   : 0 
	Result        : [en]
2026-04-10 23:22:28.275 Db EdotReactNavExample[66438:127923c] [com.apple.CFBundle:resources] Resource lookup at CFBundle 0x109985960 </Library/Developer/CoreSimulator/Volumes/iOS_23E244/Library/Developer/CoreSimulator/Profiles/Runtimes/iOS 26.4.simruntime/Contents/Resources/RuntimeRoot/System/Library/PrivateFrameworks/SFSymbols.framework/CoreGlyphs.bundle> (not loaded)
	Request       : Assets type: car
	Result        : file:///Library/Developer/CoreSimulator/Volumes/iOS_23E244/Library/Developer/CoreSimulator/Profiles/Runtimes/iOS%2026.4.simruntime/Contents/Resources/RuntimeRoot/System/Library/PrivateFrameworks/SFSymbols.framework/CoreGlyphs.bundle/Assets.car
2026-04-10 23:22:28.294 Db EdotReactNavExample[66438:127923c] [com.apple.defaults:User Defaults] found no value for key ButtonShapesEnabled in CFPrefsSearchListSource<0x10652c880> (Domain: com.apple.Accessibility, Container: (null) Non-launch persona: 0)
2026-04-10 23:22:28.294 Db EdotReactNavExample[66438:127923c] [com.apple.Accessibility:AXSupportCommon] CF Read: domain = com.apple.Accessibility, preference = ButtonShapesEnabled, appID = (null) result = (null) (-1 - empty, 0 - false, 1 - true)
2026-04-10 23:22:28.294 Db EdotReactNavExample[66438:127923c] [com.apple.defaults:User Defaults] found no value for key ButtonShapesEnabled in CFPrefsPlistSource<0x10652cb00> (Domain: com.apple.Accessibility, User: kCFPreferencesCurrentUser, ByHost: No, Container: /Users/nonth/Library/Developer/CoreSimulator/Devices/B7E9BAD6-0C0D-41EE-BE0C-D49BF485382E/data, Contents Need Refresh: No)
2026-04-10 23:22:28.295 Db EdotReactNavExample[66438:127923c] [com.apple.defaults:User Defaults] found no value for key LogUINavigationController in CFPrefsSearchListSource<0x10652fc80> (Domain: com.apple.UIKit, Container: (null) Non-launch persona: 0)
2026-04-10 23:22:28.295 I  EdotReactNavExample[66438:127923c] [com.apple.Accessibility:AXRuntimeNotifications] Attempting to send notification:  (1000) <private>
2026-04-10 23:22:28.300 Db EdotReactNavExample[66438:127923c] [com.apple.CFBundle:resources] Resource lookup at CFBundle 0x1064dd420 </Library/Developer/CoreSimulator/Volumes/iOS_23E244/Library/Developer/CoreSimulator/Profiles/Runtimes/iOS 26.4.simruntime/Contents/Resources/RuntimeRoot/System/Library/PrivateFrameworks/CoreMaterial.framework> (framework, loaded)
	Request       : platformContentThickLight type: descendantrecipe
	Result        : None
2026-04-10 23:22:28.300 Db EdotReactNavExample[66438:127923c] [com.apple.CFBundle:resources] Resource lookup at CFBundle 0x1064dd420 </Library/Developer/CoreSimulator/Volumes/iOS_23E244/Library/Developer/CoreSimulator/Profiles/Runtimes/iOS 26.4.simruntime/Contents/Resources/RuntimeRoot/System/Library/PrivateFrameworks/CoreMaterial.framework> (framework, loaded)
	Request       : platformContentThickLight type: materialrecipe
	Result        : file:///Library/Developer/CoreSimulator/Volumes/iOS_23E244/Library/Developer/CoreSimulator/Profiles/Runtimes/iOS%2026.4.simruntime/Contents/Resources/RuntimeRoot/System/Library/PrivateFrameworks/CoreMaterial.framework/platformContentThickLight.materialrecipe
2026-04-10 23:22:28.301 Db EdotReactNavExample[66438:127923c] [com.apple.CFBundle:resources] Resource lookup at CFBundle 0x1064dd420 </Library/Developer/CoreSimulator/Volumes/iOS_23E244/Library/Developer/CoreSimulator/Profiles/Runtimes/iOS 26.4.simruntime/Contents/Resources/RuntimeRoot/System/Library/PrivateFrameworks/CoreMaterial.framework> (framework, loaded)
	Request       : platformStrokeLight type: descendantstyleset
	Result        : None
2026-04-10 23:22:28.301 Db EdotReactNavExample[66438:127923c] [com.apple.CFBundle:resources] Resource lookup at CFBundle 0x1064dd420 </Library/Developer/CoreSimulator/Volumes/iOS_23E244/Library/Developer/CoreSimulator/Profiles/Runtimes/iOS 26.4.simruntime/Contents/Resources/RuntimeRoot/System/Library/PrivateFrameworks/CoreMaterial.framework> (framework, loaded)
	Request       : platformStrokeLight type: visualstyleset
	Result        : file:///Library/Developer/CoreSimulator/Volumes/iOS_23E244/Library/Developer/CoreSimulator/Profiles/Runtimes/iOS%2026.4.simruntime/Contents/Resources/RuntimeRoot/System/Library/PrivateFrameworks/CoreMaterial.framework/platformStrokeLight.visualstyleset
2026-04-10 23:22:28.303 Db EdotReactNavExample[66438:127923c] [com.apple.defaults:User Defaults] found no value for key NSStringDrawingDefaultRenderers in CFPrefsSearchListSource<0x1059906c0> (Domain: com.edot.reactnavexample, Container: (null) Non-launch persona: 0)
2026-04-10 23:22:28.303 Db EdotReactNavExample[66438:127923c] [com.apple.defaults:User Defaults] found no value for key _NSResolvesIndentationWritingDirectionWithBaseWritingDirection in CFPrefsSearchListSource<0x1059906c0> (Domain: com.edot.reactnavexample, Container: (null) Non-launch persona: 0)
2026-04-10 23:22:28.303 Db EdotReactNavExample[66438:127923c] [com.apple.defaults:User Defaults] found no value for key _NSCoreTypesetterForcesNonSimpleLayout in CFPrefsSearchListSource<0x1059906c0> (Domain: com.edot.reactnavexample, Container: (null) Non-launch persona: 0)
2026-04-10 23:22:28.303 Db EdotReactNavExample[66438:127923c] [com.apple.UIKit:NavbarWidthResolver] Available width: 370.000000
2026-04-10 23:22:28.304 Db EdotReactNavExample[66438:127923c] [com.apple.defaults:User Defaults] setting new value 0 for key RingerButtonShowsUI in CFPrefsSource<0x1064c8100> (Domain: Volatile, User: , ByHost: No, Container: , Contents Need Refresh: No)
2026-04-10 23:22:28.304 Db EdotReactNavExample[66438:127923c] [com.apple.defaults:User Defaults] setting new value 0 for key VolumeDownShowsUI in CFPrefsSource<0x1064c8100> (Domain: Volatile, User: , ByHost: No, Container: , Contents Need Refresh: No)
2026-04-10 23:22:28.304 Db EdotReactNavExample[66438:127923c] [com.apple.defaults:User Defaults] setting new value 0 for key MultiWindowEnabled in CFPrefsSource<0x1064c8100> (Domain: Volatile, User: , ByHost: No, Container: , Contents Need Refresh: No)
2026-04-10 23:22:28.304 Db EdotReactNavExample[66438:127923c] [com.apple.defaults:User Defaults] setting new value 0 for key RemotePrototypingEnabled in CFPrefsSource<0x1064c8100> (Domain: Volatile, User: , ByHost: No, Container: , Contents Need Refresh: No)
2026-04-10 23:22:28.304 Db EdotReactNavExample[66438:127923c] [com.apple.defaults:User Defaults] setting new value 0 for key TestRecipeEatsVolumeUp in CFPrefsSource<0x1064c8100> (Domain: Volatile, User: , ByHost: No, Container: , Contents Need Refresh: No)
2026-04-10 23:22:28.304 Db EdotReactNavExample[66438:127923c] [com.apple.defaults:User Defaults] setting new value 0 for key TestRecipeEatsRingerSwitch in CFPrefsSource<0x1064c8100> (Domain: Volatile, User: , ByHost: No, Container: , Contents Need Refresh: No)
2026-04-10 23:22:28.304 Db EdotReactNavExample[66438:127923c] [com.apple.defaults:User Defaults] setting new value 0 for key PrototypeSettingsEnabled in CFPrefsSource<0x1064c8100> (Domain: Volatile, User: , ByHost: No, Container: , Contents Need Refresh: No)
2026-04-10 23:22:28.304 Db EdotReactNavExample[66438:127923c] [com.apple.defaults:User Defaults] setting new value 0 for key TestRecipeEatsRingerButton in CFPrefsSource<0x1064c8100> (Domain: Volatile, User: , ByHost: No, Container: , Contents Need Refresh: No)
2026-04-10 23:22:28.304 Db EdotReactNavExample[66438:127923c] [com.apple.defaults:User Defaults] setting new value 0 for key ClearSettingsArchivesForMigration in CFPrefsSource<0x1064c8100> (Domain: Volatile, User: , ByHost: No, Container: , Contents Need Refresh: No)
2026-04-10 23:22:28.304 Db EdotReactNavExample[66438:127923c] [com.apple.defaults:User Defaults] setting new value 0 for key RingerSwitchShowsUI in CFPrefsSource<0x1064c8100> (Domain: Volatile, User: , ByHost: No, Container: , Contents Need Refresh: No)
2026-04-10 23:22:28.304 Db EdotReactNavExample[66438:127923c] [com.apple.defaults:User Defaults] setting new value 0 for key ActivePrototypingEnabled in CFPrefsSource<0x1064c8100> (Domain: Volatile, User: , ByHost: No, Container: , Contents Need Refresh: No)
2026-04-10 23:22:28.304 Db EdotReactNavExample[66438:127923c] [com.apple.defaults:User Defaults] setting new value 0 for key ClearPrototypeCachesForMigration in CFPrefsSource<0x1064c8100> (Domain: Volatile, User: , ByHost: No, Container: , Contents Need Refresh: No)
2026-04-10 23:22:28.304 Db EdotReactNavExample[66438:127923c] [com.apple.defaults:User Defaults] setting new value 1 for key VolumeUpShowsUI in CFPrefsSource<0x1064c8100> (Domain: Volatile, User: , ByHost: No, Container: , Contents Need Refresh: No)
2026-04-10 23:22:28.304 Db EdotReactNavExample[66438:127923c] [com.apple.defaults:User Defaults] setting new value 0 for key TestRecipeEatsVolumeDown in CFPrefsSource<0x1064c8100> (Domain: Volatile, User: , ByHost: No, Container: , Contents Need Refresh: No)
2026-04-10 23:22:28.305 Db EdotReactNavExample[66438:127923c] [com.apple.defaults:User Defaults] CFPrefsManagedSource<0x10ae69100> (Domain: com.apple.PrototypeTools, User: kCFPreferencesCurrentUser, ByHost: Yes, Container: (null), Contents Need Refresh: No) loaded: an empty base plist and no additional changes from the base plist
2026-04-10 23:22:28.305 Db EdotReactNavExample[66438:127923c] [com.apple.defaults:User Defaults] CFPrefsManagedSource<0x10ae69180> (Domain: com.apple.PrototypeTools, User: kCFPreferencesAnyUser, ByHost: Yes, Container: (null), Contents Need Refresh: No) loaded: an empty base plist and no additional changes from the base plist
2026-04-10 23:22:28.305 Db EdotReactNavExample[66438:127923c] [com.apple.defaults:User Defaults] CFPrefsPlistSource<0x10ae69200> (Domain: com.apple.PrototypeTools, User: kCFPreferencesCurrentUser, ByHost: No, Container: (null), Contents Need Refresh: No) loaded: an empty base plist and no additional changes from the base plist
2026-04-10 23:22:28.305 Db EdotReactNavExample[66438:127923c] [com.apple.defaults:User Defaults] CFPrefsPlistSource<0x10ae69300> (Domain: com.apple.PrototypeTools, User: kCFPreferencesCurrentUser, ByHost: No, Container: /Users/nonth/Library/Developer/CoreSimulator/Devices/B7E9BAD6-0C0D-41EE-BE0C-D49BF485382E/data, Contents Need Refresh: No) loaded: a new base plist and no additional changes from the base plist
2026-04-10 23:22:28.305 Db EdotReactNavExample[66438:127923c] [com.apple.defaults:User Defaults] CFPrefsPlistSource<0x10ae69380> (Domain: com.apple.PrototypeTools, User: kCFPreferencesCurrentUser, ByHost: Yes, Container: (null), Contents Need Refresh: No) loaded: an empty base plist and no additional changes from the base plist
2026-04-10 23:22:28.305 Db EdotReactNavExample[66438:127923c] [com.apple.defaults:User Defaults] looked up value 0 for key PrototypeSettingsEnabled in CFPrefsPlistSource<0x10ae69300> (Domain: com.apple.PrototypeTools, User: kCFPreferencesCurrentUser, ByHost: No, Container: /Users/nonth/Library/Developer/CoreSimulator/Devices/B7E9BAD6-0C0D-41EE-BE0C-D49BF485382E/data, Contents Need Refresh: No) via CFPrefsSearchListSource<0x10ae69080> (Domain: com.apple.PrototypeTools, Container: (null) Non-launch persona: 0)
2026-04-10 23:22:28.306 Db EdotReactNavExample[66438:127923c] [com.apple.defaults:User Defaults] looked up value 0 for key PrototypeSettingsEnabled in CFPrefsPlistSource<0x10ae69300> (Domain: com.apple.PrototypeTools, User: kCFPreferencesCurrentUser, ByHost: No, Container: /Users/nonth/Library/Developer/CoreSimulator/Devices/B7E9BAD6-0C0D-41EE-BE0C-D49BF485382E/data, Contents Need Refresh: No) via CFPrefsSearchListSource<0x10ae69080> (Domain: com.apple.PrototypeTools, Container: (null) Non-launch persona: 0)
2026-04-10 23:22:28.310 Db EdotReactNavExample[66438:127923c] [com.apple.UIKit:NavbarWidthResolver] Available width: 370.000000
2026-04-10 23:22:28.313 I  EdotReactNavExample[66438:127923c] [com.apple.Accessibility:AXRuntimeNotifications] Attempting to send notification:  (1000) <private>
2026-04-10 23:22:28.314 Db EdotReactNavExample[66438:127923c] [com.apple.defaults:User Defaults] found no value for key UIObservationTrackingFeedbackLoopThreshold in CFPrefsSearchListSource<0x1059906c0> (Domain: com.edot.reactnavexample, Container: (null) Non-launch persona: 0)
2026-04-10 23:22:28.315 Db EdotReactNavExample[66438:127923c] [com.apple.defaults:User Defaults] found no value for key UIScrollPocketDebug in CFPrefsSearchListSource<0x10652fc80> (Domain: com.apple.UIKit, Container: (null) Non-launch persona: 0)
2026-04-10 23:22:28.315 Db EdotReactNavExample[66438:127923c] [com.apple.defaults:User Defaults] found no value for key UIScrollPocketDebugMask in CFPrefsSearchListSource<0x10652fc80> (Domain: com.apple.UIKit, Container: (null) Non-launch persona: 0)
2026-04-10 23:22:28.315 Db EdotReactNavExample[66438:127923c] [com.apple.defaults:User Defaults] found no value for key MPBackgroundScale in CFPrefsSearchListSource<0x10652fc80> (Domain: com.apple.UIKit, Container: (null) Non-launch persona: 0)
2026-04-10 23:22:28.315 Db EdotReactNavExample[66438:127923c] [com.apple.defaults:User Defaults] found no value for key MPBackgroundEnabled in CFPrefsSearchListSource<0x10652fc80> (Domain: com.apple.UIKit, Container: (null) Non-launch persona: 0)
2026-04-10 23:22:28.315 Db EdotReactNavExample[66438:127923c] [com.apple.defaults:User Defaults] found no value for key MPEffectScale in CFPrefsSearchListSource<0x10652fc80> (Domain: com.apple.UIKit, Container: (null) Non-launch persona: 0)
2026-04-10 23:22:28.315 Db EdotReactNavExample[66438:127923c] [com.apple.defaults:User Defaults] found no value for key MPEffectSoftFilter in CFPrefsSearchListSource<0x10652fc80> (Domain: com.apple.UIKit, Container: (null) Non-launch persona: 0)
2026-04-10 23:22:28.315 Db EdotReactNavExample[66438:127923c] [com.apple.defaults:User Defaults] found no value for key MPEffectHardFilter in CFPrefsSearchListSource<0x10652fc80> (Domain: com.apple.UIKit, Container: (null) Non-launch persona: 0)
2026-04-10 23:22:28.315 Db EdotReactNavExample[66438:127923c] [com.apple.defaults:User Defaults] found no value for key MPDimmingTopAlpha in CFPrefsSearchListSource<0x10652fc80> (Domain: com.apple.UIKit, Container: (null) Non-launch persona: 0)
2026-04-10 23:22:28.315 Db EdotReactNavExample[66438:127923c] [com.apple.defaults:User Defaults] found no value for key MPDimmingBottomAlpha in CFPrefsSearchListSource<0x10652fc80> (Domain: com.apple.UIKit, Container: (null) Non-launch persona: 0)
2026-04-10 23:22:28.315 Db EdotReactNavExample[66438:127923c] [com.apple.defaults:User Defaults] found no value for key MPRasterizePortals in CFPrefsSearchListSource<0x10652fc80> (Domain: com.apple.UIKit, Container: (null) Non-launch persona: 0)
2026-04-10 23:22:28.315 Db EdotReactNavExample[66438:127923c] [com.apple.defaults:User Defaults] found no value for key MPPocketRasterScale in CFPrefsSearchListSource<0x10652fc80> (Domain: com.apple.UIKit, Container: (null) Non-launch persona: 0)
2026-04-10 23:22:28.315 Db EdotReactNavExample[66438:127923c] [com.apple.defaults:User Defaults] found no value for key AdaptiveGlassHysteresisLightRangeArray in CFPrefsSearchListSource<0x1066b5800> (Domain: com.apple.SwiftUI, Container: (null) Non-launch persona: 0)
2026-04-10 23:22:28.315 Db EdotReactNavExample[66438:127923c] [com.apple.defaults:User Defaults] found no value for key AdaptiveGlassHysteresisDarkRangeArray in CFPrefsSearchListSource<0x1066b5800> (Domain: com.apple.SwiftUI, Container: (null) Non-launch persona: 0)
2026-04-10 23:22:28.315 Db EdotReactNavExample[66438:127923c] [com.apple.defaults:User Defaults] found no value for key MPLumaTrackingAnimationDuration in CFPrefsSearchListSource<0x10652fc80> (Domain: com.apple.UIKit, Container: (null) Non-launch persona: 0)
2026-04-10 23:22:28.315 Db EdotReactNavExample[66438:127923c] [com.apple.defaults:User Defaults] found no value for key MPLumaTrackingEMAWeight in CFPrefsSearchListSource<0x10652fc80> (Domain: com.apple.UIKit, Container: (null) Non-launch persona: 0)
2026-04-10 23:22:28.315 Db EdotReactNavExample[66438:127923c] [com.apple.defaults:User Defaults] found no value for key MPLumaTrackingEMASettleDelay in CFPrefsSearchListSource<0x10652fc80> (Domain: com.apple.UIKit, Container: (null) Non-launch persona: 0)
2026-04-10 23:22:28.315 Db EdotReactNavExample[66438:127923c] [com.apple.defaults:User Defaults] found no value for key MPMinimumAnimationFPS in CFPrefsSearchListSource<0x10652fc80> (Domain: com.apple.UIKit, Container: (null) Non-launch persona: 0)
2026-04-10 23:22:28.318 Db EdotReactNavExample[66438:127923c] [com.apple.CFBundle:resources] Language lookup at CFBundle 0x109984a80 </Library/Developer/CoreSimulator/Volumes/iOS_23E244/Library/Developer/CoreSimulator/Profiles/Runtimes/iOS 26.4.simruntime/Contents/Resources/RuntimeRoot/System/Library/PrivateFrameworks/UIKitCore.framework/Artwork.bundle> (not loaded)
	Localizations : [en]
	Dev language  : en
	User prefs    : [en-TH, th-TH]
	Main bundle   : [en]
	Allow mixed   : 0 
	Result        : [en]
2026-04-10 23:22:28.318 Db EdotReactNavExample[66438:127923c] [com.apple.CFBundle:resources] Resource lookup at CFBundle 0x109984a80 </Library/Developer/CoreSimulator/Volumes/iOS_23E244/Library/Developer/CoreSimulator/Profiles/Runtimes/iOS 26.4.simruntime/Contents/Resources/RuntimeRoot/System/Library/PrivateFrameworks/UIKitCore.framework/Artwork.bundle> (not loaded)
	Request       : Assets type: car
	Result        : file:///Library/Developer/CoreSimulator/Volumes/iOS_23E244/Library/Developer/CoreSimulator/Profiles/Runtimes/iOS%2026.4.simruntime/Contents/Resources/RuntimeRoot/System/Library/PrivateFrameworks/UIKitCore.framework/Artwork.bundle/Assets.car
2026-04-10 23:22:28.319 Db EdotReactNavExample[66438:127923c] [com.apple.defaults:User Defaults] looked up value 1 for key RCTI18nUtil_makeRTLFlipLeftAndRightStyles in CFPrefsPlistSource<0x1059916f0> (Domain: com.edot.reactnavexample, User: kCFPreferencesCurrentUser, ByHost: No, Container: (null), Contents Need Refresh: No) via CFPrefsSearchListSource<0x1059906c0> (Domain: com.edot.reactnavexample, Container: (null) Non-launch persona: 0)
2026-04-10 23:22:28.319 Db EdotReactNavExample[66438:127923c] [com.apple.defaults:User Defaults] looked up value 1 for key RCTI18nUtil_makeRTLFlipLeftAndRightStyles in CFPrefsPlistSource<0x1059916f0> (Domain: com.edot.reactnavexample, User: kCFPreferencesCurrentUser, ByHost: No, Container: (null), Contents Need Refresh: No) via CFPrefsSearchListSource<0x1059906c0> (Domain: com.edot.reactnavexample, Container: (null) Non-launch persona: 0)
2026-04-10 23:22:28.319 Db EdotReactNavExample[66438:127923c] [com.apple.defaults:User Defaults] looked up value 1 for key RCTI18nUtil_makeRTLFlipLeftAndRightStyles in CFPrefsPlistSource<0x1059916f0> (Domain: com.edot.reactnavexample, User: kCFPreferencesCurrentUser, ByHost: No, Container: (null), Contents Need Refresh: No) via CFPrefsSearchListSource<0x1059906c0> (Domain: com.edot.reactnavexample, Container: (null) Non-launch persona: 0)
2026-04-10 23:22:28.319 Db EdotReactNavExample[66438:127923c] [com.apple.defaults:User Defaults] looked up value 1 for key RCTI18nUtil_makeRTLFlipLeftAndRightStyles in CFPrefsPlistSource<0x1059916f0> (Domain: com.edot.reactnavexample, User: kCFPreferencesCurrentUser, ByHost: No, Container: (null), Contents Need Refresh: No) via CFPrefsSearchListSource<0x1059906c0> (Domain: com.edot.reactnavexample, Container: (null) Non-launch persona: 0)
2026-04-10 23:22:28.319 Db EdotReactNavExample[66438:127923c] [com.apple.defaults:User Defaults] looked up value 1 for key RCTI18nUtil_makeRTLFlipLeftAndRightStyles in CFPrefsPlistSource<0x1059916f0> (Domain: com.edot.reactnavexample, User: kCFPreferencesCurrentUser, ByHost: No, Container: (null), Contents Need Refresh: No) via CFPrefsSearchListSource<0x1059906c0> (Domain: com.edot.reactnavexample, Container: (null) Non-launch persona: 0)
2026-04-10 23:22:28.319 Db EdotReactNavExample[66438:127923c] [com.apple.defaults:User Defaults] looked up value 1 for key RCTI18nUtil_makeRTLFlipLeftAndRightStyles in CFPrefsPlistSource<0x1059916f0> (Domain: com.edot.reactnavexample, User: kCFPreferencesCurrentUser, ByHost: No, Container: (null), Contents Need Refresh: No) via CFPrefsSearchListSource<0x1059906c0> (Domain: com.edot.reactnavexample, Container: (null) Non-launch persona: 0)
2026-04-10 23:22:28.319 Db EdotReactNavExample[66438:127923c] [com.apple.defaults:User Defaults] looked up value 1 for key RCTI18nUtil_makeRTLFlipLeftAndRightStyles in CFPrefsPlistSource<0x1059916f0> (Domain: com.edot.reactnavexample, User: kCFPreferencesCurrentUser, ByHost: No, Container: (null), Contents Need Refresh: No) via CFPrefsSearchListSource<0x1059906c0> (Domain: com.edot.reactnavexample, Container: (null) Non-launch persona: 0)
2026-04-10 23:22:28.320 Db EdotReactNavExample[66438:127923c] [com.apple.defaults:User Defaults] looked up value 1 for key RCTI18nUtil_makeRTLFlipLeftAndRightStyles in CFPrefsPlistSource<0x1059916f0> (Domain: com.edot.reactnavexample, User: kCFPreferencesCurrentUser, ByHost: No, Container: (null), Contents Need Refresh: No) via CFPrefsSearchListSource<0x1059906c0> (Domain: com.edot.reactnavexample, Container: (null) Non-launch persona: 0)
2026-04-10 23:22:28.320 Db EdotReactNavExample[66438:127923c] [com.apple.defaults:User Defaults] looked up value 1 for key RCTI18nUtil_makeRTLFlipLeftAndRightStyles in CFPrefsPlistSource<0x1059916f0> (Domain: com.edot.reactnavexample, User: kCFPreferencesCurrentUser, ByHost: No, Container: (null), Contents Need Refresh: No) via CFPrefsSearchListSource<0x1059906c0> (Domain: com.edot.reactnavexample, Container: (null) Non-launch persona: 0)
2026-04-10 23:22:28.320 Db EdotReactNavExample[66438:127923c] [com.apple.defaults:User Defaults] looked up value 1 for key RCTI18nUtil_makeRTLFlipLeftAndRightStyles in CFPrefsPlistSource<0x1059916f0> (Domain: com.edot.reactnavexample, User: kCFPreferencesCurrentUser, ByHost: No, Container: (null), Contents Need Refresh: No) via CFPrefsSearchListSource<0x1059906c0> (Domain: com.edot.reactnavexample, Container: (null) Non-launch persona: 0)
2026-04-10 23:22:28.320 Db EdotReactNavExample[66438:127923c] [com.apple.defaults:User Defaults] looked up value 1 for key RCTI18nUtil_makeRTLFlipLeftAndRightStyles in CFPrefsPlistSource<0x1059916f0> (Domain: com.edot.reactnavexample, User: kCFPreferencesCurrentUser, ByHost: No, Container: (null), Contents Need Refresh: No) via CFPrefsSearchListSource<0x1059906c0> (Domain: com.edot.reactnavexample, Container: (null) Non-launch persona: 0)
2026-04-10 23:22:28.320 Db EdotReactNavExample[66438:127923c] [com.apple.defaults:User Defaults] looked up value 1 for key RCTI18nUtil_makeRTLFlipLeftAndRightStyles in CFPrefsPlistSource<0x1059916f0> (Domain: com.edot.reactnavexample, User: kCFPreferencesCurrentUser, ByHost: No, Container: (null), Contents Need Refresh: No) via CFPrefsSearchListSource<0x1059906c0> (Domain: com.edot.reactnavexample, Container: (null) Non-launch persona: 0)
2026-04-10 23:22:28.328 Db EdotReactNavExample[66438:127923c] [com.apple.defaults:User Defaults] found no value for key CGImageMarkAllowTemplateMethodInteger in CFPrefsPlistSource<0x1059916f0> (Domain: com.edot.reactnavexample, User: kCFPreferencesCurrentUser, ByHost: No, Container: (null), Contents Need Refresh: No)
2026-04-10 23:22:28.328 Db EdotReactNavExample[66438:127923c] [com.apple.defaults:User Defaults] found no value for key CGImageMarkAllowTemplateMethodInteger in CFPrefsPlistSource<0x1059916f0> (Domain: com.edot.reactnavexample, User: kCFPreferencesCurrentUser, ByHost: No, Container: (null), Contents Need Refresh: No)
2026-04-10 23:22:28.329 Db EdotReactNavExample[66438:127923c] [com.apple.defaults:User Defaults] found no value for key CGImageMarkAllowTemplateMethodInteger in CFPrefsPlistSource<0x105991cb0> (Domain: kCFPreferencesAnyApplication, User: kCFPreferencesCurrentUser, ByHost: No, Container: (null), Contents Need Refresh: No)
2026-04-10 23:22:28.329 Db EdotReactNavExample[66438:127923c] [com.apple.defaults:User Defaults] found no value for key CGImageMarkAllowTemplateMethodInteger in CFPrefsPlistSource<0x105991cb0> (Domain: kCFPreferencesAnyApplication, User: kCFPreferencesCurrentUser, ByHost: No, Container: (null), Contents Need Refresh: No)
2026-04-10 23:22:28.329 Db EdotReactNavExample[66438:127923c] [com.apple.defaults:User Defaults] looked up value 1 for key RCTI18nUtil_makeRTLFlipLeftAndRightStyles in CFPrefsPlistSource<0x1059916f0> (Domain: com.edot.reactnavexample, User: kCFPreferencesCurrentUser, ByHost: No, Container: (null), Contents Need Refresh: No) via CFPrefsSearchListSource<0x1059906c0> (Domain: com.edot.reactnavexample, Container: (null) Non-launch persona: 0)
2026-04-10 23:22:28.329 Db EdotReactNavExample[66438:127923c] [com.apple.defaults:User Defaults] looked up value 1 for key RCTI18nUtil_makeRTLFlipLeftAndRightStyles in CFPrefsPlistSource<0x1059916f0> (Domain: com.edot.reactnavexample, User: kCFPreferencesCurrentUser, ByHost: No, Container: (null), Contents Need Refresh: No) via CFPrefsSearchListSource<0x1059906c0> (Domain: com.edot.reactnavexample, Container: (null) Non-launch persona: 0)
2026-04-10 23:22:28.329 Db EdotReactNavExample[66438:127923c] [com.apple.defaults:User Defaults] looked up value 1 for key RCTI18nUtil_makeRTLFlipLeftAndRightStyles in CFPrefsPlistSource<0x1059916f0> (Domain: com.edot.reactnavexample, User: kCFPreferencesCurrentUser, ByHost: No, Container: (null), Contents Need Refresh: No) via CFPrefsSearchListSource<0x1059906c0> (Domain: com.edot.reactnavexample, Container: (null) Non-launch persona: 0)
2026-04-10 23:22:28.329 Db EdotReactNavExample[66438:127923c] [com.apple.defaults:User Defaults] looked up value 1 for key RCTI18nUtil_makeRTLFlipLeftAndRightStyles in CFPrefsPlistSource<0x1059916f0> (Domain: com.edot.reactnavexample, User: kCFPreferencesCurrentUser, ByHost: No, Container: (null), Contents Need Refresh: No) via CFPrefsSearchListSource<0x1059906c0> (Domain: com.edot.reactnavexample, Container: (null) Non-launch persona: 0)
2026-04-10 23:22:28.329 Db EdotReactNavExample[66438:127923c] [com.apple.defaults:User Defaults] looked up value 1 for key RCTI18nUtil_makeRTLFlipLeftAndRightStyles in CFPrefsPlistSource<0x1059916f0> (Domain: com.edot.reactnavexample, User: kCFPreferencesCurrentUser, ByHost: No, Container: (null), Contents Need Refresh: No) via CFPrefsSearchListSource<0x1059906c0> (Domain: com.edot.reactnavexample, Container: (null) Non-launch persona: 0)
2026-04-10 23:22:28.329 Db EdotReactNavExample[66438:127923c] [com.apple.defaults:User Defaults] looked up value 1 for key RCTI18nUtil_makeRTLFlipLeftAndRightStyles in CFPrefsPlistSource<0x1059916f0> (Domain: com.edot.reactnavexample, User: kCFPreferencesCurrentUser, ByHost: No, Container: (null), Contents Need Refresh: No) via CFPrefsSearchListSource<0x1059906c0> (Domain: com.edot.reactnavexample, Container: (null) Non-launch persona: 0)
2026-04-10 23:22:28.329 Db EdotReactNavExample[66438:127923c] [com.apple.defaults:User Defaults] found no value for key NSDebugBidi in CFPrefsSearchListSource<0x1059906c0> (Domain: com.edot.reactnavexample, Container: (null) Non-launch persona: 0)
2026-04-10 23:22:28.329 Db EdotReactNavExample[66438:127923c] [com.apple.defaults:User Defaults] found no value for key NSCorrectionUnderlineBehavior in CFPrefsSearchListSource<0x1059906c0> (Domain: com.edot.reactnavexample, Container: (null) Non-launch persona: 0)
2026-04-10 23:22:28.334 Db EdotReactNavExample[66438:127923c] [com.apple.defaults:User Defaults] looked up value 1 for key RCTI18nUtil_makeRTLFlipLeftAndRightStyles in CFPrefsPlistSource<0x1059916f0> (Domain: com.edot.reactnavexample, User: kCFPreferencesCurrentUser, ByHost: No, Container: (null), Contents Need Refresh: No) via CFPrefsSearchListSource<0x1059906c0> (Domain: com.edot.reactnavexample, Container: (null) Non-launch persona: 0)
2026-04-10 23:22:28.334 Db EdotReactNavExample[66438:127923c] [com.apple.defaults:User Defaults] looked up value 1 for key RCTI18nUtil_makeRTLFlipLeftAndRightStyles in CFPrefsPlistSource<0x1059916f0> (Domain: com.edot.reactnavexample, User: kCFPreferencesCurrentUser, ByHost: No, Container: (null), Contents Need Refresh: No) via CFPrefsSearchListSource<0x1059906c0> (Domain: com.edot.reactnavexample, Container: (null) Non-launch persona: 0)
2026-04-10 23:22:28.334 Db EdotReactNavExample[66438:127923c] [com.apple.defaults:User Defaults] looked up value 1 for key RCTI18nUtil_makeRTLFlipLeftAndRightStyles in CFPrefsPlistSource<0x1059916f0> (Domain: com.edot.reactnavexample, User: kCFPreferencesCurrentUser, ByHost: No, Container: (null), Contents Need Refresh: No) via CFPrefsSearchListSource<0x1059906c0> (Domain: com.edot.reactnavexample, Container: (null) Non-launch persona: 0)
2026-04-10 23:22:28.334 Db EdotReactNavExample[66438:127923c] [com.apple.defaults:User Defaults] looked up value 1 for key RCTI18nUtil_makeRTLFlipLeftAndRightStyles in CFPrefsPlistSource<0x1059916f0> (Domain: com.edot.reactnavexample, User: kCFPreferencesCurrentUser, ByHost: No, Container: (null), Contents Need Refresh: No) via CFPrefsSearchListSource<0x1059906c0> (Domain: com.edot.reactnavexample, Container: (null) Non-launch persona: 0)
2026-04-10 23:22:28.334 Db EdotReactNavExample[66438:127923c] [com.apple.defaults:User Defaults] looked up value 1 for key RCTI18nUtil_makeRTLFlipLeftAndRightStyles in CFPrefsPlistSource<0x1059916f0> (Domain: com.edot.reactnavexample, User: kCFPreferencesCurrentUser, ByHost: No, Container: (null), Contents Need Refresh: No) via CFPrefsSearchListSource<0x1059906c0> (Domain: com.edot.reactnavexample, Container: (null) Non-launch persona: 0)
2026-04-10 23:22:28.334 Db EdotReactNavExample[66438:127923c] [com.apple.defaults:User Defaults] looked up value 1 for key RCTI18nUtil_makeRTLFlipLeftAndRightStyles in CFPrefsPlistSource<0x1059916f0> (Domain: com.edot.reactnavexample, User: kCFPreferencesCurrentUser, ByHost: No, Container: (null), Contents Need Refresh: No) via CFPrefsSearchListSource<0x1059906c0> (Domain: com.edot.reactnavexample, Container: (null) Non-launch persona: 0)
2026-04-10 23:22:28.334 Db EdotReactNavExample[66438:127923c] [com.apple.defaults:User Defaults] looked up value 1 for key RCTI18nUtil_makeRTLFlipLeftAndRightStyles in CFPrefsPlistSource<0x1059916f0> (Domain: com.edot.reactnavexample, User: kCFPreferencesCurrentUser, ByHost: No, Container: (null), Contents Need Refresh: No) via CFPrefsSearchListSource<0x1059906c0> (Domain: com.edot.reactnavexample, Container: (null) Non-launch persona: 0)
2026-04-10 23:22:28.334 Db EdotReactNavExample[66438:127923c] [com.apple.defaults:User Defaults] looked up value 1 for key RCTI18nUtil_makeRTLFlipLeftAndRightStyles in CFPrefsPlistSource<0x1059916f0> (Domain: com.edot.reactnavexample, User: kCFPreferencesCurrentUser, ByHost: No, Container: (null), Contents Need Refresh: No) via CFPrefsSearchListSource<0x1059906c0> (Domain: com.edot.reactnavexample, Container: (null) Non-launch persona: 0)
2026-04-10 23:22:28.334 Db EdotReactNavExample[66438:127923c] [com.apple.defaults:User Defaults] looked up value 1 for key RCTI18nUtil_makeRTLFlipLeftAndRightStyles in CFPrefsPlistSource<0x1059916f0> (Domain: com.edot.reactnavexample, User: kCFPreferencesCurrentUser, ByHost: No, Container: (null), Contents Need Refresh: No) via CFPrefsSearchListSource<0x1059906c0> (Domain: com.edot.reactnavexample, Container: (null) Non-launch persona: 0)
2026-04-10 23:22:28.334 Db EdotReactNavExample[66438:127923c] [com.apple.defaults:User Defaults] looked up value 1 for key RCTI18nUtil_makeRTLFlipLeftAndRightStyles in CFPrefsPlistSource<0x1059916f0> (Domain: com.edot.reactnavexample, User: kCFPreferencesCurrentUser, ByHost: No, Container: (null), Contents Need Refresh: No) via CFPrefsSearchListSource<0x1059906c0> (Domain: com.edot.reactnavexample, Container: (null) Non-launch persona: 0)
2026-04-10 23:22:28.334 Db EdotReactNavExample[66438:127923c] [com.apple.defaults:User Defaults] looked up value 1 for key RCTI18nUtil_makeRTLFlipLeftAndRightStyles in CFPrefsPlistSource<0x1059916f0> (Domain: com.edot.reactnavexample, User: kCFPreferencesCurrentUser, ByHost: No, Container: (null), Contents Need Refresh: No) via CFPrefsSearchListSource<0x1059906c0> (Domain: com.edot.reactnavexample, Container: (null) Non-launch persona: 0)
2026-04-10 23:22:28.334 Db EdotReactNavExample[66438:127923c] [com.apple.defaults:User Defaults] looked up value 1 for key RCTI18nUtil_makeRTLFlipLeftAndRightStyles in CFPrefsPlistSource<0x1059916f0> (Domain: com.edot.reactnavexample, User: kCFPreferencesCurrentUser, ByHost: No, Container: (null), Contents Need Refresh: No) via CFPrefsSearchListSource<0x1059906c0> (Domain: com.edot.reactnavexample, Container: (null) Non-launch persona: 0)
2026-04-10 23:22:28.335 Db EdotReactNavExample[66438:127923c] [com.apple.defaults:User Defaults] looked up value 1 for key RCTI18nUtil_makeRTLFlipLeftAndRightStyles in CFPrefsPlistSource<0x1059916f0> (Domain: com.edot.reactnavexample, User: kCFPreferencesCurrentUser, ByHost: No, Container: (null), Contents Need Refresh: No) via CFPrefsSearchListSource<0x1059906c0> (Domain: com.edot.reactnavexample, Container: (null) Non-launch persona: 0)
2026-04-10 23:22:28.335 Db EdotReactNavExample[66438:127923c] [com.apple.defaults:User Defaults] looked up value 1 for key RCTI18nUtil_makeRTLFlipLeftAndRightStyles in CFPrefsPlistSource<0x1059916f0> (Domain: com.edot.reactnavexample, User: kCFPreferencesCurrentUser, ByHost: No, Container: (null), Contents Need Refresh: No) via CFPrefsSearchListSource<0x1059906c0> (Domain: com.edot.reactnavexample, Container: (null) Non-launch persona: 0)
2026-04-10 23:22:28.335 Db EdotReactNavExample[66438:127923c] [com.apple.defaults:User Defaults] looked up value 1 for key RCTI18nUtil_makeRTLFlipLeftAndRightStyles in CFPrefsPlistSource<0x1059916f0> (Domain: com.edot.reactnavexample, User: kCFPreferencesCurrentUser, ByHost: No, Container: (null), Contents Need Refresh: No) via CFPrefsSearchListSource<0x1059906c0> (Domain: com.edot.reactnavexample, Container: (null) Non-launch persona: 0)
2026-04-10 23:22:28.335 Db EdotReactNavExample[66438:127923c] [com.apple.defaults:User Defaults] looked up value 1 for key RCTI18nUtil_makeRTLFlipLeftAndRightStyles in CFPrefsPlistSource<0x1059916f0> (Domain: com.edot.reactnavexample, User: kCFPreferencesCurrentUser, ByHost: No, Container: (null), Contents Need Refresh: No) via CFPrefsSearchListSource<0x1059906c0> (Domain: com.edot.reactnavexample, Container: (null) Non-launch persona: 0)
2026-04-10 23:22:28.335 Db EdotReactNavExample[66438:127923c] [com.apple.defaults:User Defaults] looked up value 1 for key RCTI18nUtil_makeRTLFlipLeftAndRightStyles in CFPrefsPlistSource<0x1059916f0> (Domain: com.edot.reactnavexample, User: kCFPreferencesCurrentUser, ByHost: No, Container: (null), Contents Need Refresh: No) via CFPrefsSearchListSource<0x1059906c0> (Domain: com.edot.reactnavexample, Container: (null) Non-launch persona: 0)
2026-04-10 23:22:28.335 Db EdotReactNavExample[66438:127923c] [com.apple.defaults:User Defaults] looked up value 1 for key RCTI18nUtil_makeRTLFlipLeftAndRightStyles in CFPrefsPlistSource<0x1059916f0> (Domain: com.edot.reactnavexample, User: kCFPreferencesCurrentUser, ByHost: No, Container: (null), Contents Need Refresh: No) via CFPrefsSearchListSource<0x1059906c0> (Domain: com.edot.reactnavexample, Container: (null) Non-launch persona: 0)
2026-04-10 23:22:28.335 Db EdotReactNavExample[66438:127923c] [com.apple.defaults:User Defaults] looked up value 1 for key RCTI18nUtil_makeRTLFlipLeftAndRightStyles in CFPrefsPlistSource<0x1059916f0> (Domain: com.edot.reactnavexample, User: kCFPreferencesCurrentUser, ByHost: No, Container: (null), Contents Need Refresh: No) via CFPrefsSearchListSource<0x1059906c0> (Domain: com.edot.reactnavexample, Container: (null) Non-launch persona: 0)
2026-04-10 23:22:28.335 Db EdotReactNavExample[66438:127923c] [com.apple.defaults:User Defaults] looked up value 1 for key RCTI18nUtil_makeRTLFlipLeftAndRightStyles in CFPrefsPlistSource<0x1059916f0> (Domain: com.edot.reactnavexample, User: kCFPreferencesCurrentUser, ByHost: No, Container: (null), Contents Need Refresh: No) via CFPrefsSearchListSource<0x1059906c0> (Domain: com.edot.reactnavexample, Container: (null) Non-launch persona: 0)
2026-04-10 23:22:28.335 Db EdotReactNavExample[66438:127923c] [com.apple.defaults:User Defaults] looked up value 1 for key RCTI18nUtil_makeRTLFlipLeftAndRightStyles in CFPrefsPlistSource<0x1059916f0> (Domain: com.edot.reactnavexample, User: kCFPreferencesCurrentUser, ByHost: No, Container: (null), Contents Need Refresh: No) via CFPrefsSearchListSource<0x1059906c0> (Domain: com.edot.reactnavexample, Container: (null) Non-launch persona: 0)
2026-04-10 23:22:28.335 Db EdotReactNavExample[66438:127923c] [com.apple.defaults:User Defaults] looked up value 1 for key RCTI18nUtil_makeRTLFlipLeftAndRightStyles in CFPrefsPlistSource<0x1059916f0> (Domain: com.edot.reactnavexample, User: kCFPreferencesCurrentUser, ByHost: No, Container: (null), Contents Need Refresh: No) via CFPrefsSearchListSource<0x1059906c0> (Domain: com.edot.reactnavexample, Container: (null) Non-launch persona: 0)
2026-04-10 23:22:28.335 Db EdotReactNavExample[66438:127923c] [com.apple.defaults:User Defaults] looked up value 1 for key RCTI18nUtil_makeRTLFlipLeftAndRightStyles in CFPrefsPlistSource<0x1059916f0> (Domain: com.edot.reactnavexample, User: kCFPreferencesCurrentUser, ByHost: No, Container: (null), Contents Need Refresh: No) via CFPrefsSearchListSource<0x1059906c0> (Domain: com.edot.reactnavexample, Container: (null) Non-launch persona: 0)
2026-04-10 23:22:28.335 Db EdotReactNavExample[66438:127923c] [com.apple.defaults:User Defaults] looked up value 1 for key RCTI18nUtil_makeRTLFlipLeftAndRightStyles in CFPrefsPlistSource<0x1059916f0> (Domain: com.edot.reactnavexample, User: kCFPreferencesCurrentUser, ByHost: No, Container: (null), Contents Need Refresh: No) via CFPrefsSearchListSource<0x1059906c0> (Domain: com.edot.reactnavexample, Container: (null) Non-launch persona: 0)
2026-04-10 23:22:28.335 Db EdotReactNavExample[66438:127923c] [com.apple.defaults:User Defaults] looked up value 1 for key RCTI18nUtil_makeRTLFlipLeftAndRightStyles in CFPrefsPlistSource<0x1059916f0> (Domain: com.edot.reactnavexample, User: kCFPreferencesCurrentUser, ByHost: No, Container: (null), Contents Need Refresh: No) via CFPrefsSearchListSource<0x1059906c0> (Domain: com.edot.reactnavexample, Container: (null) Non-launch persona: 0)
2026-04-10 23:22:28.335 Db EdotReactNavExample[66438:127923c] [com.apple.defaults:User Defaults] looked up value 1 for key RCTI18nUtil_makeRTLFlipLeftAndRightStyles in CFPrefsPlistSource<0x1059916f0> (Domain: com.edot.reactnavexample, User: kCFPreferencesCurrentUser, ByHost: No, Container: (null), Contents Need Refresh: No) via CFPrefsSearchListSource<0x1059906c0> (Domain: com.edot.reactnavexample, Container: (null) Non-launch persona: 0)
2026-04-10 23:22:28.335 Db EdotReactNavExample[66438:127923c] [com.apple.defaults:User Defaults] looked up value 1 for key RCTI18nUtil_makeRTLFlipLeftAndRightStyles in CFPrefsPlistSource<0x1059916f0> (Domain: com.edot.reactnavexample, User: kCFPreferencesCurrentUser, ByHost: No, Container: (null), Contents Need Refresh: No) via CFPrefsSearchListSource<0x1059906c0> (Domain: com.edot.reactnavexample, Container: (null) Non-launch persona: 0)
2026-04-10 23:22:28.335 Db EdotReactNavExample[66438:127923c] [com.apple.defaults:User Defaults] looked up value 1 for key RCTI18nUtil_makeRTLFlipLeftAndRightStyles in CFPrefsPlistSource<0x1059916f0> (Domain: com.edot.reactnavexample, User: kCFPreferencesCurrentUser, ByHost: No, Container: (null), Contents Need Refresh: No) via CFPrefsSearchListSource<0x1059906c0> (Domain: com.edot.reactnavexample, Container: (null) Non-launch persona: 0)
2026-04-10 23:22:28.335 Db EdotReactNavExample[66438:127923c] [com.apple.defaults:User Defaults] looked up value 1 for key RCTI18nUtil_makeRTLFlipLeftAndRightStyles in CFPrefsPlistSource<0x1059916f0> (Domain: com.edot.reactnavexample, User: kCFPreferencesCurrentUser, ByHost: No, Container: (null), Contents Need Refresh: No) via CFPrefsSearchListSource<0x1059906c0> (Domain: com.edot.reactnavexample, Container: (null) Non-launch persona: 0)
2026-04-10 23:22:28.335 Db EdotReactNavExample[66438:127923c] [com.apple.defaults:User Defaults] looked up value 1 for key RCTI18nUtil_makeRTLFlipLeftAndRightStyles in CFPrefsPlistSource<0x1059916f0> (Domain: com.edot.reactnavexample, User: kCFPreferencesCurrentUser, ByHost: No, Container: (null), Contents Need Refresh: No) via CFPrefsSearchListSource<0x1059906c0> (Domain: com.edot.reactnavexample, Container: (null) Non-launch persona: 0)
2026-04-10 23:22:28.335 Db EdotReactNavExample[66438:127923c] [com.apple.defaults:User Defaults] looked up value 1 for key RCTI18nUtil_makeRTLFlipLeftAndRightStyles in CFPrefsPlistSource<0x1059916f0> (Domain: com.edot.reactnavexample, User: kCFPreferencesCurrentUser, ByHost: No, Container: (null), Contents Need Refresh: No) via CFPrefsSearchListSource<0x1059906c0> (Domain: com.edot.reactnavexample, Container: (null) Non-launch persona: 0)
2026-04-10 23:22:28.335 Db EdotReactNavExample[66438:127923c] [com.apple.defaults:User Defaults] looked up value 1 for key RCTI18nUtil_makeRTLFlipLeftAndRightStyles in CFPrefsPlistSource<0x1059916f0> (Domain: com.edot.reactnavexample, User: kCFPreferencesCurrentUser, ByHost: No, Container: (null), Contents Need Refresh: No) via CFPrefsSearchListSource<0x1059906c0> (Domain: com.edot.reactnavexample, Container: (null) Non-launch persona: 0)
2026-04-10 23:22:28.335 Db EdotReactNavExample[66438:127923c] [com.apple.defaults:User Defaults] looked up value 1 for key RCTI18nUtil_makeRTLFlipLeftAndRightStyles in CFPrefsPlistSource<0x1059916f0> (Domain: com.edot.reactnavexample, User: kCFPreferencesCurrentUser, ByHost: No, Container: (null), Contents Need Refresh: No) via CFPrefsSearchListSource<0x1059906c0> (Domain: com.edot.reactnavexample, Container: (null) Non-launch persona: 0)
2026-04-10 23:22:28.335 Db EdotReactNavExample[66438:127923c] [com.apple.defaults:User Defaults] looked up value 1 for key RCTI18nUtil_makeRTLFlipLeftAndRightStyles in CFPrefsPlistSource<0x1059916f0> (Domain: com.edot.reactnavexample, User: kCFPreferencesCurrentUser, ByHost: No, Container: (null), Contents Need Refresh: No) via CFPrefsSearchListSource<0x1059906c0> (Domain: com.edot.reactnavexample, Container: (null) Non-launch persona: 0)
2026-04-10 23:22:28.335 Db EdotReactNavExample[66438:127923c] [com.apple.defaults:User Defaults] looked up value 1 for key RCTI18nUtil_makeRTLFlipLeftAndRightStyles in CFPrefsPlistSource<0x1059916f0> (Domain: com.edot.reactnavexample, User: kCFPreferencesCurrentUser, ByHost: No, Container: (null), Contents Need Refresh: No) via CFPrefsSearchListSource<0x1059906c0> (Domain: com.edot.reactnavexample, Container: (null) Non-launch persona: 0)
2026-04-10 23:22:28.335 Db EdotReactNavExample[66438:127923c] [com.apple.defaults:User Defaults] looked up value 1 for key RCTI18nUtil_makeRTLFlipLeftAndRightStyles in CFPrefsPlistSource<0x1059916f0> (Domain: com.edot.reactnavexample, User: kCFPreferencesCurrentUser, ByHost: No, Container: (null), Contents Need Refresh: No) via CFPrefsSearchListSource<0x1059906c0> (Domain: com.edot.reactnavexample, Container: (null) Non-launch persona: 0)
2026-04-10 23:22:28.335 Db EdotReactNavExample[66438:127923c] [com.apple.defaults:User Defaults] looked up value 1 for key RCTI18nUtil_makeRTLFlipLeftAndRightStyles in CFPrefsPlistSource<0x1059916f0> (Domain: com.edot.reactnavexample, User: kCFPreferencesCurrentUser, ByHost: No, Container: (null), Contents Need Refresh: No) via CFPrefsSearchListSource<0x1059906c0> (Domain: com.edot.reactnavexample, Container: (null) Non-launch persona: 0)
2026-04-10 23:22:28.335 Db EdotReactNavExample[66438:127923c] [com.apple.defaults:User Defaults] looked up value 1 for key RCTI18nUtil_makeRTLFlipLeftAndRightStyles in CFPrefsPlistSource<0x1059916f0> (Domain: com.edot.reactnavexample, User: kCFPreferencesCurrentUser, ByHost: No, Container: (null), Contents Need Refresh: No) via CFPrefsSearchListSource<0x1059906c0> (Domain: com.edot.reactnavexample, Container: (null) Non-launch persona: 0)
2026-04-10 23:22:28.335 Db EdotReactNavExample[66438:127923c] [com.apple.defaults:User Defaults] looked up value 1 for key RCTI18nUtil_makeRTLFlipLeftAndRightStyles in CFPrefsPlistSource<0x1059916f0> (Domain: com.edot.reactnavexample, User: kCFPreferencesCurrentUser, ByHost: No, Container: (null), Contents Need Refresh: No) via CFPrefsSearchListSource<0x1059906c0> (Domain: com.edot.reactnavexample, Container: (null) Non-launch persona: 0)
2026-04-10 23:22:28.335 Db EdotReactNavExample[66438:127923c] [com.apple.defaults:User Defaults] looked up value 1 for key RCTI18nUtil_makeRTLFlipLeftAndRightStyles in CFPrefsPlistSource<0x1059916f0> (Domain: com.edot.reactnavexample, User: kCFPreferencesCurrentUser, ByHost: No, Container: (null), Contents Need Refresh: No) via CFPrefsSearchListSource<0x1059906c0> (Domain: com.edot.reactnavexample, Container: (null) Non-launch persona: 0)
2026-04-10 23:22:28.335 Db EdotReactNavExample[66438:127923c] [com.apple.defaults:User Defaults] looked up value 1 for key RCTI18nUtil_makeRTLFlipLeftAndRightStyles in CFPrefsPlistSource<0x1059916f0> (Domain: com.edot.reactnavexample, User: kCFPreferencesCurrentUser, ByHost: No, Container: (null), Contents Need Refresh: No) via CFPrefsSearchListSource<0x1059906c0> (Domain: com.edot.reactnavexample, Container: (null) Non-launch persona: 0)
2026-04-10 23:22:28.335 Db EdotReactNavExample[66438:127923c] [com.apple.defaults:User Defaults] looked up value 1 for key RCTI18nUtil_makeRTLFlipLeftAndRightStyles in CFPrefsPlistSource<0x1059916f0> (Domain: com.edot.reactnavexample, User: kCFPreferencesCurrentUser, ByHost: No, Container: (null), Contents Need Refresh: No) via CFPrefsSearchListSource<0x1059906c0> (Domain: com.edot.reactnavexample, Container: (null) Non-launch persona: 0)
2026-04-10 23:22:28.335 Db EdotReactNavExample[66438:127923c] [com.apple.defaults:User Defaults] looked up value 1 for key RCTI18nUtil_makeRTLFlipLeftAndRightStyles in CFPrefsPlistSource<0x1059916f0> (Domain: com.edot.reactnavexample, User: kCFPreferencesCurrentUser, ByHost: No, Container: (null), Contents Need Refresh: No) via CFPrefsSearchListSource<0x1059906c0> (Domain: com.edot.reactnavexample, Container: (null) Non-launch persona: 0)
2026-04-10 23:22:28.335 Db EdotReactNavExample[66438:127923c] [com.apple.defaults:User Defaults] looked up value 1 for key RCTI18nUtil_makeRTLFlipLeftAndRightStyles in CFPrefsPlistSource<0x1059916f0> (Domain: com.edot.reactnavexample, User: kCFPreferencesCurrentUser, ByHost: No, Container: (null), Contents Need Refresh: No) via CFPrefsSearchListSource<0x1059906c0> (Domain: com.edot.reactnavexample, Container: (null) Non-launch persona: 0)
2026-04-10 23:22:28.335 Db EdotReactNavExample[66438:127923c] [com.apple.defaults:User Defaults] looked up value 1 for key RCTI18nUtil_makeRTLFlipLeftAndRightStyles in CFPrefsPlistSource<0x1059916f0> (Domain: com.edot.reactnavexample, User: kCFPreferencesCurrentUser, ByHost: No, Container: (null), Contents Need Refresh: No) via CFPrefsSearchListSource<0x1059906c0> (Domain: com.edot.reactnavexample, Container: (null) Non-launch persona: 0)
2026-04-10 23:22:28.335 Db EdotReactNavExample[66438:127923c] [com.apple.defaults:User Defaults] looked up value 1 for key RCTI18nUtil_makeRTLFlipLeftAndRightStyles in CFPrefsPlistSource<0x1059916f0> (Domain: com.edot.reactnavexample, User: kCFPreferencesCurrentUser, ByHost: No, Container: (null), Contents Need Refresh: No) via CFPrefsSearchListSource<0x1059906c0> (Domain: com.edot.reactnavexample, Container: (null) Non-launch persona: 0)
2026-04-10 23:22:28.335 Db EdotReactNavExample[66438:127923c] [com.apple.defaults:User Defaults] looked up value 1 for key RCTI18nUtil_makeRTLFlipLeftAndRightStyles in CFPrefsPlistSource<0x1059916f0> (Domain: com.edot.reactnavexample, User: kCFPreferencesCurrentUser, ByHost: No, Container: (null), Contents Need Refresh: No) via CFPrefsSearchListSource<0x1059906c0> (Domain: com.edot.reactnavexample, Container: (null) Non-launch persona: 0)
2026-04-10 23:22:28.335 Db EdotReactNavExample[66438:127923c] [com.apple.defaults:User Defaults] looked up value 1 for key RCTI18nUtil_makeRTLFlipLeftAndRightStyles in CFPrefsPlistSource<0x1059916f0> (Domain: com.edot.reactnavexample, User: kCFPreferencesCurrentUser, ByHost: No, Container: (null), Contents Need Refresh: No) via CFPrefsSearchListSource<0x1059906c0> (Domain: com.edot.reactnavexample, Container: (null) Non-launch persona: 0)
2026-04-10 23:22:28.335 Db EdotReactNavExample[66438:127923c] [com.apple.defaults:User Defaults] looked up value (
    "en-TH",
    "th-TH"
) for key AppleLanguages in CFPrefsPlistSource<0x105991da0> (Domain: kCFPreferencesAnyApplication, User: kCFPreferencesCurrentUser, ByHost: No, Container: /Users/nonth/Library/Developer/CoreSimulator/Devices/B7E9BAD6-0C0D-41EE-BE0C-D49BF485382E/data, Contents Need Refresh: No) via CFPrefsSearchListSource<0x1059906c0> (Domain: com.edot.reactnavexample, Container: (null) Non-launch persona: 0)
2026-04-10 23:22:28.335 Db EdotReactNavExample[66438:127923c] [com.apple.defaults:User Defaults] looked up value 1 for key RCTI18nUtil_makeRTLFlipLeftAndRightStyles in CFPrefsPlistSource<0x1059916f0> (Domain: com.edot.reactnavexample, User: kCFPreferencesCurrentUser, ByHost: No, Container: (null), Contents Need Refresh: No) via CFPrefsSearchListSource<0x1059906c0> (Domain: com.edot.reactnavexample, Container: (null) Non-launch persona: 0)
2026-04-10 23:22:28.335 Db EdotReactNavExample[66438:127923c] [com.apple.defaults:User Defaults] looked up value 1 for key RCTI18nUtil_makeRTLFlipLeftAndRightStyles in CFPrefsPlistSource<0x1059916f0> (Domain: com.edot.reactnavexample, User: kCFPreferencesCurrentUser, ByHost: No, Container: (null), Contents Need Refresh: No) via CFPrefsSearchListSource<0x1059906c0> (Domain: com.edot.reactnavexample, Container: (null) Non-launch persona: 0)
2026-04-10 23:22:28.335 Db EdotReactNavExample[66438:127923c] [com.apple.defaults:User Defaults] looked up value 1 for key RCTI18nUtil_makeRTLFlipLeftAndRightStyles in CFPrefsPlistSource<0x1059916f0> (Domain: com.edot.reactnavexample, User: kCFPreferencesCurrentUser, ByHost: No, Container: (null), Contents Need Refresh: No) via CFPrefsSearchListSource<0x1059906c0> (Domain: com.edot.reactnavexample, Container: (null) Non-launch persona: 0)
2026-04-10 23:22:28.335 Db EdotReactNavExample[66438:127923c] [com.apple.defaults:User Defaults] looked up value 1 for key RCTI18nUtil_makeRTLFlipLeftAndRightStyles in CFPrefsPlistSource<0x1059916f0> (Domain: com.edot.reactnavexample, User: kCFPreferencesCurrentUser, ByHost: No, Container: (null), Contents Need Refresh: No) via CFPrefsSearchListSource<0x1059906c0> (Domain: com.edot.reactnavexample, Container: (null) Non-launch persona: 0)
2026-04-10 23:22:28.335 Db EdotReactNavExample[66438:127923c] [com.apple.defaults:User Defaults] looked up value 1 for key RCTI18nUtil_makeRTLFlipLeftAndRightStyles in CFPrefsPlistSource<0x1059916f0> (Domain: com.edot.reactnavexample, User: kCFPreferencesCurrentUser, ByHost: No, Container: (null), Contents Need Refresh: No) via CFPrefsSearchListSource<0x1059906c0> (Domain: com.edot.reactnavexample, Container: (null) Non-launch persona: 0)
2026-04-10 23:22:28.335 Db EdotReactNavExample[66438:127923c] [com.apple.defaults:User Defaults] looked up value 1 for key RCTI18nUtil_makeRTLFlipLeftAndRightStyles in CFPrefsPlistSource<0x1059916f0> (Domain: com.edot.reactnavexample, User: kCFPreferencesCurrentUser, ByHost: No, Container: (null), Contents Need Refresh: No) via CFPrefsSearchListSource<0x1059906c0> (Domain: com.edot.reactnavexample, Container: (null) Non-launch persona: 0)
2026-04-10 23:22:28.335 Db EdotReactNavExample[66438:127923c] [com.apple.defaults:User Defaults] looked up value 1 for key RCTI18nUtil_makeRTLFlipLeftAndRightStyles in CFPrefsPlistSource<0x1059916f0> (Domain: com.edot.reactnavexample, User: kCFPreferencesCurrentUser, ByHost: No, Container: (null), Contents Need Refresh: No) via CFPrefsSearchListSource<0x1059906c0> (Domain: com.edot.reactnavexample, Container: (null) Non-launch persona: 0)
2026-04-10 23:22:28.335 Db EdotReactNavExample[66438:127923c] [com.apple.defaults:User Defaults] looked up value 1 for key RCTI18nUtil_makeRTLFlipLeftAndRightStyles in CFPrefsPlistSource<0x1059916f0> (Domain: com.edot.reactnavexample, User: kCFPreferencesCurrentUser, ByHost: No, Container: (null), Contents Need Refresh: No) via CFPrefsSearchListSource<0x1059906c0> (Domain: com.edot.reactnavexample, Container: (null) Non-launch persona: 0)
2026-04-10 23:22:28.335 Db EdotReactNavExample[66438:127923c] [com.apple.defaults:User Defaults] looked up value 1 for key RCTI18nUtil_makeRTLFlipLeftAndRightStyles in CFPrefsPlistSource<0x1059916f0> (Domain: com.edot.reactnavexample, User: kCFPreferencesCurrentUser, ByHost: No, Container: (null), Contents Need Refresh: No) via CFPrefsSearchListSource<0x1059906c0> (Domain: com.edot.reactnavexample, Container: (null) Non-launch persona: 0)
2026-04-10 23:22:28.335 Db EdotReactNavExample[66438:127923c] [com.apple.defaults:User Defaults] looked up value 1 for key RCTI18nUtil_makeRTLFlipLeftAndRightStyles in CFPrefsPlistSource<0x1059916f0> (Domain: com.edot.reactnavexample, User: kCFPreferencesCurrentUser, ByHost: No, Container: (null), Contents Need Refresh: No) via CFPrefsSearchListSource<0x1059906c0> (Domain: com.edot.reactnavexample, Container: (null) Non-launch persona: 0)
2026-04-10 23:22:28.335 Db EdotReactNavExample[66438:127923c] [com.apple.defaults:User Defaults] looked up value 1 for key RCTI18nUtil_makeRTLFlipLeftAndRightStyles in CFPrefsPlistSource<0x1059916f0> (Domain: com.edot.reactnavexample, User: kCFPreferencesCurrentUser, ByHost: No, Container: (null), Contents Need Refresh: No) via CFPrefsSearchListSource<0x1059906c0> (Domain: com.edot.reactnavexample, Container: (null) Non-launch persona: 0)
2026-04-10 23:22:28.335 Db EdotReactNavExample[66438:127923c] [com.apple.defaults:User Defaults] looked up value 1 for key RCTI18nUtil_makeRTLFlipLeftAndRightStyles in CFPrefsPlistSource<0x1059916f0> (Domain: com.edot.reactnavexample, User: kCFPreferencesCurrentUser, ByHost: No, Container: (null), Contents Need Refresh: No) via CFPrefsSearchListSource<0x1059906c0> (Domain: com.edot.reactnavexample, Container: (null) Non-launch persona: 0)
2026-04-10 23:22:28.335 Db EdotReactNavExample[66438:127923c] [com.apple.defaults:User Defaults] looked up value 1 for key RCTI18nUtil_makeRTLFlipLeftAndRightStyles in CFPrefsPlistSource<0x1059916f0> (Domain: com.edot.reactnavexample, User: kCFPreferencesCurrentUser, ByHost: No, Container: (null), Contents Need Refresh: No) via CFPrefsSearchListSource<0x1059906c0> (Domain: com.edot.reactnavexample, Container: (null) Non-launch persona: 0)
2026-04-10 23:22:28.335 Db EdotReactNavExample[66438:127923c] [com.apple.defaults:User Defaults] looked up value 1 for key RCTI18nUtil_makeRTLFlipLeftAndRightStyles in CFPrefsPlistSource<0x1059916f0> (Domain: com.edot.reactnavexample, User: kCFPreferencesCurrentUser, ByHost: No, Container: (null), Contents Need Refresh: No) via CFPrefsSearchListSource<0x1059906c0> (Domain: com.edot.reactnavexample, Container: (null) Non-launch persona: 0)
2026-04-10 23:22:28.335 Db EdotReactNavExample[66438:127923c] [com.apple.defaults:User Defaults] looked up value 1 for key RCTI18nUtil_makeRTLFlipLeftAndRightStyles in CFPrefsPlistSource<0x1059916f0> (Domain: com.edot.reactnavexample, User: kCFPreferencesCurrentUser, ByHost: No, Container: (null), Contents Need Refresh: No) via CFPrefsSearchListSource<0x1059906c0> (Domain: com.edot.reactnavexample, Container: (null) Non-launch persona: 0)
2026-04-10 23:22:28.335 Db EdotReactNavExample[66438:127923c] [com.apple.defaults:User Defaults] looked up value 1 for key RCTI18nUtil_makeRTLFlipLeftAndRightStyles in CFPrefsPlistSource<0x1059916f0> (Domain: com.edot.reactnavexample, User: kCFPreferencesCurrentUser, ByHost: No, Container: (null), Contents Need Refresh: No) via CFPrefsSearchListSource<0x1059906c0> (Domain: com.edot.reactnavexample, Container: (null) Non-launch persona: 0)
2026-04-10 23:22:28.335 Db EdotReactNavExample[66438:127923c] [com.apple.defaults:User Defaults] looked up value 1 for key RCTI18nUtil_makeRTLFlipLeftAndRightStyles in CFPrefsPlistSource<0x1059916f0> (Domain: com.edot.reactnavexample, User: kCFPreferencesCurrentUser, ByHost: No, Container: (null), Contents Need Refresh: No) via CFPrefsSearchListSource<0x1059906c0> (Domain: com.edot.reactnavexample, Container: (null) Non-launch persona: 0)
2026-04-10 23:22:28.335 Db EdotReactNavExample[66438:127923c] [com.apple.defaults:User Defaults] looked up value 1 for key RCTI18nUtil_makeRTLFlipLeftAndRightStyles in CFPrefsPlistSource<0x1059916f0> (Domain: com.edot.reactnavexample, User: kCFPreferencesCurrentUser, ByHost: No, Container: (null), Contents Need Refresh: No) via CFPrefsSearchListSource<0x1059906c0> (Domain: com.edot.reactnavexample, Container: (null) Non-launch persona: 0)
2026-04-10 23:22:28.335 Db EdotReactNavExample[66438:127923c] [com.apple.defaults:User Defaults] looked up value 1 for key RCTI18nUtil_makeRTLFlipLeftAndRightStyles in CFPrefsPlistSource<0x1059916f0> (Domain: com.edot.reactnavexample, User: kCFPreferencesCurrentUser, ByHost: No, Container: (null), Contents Need Refresh: No) via CFPrefsSearchListSource<0x1059906c0> (Domain: com.edot.reactnavexample, Container: (null) Non-launch persona: 0)
2026-04-10 23:22:28.335 Db EdotReactNavExample[66438:127923c] [com.apple.defaults:User Defaults] looked up value 1 for key RCTI18nUtil_makeRTLFlipLeftAndRightStyles in CFPrefsPlistSource<0x1059916f0> (Domain: com.edot.reactnavexample, User: kCFPreferencesCurrentUser, ByHost: No, Container: (null), Contents Need Refresh: No) via CFPrefsSearchListSource<0x1059906c0> (Domain: com.edot.reactnavexample, Container: (null) Non-launch persona: 0)
2026-04-10 23:22:28.336 Db EdotReactNavExample[66438:127923c] [com.apple.defaults:User Defaults] looked up value 1 for key RCTI18nUtil_makeRTLFlipLeftAndRightStyles in CFPrefsPlistSource<0x1059916f0> (Domain: com.edot.reactnavexample, User: kCFPreferencesCurrentUser, ByHost: No, Container: (null), Contents Need Refresh: No) via CFPrefsSearchListSource<0x1059906c0> (Domain: com.edot.reactnavexample, Container: (null) Non-launch persona: 0)
2026-04-10 23:22:28.336 Db EdotReactNavExample[66438:127923c] [com.apple.defaults:User Defaults] looked up value 1 for key RCTI18nUtil_makeRTLFlipLeftAndRightStyles in CFPrefsPlistSource<0x1059916f0> (Domain: com.edot.reactnavexample, User: kCFPreferencesCurrentUser, ByHost: No, Container: (null), Contents Need Refresh: No) via CFPrefsSearchListSource<0x1059906c0> (Domain: com.edot.reactnavexample, Container: (null) Non-launch persona: 0)
2026-04-10 23:22:28.336 Db EdotReactNavExample[66438:127923c] [com.apple.defaults:User Defaults] looked up value 1 for key RCTI18nUtil_makeRTLFlipLeftAndRightStyles in CFPrefsPlistSource<0x1059916f0> (Domain: com.edot.reactnavexample, User: kCFPreferencesCurrentUser, ByHost: No, Container: (null), Contents Need Refresh: No) via CFPrefsSearchListSource<0x1059906c0> (Domain: com.edot.reactnavexample, Container: (null) Non-launch persona: 0)
2026-04-10 23:22:28.336 Db EdotReactNavExample[66438:127923c] [com.apple.defaults:User Defaults] looked up value 1 for key RCTI18nUtil_makeRTLFlipLeftAndRightStyles in CFPrefsPlistSource<0x1059916f0> (Domain: com.edot.reactnavexample, User: kCFPreferencesCurrentUser, ByHost: No, Container: (null), Contents Need Refresh: No) via CFPrefsSearchListSource<0x1059906c0> (Domain: com.edot.reactnavexample, Container: (null) Non-launch persona: 0)
2026-04-10 23:22:28.336 Db EdotReactNavExample[66438:127923c] [com.apple.defaults:User Defaults] looked up value 1 for key RCTI18nUtil_makeRTLFlipLeftAndRightStyles in CFPrefsPlistSource<0x1059916f0> (Domain: com.edot.reactnavexample, User: kCFPreferencesCurrentUser, ByHost: No, Container: (null), Contents Need Refresh: No) via CFPrefsSearchListSource<0x1059906c0> (Domain: com.edot.reactnavexample, Container: (null) Non-launch persona: 0)
2026-04-10 23:22:28.336 Db EdotReactNavExample[66438:127923c] [com.apple.defaults:User Defaults] looked up value 1 for key RCTI18nUtil_makeRTLFlipLeftAndRightStyles in CFPrefsPlistSource<0x1059916f0> (Domain: com.edot.reactnavexample, User: kCFPreferencesCurrentUser, ByHost: No, Container: (null), Contents Need Refresh: No) via CFPrefsSearchListSource<0x1059906c0> (Domain: com.edot.reactnavexample, Container: (null) Non-launch persona: 0)
2026-04-10 23:22:28.336 Db EdotReactNavExample[66438:127923c] [com.apple.defaults:User Defaults] looked up value 1 for key RCTI18nUtil_makeRTLFlipLeftAndRightStyles in CFPrefsPlistSource<0x1059916f0> (Domain: com.edot.reactnavexample, User: kCFPreferencesCurrentUser, ByHost: No, Container: (null), Contents Need Refresh: No) via CFPrefsSearchListSource<0x1059906c0> (Domain: com.edot.reactnavexample, Container: (null) Non-launch persona: 0)
2026-04-10 23:22:28.336 Db EdotReactNavExample[66438:127923c] [com.apple.defaults:User Defaults] looked up value 1 for key RCTI18nUtil_makeRTLFlipLeftAndRightStyles in CFPrefsPlistSource<0x1059916f0> (Domain: com.edot.reactnavexample, User: kCFPreferencesCurrentUser, ByHost: No, Container: (null), Contents Need Refresh: No) via CFPrefsSearchListSource<0x1059906c0> (Domain: com.edot.reactnavexample, Container: (null) Non-launch persona: 0)
2026-04-10 23:22:28.336 Db EdotReactNavExample[66438:127923c] [com.apple.defaults:User Defaults] looked up value 1 for key RCTI18nUtil_makeRTLFlipLeftAndRightStyles in CFPrefsPlistSource<0x1059916f0> (Domain: com.edot.reactnavexample, User: kCFPreferencesCurrentUser, ByHost: No, Container: (null), Contents Need Refresh: No) via CFPrefsSearchListSource<0x1059906c0> (Domain: com.edot.reactnavexample, Container: (null) Non-launch persona: 0)
2026-04-10 23:22:28.336 Db EdotReactNavExample[66438:127923c] [com.apple.defaults:User Defaults] looked up value 1 for key RCTI18nUtil_makeRTLFlipLeftAndRightStyles in CFPrefsPlistSource<0x1059916f0> (Domain: com.edot.reactnavexample, User: kCFPreferencesCurrentUser, ByHost: No, Container: (null), Contents Need Refresh: No) via CFPrefsSearchListSource<0x1059906c0> (Domain: com.edot.reactnavexample, Container: (null) Non-launch persona: 0)
2026-04-10 23:22:28.336 Db EdotReactNavExample[66438:127923c] [com.apple.defaults:User Defaults] looked up value 1 for key RCTI18nUtil_makeRTLFlipLeftAndRightStyles in CFPrefsPlistSource<0x1059916f0> (Domain: com.edot.reactnavexample, User: kCFPreferencesCurrentUser, ByHost: No, Container: (null), Contents Need Refresh: No) via CFPrefsSearchListSource<0x1059906c0> (Domain: com.edot.reactnavexample, Container: (null) Non-launch persona: 0)
2026-04-10 23:22:28.336 Db EdotReactNavExample[66438:127923c] [com.apple.defaults:User Defaults] looked up value 1 for key RCTI18nUtil_makeRTLFlipLeftAndRightStyles in CFPrefsPlistSource<0x1059916f0> (Domain: com.edot.reactnavexample, User: kCFPreferencesCurrentUser, ByHost: No, Container: (null), Contents Need Refresh: No) via CFPrefsSearchListSource<0x1059906c0> (Domain: com.edot.reactnavexample, Container: (null) Non-launch persona: 0)
2026-04-10 23:22:28.336 Db EdotReactNavExample[66438:127923c] [com.apple.defaults:User Defaults] looked up value 1 for key RCTI18nUtil_makeRTLFlipLeftAndRightStyles in CFPrefsPlistSource<0x1059916f0> (Domain: com.edot.reactnavexample, User: kCFPreferencesCurrentUser, ByHost: No, Container: (null), Contents Need Refresh: No) via CFPrefsSearchListSource<0x1059906c0> (Domain: com.edot.reactnavexample, Container: (null) Non-launch persona: 0)
2026-04-10 23:22:28.336 Db EdotReactNavExample[66438:127923c] [com.apple.defaults:User Defaults] looked up value 1 for key RCTI18nUtil_makeRTLFlipLeftAndRightStyles in CFPrefsPlistSource<0x1059916f0> (Domain: com.edot.reactnavexample, User: kCFPreferencesCurrentUser, ByHost: No, Container: (null), Contents Need Refresh: No) via CFPrefsSearchListSource<0x1059906c0> (Domain: com.edot.reactnavexample, Container: (null) Non-launch persona: 0)
2026-04-10 23:22:28.336 Db EdotReactNavExample[66438:127923c] [com.apple.defaults:User Defaults] looked up value 1 for key RCTI18nUtil_makeRTLFlipLeftAndRightStyles in CFPrefsPlistSource<0x1059916f0> (Domain: com.edot.reactnavexample, User: kCFPreferencesCurrentUser, ByHost: No, Container: (null), Contents Need Refresh: No) via CFPrefsSearchListSource<0x1059906c0> (Domain: com.edot.reactnavexample, Container: (null) Non-launch persona: 0)
2026-04-10 23:22:28.336 Db EdotReactNavExample[66438:127923c] [com.apple.defaults:User Defaults] looked up value 1 for key RCTI18nUtil_makeRTLFlipLeftAndRightStyles in CFPrefsPlistSource<0x1059916f0> (Domain: com.edot.reactnavexample, User: kCFPreferencesCurrentUser, ByHost: No, Container: (null), Contents Need Refresh: No) via CFPrefsSearchListSource<0x1059906c0> (Domain: com.edot.reactnavexample, Container: (null) Non-launch persona: 0)
2026-04-10 23:22:28.336 Db EdotReactNavExample[66438:127923c] [com.apple.defaults:User Defaults] looked up value 1 for key RCTI18nUtil_makeRTLFlipLeftAndRightStyles in CFPrefsPlistSource<0x1059916f0> (Domain: com.edot.reactnavexample, User: kCFPreferencesCurrentUser, ByHost: No, Container: (null), Contents Need Refresh: No) via CFPrefsSearchListSource<0x1059906c0> (Domain: com.edot.reactnavexample, Container: (null) Non-launch persona: 0)
2026-04-10 23:22:28.336 Db EdotReactNavExample[66438:127923c] [com.apple.defaults:User Defaults] looked up value 1 for key RCTI18nUtil_makeRTLFlipLeftAndRightStyles in CFPrefsPlistSource<0x1059916f0> (Domain: com.edot.reactnavexample, User: kCFPreferencesCurrentUser, ByHost: No, Container: (null), Contents Need Refresh: No) via CFPrefsSearchListSource<0x1059906c0> (Domain: com.edot.reactnavexample, Container: (null) Non-launch persona: 0)
2026-04-10 23:22:28.336 Db EdotReactNavExample[66438:127923c] [com.apple.defaults:User Defaults] looked up value 1 for key RCTI18nUtil_makeRTLFlipLeftAndRightStyles in CFPrefsPlistSource<0x1059916f0> (Domain: com.edot.reactnavexample, User: kCFPreferencesCurrentUser, ByHost: No, Container: (null), Contents Need Refresh: No) via CFPrefsSearchListSource<0x1059906c0> (Domain: com.edot.reactnavexample, Container: (null) Non-launch persona: 0)
2026-04-10 23:22:28.336 Db EdotReactNavExample[66438:127923c] [com.apple.defaults:User Defaults] looked up value 1 for key RCTI18nUtil_makeRTLFlipLeftAndRightStyles in CFPrefsPlistSource<0x1059916f0> (Domain: com.edot.reactnavexample, User: kCFPreferencesCurrentUser, ByHost: No, Container: (null), Contents Need Refresh: No) via CFPrefsSearchListSource<0x1059906c0> (Domain: com.edot.reactnavexample, Container: (null) Non-launch persona: 0)
2026-04-10 23:22:28.336 Db EdotReactNavExample[66438:127923c] [com.apple.defaults:User Defaults] looked up value 1 for key RCTI18nUtil_makeRTLFlipLeftAndRightStyles in CFPrefsPlistSource<0x1059916f0> (Domain: com.edot.reactnavexample, User: kCFPreferencesCurrentUser, ByHost: No, Container: (null), Contents Need Refresh: No) via CFPrefsSearchListSource<0x1059906c0> (Domain: com.edot.reactnavexample, Container: (null) Non-launch persona: 0)
2026-04-10 23:22:28.336 Db EdotReactNavExample[66438:127923c] [com.apple.defaults:User Defaults] looked up value 1 for key RCTI18nUtil_makeRTLFlipLeftAndRightStyles in CFPrefsPlistSource<0x1059916f0> (Domain: com.edot.reactnavexample, User: kCFPreferencesCurrentUser, ByHost: No, Container: (null), Contents Need Refresh: No) via CFPrefsSearchListSource<0x1059906c0> (Domain: com.edot.reactnavexample, Container: (null) Non-launch persona: 0)
2026-04-10 23:22:28.339 Db EdotReactNavExample[66438:127923c] [com.apple.BackBoard:EventDelivery] flushing changes: {
    contentsMask: 0x8; keyCommandsRegistrations: [environment: keyboardFocus; token: 0x43573745; keyCommands: 35];
}
2026-04-10 23:22:28.339 Db EdotReactNavExample[66438:127923c] [com.apple.defaults:User Defaults] found no value for key LogUpdateCycle.Stalls in CFPrefsSearchListSource<0x10652fc80> (Domain: com.apple.UIKit, Container: (null) Non-launch persona: 0)
2026-04-10 23:22:28.340 Db EdotReactNavExample[66438:127923c] [com.apple.defaults:User Defaults] found no value for key SerializationStyle in CFPrefsSearchListSource<0x10652c880> (Domain: com.apple.Accessibility, Container: (null) Non-launch persona: 0)
2026-04-10 23:22:28.340 Db EdotReactNavExample[66438:127923c] [com.apple.BackBoard:Display] [FBSDisplaySource 1-1] raw config updated to <FBSDisplayConfiguration: 0x106549200; Main; mode: "402x874@3x 60Hz p3 SDR"> {
    CADisplay.name = LCD;
    CADisplay.deviceName = PurpleMain;
    CADisplay.seed = 2;
    tags = 0;
    currentMode = <FBSDisplayMode: 0x10ae84780; 402x874@3x (1206x2622/3) 60Hz p3 SDR>;
    overscanCompensation = n/a;
    safeOverscanRatio = {0.89999997615814209, 0.89999997615814209};
    pixelSize = {1206, 2622};
    bounds = {{0, 0}, {402, 874}};
    renderingCenter = {603, 1311};
    immutableCADisplay = 0x1065da380;
    CADisplay = 0x1065d8630;
}
2026-04-10 23:22:28.340 Df EdotReactNavExample[66438:127923c] [com.apple.BackBoard:Display] [FBSDisplaySource 1-1] silently connecting raw configuration: <FBSDisplayConfiguration: 0x106549200; Main; mode: "402x874@3x 60Hz p3 SDR">
2026-04-10 23:22:28.340 Db EdotReactNavExample[66438:127923c] [com.apple.BackBoard:Display] [FBSDisplaySource 2-2] raw config updated to (null)
2026-04-10 23:22:28.340 I  EdotReactNavExample[66438:127923c] [com.apple.Accessibility:AXRuntimeNotifications] Did post notification. notification:  (1001) error:0 data:<private>
2026-04-10 23:22:28.341 I  EdotReactNavExample[66438:127923c] [com.apple.Accessibility:AXRuntimeNotifications] Attempting to send notification:  (1001) <private>
2026-04-10 23:22:28.341 I  EdotReactNavExample[66438:127923c] [com.apple.Accessibility:AXRuntimeNotifications] Did post notification. notification:  (1000) error:0 data:<private>
2026-04-10 23:22:28.341 I  EdotReactNavExample[66438:127923c] [com.apple.Accessibility:AXRuntimeNotifications] Did post notification. notification:  (1000) error:0 data:<private>
2026-04-10 23:22:28.343 Db EdotReactNavExample[66438:127923c] [com.apple.defaults:User Defaults] looked up value 1 for key RCTI18nUtil_makeRTLFlipLeftAndRightStyles in CFPrefsPlistSource<0x1059916f0> (Domain: com.edot.reactnavexample, User: kCFPreferencesCurrentUser, ByHost: No, Container: (null), Contents Need Refresh: No) via CFPrefsSearchListSource<0x1059906c0> (Domain: com.edot.reactnavexample, Container: (null) Non-launch persona: 0)
2026-04-10 23:22:28.343 Db EdotReactNavExample[66438:127923c] [com.apple.defaults:User Defaults] looked up value 1 for key RCTI18nUtil_makeRTLFlipLeftAndRightStyles in CFPrefsPlistSource<0x1059916f0> (Domain: com.edot.reactnavexample, User: kCFPreferencesCurrentUser, ByHost: No, Container: (null), Contents Need Refresh: No) via CFPrefsSearchListSource<0x1059906c0> (Domain: com.edot.reactnavexample, Container: (null) Non-launch persona: 0)
2026-04-10 23:22:28.343 Db EdotReactNavExample[66438:127923c] [com.apple.defaults:User Defaults] looked up value 1 for key RCTI18nUtil_makeRTLFlipLeftAndRightStyles in CFPrefsPlistSource<0x1059916f0> (Domain: com.edot.reactnavexample, User: kCFPreferencesCurrentUser, ByHost: No, Container: (null), Contents Need Refresh: No) via CFPrefsSearchListSource<0x1059906c0> (Domain: com.edot.reactnavexample, Container: (null) Non-launch persona: 0)
2026-04-10 23:22:28.343 Db EdotReactNavExample[66438:127923c] [com.apple.defaults:User Defaults] looked up value 1 for key RCTI18nUtil_makeRTLFlipLeftAndRightStyles in CFPrefsPlistSource<0x1059916f0> (Domain: com.edot.reactnavexample, User: kCFPreferencesCurrentUser, ByHost: No, Container: (null), Contents Need Refresh: No) via CFPrefsSearchListSource<0x1059906c0> (Domain: com.edot.reactnavexample, Container: (null) Non-launch persona: 0)
2026-04-10 23:22:28.343 Db EdotReactNavExample[66438:127923c] [com.apple.defaults:User Defaults] looked up value 1 for key RCTI18nUtil_makeRTLFlipLeftAndRightStyles in CFPrefsPlistSource<0x1059916f0> (Domain: com.edot.reactnavexample, User: kCFPreferencesCurrentUser, ByHost: No, Container: (null), Contents Need Refresh: No) via CFPrefsSearchListSource<0x1059906c0> (Domain: com.edot.reactnavexample, Container: (null) Non-launch persona: 0)
2026-04-10 23:22:28.343 Db EdotReactNavExample[66438:127923c] [com.apple.defaults:User Defaults] looked up value 1 for key RCTI18nUtil_makeRTLFlipLeftAndRightStyles in CFPrefsPlistSource<0x1059916f0> (Domain: com.edot.reactnavexample, User: kCFPreferencesCurrentUser, ByHost: No, Container: (null), Contents Need Refresh: No) via CFPrefsSearchListSource<0x1059906c0> (Domain: com.edot.reactnavexample, Container: (null) Non-launch persona: 0)
2026-04-10 23:22:28.343 Db EdotReactNavExample[66438:127923c] [com.apple.defaults:User Defaults] looked up value 1 for key RCTI18nUtil_makeRTLFlipLeftAndRightStyles in CFPrefsPlistSource<0x1059916f0> (Domain: com.edot.reactnavexample, User: kCFPreferencesCurrentUser, ByHost: No, Container: (null), Contents Need Refresh: No) via CFPrefsSearchListSource<0x1059906c0> (Domain: com.edot.reactnavexample, Container: (null) Non-launch persona: 0)
2026-04-10 23:22:28.343 Db EdotReactNavExample[66438:127923c] [com.apple.defaults:User Defaults] looked up value 1 for key RCTI18nUtil_makeRTLFlipLeftAndRightStyles in CFPrefsPlistSource<0x1059916f0> (Domain: com.edot.reactnavexample, User: kCFPreferencesCurrentUser, ByHost: No, Container: (null), Contents Need Refresh: No) via CFPrefsSearchListSource<0x1059906c0> (Domain: com.edot.reactnavexample, Container: (null) Non-launch persona: 0)
2026-04-10 23:22:28.343 Db EdotReactNavExample[66438:127923c] [com.apple.defaults:User Defaults] looked up value 1 for key RCTI18nUtil_makeRTLFlipLeftAndRightStyles in CFPrefsPlistSource<0x1059916f0> (Domain: com.edot.reactnavexample, User: kCFPreferencesCurrentUser, ByHost: No, Container: (null), Contents Need Refresh: No) via CFPrefsSearchListSource<0x1059906c0> (Domain: com.edot.reactnavexample, Container: (null) Non-launch persona: 0)
2026-04-10 23:22:28.343 Db EdotReactNavExample[66438:127923c] [com.apple.defaults:User Defaults] looked up value 1 for key RCTI18nUtil_makeRTLFlipLeftAndRightStyles in CFPrefsPlistSource<0x1059916f0> (Domain: com.edot.reactnavexample, User: kCFPreferencesCurrentUser, ByHost: No, Container: (null), Contents Need Refresh: No) via CFPrefsSearchListSource<0x1059906c0> (Domain: com.edot.reactnavexample, Container: (null) Non-launch persona: 0)
2026-04-10 23:22:28.343 Db EdotReactNavExample[66438:127923c] [com.apple.defaults:User Defaults] looked up value 1 for key RCTI18nUtil_makeRTLFlipLeftAndRightStyles in CFPrefsPlistSource<0x1059916f0> (Domain: com.edot.reactnavexample, User: kCFPreferencesCurrentUser, ByHost: No, Container: (null), Contents Need Refresh: No) via CFPrefsSearchListSource<0x1059906c0> (Domain: com.edot.reactnavexample, Container: (null) Non-launch persona: 0)
2026-04-10 23:22:28.343 Db EdotReactNavExample[66438:127923c] [com.apple.defaults:User Defaults] looked up value 1 for key RCTI18nUtil_makeRTLFlipLeftAndRightStyles in CFPrefsPlistSource<0x1059916f0> (Domain: com.edot.reactnavexample, User: kCFPreferencesCurrentUser, ByHost: No, Container: (null), Contents Need Refresh: No) via CFPrefsSearchListSource<0x1059906c0> (Domain: com.edot.reactnavexample, Container: (null) Non-launch persona: 0)
2026-04-10 23:22:28.343 I  EdotReactNavExample[66438:127923c] [com.apple.Accessibility:AXRuntimeNotifications] Did post notification. notification:  (1001) error:0 data:<private>
2026-04-10 23:22:28.381 Df EdotReactNavExample[66438:127923c] [com.apple.network:activity] <nw_activity 50:1 [C4EBC61A-80FA-48DE-A5D2-E0F64A435E14] (global parent) (reporting strategy default) complete (reason success)> complete with reason 2 (success), duration 1260ms
2026-04-10 23:22:28.381 Db EdotReactNavExample[66438:127923c] [com.apple.network:activity] No threshold for app_launch:app_launch, returning NW_ACTIVITY_DURATION_INVALID
2026-04-10 23:22:28.381 Db EdotReactNavExample[66438:127923c] [com.apple.network:activity] No threshold for activity <nw_activity 50:1 [C4EBC61A-80FA-48DE-A5D2-E0F64A435E14] (global parent) (reporting strategy default) complete (reason success)>
2026-04-10 23:22:28.381 Df EdotReactNavExample[66438:127923c] [com.apple.network:activity] <nw_activity 50:2 [D33482EE-C66D-4215-A294-3FADD9A4FCB2] (reporting strategy default) complete (reason success)> complete with reason 2 (success), duration 1260ms
2026-04-10 23:22:28.381 Db EdotReactNavExample[66438:127923c] [com.apple.network:activity] No threshold for app_launch:extended_app_launch, returning NW_ACTIVITY_DURATION_INVALID
2026-04-10 23:22:28.381 Db EdotReactNavExample[66438:127923c] [com.apple.network:activity] No threshold for activity <nw_activity 50:2 [D33482EE-C66D-4215-A294-3FADD9A4FCB2] (reporting strategy default) complete (reason success)>
2026-04-10 23:22:28.381 Df EdotReactNavExample[66438:127923c] [com.apple.network:activity] Unsetting the global parent activity <nw_activity 50:1 [C4EBC61A-80FA-48DE-A5D2-E0F64A435E14] (global parent) (reporting strategy default) complete (reason success)>
2026-04-10 23:22:28.381 Df EdotReactNavExample[66438:127923c] [com.apple.network:activity] Unset the global parent activity
2026-04-10 23:22:28.381 Df EdotReactNavExample[66438:127923c] [com.apple.app_launch_measurement:ApplicationLaunch] alm_release_pageins_recording_assertion: releasing pageins recording assertion
2026-04-10 23:22:28.529 Df EdotReactNavExample[66438:1279302] [com.apple.UIKit:BackgroundTask] Ending background task with UIBackgroundTaskIdentifier: 2
2026-04-10 23:22:28.529 Df EdotReactNavExample[66438:1279302] [com.apple.UIKit:BackgroundTask] Ending task with identifier 2 and description: <_UIBackgroundTaskInfo: 0x109884980>: taskID = 2, taskName = Persistent SceneSession Map Update, creationTime = 1229800 (elapsed = 1), _expireHandler: <__NSGlobalBlock__: 0x1e7b10398>
2026-04-10 23:22:28.529 Df EdotReactNavExample[66438:1279302] [com.apple.UIKit:BackgroundTask] Decrementing reference count for assertion <BKSProcessAssertion: 0x1065af9d0> (used by background task with identifier 2: <_UIBackgroundTaskInfo: 0x109884980>: taskID = 2, taskName = Persistent SceneSession Map Update, creationTime = 1229800 (elapsed = 1))
2026-04-10 23:22:28.529 Df EdotReactNavExample[66438:1279302] [com.apple.UIKit:BackgroundTask] Will invalidate assertion: <BKSProcessAssertion: 0x1065af9d0> for task identifier: 2
2026-04-10 23:22:28.582 Db EdotReactNavExample[66438:127923c] [com.apple.defaults:User Defaults] found no value for key ReduceMotionEnabled in CFPrefsSearchListSource<0x1059906c0> (Domain: com.edot.reactnavexample, Container: (null) Non-launch persona: 0)
2026-04-10 23:22:28.582 Db EdotReactNavExample[66438:127923c] [com.apple.Accessibility:AXSupportCommon] CF Read: domain = com.edot.reactnavexample, preference = ReduceMotionEnabled, appID = com.edot.reactnavexample result = (null) (-1 - empty, 0 - false, 1 - true)
2026-04-10 23:22:28.582 Db EdotReactNavExample[66438:127923c] [com.apple.defaults:User Defaults] found no value for key EnhancedBackgroundContrastEnabled in CFPrefsSearchListSource<0x1059906c0> (Domain: com.edot.reactnavexample, Container: (null) Non-launch persona: 0)
2026-04-10 23:22:28.582 Db EdotReactNavExample[66438:127923c] [com.apple.Accessibility:AXSupportCommon] CF Read: domain = com.edot.reactnavexample, preference = EnhancedBackgroundContrastEnabled, appID = com.edot.reactnavexample result = (null) (-1 - empty, 0 - false, 1 - true)
2026-04-10 23:22:28.642 Db EdotReactNavExample[66438:12792c0] [com.apple.CFBundle:loading] dlfcn check load bundle CFBundle 0x109985dc0 </Library/Developer/CoreSimulator/Volumes/iOS_23E244/Library/Developer/CoreSimulator/Profiles/Runtimes/iOS 26.4.simruntime/Contents/Resources/RuntimeRoot/System/Library/AccessibilityBundles/GeoServices.axbundle> (not loaded), dlopen of /Library/Developer/CoreSimulator/Volumes/iOS_23E244/Library/Developer/CoreSimulator/Profiles/Runtimes/iOS 26.4.simruntime/Contents/Resources/RuntimeRoot/System/Library/AccessibilityBundles/GeoServices.axbundle/GeoServices mode 0x115 no handle
2026-04-10 23:22:28.653 Db EdotReactNavExample[66438:12792c0] [com.apple.CFBundle:loading] dlfcn load framework CFBundle 0x109985dc0 </Library/Developer/CoreSimulator/Volumes/iOS_23E244/Library/Developer/CoreSimulator/Profiles/Runtimes/iOS 26.4.simruntime/Contents/Resources/RuntimeRoot/System/Library/AccessibilityBundles/GeoServices.axbundle> (framework, not loaded), dlopen of /Library/Developer/CoreSimulator/Volumes/iOS_23E244/Library/Developer/CoreSimulator/Profiles/Runtimes/iOS 26.4.simruntime/Contents/Resources/RuntimeRoot/System/Library/AccessibilityBundles/GeoServices.axbundle/GeoServices mode 0x109 returns handle 0x1668971
2026-04-10 23:22:28.653 Db EdotReactNavExample[66438:12792c0] [com.apple.defaults:User Defaults] found no value for key UseNewAXBundleLoader in CFPrefsSearchListSource<0x1066b6180> (Domain: com.apple.Accessibility, Container: /Users/nonth/Library/Developer/CoreSimulator/Devices/B7E9BAD6-0C0D-41EE-BE0C-D49BF485382E/data Non-launch persona: 0)
2026-04-10 23:22:28.653 Db EdotReactNavExample[66438:12792c0] [com.apple.defaults:User Defaults] found no value for key UseNewAXBundleLoader in CFPrefsSearchListSource<0x10652c880> (Domain: com.apple.Accessibility, Container: (null) Non-launch persona: 0)
2026-04-10 23:22:28.657 Db EdotReactNavExample[66438:127923c] [com.apple.defaults:User Defaults] found no value for key UseNewAXBundleLoader in CFPrefsSearchListSource<0x1066b6180> (Domain: com.apple.Accessibility, Container: /Users/nonth/Library/Developer/CoreSimulator/Devices/B7E9BAD6-0C0D-41EE-BE0C-D49BF485382E/data Non-launch persona: 0)
2026-04-10 23:22:28.657 Db EdotReactNavExample[66438:127923c] [com.apple.defaults:User Defaults] found no value for key UseNewAXBundleLoader in CFPrefsSearchListSource<0x10652c880> (Domain: com.apple.Accessibility, Container: (null) Non-launch persona: 0)
2026-04-10 23:22:28.658 Db EdotReactNavExample[66438:12792c0] [com.apple.CFBundle:loading] dlfcn check load bundle CFBundle 0x109985f80 </Library/Developer/CoreSimulator/Volumes/iOS_23E244/Library/Developer/CoreSimulator/Profiles/Runtimes/iOS 26.4.simruntime/Contents/Resources/RuntimeRoot/System/Library/AccessibilityBundles/VectorKit.axbundle> (not loaded), dlopen of /Library/Developer/CoreSimulator/Volumes/iOS_23E244/Library/Developer/CoreSimulator/Profiles/Runtimes/iOS 26.4.simruntime/Contents/Resources/RuntimeRoot/System/Library/AccessibilityBundles/VectorKit.axbundle/VectorKit mode 0x115 no handle
2026-04-10 23:22:28.671 Db EdotReactNavExample[66438:12792c0] [com.apple.CFBundle:loading] dlfcn load framework CFBundle 0x109985f80 </Library/Developer/CoreSimulator/Volumes/iOS_23E244/Library/Developer/CoreSimulator/Profiles/Runtimes/iOS 26.4.simruntime/Contents/Resources/RuntimeRoot/System/Library/AccessibilityBundles/VectorKit.axbundle> (framework, not loaded), dlopen of /Library/Developer/CoreSimulator/Volumes/iOS_23E244/Library/Developer/CoreSimulator/Profiles/Runtimes/iOS 26.4.simruntime/Contents/Resources/RuntimeRoot/System/Library/AccessibilityBundles/VectorKit.axbundle/VectorKit mode 0x109 returns handle 0x1668d01
2026-04-10 23:22:28.671 Db EdotReactNavExample[66438:12792c0] [com.apple.defaults:User Defaults] found no value for key UseNewAXBundleLoader in CFPrefsSearchListSource<0x1066b6180> (Domain: com.apple.Accessibility, Container: /Users/nonth/Library/Developer/CoreSimulator/Devices/B7E9BAD6-0C0D-41EE-BE0C-D49BF485382E/data Non-launch persona: 0)
2026-04-10 23:22:28.671 Db EdotReactNavExample[66438:12792c0] [com.apple.defaults:User Defaults] found no value for key UseNewAXBundleLoader in CFPrefsSearchListSource<0x10652c880> (Domain: com.apple.Accessibility, Container: (null) Non-launch persona: 0)
2026-04-10 23:22:28.673 Db EdotReactNavExample[66438:127923c] [com.apple.defaults:User Defaults] found no value for key UseNewAXBundleLoader in CFPrefsSearchListSource<0x1066b6180> (Domain: com.apple.Accessibility, Container: /Users/nonth/Library/Developer/CoreSimulator/Devices/B7E9BAD6-0C0D-41EE-BE0C-D49BF485382E/data Non-launch persona: 0)
2026-04-10 23:22:28.673 Db EdotReactNavExample[66438:127923c] [com.apple.defaults:User Defaults] found no value for key UseNewAXBundleLoader in CFPrefsSearchListSource<0x10652c880> (Domain: com.apple.Accessibility, Container: (null) Non-launch persona: 0)
2026-04-10 23:22:28.674 Db EdotReactNavExample[66438:12792c0] [com.apple.CFBundle:loading] dlfcn check load bundle CFBundle 0x109985c00 </Library/Developer/CoreSimulator/Volumes/iOS_23E244/Library/Developer/CoreSimulator/Profiles/Runtimes/iOS 26.4.simruntime/Contents/Resources/RuntimeRoot/System/Library/AccessibilityBundles/MapKitFramework.axbundle> (not loaded), dlopen of /Library/Developer/CoreSimulator/Volumes/iOS_23E244/Library/Developer/CoreSimulator/Profiles/Runtimes/iOS 26.4.simruntime/Contents/Resources/RuntimeRoot/System/Library/AccessibilityBundles/MapKitFramework.axbundle/MapKitFramework mode 0x115 no handle
2026-04-10 23:22:28.684 Db EdotReactNavExample[66438:12792c0] [com.apple.CFBundle:loading] dlfcn load framework CFBundle 0x109985c00 </Library/Developer/CoreSimulator/Volumes/iOS_23E244/Library/Developer/CoreSimulator/Profiles/Runtimes/iOS 26.4.simruntime/Contents/Resources/RuntimeRoot/System/Library/AccessibilityBundles/MapKitFramework.axbundle> (framework, not loaded), dlopen of /Library/Developer/CoreSimulator/Volumes/iOS_23E244/Library/Developer/CoreSimulator/Profiles/Runtimes/iOS 26.4.simruntime/Contents/Resources/RuntimeRoot/System/Library/AccessibilityBundles/MapKitFramework.axbundle/MapKitFramework mode 0x109 returns handle 0x16690e1
2026-04-10 23:22:28.684 Db EdotReactNavExample[66438:12792c0] [com.apple.defaults:User Defaults] found no value for key UseNewAXBundleLoader in CFPrefsSearchListSource<0x1066b6180> (Domain: com.apple.Accessibility, Container: /Users/nonth/Library/Developer/CoreSimulator/Devices/B7E9BAD6-0C0D-41EE-BE0C-D49BF485382E/data Non-launch persona: 0)
2026-04-10 23:22:28.684 Db EdotReactNavExample[66438:12792c0] [com.apple.defaults:User Defaults] found no value for key UseNewAXBundleLoader in CFPrefsSearchListSource<0x10652c880> (Domain: com.apple.Accessibility, Container: (null) Non-launch persona: 0)
2026-04-10 23:22:28.684 Db EdotReactNavExample[66438:127923c] [com.apple.defaults:User Defaults] found no value for key UseNewAXBundleLoader in CFPrefsSearchListSource<0x1066b6180> (Domain: com.apple.Accessibility, Container: /Users/nonth/Library/Developer/CoreSimulator/Devices/B7E9BAD6-0C0D-41EE-BE0C-D49BF485382E/data Non-launch persona: 0)
2026-04-10 23:22:28.684 Db EdotReactNavExample[66438:127923c] [com.apple.defaults:User Defaults] found no value for key UseNewAXBundleLoader in CFPrefsSearchListSource<0x10652c880> (Domain: com.apple.Accessibility, Container: (null) Non-launch persona: 0)
2026-04-10 23:22:28.686 Db EdotReactNavExample[66438:12792c0] [com.apple.CFBundle:loading] dlfcn check load bundle CFBundle 0x1099857a0 </Library/Developer/CoreSimulator/Volumes/iOS_23E244/Library/Developer/CoreSimulator/Profiles/Runtimes/iOS 26.4.simruntime/Contents/Resources/RuntimeRoot/System/Library/AccessibilityBundles/AVKit.axbundle> (not loaded), dlopen of /Library/Developer/CoreSimulator/Volumes/iOS_23E244/Library/Developer/CoreSimulator/Profiles/Runtimes/iOS 26.4.simruntime/Contents/Resources/RuntimeRoot/System/Library/AccessibilityBundles/AVKit.axbundle/AVKit mode 0x115 no handle
2026-04-10 23:22:28.695 Db EdotReactNavExample[66438:12792c0] [com.apple.CFBundle:loading] dlfcn load framework CFBundle 0x1099857a0 </Library/Developer/CoreSimulator/Volumes/iOS_23E244/Library/Developer/CoreSimulator/Profiles/Runtimes/iOS 26.4.simruntime/Contents/Resources/RuntimeRoot/System/Library/AccessibilityBundles/AVKit.axbundle> (framework, not loaded), dlopen of /Library/Developer/CoreSimulator/Volumes/iOS_23E244/Library/Developer/CoreSimulator/Profiles/Runtimes/iOS 26.4.simruntime/Contents/Resources/RuntimeRoot/System/Library/AccessibilityBundles/AVKit.axbundle/AVKit mode 0x109 returns handle 0x16694a1
2026-04-10 23:22:28.695 Db EdotReactNavExample[66438:12792c0] [com.apple.defaults:User Defaults] found no value for key UseNewAXBundleLoader in CFPrefsSearchListSource<0x1066b6180> (Domain: com.apple.Accessibility, Container: /Users/nonth/Library/Developer/CoreSimulator/Devices/B7E9BAD6-0C0D-41EE-BE0C-D49BF485382E/data Non-launch persona: 0)
2026-04-10 23:22:28.695 Db EdotReactNavExample[66438:12792c0] [com.apple.defaults:User Defaults] found no value for key UseNewAXBundleLoader in CFPrefsSearchListSource<0x10652c880> (Domain: com.apple.Accessibility, Container: (null) Non-launch persona: 0)
2026-04-10 23:22:28.695 Db EdotReactNavExample[66438:127923c] [com.apple.defaults:User Defaults] found no value for key UseNewAXBundleLoader in CFPrefsSearchListSource<0x1066b6180> (Domain: com.apple.Accessibility, Container: /Users/nonth/Library/Developer/CoreSimulator/Devices/B7E9BAD6-0C0D-41EE-BE0C-D49BF485382E/data Non-launch persona: 0)
2026-04-10 23:22:28.695 Db EdotReactNavExample[66438:127923c] [com.apple.defaults:User Defaults] found no value for key UseNewAXBundleLoader in CFPrefsSearchListSource<0x10652c880> (Domain: com.apple.Accessibility, Container: (null) Non-launch persona: 0)
2026-04-10 23:22:28.697 Db EdotReactNavExample[66438:12792c0] [com.apple.CFBundle:loading] dlfcn check load bundle CFBundle 0x1099855e0 </Library/Developer/CoreSimulator/Volumes/iOS_23E244/Library/Developer/CoreSimulator/Profiles/Runtimes/iOS 26.4.simruntime/Contents/Resources/RuntimeRoot/System/Library/AccessibilityBundles/PreferencesFramework.axbundle> (not loaded), dlopen of /Library/Developer/CoreSimulator/Volumes/iOS_23E244/Library/Developer/CoreSimulator/Profiles/Runtimes/iOS 26.4.simruntime/Contents/Resources/RuntimeRoot/System/Library/AccessibilityBundles/PreferencesFramework.axbundle/PreferencesFramework mode 0x115 no handle
2026-04-10 23:22:28.706 Db EdotReactNavExample[66438:12792c0] [com.apple.CFBundle:loading] dlfcn load framework CFBundle 0x1099855e0 </Library/Developer/CoreSimulator/Volumes/iOS_23E244/Library/Developer/CoreSimulator/Profiles/Runtimes/iOS 26.4.simruntime/Contents/Resources/RuntimeRoot/System/Library/AccessibilityBundles/PreferencesFramework.axbundle> (framework, not loaded), dlopen of /Library/Developer/CoreSimulator/Volumes/iOS_23E244/Library/Developer/CoreSimulator/Profiles/Runtimes/iOS 26.4.simruntime/Contents/Resources/RuntimeRoot/System/Library/AccessibilityBundles/PreferencesFramework.axbundle/PreferencesFramework mode 0x109 returns handle 0x1669861
2026-04-10 23:22:28.706 Db EdotReactNavExample[66438:12792c0] [com.apple.defaults:User Defaults] found no value for key UseNewAXBundleLoader in CFPrefsSearchListSource<0x1066b6180> (Domain: com.apple.Accessibility, Container: /Users/nonth/Library/Developer/CoreSimulator/Devices/B7E9BAD6-0C0D-41EE-BE0C-D49BF485382E/data Non-launch persona: 0)
2026-04-10 23:22:28.706 Db EdotReactNavExample[66438:12792c0] [com.apple.defaults:User Defaults] found no value for key UseNewAXBundleLoader in CFPrefsSearchListSource<0x10652c880> (Domain: com.apple.Accessibility, Container: (null) Non-launch persona: 0)
2026-04-10 23:22:28.706 Db EdotReactNavExample[66438:127923c] [com.apple.defaults:User Defaults] found no value for key UseNewAXBundleLoader in CFPrefsSearchListSource<0x1066b6180> (Domain: com.apple.Accessibility, Container: /Users/nonth/Library/Developer/CoreSimulator/Devices/B7E9BAD6-0C0D-41EE-BE0C-D49BF485382E/data Non-launch persona: 0)
2026-04-10 23:22:28.706 Db EdotReactNavExample[66438:127923c] [com.apple.defaults:User Defaults] found no value for key UseNewAXBundleLoader in CFPrefsSearchListSource<0x10652c880> (Domain: com.apple.Accessibility, Container: (null) Non-launch persona: 0)
2026-04-10 23:22:28.707 Db EdotReactNavExample[66438:12792c0] [com.apple.CFBundle:loading] dlfcn check load bundle CFBundle 0x109984460 </Library/Developer/CoreSimulator/Volumes/iOS_23E244/Library/Developer/CoreSimulator/Profiles/Runtimes/iOS 26.4.simruntime/Contents/Resources/RuntimeRoot/System/Library/AccessibilityBundles/PrintKitUI.axbundle> (not loaded), dlopen of /Library/Developer/CoreSimulator/Volumes/iOS_23E244/Library/Developer/CoreSimulator/Profiles/Runtimes/iOS 26.4.simruntime/Contents/Resources/RuntimeRoot/System/Library/AccessibilityBundles/PrintKitUI.axbundle/PrintKitUI mode 0x115 no handle
2026-04-10 23:22:28.715 Db EdotReactNavExample[66438:12792c0] [com.apple.CFBundle:loading] dlfcn load framework CFBundle 0x109984460 </Library/Developer/CoreSimulator/Volumes/iOS_23E244/Library/Developer/CoreSimulator/Profiles/Runtimes/iOS 26.4.simruntime/Contents/Resources/RuntimeRoot/System/Library/AccessibilityBundles/PrintKitUI.axbundle> (framework, not loaded), dlopen of /Library/Developer/CoreSimulator/Volumes/iOS_23E244/Library/Developer/CoreSimulator/Profiles/Runtimes/iOS 26.4.simruntime/Contents/Resources/RuntimeRoot/System/Library/AccessibilityBundles/PrintKitUI.axbundle/PrintKitUI mode 0x109 returns handle 0x1669c21
2026-04-10 23:22:28.715 Db EdotReactNavExample[66438:12792c0] [com.apple.defaults:User Defaults] found no value for key UseNewAXBundleLoader in CFPrefsSearchListSource<0x1066b6180> (Domain: com.apple.Accessibility, Container: /Users/nonth/Library/Developer/CoreSimulator/Devices/B7E9BAD6-0C0D-41EE-BE0C-D49BF485382E/data Non-launch persona: 0)
2026-04-10 23:22:28.715 Db EdotReactNavExample[66438:12792c0] [com.apple.defaults:User Defaults] found no value for key UseNewAXBundleLoader in CFPrefsSearchListSource<0x10652c880> (Domain: com.apple.Accessibility, Container: (null) Non-launch persona: 0)
2026-04-10 23:22:28.715 Db EdotReactNavExample[66438:127923c] [com.apple.defaults:User Defaults] found no value for key UseNewAXBundleLoader in CFPrefsSearchListSource<0x1066b6180> (Domain: com.apple.Accessibility, Container: /Users/nonth/Library/Developer/CoreSimulator/Devices/B7E9BAD6-0C0D-41EE-BE0C-D49BF485382E/data Non-launch persona: 0)
2026-04-10 23:22:28.715 Db EdotReactNavExample[66438:127923c] [com.apple.defaults:User Defaults] found no value for key UseNewAXBundleLoader in CFPrefsSearchListSource<0x10652c880> (Domain: com.apple.Accessibility, Container: (null) Non-launch persona: 0)
2026-04-10 23:22:28.717 Db EdotReactNavExample[66438:12792c0] [com.apple.CFBundle:loading] dlfcn check load bundle CFBundle 0x109984700 </Library/Developer/CoreSimulator/Volumes/iOS_23E244/Library/Developer/CoreSimulator/Profiles/Runtimes/iOS 26.4.simruntime/Contents/Resources/RuntimeRoot/System/Library/AccessibilityBundles/AVFoundation.axbundle> (not loaded), dlopen of /Library/Developer/CoreSimulator/Volumes/iOS_23E244/Library/Developer/CoreSimulator/Profiles/Runtimes/iOS 26.4.simruntime/Contents/Resources/RuntimeRoot/System/Library/AccessibilityBundles/AVFoundation.axbundle/AVFoundation mode 0x115 no handle
2026-04-10 23:22:28.724 Db EdotReactNavExample[66438:12792c0] [com.apple.CFBundle:loading] dlfcn load framework CFBundle 0x109984700 </Library/Developer/CoreSimulator/Volumes/iOS_23E244/Library/Developer/CoreSimulator/Profiles/Runtimes/iOS 26.4.simruntime/Contents/Resources/RuntimeRoot/System/Library/AccessibilityBundles/AVFoundation.axbundle> (framework, not loaded), dlopen of /Library/Developer/CoreSimulator/Volumes/iOS_23E244/Library/Developer/CoreSimulator/Profiles/Runtimes/iOS 26.4.simruntime/Contents/Resources/RuntimeRoot/System/Library/AccessibilityBundles/AVFoundation.axbundle/AVFoundation mode 0x109 returns handle 0x1669fb1
2026-04-10 23:22:28.724 Db EdotReactNavExample[66438:12792c0] [com.apple.defaults:User Defaults] found no value for key UseNewAXBundleLoader in CFPrefsSearchListSource<0x1066b6180> (Domain: com.apple.Accessibility, Container: /Users/nonth/Library/Developer/CoreSimulator/Devices/B7E9BAD6-0C0D-41EE-BE0C-D49BF485382E/data Non-launch persona: 0)
2026-04-10 23:22:28.724 Db EdotReactNavExample[66438:12792c0] [com.apple.defaults:User Defaults] found no value for key UseNewAXBundleLoader in CFPrefsSearchListSource<0x10652c880> (Domain: com.apple.Accessibility, Container: (null) Non-launch persona: 0)
2026-04-10 23:22:28.724 Db EdotReactNavExample[66438:127923c] [com.apple.defaults:User Defaults] found no value for key UseNewAXBundleLoader in CFPrefsSearchListSource<0x1066b6180> (Domain: com.apple.Accessibility, Container: /Users/nonth/Library/Developer/CoreSimulator/Devices/B7E9BAD6-0C0D-41EE-BE0C-D49BF485382E/data Non-launch persona: 0)
2026-04-10 23:22:28.724 Db EdotReactNavExample[66438:127923c] [com.apple.defaults:User Defaults] found no value for key UseNewAXBundleLoader in CFPrefsSearchListSource<0x10652c880> (Domain: com.apple.Accessibility, Container: (null) Non-launch persona: 0)
2026-04-10 23:22:28.726 Db EdotReactNavExample[66438:12792c0] [com.apple.CFBundle:loading] dlfcn check load bundle CFBundle 0x1099840e0 </Library/Developer/CoreSimulator/Volumes/iOS_23E244/Library/Developer/CoreSimulator/Profiles/Runtimes/iOS 26.4.simruntime/Contents/Resources/RuntimeRoot/System/Library/AccessibilityBundles/RemoteUIFramework.axbundle> (not loaded), dlopen of /Library/Developer/CoreSimulator/Volumes/iOS_23E244/Library/Developer/CoreSimulator/Profiles/Runtimes/iOS 26.4.simruntime/Contents/Resources/RuntimeRoot/System/Library/AccessibilityBundles/RemoteUIFramework.axbundle/RemoteUIFramework mode 0x115 no handle
2026-04-10 23:22:28.734 Db EdotReactNavExample[66438:12792c0] [com.apple.CFBundle:loading] dlfcn load framework CFBundle 0x1099840e0 </Library/Developer/CoreSimulator/Volumes/iOS_23E244/Library/Developer/CoreSimulator/Profiles/Runtimes/iOS 26.4.simruntime/Contents/Resources/RuntimeRoot/System/Library/AccessibilityBundles/RemoteUIFramework.axbundle> (framework, not loaded), dlopen of /Library/Developer/CoreSimulator/Volumes/iOS_23E244/Library/Developer/CoreSimulator/Profiles/Runtimes/iOS 26.4.simruntime/Contents/Resources/RuntimeRoot/System/Library/AccessibilityBundles/RemoteUIFramework.axbundle/RemoteUIFramework mode 0x109 returns handle 0x166a361
2026-04-10 23:22:28.734 Db EdotReactNavExample[66438:12792c0] [com.apple.defaults:User Defaults] found no value for key UseNewAXBundleLoader in CFPrefsSearchListSource<0x1066b6180> (Domain: com.apple.Accessibility, Container: /Users/nonth/Library/Developer/CoreSimulator/Devices/B7E9BAD6-0C0D-41EE-BE0C-D49BF485382E/data Non-launch persona: 0)
2026-04-10 23:22:28.734 Db EdotReactNavExample[66438:12792c0] [com.apple.defaults:User Defaults] found no value for key UseNewAXBundleLoader in CFPrefsSearchListSource<0x10652c880> (Domain: com.apple.Accessibility, Container: (null) Non-launch persona: 0)
2026-04-10 23:22:28.734 Db EdotReactNavExample[66438:127923c] [com.apple.defaults:User Defaults] found no value for key UseNewAXBundleLoader in CFPrefsSearchListSource<0x1066b6180> (Domain: com.apple.Accessibility, Container: /Users/nonth/Library/Developer/CoreSimulator/Devices/B7E9BAD6-0C0D-41EE-BE0C-D49BF485382E/data Non-launch persona: 0)
2026-04-10 23:22:28.734 Db EdotReactNavExample[66438:127923c] [com.apple.defaults:User Defaults] found no value for key UseNewAXBundleLoader in CFPrefsSearchListSource<0x10652c880> (Domain: com.apple.Accessibility, Container: (null) Non-launch persona: 0)
2026-04-10 23:22:28.735 Db EdotReactNavExample[66438:12792c0] [com.apple.CFBundle:loading] dlfcn check load bundle CFBundle 0x109987c60 </Library/Developer/CoreSimulator/Volumes/iOS_23E244/Library/Developer/CoreSimulator/Profiles/Runtimes/iOS 26.4.simruntime/Contents/Resources/RuntimeRoot/System/Library/AccessibilityBundles/WebUI.axbundle> (not loaded), dlopen of /Library/Developer/CoreSimulator/Volumes/iOS_23E244/Library/Developer/CoreSimulator/Profiles/Runtimes/iOS 26.4.simruntime/Contents/Resources/RuntimeRoot/System/Library/AccessibilityBundles/WebUI.axbundle/WebUI mode 0x115 no handle
2026-04-10 23:22:28.742 Db EdotReactNavExample[66438:12792c0] [com.apple.CFBundle:loading] dlfcn load framework CFBundle 0x109987c60 </Library/Developer/CoreSimulator/Volumes/iOS_23E244/Library/Developer/CoreSimulator/Profiles/Runtimes/iOS 26.4.simruntime/Contents/Resources/RuntimeRoot/System/Library/AccessibilityBundles/WebUI.axbundle> (framework, not loaded), dlopen of /Library/Developer/CoreSimulator/Volumes/iOS_23E244/Library/Developer/CoreSimulator/Profiles/Runtimes/iOS 26.4.simruntime/Contents/Resources/RuntimeRoot/System/Library/AccessibilityBundles/WebUI.axbundle/WebUI mode 0x109 returns handle 0x166a711
2026-04-10 23:22:28.742 Db EdotReactNavExample[66438:12792c0] [com.apple.defaults:User Defaults] found no value for key UseNewAXBundleLoader in CFPrefsSearchListSource<0x1066b6180> (Domain: com.apple.Accessibility, Container: /Users/nonth/Library/Developer/CoreSimulator/Devices/B7E9BAD6-0C0D-41EE-BE0C-D49BF485382E/data Non-launch persona: 0)
2026-04-10 23:22:28.742 Db EdotReactNavExample[66438:12792c0] [com.apple.defaults:User Defaults] found no value for key UseNewAXBundleLoader in CFPrefsSearchListSource<0x10652c880> (Domain: com.apple.Accessibility, Container: (null) Non-launch persona: 0)
2026-04-10 23:22:28.742 Db EdotReactNavExample[66438:127923c] [com.apple.defaults:User Defaults] found no value for key UseNewAXBundleLoader in CFPrefsSearchListSource<0x1066b6180> (Domain: com.apple.Accessibility, Container: /Users/nonth/Library/Developer/CoreSimulator/Devices/B7E9BAD6-0C0D-41EE-BE0C-D49BF485382E/data Non-launch persona: 0)
2026-04-10 23:22:28.742 Db EdotReactNavExample[66438:127923c] [com.apple.defaults:User Defaults] found no value for key UseNewAXBundleLoader in CFPrefsSearchListSource<0x10652c880> (Domain: com.apple.Accessibility, Container: (null) Non-launch persona: 0)
2026-04-10 23:22:28.745 Db EdotReactNavExample[66438:12792c0] [com.apple.CFBundle:loading] dlfcn check load bundle CFBundle 0x1099879c0 </Library/Developer/CoreSimulator/Volumes/iOS_23E244/Library/Developer/CoreSimulator/Profiles/Runtimes/iOS 26.4.simruntime/Contents/Resources/RuntimeRoot/System/Library/AccessibilityBundles/SpringBoardUIServices.axbundle> (not loaded), dlopen of /Library/Developer/CoreSimulator/Volumes/iOS_23E244/Library/Developer/CoreSimulator/Profiles/Runtimes/iOS 26.4.simruntime/Contents/Resources/RuntimeRoot/System/Library/AccessibilityBundles/SpringBoardUIServices.axbundle/SpringBoardUIServices mode 0x115 no handle
2026-04-10 23:22:28.753 Db EdotReactNavExample[66438:12792c0] [com.apple.CFBundle:loading] dlfcn load framework CFBundle 0x1099879c0 </Library/Developer/CoreSimulator/Volumes/iOS_23E244/Library/Developer/CoreSimulator/Profiles/Runtimes/iOS 26.4.simruntime/Contents/Resources/RuntimeRoot/System/Library/AccessibilityBundles/SpringBoardUIServices.axbundle> (framework, not loaded), dlopen of /Library/Developer/CoreSimulator/Volumes/iOS_23E244/Library/Developer/CoreSimulator/Profiles/Runtimes/iOS 26.4.simruntime/Contents/Resources/RuntimeRoot/System/Library/AccessibilityBundles/SpringBoardUIServices.axbundle/SpringBoardUIServices mode 0x109 returns handle 0x166aaa1
2026-04-10 23:22:28.753 Db EdotReactNavExample[66438:12792c0] [com.apple.defaults:User Defaults] found no value for key UseNewAXBundleLoader in CFPrefsSearchListSource<0x1066b6180> (Domain: com.apple.Accessibility, Container: /Users/nonth/Library/Developer/CoreSimulator/Devices/B7E9BAD6-0C0D-41EE-BE0C-D49BF485382E/data Non-launch persona: 0)
2026-04-10 23:22:28.753 Db EdotReactNavExample[66438:12792c0] [com.apple.defaults:User Defaults] found no value for key UseNewAXBundleLoader in CFPrefsSearchListSource<0x10652c880> (Domain: com.apple.Accessibility, Container: (null) Non-launch persona: 0)
2026-04-10 23:22:28.753 Db EdotReactNavExample[66438:127923c] [com.apple.defaults:User Defaults] found no value for key UseNewAXBundleLoader in CFPrefsSearchListSource<0x1066b6180> (Domain: com.apple.Accessibility, Container: /Users/nonth/Library/Developer/CoreSimulator/Devices/B7E9BAD6-0C0D-41EE-BE0C-D49BF485382E/data Non-launch persona: 0)
2026-04-10 23:22:28.753 Db EdotReactNavExample[66438:127923c] [com.apple.defaults:User Defaults] found no value for key UseNewAXBundleLoader in CFPrefsSearchListSource<0x10652c880> (Domain: com.apple.Accessibility, Container: (null) Non-launch persona: 0)
2026-04-10 23:22:28.756 Db EdotReactNavExample[66438:12792c0] [com.apple.CFBundle:loading] dlfcn check load bundle CFBundle 0x1099878e0 </Library/Developer/CoreSimulator/Volumes/iOS_23E244/Library/Developer/CoreSimulator/Profiles/Runtimes/iOS 26.4.simruntime/Contents/Resources/RuntimeRoot/System/Library/AccessibilityBundles/HelpKit.axbundle> (not loaded), dlopen of /Library/Developer/CoreSimulator/Volumes/iOS_23E244/Library/Developer/CoreSimulator/Profiles/Runtimes/iOS 26.4.simruntime/Contents/Resources/RuntimeRoot/System/Library/AccessibilityBundles/HelpKit.axbundle/HelpKit mode 0x115 no handle
2026-04-10 23:22:28.763 Db EdotReactNavExample[66438:12792c0] [com.apple.CFBundle:loading] dlfcn load framework CFBundle 0x1099878e0 </Library/Developer/CoreSimulator/Volumes/iOS_23E244/Library/Developer/CoreSimulator/Profiles/Runtimes/iOS 26.4.simruntime/Contents/Resources/RuntimeRoot/System/Library/AccessibilityBundles/HelpKit.axbundle> (framework, not loaded), dlopen of /Library/Developer/CoreSimulator/Volumes/iOS_23E244/Library/Developer/CoreSimulator/Profiles/Runtimes/iOS 26.4.simruntime/Contents/Resources/RuntimeRoot/System/Library/AccessibilityBundles/HelpKit.axbundle/HelpKit mode 0x109 returns handle 0x166ae61
2026-04-10 23:22:28.763 Db EdotReactNavExample[66438:127923c] [com.apple.defaults:User Defaults] found no value for key ReduceMotionReduceSlideTransitionsPreference in CFPrefsSearchListSource<0x1059906c0> (Domain: com.edot.reactnavexample, Container: (null) Non-launch persona: 0)
2026-04-10 23:22:28.763 Db EdotReactNavExample[66438:127923c] [com.apple.Accessibility:AXSupportCommon] CF Read: domain = com.edot.reactnavexample, preference = ReduceMotionReduceSlideTransitionsPreference, appID = com.edot.reactnavexample result = (null) (-1 - empty, 0 - false, 1 - true)
2026-04-10 23:22:28.763 Db EdotReactNavExample[66438:12792c0] [com.apple.defaults:User Defaults] found no value for key UseNewAXBundleLoader in CFPrefsSearchListSource<0x1066b6180> (Domain: com.apple.Accessibility, Container: /Users/nonth/Library/Developer/CoreSimulator/Devices/B7E9BAD6-0C0D-41EE-BE0C-D49BF485382E/data Non-launch persona: 0)
2026-04-10 23:22:28.763 Db EdotReactNavExample[66438:12792c0] [com.apple.defaults:User Defaults] found no value for key UseNewAXBundleLoader in CFPrefsSearchListSource<0x10652c880> (Domain: com.apple.Accessibility, Container: (null) Non-launch persona: 0)
2026-04-10 23:22:28.763 Db EdotReactNavExample[66438:127923c] [com.apple.defaults:User Defaults] found no value for key UseNewAXBundleLoader in CFPrefsSearchListSource<0x1066b6180> (Domain: com.apple.Accessibility, Container: /Users/nonth/Library/Developer/CoreSimulator/Devices/B7E9BAD6-0C0D-41EE-BE0C-D49BF485382E/data Non-launch persona: 0)
2026-04-10 23:22:28.763 Db EdotReactNavExample[66438:127923c] [com.apple.defaults:User Defaults] found no value for key UseNewAXBundleLoader in CFPrefsSearchListSource<0x10652c880> (Domain: com.apple.Accessibility, Container: (null) Non-launch persona: 0)
2026-04-10 23:22:28.764 Db EdotReactNavExample[66438:12792c0] [com.apple.CFBundle:loading] dlfcn check load bundle CFBundle 0x109987480 </Library/Developer/CoreSimulator/Volumes/iOS_23E244/Library/Developer/CoreSimulator/Profiles/Runtimes/iOS 26.4.simruntime/Contents/Resources/RuntimeRoot/System/Library/AccessibilityBundles/TemplateKit.axbundle> (not loaded), dlopen of /Library/Developer/CoreSimulator/Volumes/iOS_23E244/Library/Developer/CoreSimulator/Profiles/Runtimes/iOS 26.4.simruntime/Contents/Resources/RuntimeRoot/System/Library/AccessibilityBundles/TemplateKit.axbundle/TemplateKit mode 0x115 no handle
2026-04-10 23:22:28.771 Db EdotReactNavExample[66438:12792c0] [com.apple.CFBundle:loading] dlfcn load framework CFBundle 0x109987480 </Library/Developer/CoreSimulator/Volumes/iOS_23E244/Library/Developer/CoreSimulator/Profiles/Runtimes/iOS 26.4.simruntime/Contents/Resources/RuntimeRoot/System/Library/AccessibilityBundles/TemplateKit.axbundle> (framework, not loaded), dlopen of /Library/Developer/CoreSimulator/Volumes/iOS_23E244/Library/Developer/CoreSimulator/Profiles/Runtimes/iOS 26.4.simruntime/Contents/Resources/RuntimeRoot/System/Library/AccessibilityBundles/TemplateKit.axbundle/TemplateKit mode 0x109 returns handle 0x166b1e1
2026-04-10 23:22:28.771 Db EdotReactNavExample[66438:12792c0] [com.apple.defaults:User Defaults] found no value for key UseNewAXBundleLoader in CFPrefsSearchListSource<0x1066b6180> (Domain: com.apple.Accessibility, Container: /Users/nonth/Library/Developer/CoreSimulator/Devices/B7E9BAD6-0C0D-41EE-BE0C-D49BF485382E/data Non-launch persona: 0)
2026-04-10 23:22:28.771 Db EdotReactNavExample[66438:12792c0] [com.apple.defaults:User Defaults] found no value for key UseNewAXBundleLoader in CFPrefsSearchListSource<0x10652c880> (Domain: com.apple.Accessibility, Container: (null) Non-launch persona: 0)
2026-04-10 23:22:28.771 Db EdotReactNavExample[66438:127923c] [com.apple.defaults:User Defaults] found no value for key UseNewAXBundleLoader in CFPrefsSearchListSource<0x1066b6180> (Domain: com.apple.Accessibility, Container: /Users/nonth/Library/Developer/CoreSimulator/Devices/B7E9BAD6-0C0D-41EE-BE0C-D49BF485382E/data Non-launch persona: 0)
2026-04-10 23:22:28.771 Db EdotReactNavExample[66438:127923c] [com.apple.defaults:User Defaults] found no value for key UseNewAXBundleLoader in CFPrefsSearchListSource<0x10652c880> (Domain: com.apple.Accessibility, Container: (null) Non-launch persona: 0)
2026-04-10 23:22:28.773 Db EdotReactNavExample[66438:12792c0] [com.apple.CFBundle:loading] dlfcn check load bundle CFBundle 0x1099873a0 </Library/Developer/CoreSimulator/Volumes/iOS_23E244/Library/Developer/CoreSimulator/Profiles/Runtimes/iOS 26.4.simruntime/Contents/Resources/RuntimeRoot/System/Library/AccessibilityBundles/DocumentManager.axbundle> (not loaded), dlopen of /Library/Developer/CoreSimulator/Volumes/iOS_23E244/Library/Developer/CoreSimulator/Profiles/Runtimes/iOS 26.4.simruntime/Contents/Resources/RuntimeRoot/System/Library/AccessibilityBundles/DocumentManager.axbundle/DocumentManager mode 0x115 no handle
2026-04-10 23:22:28.777 Db EdotReactNavExample[66438:1279303] [com.apple.runningboard:message] PERF: [app<com.edot.reactnavexample((null))>:66438] Received message from runningboardd: async_didChangeInheritances:completion:
2026-04-10 23:22:28.780 A  EdotReactNavExample[66438:1279303] (RunningBoardServices) didChangeInheritances
2026-04-10 23:22:28.780 Db EdotReactNavExample[66438:1279303] [com.apple.runningboard:connection] didChangeInheritances: <RBSInheritanceChangeSet| gained:(null) lost:{(
    <RBSInheritance| environment:(none) name:com.apple.frontboard.visibility origID:50369-50481-12448 0>
)}>
2026-04-10 23:22:28.780 Db EdotReactNavExample[66438:12792c0] [com.apple.CFBundle:loading] dlfcn load framework CFBundle 0x1099873a0 </Library/Developer/CoreSimulator/Volumes/iOS_23E244/Library/Developer/CoreSimulator/Profiles/Runtimes/iOS 26.4.simruntime/Contents/Resources/RuntimeRoot/System/Library/AccessibilityBundles/DocumentManager.axbundle> (framework, not loaded), dlopen of /Library/Developer/CoreSimulator/Volumes/iOS_23E244/Library/Developer/CoreSimulator/Profiles/Runtimes/iOS 26.4.simruntime/Contents/Resources/RuntimeRoot/System/Library/AccessibilityBundles/DocumentManager.axbundle/DocumentManager mode 0x109 returns handle 0x166bb81
2026-04-10 23:22:28.780 Db EdotReactNavExample[66438:12792c0] [com.apple.defaults:User Defaults] found no value for key UseNewAXBundleLoader in CFPrefsSearchListSource<0x1066b6180> (Domain: com.apple.Accessibility, Container: /Users/nonth/Library/Developer/CoreSimulator/Devices/B7E9BAD6-0C0D-41EE-BE0C-D49BF485382E/data Non-launch persona: 0)
2026-04-10 23:22:28.780 Db EdotReactNavExample[66438:12792c0] [com.apple.defaults:User Defaults] found no value for key UseNewAXBundleLoader in CFPrefsSearchListSource<0x10652c880> (Domain: com.apple.Accessibility, Container: (null) Non-launch persona: 0)
2026-04-10 23:22:28.781 Db EdotReactNavExample[66438:127923c] [com.apple.defaults:User Defaults] found no value for key UseNewAXBundleLoader in CFPrefsSearchListSource<0x1066b6180> (Domain: com.apple.Accessibility, Container: /Users/nonth/Library/Developer/CoreSimulator/Devices/B7E9BAD6-0C0D-41EE-BE0C-D49BF485382E/data Non-launch persona: 0)
2026-04-10 23:22:28.781 Db EdotReactNavExample[66438:127923c] [com.apple.defaults:User Defaults] found no value for key UseNewAXBundleLoader in CFPrefsSearchListSource<0x10652c880> (Domain: com.apple.Accessibility, Container: (null) Non-launch persona: 0)
2026-04-10 23:22:28.782 Db EdotReactNavExample[66438:12792c0] [com.apple.CFBundle:loading] dlfcn check load bundle CFBundle 0x1099872c0 </Library/Developer/CoreSimulator/Volumes/iOS_23E244/Library/Developer/CoreSimulator/Profiles/Runtimes/iOS 26.4.simruntime/Contents/Resources/RuntimeRoot/System/Library/AccessibilityBundles/SafariServices.axbundle> (not loaded), dlopen of /Library/Developer/CoreSimulator/Volumes/iOS_23E244/Library/Developer/CoreSimulator/Profiles/Runtimes/iOS 26.4.simruntime/Contents/Resources/RuntimeRoot/System/Library/AccessibilityBundles/SafariServices.axbundle/SafariServices mode 0x115 no handle
2026-04-10 23:22:28.790 Db EdotReactNavExample[66438:12792c0] [com.apple.CFBundle:loading] dlfcn load framework CFBundle 0x1099872c0 </Library/Developer/CoreSimulator/Volumes/iOS_23E244/Library/Developer/CoreSimulator/Profiles/Runtimes/iOS 26.4.simruntime/Contents/Resources/RuntimeRoot/System/Library/AccessibilityBundles/SafariServices.axbundle> (framework, not loaded), dlopen of /Library/Developer/CoreSimulator/Volumes/iOS_23E244/Library/Developer/CoreSimulator/Profiles/Runtimes/iOS 26.4.simruntime/Contents/Resources/RuntimeRoot/System/Library/AccessibilityBundles/SafariServices.axbundle/SafariServices mode 0x109 returns handle 0x166bf21
2026-04-10 23:22:28.790 Db EdotReactNavExample[66438:12792c0] [com.apple.defaults:User Defaults] found no value for key UseNewAXBundleLoader in CFPrefsSearchListSource<0x1066b6180> (Domain: com.apple.Accessibility, Container: /Users/nonth/Library/Developer/CoreSimulator/Devices/B7E9BAD6-0C0D-41EE-BE0C-D49BF485382E/data Non-launch persona: 0)
2026-04-10 23:22:28.790 Db EdotReactNavExample[66438:12792c0] [com.apple.defaults:User Defaults] found no value for key UseNewAXBundleLoader in CFPrefsSearchListSource<0x10652c880> (Domain: com.apple.Accessibility, Container: (null) Non-launch persona: 0)
2026-04-10 23:22:28.790 Db EdotReactNavExample[66438:127923c] [com.apple.defaults:User Defaults] found no value for key UseNewAXBundleLoader in CFPrefsSearchListSource<0x1066b6180> (Domain: com.apple.Accessibility, Container: /Users/nonth/Library/Developer/CoreSimulator/Devices/B7E9BAD6-0C0D-41EE-BE0C-D49BF485382E/data Non-launch persona: 0)
2026-04-10 23:22:28.790 Db EdotReactNavExample[66438:127923c] [com.apple.defaults:User Defaults] found no value for key UseNewAXBundleLoader in CFPrefsSearchListSource<0x10652c880> (Domain: com.apple.Accessibility, Container: (null) Non-launch persona: 0)
2026-04-10 23:22:28.792 Db EdotReactNavExample[66438:12792c0] [com.apple.CFBundle:loading] dlfcn check load bundle CFBundle 0x1099871e0 </Library/Developer/CoreSimulator/Volumes/iOS_23E244/Library/Developer/CoreSimulator/Profiles/Runtimes/iOS 26.4.simruntime/Contents/Resources/RuntimeRoot/System/Library/AccessibilityBundles/PencilKit.axbundle> (not loaded), dlopen of /Library/Developer/CoreSimulator/Volumes/iOS_23E244/Library/Developer/CoreSimulator/Profiles/Runtimes/iOS 26.4.simruntime/Contents/Resources/RuntimeRoot/System/Library/AccessibilityBundles/PencilKit.axbundle/PencilKit mode 0x115 no handle
2026-04-10 23:22:28.803 Db EdotReactNavExample[66438:127923c] [com.apple.defaults:User Defaults] found no value for key ButtonShapesEnabled in CFPrefsSearchListSource<0x1059906c0> (Domain: com.edot.reactnavexample, Container: (null) Non-launch persona: 0)
2026-04-10 23:22:28.803 Db EdotReactNavExample[66438:127923c] [com.apple.Accessibility:AXSupportCommon] CF Read: domain = com.edot.reactnavexample, preference = ButtonShapesEnabled, appID = com.edot.reactnavexample result = (null) (-1 - empty, 0 - false, 1 - true)
2026-04-10 23:22:28.804 Db EdotReactNavExample[66438:12792c0] [com.apple.CFBundle:loading] dlfcn load framework CFBundle 0x1099871e0 </Library/Developer/CoreSimulator/Volumes/iOS_23E244/Library/Developer/CoreSimulator/Profiles/Runtimes/iOS 26.4.simruntime/Contents/Resources/RuntimeRoot/System/Library/AccessibilityBundles/PencilKit.axbundle> (framework, not loaded), dlopen of /Library/Developer/CoreSimulator/Volumes/iOS_23E244/Library/Developer/CoreSimulator/Profiles/Runtimes/iOS 26.4.simruntime/Contents/Resources/RuntimeRoot/System/Library/AccessibilityBundles/PencilKit.axbundle/PencilKit mode 0x109 returns handle 0x166c2d1
2026-04-10 23:22:28.804 Db EdotReactNavExample[66438:12792c0] [com.apple.defaults:User Defaults] found no value for key UseNewAXBundleLoader in CFPrefsSearchListSource<0x1066b6180> (Domain: com.apple.Accessibility, Container: /Users/nonth/Library/Developer/CoreSimulator/Devices/B7E9BAD6-0C0D-41EE-BE0C-D49BF485382E/data Non-launch persona: 0)
2026-04-10 23:22:28.804 Db EdotReactNavExample[66438:12792c0] [com.apple.defaults:User Defaults] found no value for key UseNewAXBundleLoader in CFPrefsSearchListSource<0x10652c880> (Domain: com.apple.Accessibility, Container: (null) Non-launch persona: 0)
2026-04-10 23:22:28.804 Db EdotReactNavExample[66438:127923c] [com.apple.defaults:User Defaults] found no value for key UseNewAXBundleLoader in CFPrefsSearchListSource<0x1066b6180> (Domain: com.apple.Accessibility, Container: /Users/nonth/Library/Developer/CoreSimulator/Devices/B7E9BAD6-0C0D-41EE-BE0C-D49BF485382E/data Non-launch persona: 0)
2026-04-10 23:22:28.804 Db EdotReactNavExample[66438:127923c] [com.apple.defaults:User Defaults] found no value for key UseNewAXBundleLoader in CFPrefsSearchListSource<0x10652c880> (Domain: com.apple.Accessibility, Container: (null) Non-launch persona: 0)
2026-04-10 23:22:28.806 Db EdotReactNavExample[66438:12792c0] [com.apple.CFBundle:loading] dlfcn check load bundle CFBundle 0x1064dd500 </Library/Developer/CoreSimulator/Volumes/iOS_23E244/Library/Developer/CoreSimulator/Profiles/Runtimes/iOS 26.4.simruntime/Contents/Resources/RuntimeRoot/System/Library/AccessibilityBundles/OnBoardingKit.axbundle> (not loaded), dlopen of /Library/Developer/CoreSimulator/Volumes/iOS_23E244/Library/Developer/CoreSimulator/Profiles/Runtimes/iOS 26.4.simruntime/Contents/Resources/RuntimeRoot/System/Library/AccessibilityBundles/OnBoardingKit.axbundle/OnBoardingKit mode 0x115 no handle
2026-04-10 23:22:28.814 Db EdotReactNavExample[66438:12792c0] [com.apple.CFBundle:loading] dlfcn load framework CFBundle 0x1064dd500 </Library/Developer/CoreSimulator/Volumes/iOS_23E244/Library/Developer/CoreSimulator/Profiles/Runtimes/iOS 26.4.simruntime/Contents/Resources/RuntimeRoot/System/Library/AccessibilityBundles/OnBoardingKit.axbundle> (framework, not loaded), dlopen of /Library/Developer/CoreSimulator/Volumes/iOS_23E244/Library/Developer/CoreSimulator/Profiles/Runtimes/iOS 26.4.simruntime/Contents/Resources/RuntimeRoot/System/Library/AccessibilityBundles/OnBoardingKit.axbundle/OnBoardingKit mode 0x109 returns handle 0x166c9f1
2026-04-10 23:22:28.814 Db EdotReactNavExample[66438:12792c0] [com.apple.defaults:User Defaults] found no value for key UseNewAXBundleLoader in CFPrefsSearchListSource<0x1066b6180> (Domain: com.apple.Accessibility, Container: /Users/nonth/Library/Developer/CoreSimulator/Devices/B7E9BAD6-0C0D-41EE-BE0C-D49BF485382E/data Non-launch persona: 0)
2026-04-10 23:22:28.814 Db EdotReactNavExample[66438:12792c0] [com.apple.defaults:User Defaults] found no value for key UseNewAXBundleLoader in CFPrefsSearchListSource<0x10652c880> (Domain: com.apple.Accessibility, Container: (null) Non-launch persona: 0)
2026-04-10 23:22:28.814 Db EdotReactNavExample[66438:127923c] [com.apple.defaults:User Defaults] found no value for key UseNewAXBundleLoader in CFPrefsSearchListSource<0x1066b6180> (Domain: com.apple.Accessibility, Container: /Users/nonth/Library/Developer/CoreSimulator/Devices/B7E9BAD6-0C0D-41EE-BE0C-D49BF485382E/data Non-launch persona: 0)
2026-04-10 23:22:28.814 Db EdotReactNavExample[66438:127923c] [com.apple.defaults:User Defaults] found no value for key UseNewAXBundleLoader in CFPrefsSearchListSource<0x10652c880> (Domain: com.apple.Accessibility, Container: (null) Non-launch persona: 0)
2026-04-10 23:22:28.815 Db EdotReactNavExample[66438:12792c0] [com.apple.CFBundle:loading] dlfcn check load bundle CFBundle 0x1064de060 </Library/Developer/CoreSimulator/Volumes/iOS_23E244/Library/Developer/CoreSimulator/Profiles/Runtimes/iOS 26.4.simruntime/Contents/Resources/RuntimeRoot/System/Library/AccessibilityBundles/WebKitLegacy.axbundle> (not loaded), dlopen of /Library/Developer/CoreSimulator/Volumes/iOS_23E244/Library/Developer/CoreSimulator/Profiles/Runtimes/iOS 26.4.simruntime/Contents/Resources/RuntimeRoot/System/Library/AccessibilityBundles/WebKitLegacy.axbundle/WebKitLegacy mode 0x115 no handle
2026-04-10 23:22:28.823 Db EdotReactNavExample[66438:12792c0] [com.apple.CFBundle:loading] dlfcn load framework CFBundle 0x1064de060 </Library/Developer/CoreSimulator/Volumes/iOS_23E244/Library/Developer/CoreSimulator/Profiles/Runtimes/iOS 26.4.simruntime/Contents/Resources/RuntimeRoot/System/Library/AccessibilityBundles/WebKitLegacy.axbundle> (framework, not loaded), dlopen of /Library/Developer/CoreSimulator/Volumes/iOS_23E244/Library/Developer/CoreSimulator/Profiles/Runtimes/iOS 26.4.simruntime/Contents/Resources/RuntimeRoot/System/Library/AccessibilityBundles/WebKitLegacy.axbundle/WebKitLegacy mode 0x109 returns handle 0x166cd91
2026-04-10 23:22:28.823 Db EdotReactNavExample[66438:12792c0] [com.apple.defaults:User Defaults] found no value for key UseNewAXBundleLoader in CFPrefsSearchListSource<0x1066b6180> (Domain: com.apple.Accessibility, Container: /Users/nonth/Library/Developer/CoreSimulator/Devices/B7E9BAD6-0C0D-41EE-BE0C-D49BF485382E/data Non-launch persona: 0)
2026-04-10 23:22:28.823 Db EdotReactNavExample[66438:12792c0] [com.apple.defaults:User Defaults] found no value for key UseNewAXBundleLoader in CFPrefsSearchListSource<0x10652c880> (Domain: com.apple.Accessibility, Container: (null) Non-launch persona: 0)
2026-04-10 23:22:28.823 Db EdotReactNavExample[66438:127923c] [com.apple.defaults:User Defaults] found no value for key UseNewAXBundleLoader in CFPrefsSearchListSource<0x1066b6180> (Domain: com.apple.Accessibility, Container: /Users/nonth/Library/Developer/CoreSimulator/Devices/B7E9BAD6-0C0D-41EE-BE0C-D49BF485382E/data Non-launch persona: 0)
2026-04-10 23:22:28.823 Db EdotReactNavExample[66438:127923c] [com.apple.defaults:User Defaults] found no value for key UseNewAXBundleLoader in CFPrefsSearchListSource<0x10652c880> (Domain: com.apple.Accessibility, Container: (null) Non-launch persona: 0)
2026-04-10 23:22:28.829 Db EdotReactNavExample[66438:12792c0] [com.apple.CFBundle:loading] dlfcn check load bundle CFBundle 0x1064de840 </Library/Developer/CoreSimulator/Volumes/iOS_23E244/Library/Developer/CoreSimulator/Profiles/Runtimes/iOS 26.4.simruntime/Contents/Resources/RuntimeRoot/System/Library/AccessibilityBundles/StoreKitFramework.axbundle> (not loaded), dlopen of /Library/Developer/CoreSimulator/Volumes/iOS_23E244/Library/Developer/CoreSimulator/Profiles/Runtimes/iOS 26.4.simruntime/Contents/Resources/RuntimeRoot/System/Library/AccessibilityBundles/StoreKitFramework.axbundle/StoreKitFramework mode 0x115 no handle
2026-04-10 23:22:28.836 Db EdotReactNavExample[66438:12792c0] [com.apple.CFBundle:loading] dlfcn load framework CFBundle 0x1064de840 </Library/Developer/CoreSimulator/Volumes/iOS_23E244/Library/Developer/CoreSimulator/Profiles/Runtimes/iOS 26.4.simruntime/Contents/Resources/RuntimeRoot/System/Library/AccessibilityBundles/StoreKitFramework.axbundle> (framework, not loaded), dlopen of /Library/Developer/CoreSimulator/Volumes/iOS_23E244/Library/Developer/CoreSimulator/Profiles/Runtimes/iOS 26.4.simruntime/Contents/Resources/RuntimeRoot/System/Library/AccessibilityBundles/StoreKitFramework.axbundle/StoreKitFramework mode 0x109 returns handle 0x166d161
2026-04-10 23:22:28.837 Db EdotReactNavExample[66438:12792c0] [com.apple.defaults:User Defaults] found no value for key UseNewAXBundleLoader in CFPrefsSearchListSource<0x1066b6180> (Domain: com.apple.Accessibility, Container: /Users/nonth/Library/Developer/CoreSimulator/Devices/B7E9BAD6-0C0D-41EE-BE0C-D49BF485382E/data Non-launch persona: 0)
2026-04-10 23:22:28.837 Db EdotReactNavExample[66438:12792c0] [com.apple.defaults:User Defaults] found no value for key UseNewAXBundleLoader in CFPrefsSearchListSource<0x10652c880> (Domain: com.apple.Accessibility, Container: (null) Non-launch persona: 0)
2026-04-10 23:22:28.837 Db EdotReactNavExample[66438:127923c] [com.apple.defaults:User Defaults] found no value for key UseNewAXBundleLoader in CFPrefsSearchListSource<0x1066b6180> (Domain: com.apple.Accessibility, Container: /Users/nonth/Library/Developer/CoreSimulator/Devices/B7E9BAD6-0C0D-41EE-BE0C-D49BF485382E/data Non-launch persona: 0)
2026-04-10 23:22:28.837 Db EdotReactNavExample[66438:127923c] [com.apple.defaults:User Defaults] found no value for key UseNewAXBundleLoader in CFPrefsSearchListSource<0x10652c880> (Domain: com.apple.Accessibility, Container: (null) Non-launch persona: 0)
2026-04-10 23:22:28.838 Db EdotReactNavExample[66438:12792c0] [com.apple.CFBundle:loading] dlfcn check load bundle CFBundle 0x1064de920 </Library/Developer/CoreSimulator/Volumes/iOS_23E244/Library/Developer/CoreSimulator/Profiles/Runtimes/iOS 26.4.simruntime/Contents/Resources/RuntimeRoot/System/Library/AccessibilityBundles/PhotosFramework.axbundle> (not loaded), dlopen of /Library/Developer/CoreSimulator/Volumes/iOS_23E244/Library/Developer/CoreSimulator/Profiles/Runtimes/iOS 26.4.simruntime/Contents/Resources/RuntimeRoot/System/Library/AccessibilityBundles/PhotosFramework.axbundle/PhotosFramework mode 0x115 no handle
2026-04-10 23:22:28.846 Db EdotReactNavExample[66438:12792c0] [com.apple.CFBundle:loading] dlfcn load framework CFBundle 0x1064de920 </Library/Developer/CoreSimulator/Volumes/iOS_23E244/Library/Developer/CoreSimulator/Profiles/Runtimes/iOS 26.4.simruntime/Contents/Resources/RuntimeRoot/System/Library/AccessibilityBundles/PhotosFramework.axbundle> (framework, not loaded), dlopen of /Library/Developer/CoreSimulator/Volumes/iOS_23E244/Library/Developer/CoreSimulator/Profiles/Runtimes/iOS 26.4.simruntime/Contents/Resources/RuntimeRoot/System/Library/AccessibilityBundles/PhotosFramework.axbundle/PhotosFramework mode 0x109 returns handle 0x166d501
2026-04-10 23:22:28.846 Db EdotReactNavExample[66438:12792c0] [com.apple.defaults:User Defaults] found no value for key UseNewAXBundleLoader in CFPrefsSearchListSource<0x1066b6180> (Domain: com.apple.Accessibility, Container: /Users/nonth/Library/Developer/CoreSimulator/Devices/B7E9BAD6-0C0D-41EE-BE0C-D49BF485382E/data Non-launch persona: 0)
2026-04-10 23:22:28.846 Db EdotReactNavExample[66438:12792c0] [com.apple.defaults:User Defaults] found no value for key UseNewAXBundleLoader in CFPrefsSearchListSource<0x10652c880> (Domain: com.apple.Accessibility, Container: (null) Non-launch persona: 0)
2026-04-10 23:22:28.846 Db EdotReactNavExample[66438:127923c] [com.apple.defaults:User Defaults] found no value for key UseNewAXBundleLoader in CFPrefsSearchListSource<0x1066b6180> (Domain: com.apple.Accessibility, Container: /Users/nonth/Library/Developer/CoreSimulator/Devices/B7E9BAD6-0C0D-41EE-BE0C-D49BF485382E/data Non-launch persona: 0)
2026-04-10 23:22:28.846 Db EdotReactNavExample[66438:127923c] [com.apple.defaults:User Defaults] found no value for key UseNewAXBundleLoader in CFPrefsSearchListSource<0x10652c880> (Domain: com.apple.Accessibility, Container: (null) Non-launch persona: 0)
2026-04-10 23:22:28.851 Db EdotReactNavExample[66438:12792c0] [com.apple.CFBundle:loading] dlfcn check load bundle CFBundle 0x1064debc0 </Library/Developer/CoreSimulator/Volumes/iOS_23E244/Library/Developer/CoreSimulator/Profiles/Runtimes/iOS 26.4.simruntime/Contents/Resources/RuntimeRoot/System/Library/AccessibilityBundles/SpringBoardFoundation.axbundle> (not loaded), dlopen of /Library/Developer/CoreSimulator/Volumes/iOS_23E244/Library/Developer/CoreSimulator/Profiles/Runtimes/iOS 26.4.simruntime/Contents/Resources/RuntimeRoot/System/Library/AccessibilityBundles/SpringBoardFoundation.axbundle/SpringBoardFoundation mode 0x115 no handle
2026-04-10 23:22:28.860 Db EdotReactNavExample[66438:12792c0] [com.apple.CFBundle:loading] dlfcn load framework CFBundle 0x1064debc0 </Library/Developer/CoreSimulator/Volumes/iOS_23E244/Library/Developer/CoreSimulator/Profiles/Runtimes/iOS 26.4.simruntime/Contents/Resources/RuntimeRoot/System/Library/AccessibilityBundles/SpringBoardFoundation.axbundle> (framework, not loaded), dlopen of /Library/Developer/CoreSimulator/Volumes/iOS_23E244/Library/Developer/CoreSimulator/Profiles/Runtimes/iOS 26.4.simruntime/Contents/Resources/RuntimeRoot/System/Library/AccessibilityBundles/SpringBoardFoundation.axbundle/SpringBoardFoundation mode 0x109 returns handle 0x166d8c1
2026-04-10 23:22:28.861 Db EdotReactNavExample[66438:12792c0] [com.apple.defaults:User Defaults] found no value for key UseNewAXBundleLoader in CFPrefsSearchListSource<0x1066b6180> (Domain: com.apple.Accessibility, Container: /Users/nonth/Library/Developer/CoreSimulator/Devices/B7E9BAD6-0C0D-41EE-BE0C-D49BF485382E/data Non-launch persona: 0)
2026-04-10 23:22:28.861 Db EdotReactNavExample[66438:12792c0] [com.apple.defaults:User Defaults] found no value for key UseNewAXBundleLoader in CFPrefsSearchListSource<0x10652c880> (Domain: com.apple.Accessibility, Container: (null) Non-launch persona: 0)
2026-04-10 23:22:28.861 Db EdotReactNavExample[66438:127923c] [com.apple.defaults:User Defaults] found no value for key UseNewAXBundleLoader in CFPrefsSearchListSource<0x1066b6180> (Domain: com.apple.Accessibility, Container: /Users/nonth/Library/Developer/CoreSimulator/Devices/B7E9BAD6-0C0D-41EE-BE0C-D49BF485382E/data Non-launch persona: 0)
2026-04-10 23:22:28.861 Db EdotReactNavExample[66438:127923c] [com.apple.defaults:User Defaults] found no value for key UseNewAXBundleLoader in CFPrefsSearchListSource<0x10652c880> (Domain: com.apple.Accessibility, Container: (null) Non-launch persona: 0)
2026-04-10 23:22:28.866 Db EdotReactNavExample[66438:12792c0] [com.apple.CFBundle:loading] dlfcn check load bundle CFBundle 0x1064ded80 </Library/Developer/CoreSimulator/Volumes/iOS_23E244/Library/Developer/CoreSimulator/Profiles/Runtimes/iOS 26.4.simruntime/Contents/Resources/RuntimeRoot/System/Library/AccessibilityBundles/FrontBoard.axbundle> (not loaded), dlopen of /Library/Developer/CoreSimulator/Volumes/iOS_23E244/Library/Developer/CoreSimulator/Profiles/Runtimes/iOS 26.4.simruntime/Contents/Resources/RuntimeRoot/System/Library/AccessibilityBundles/FrontBoard.axbundle/FrontBoard mode 0x115 no handle
2026-04-10 23:22:28.873 Db EdotReactNavExample[66438:12792c0] [com.apple.CFBundle:loading] dlfcn load framework CFBundle 0x1064ded80 </Library/Developer/CoreSimulator/Volumes/iOS_23E244/Library/Developer/CoreSimulator/Profiles/Runtimes/iOS 26.4.simruntime/Contents/Resources/RuntimeRoot/System/Library/AccessibilityBundles/FrontBoard.axbundle> (framework, not loaded), dlopen of /Library/Developer/CoreSimulator/Volumes/iOS_23E244/Library/Developer/CoreSimulator/Profiles/Runtimes/iOS 26.4.simruntime/Contents/Resources/RuntimeRoot/System/Library/AccessibilityBundles/FrontBoard.axbundle/FrontBoard mode 0x109 returns handle 0x166dc91
2026-04-10 23:22:28.874 Db EdotReactNavExample[66438:12792c0] [com.apple.defaults:User Defaults] found no value for key UseNewAXBundleLoader in CFPrefsSearchListSource<0x1066b6180> (Domain: com.apple.Accessibility, Container: /Users/nonth/Library/Developer/CoreSimulator/Devices/B7E9BAD6-0C0D-41EE-BE0C-D49BF485382E/data Non-launch persona: 0)
2026-04-10 23:22:28.874 Db EdotReactNavExample[66438:12792c0] [com.apple.defaults:User Defaults] found no value for key UseNewAXBundleLoader in CFPrefsSearchListSource<0x10652c880> (Domain: com.apple.Accessibility, Container: (null) Non-launch persona: 0)
2026-04-10 23:22:28.874 Db EdotReactNavExample[66438:127923c] [com.apple.defaults:User Defaults] found no value for key UseNewAXBundleLoader in CFPrefsSearchListSource<0x1066b6180> (Domain: com.apple.Accessibility, Container: /Users/nonth/Library/Developer/CoreSimulator/Devices/B7E9BAD6-0C0D-41EE-BE0C-D49BF485382E/data Non-launch persona: 0)
2026-04-10 23:22:28.874 Db EdotReactNavExample[66438:127923c] [com.apple.defaults:User Defaults] found no value for key UseNewAXBundleLoader in CFPrefsSearchListSource<0x10652c880> (Domain: com.apple.Accessibility, Container: (null) Non-launch persona: 0)
2026-04-10 23:22:28.875 Db EdotReactNavExample[66438:12792c0] [com.apple.CFBundle:loading] dlfcn check load bundle CFBundle 0x1064deca0 </Library/Developer/CoreSimulator/Volumes/iOS_23E244/Library/Developer/CoreSimulator/Profiles/Runtimes/iOS 26.4.simruntime/Contents/Resources/RuntimeRoot/System/Library/AccessibilityBundles/MessageUIFramework.axbundle> (not loaded), dlopen of /Library/Developer/CoreSimulator/Volumes/iOS_23E244/Library/Developer/CoreSimulator/Profiles/Runtimes/iOS 26.4.simruntime/Contents/Resources/RuntimeRoot/System/Library/AccessibilityBundles/MessageUIFramework.axbundle/MessageUIFramework mode 0x115 no handle
2026-04-10 23:22:28.883 Db EdotReactNavExample[66438:12792c0] [com.apple.CFBundle:loading] dlfcn load framework CFBundle 0x1064deca0 </Library/Developer/CoreSimulator/Volumes/iOS_23E244/Library/Developer/CoreSimulator/Profiles/Runtimes/iOS 26.4.simruntime/Contents/Resources/RuntimeRoot/System/Library/AccessibilityBundles/MessageUIFramework.axbundle> (framework, not loaded), dlopen of /Library/Developer/CoreSimulator/Volumes/iOS_23E244/Library/Developer/CoreSimulator/Profiles/Runtimes/iOS 26.4.simruntime/Contents/Resources/RuntimeRoot/System/Library/AccessibilityBundles/MessageUIFramework.axbundle/MessageUIFramework mode 0x109 returns handle 0x166e031
2026-04-10 23:22:28.883 Db EdotReactNavExample[66438:12792c0] [com.apple.defaults:User Defaults] found no value for key UseNewAXBundleLoader in CFPrefsSearchListSource<0x1066b6180> (Domain: com.apple.Accessibility, Container: /Users/nonth/Library/Developer/CoreSimulator/Devices/B7E9BAD6-0C0D-41EE-BE0C-D49BF485382E/data Non-launch persona: 0)
2026-04-10 23:22:28.883 Db EdotReactNavExample[66438:12792c0] [com.apple.defaults:User Defaults] found no value for key UseNewAXBundleLoader in CFPrefsSearchListSource<0x10652c880> (Domain: com.apple.Accessibility, Container: (null) Non-launch persona: 0)
2026-04-10 23:22:28.883 Db EdotReactNavExample[66438:127923c] [com.apple.defaults:User Defaults] found no value for key UseNewAXBundleLoader in CFPrefsSearchListSource<0x1066b6180> (Domain: com.apple.Accessibility, Container: /Users/nonth/Library/Developer/CoreSimulator/Devices/B7E9BAD6-0C0D-41EE-BE0C-D49BF485382E/data Non-launch persona: 0)
2026-04-10 23:22:28.884 Db EdotReactNavExample[66438:127923c] [com.apple.defaults:User Defaults] found no value for key UseNewAXBundleLoader in CFPrefsSearchListSource<0x10652c880> (Domain: com.apple.Accessibility, Container: (null) Non-launch persona: 0)
2026-04-10 23:22:28.885 Db EdotReactNavExample[66438:12792c0] [com.apple.CFBundle:loading] dlfcn check load bundle CFBundle 0x1064dee60 </Library/Developer/CoreSimulator/Volumes/iOS_23E244/Library/Developer/CoreSimulator/Profiles/Runtimes/iOS 26.4.simruntime/Contents/Resources/RuntimeRoot/System/Library/AccessibilityBundles/iTunesStoreFramework.axbundle> (not loaded), dlopen of /Library/Developer/CoreSimulator/Volumes/iOS_23E244/Library/Developer/CoreSimulator/Profiles/Runtimes/iOS 26.4.simruntime/Contents/Resources/RuntimeRoot/System/Library/AccessibilityBundles/iTunesStoreFramework.axbundle/iTunesStoreFramework mode 0x115 no handle
2026-04-10 23:22:28.893 Db EdotReactNavExample[66438:12792c0] [com.apple.CFBundle:loading] dlfcn load framework CFBundle 0x1064dee60 </Library/Developer/CoreSimulator/Volumes/iOS_23E244/Library/Developer/CoreSimulator/Profiles/Runtimes/iOS 26.4.simruntime/Contents/Resources/RuntimeRoot/System/Library/AccessibilityBundles/iTunesStoreFramework.axbundle> (framework, not loaded), dlopen of /Library/Developer/CoreSimulator/Volumes/iOS_23E244/Library/Developer/CoreSimulator/Profiles/Runtimes/iOS 26.4.simruntime/Contents/Resources/RuntimeRoot/System/Library/AccessibilityBundles/iTunesStoreFramework.axbundle/iTunesStoreFramework mode 0x109 returns handle 0x166e421
2026-04-10 23:22:28.893 Db EdotReactNavExample[66438:12792c0] [com.apple.defaults:User Defaults] found no value for key UseNewAXBundleLoader in CFPrefsSearchListSource<0x1066b6180> (Domain: com.apple.Accessibility, Container: /Users/nonth/Library/Developer/CoreSimulator/Devices/B7E9BAD6-0C0D-41EE-BE0C-D49BF485382E/data Non-launch persona: 0)
2026-04-10 23:22:28.893 Db EdotReactNavExample[66438:12792c0] [com.apple.defaults:User Defaults] found no value for key UseNewAXBundleLoader in CFPrefsSearchListSource<0x10652c880> (Domain: com.apple.Accessibility, Container: (null) Non-launch persona: 0)
2026-04-10 23:22:28.893 Db EdotReactNavExample[66438:127923c] [com.apple.defaults:User Defaults] found no value for key UseNewAXBundleLoader in CFPrefsSearchListSource<0x1066b6180> (Domain: com.apple.Accessibility, Container: /Users/nonth/Library/Developer/CoreSimulator/Devices/B7E9BAD6-0C0D-41EE-BE0C-D49BF485382E/data Non-launch persona: 0)
2026-04-10 23:22:28.893 Db EdotReactNavExample[66438:127923c] [com.apple.defaults:User Defaults] found no value for key UseNewAXBundleLoader in CFPrefsSearchListSource<0x10652c880> (Domain: com.apple.Accessibility, Container: (null) Non-launch persona: 0)
2026-04-10 23:22:28.897 Db EdotReactNavExample[66438:12792c0] [com.apple.CFBundle:loading] dlfcn check load bundle CFBundle 0x1064def40 </Library/Developer/CoreSimulator/Volumes/iOS_23E244/Library/Developer/CoreSimulator/Profiles/Runtimes/iOS 26.4.simruntime/Contents/Resources/RuntimeRoot/System/Library/AccessibilityBundles/EventKitUIFramework.axbundle> (not loaded), dlopen of /Library/Developer/CoreSimulator/Volumes/iOS_23E244/Library/Developer/CoreSimulator/Profiles/Runtimes/iOS 26.4.simruntime/Contents/Resources/RuntimeRoot/System/Library/AccessibilityBundles/EventKitUIFramework.axbundle/EventKitUIFramework mode 0x115 no handle
2026-04-10 23:22:28.905 Db EdotReactNavExample[66438:12792c0] [com.apple.CFBundle:loading] dlfcn load framework CFBundle 0x1064def40 </Library/Developer/CoreSimulator/Volumes/iOS_23E244/Library/Developer/CoreSimulator/Profiles/Runtimes/iOS 26.4.simruntime/Contents/Resources/RuntimeRoot/System/Library/AccessibilityBundles/EventKitUIFramework.axbundle> (framework, not loaded), dlopen of /Library/Developer/CoreSimulator/Volumes/iOS_23E244/Library/Developer/CoreSimulator/Profiles/Runtimes/iOS 26.4.simruntime/Contents/Resources/RuntimeRoot/System/Library/AccessibilityBundles/EventKitUIFramework.axbundle/EventKitUIFramework mode 0x109 returns handle 0x166e7b1
2026-04-10 23:22:28.905 Db EdotReactNavExample[66438:12792c0] [com.apple.defaults:User Defaults] found no value for key UseNewAXBundleLoader in CFPrefsSearchListSource<0x1066b6180> (Domain: com.apple.Accessibility, Container: /Users/nonth/Library/Developer/CoreSimulator/Devices/B7E9BAD6-0C0D-41EE-BE0C-D49BF485382E/data Non-launch persona: 0)
2026-04-10 23:22:28.906 Db EdotReactNavExample[66438:12792c0] [com.apple.defaults:User Defaults] found no value for key UseNewAXBundleLoader in CFPrefsSearchListSource<0x10652c880> (Domain: com.apple.Accessibility, Container: (null) Non-launch persona: 0)
2026-04-10 23:22:28.906 Db EdotReactNavExample[66438:127923c] [com.apple.defaults:User Defaults] found no value for key UseNewAXBundleLoader in CFPrefsSearchListSource<0x1066b6180> (Domain: com.apple.Accessibility, Container: /Users/nonth/Library/Developer/CoreSimulator/Devices/B7E9BAD6-0C0D-41EE-BE0C-D49BF485382E/data Non-launch persona: 0)
2026-04-10 23:22:28.906 Db EdotReactNavExample[66438:127923c] [com.apple.defaults:User Defaults] found no value for key UseNewAXBundleLoader in CFPrefsSearchListSource<0x10652c880> (Domain: com.apple.Accessibility, Container: (null) Non-launch persona: 0)
2026-04-10 23:22:28.907 Db EdotReactNavExample[66438:127923c] [com.apple.CFBundle:resources] Resource lookup at CFBundle 0x109985880 </Library/Developer/CoreSimulator/Volumes/iOS_23E244/Library/Developer/CoreSimulator/Profiles/Runtimes/iOS 26.4.simruntime/Contents/Resources/RuntimeRoot/System/Library/PrivateFrameworks/SFSymbols.framework> (not loaded)
	Request       : CoreGlyphsPrivate type: bundle
	Result        : file:///Library/Developer/CoreSimulator/Volumes/iOS_23E244/Library/Developer/CoreSimulator/Profiles/Runtimes/iOS%2026.4.simruntime/Contents/Resources/RuntimeRoot/System/Library/PrivateFrameworks/SFSymbols.framework/CoreGlyphsPrivate.bundle/
2026-04-10 23:22:28.909 Db EdotReactNavExample[66438:12792c0] [com.apple.CFBundle:loading] dlfcn check load bundle CFBundle 0x1064df020 </Library/Developer/CoreSimulator/Volumes/iOS_23E244/Library/Developer/CoreSimulator/Profiles/Runtimes/iOS 26.4.simruntime/Contents/Resources/RuntimeRoot/System/Library/AccessibilityBundles/LinkPresentation.axbundle> (not loaded), dlopen of /Library/Developer/CoreSimulator/Volumes/iOS_23E244/Library/Developer/CoreSimulator/Profiles/Runtimes/iOS 26.4.simruntime/Contents/Resources/RuntimeRoot/System/Library/AccessibilityBundles/LinkPresentation.axbundle/LinkPresentation mode 0x115 no handle
2026-04-10 23:22:28.910 Db EdotReactNavExample[66438:127923c] [com.apple.CFBundle:resources] Language lookup at CFBundle 0x1064df3a0 </Library/Developer/CoreSimulator/Volumes/iOS_23E244/Library/Developer/CoreSimulator/Profiles/Runtimes/iOS 26.4.simruntime/Contents/Resources/RuntimeRoot/System/Library/PrivateFrameworks/SFSymbols.framework/CoreGlyphsPrivate.bundle> (not loaded)
	Localizations : [ar, bg, bn, el, es, gu, he, hi, it, ja, kk, kn, ko, ml, mni, mr, or, pa, ru, sat, si, ta, te, th, uk, ur, zh-Hans, zh-Hant, en]
	Dev language  : en
	User prefs    : [en-TH, th-TH]
	Main bundle   : [en]
	Allow mixed   : 0 
	Result        : [en]
2026-04-10 23:22:28.917 Db EdotReactNavExample[66438:12792c0] [com.apple.CFBundle:loading] dlfcn load framework CFBundle 0x1064df020 </Library/Developer/CoreSimulator/Volumes/iOS_23E244/Library/Developer/CoreSimulator/Profiles/Runtimes/iOS 26.4.simruntime/Contents/Resources/RuntimeRoot/System/Library/AccessibilityBundles/LinkPresentation.axbundle> (framework, not loaded), dlopen of /Library/Developer/CoreSimulator/Volumes/iOS_23E244/Library/Developer/CoreSimulator/Profiles/Runtimes/iOS 26.4.simruntime/Contents/Resources/RuntimeRoot/System/Library/AccessibilityBundles/LinkPresentation.axbundle/LinkPresentation mode 0x109 returns handle 0x166eb81
2026-04-10 23:22:28.917 Db EdotReactNavExample[66438:127923c] [com.apple.CFBundle:resources] Resource lookup at CFBundle 0x1064df3a0 </Library/Developer/CoreSimulator/Volumes/iOS_23E244/Library/Developer/CoreSimulator/Profiles/Runtimes/iOS 26.4.simruntime/Contents/Resources/RuntimeRoot/System/Library/PrivateFrameworks/SFSymbols.framework/CoreGlyphsPrivate.bundle> (not loaded)
	Request       : Assets type: car
	Result        : file:///Library/Developer/CoreSimulator/Volumes/iOS_23E244/Library/Developer/CoreSimulator/Profiles/Runtimes/iOS%2026.4.simruntime/Contents/Resources/RuntimeRoot/System/Library/PrivateFrameworks/SFSymbols.framework/CoreGlyphsPrivate.bundle/Assets.car
2026-04-10 23:22:28.917 Db EdotReactNavExample[66438:12792c0] [com.apple.defaults:User Defaults] found no value for key UseNewAXBundleLoader in CFPrefsSearchListSource<0x1066b6180> (Domain: com.apple.Accessibility, Container: /Users/nonth/Library/Developer/CoreSimulator/Devices/B7E9BAD6-0C0D-41EE-BE0C-D49BF485382E/data Non-launch persona: 0)
2026-04-10 23:22:28.917 Db EdotReactNavExample[66438:12792c0] [com.apple.defaults:User Defaults] found no value for key UseNewAXBundleLoader in CFPrefsSearchListSource<0x10652c880> (Domain: com.apple.Accessibility, Container: (null) Non-launch persona: 0)
2026-04-10 23:22:28.919 Db EdotReactNavExample[66438:127923c] [com.apple.defaults:User Defaults] found no value for key UseNewAXBundleLoader in CFPrefsSearchListSource<0x1066b6180> (Domain: com.apple.Accessibility, Container: /Users/nonth/Library/Developer/CoreSimulator/Devices/B7E9BAD6-0C0D-41EE-BE0C-D49BF485382E/data Non-launch persona: 0)
2026-04-10 23:22:28.919 Db EdotReactNavExample[66438:127923c] [com.apple.defaults:User Defaults] found no value for key UseNewAXBundleLoader in CFPrefsSearchListSource<0x10652c880> (Domain: com.apple.Accessibility, Container: (null) Non-launch persona: 0)
2026-04-10 23:22:28.920 Db EdotReactNavExample[66438:12792c0] [com.apple.CFBundle:loading] dlfcn check load bundle CFBundle 0x1064df560 </Library/Developer/CoreSimulator/Volumes/iOS_23E244/Library/Developer/CoreSimulator/Profiles/Runtimes/iOS 26.4.simruntime/Contents/Resources/RuntimeRoot/System/Library/AccessibilityBundles/IntentsUI.axbundle> (not loaded), dlopen of /Library/Developer/CoreSimulator/Volumes/iOS_23E244/Library/Developer/CoreSimulator/Profiles/Runtimes/iOS 26.4.simruntime/Contents/Resources/RuntimeRoot/System/Library/AccessibilityBundles/IntentsUI.axbundle/IntentsUI mode 0x115 no handle
2026-04-10 23:22:28.928 Db EdotReactNavExample[66438:12792c0] [com.apple.CFBundle:loading] dlfcn load framework CFBundle 0x1064df560 </Library/Developer/CoreSimulator/Volumes/iOS_23E244/Library/Developer/CoreSimulator/Profiles/Runtimes/iOS 26.4.simruntime/Contents/Resources/RuntimeRoot/System/Library/AccessibilityBundles/IntentsUI.axbundle> (framework, not loaded), dlopen of /Library/Developer/CoreSimulator/Volumes/iOS_23E244/Library/Developer/CoreSimulator/Profiles/Runtimes/iOS 26.4.simruntime/Contents/Resources/RuntimeRoot/System/Library/AccessibilityBundles/IntentsUI.axbundle/IntentsUI mode 0x109 returns handle 0x166ef21
2026-04-10 23:22:28.928 Db EdotReactNavExample[66438:12792c0] [com.apple.defaults:User Defaults] found no value for key UseNewAXBundleLoader in CFPrefsSearchListSource<0x1066b6180> (Domain: com.apple.Accessibility, Container: /Users/nonth/Library/Developer/CoreSimulator/Devices/B7E9BAD6-0C0D-41EE-BE0C-D49BF485382E/data Non-launch persona: 0)
2026-04-10 23:22:28.928 Db EdotReactNavExample[66438:12792c0] [com.apple.defaults:User Defaults] found no value for key UseNewAXBundleLoader in CFPrefsSearchListSource<0x10652c880> (Domain: com.apple.Accessibility, Container: (null) Non-launch persona: 0)
2026-04-10 23:22:28.928 Db EdotReactNavExample[66438:127923c] [com.apple.defaults:User Defaults] found no value for key UseNewAXBundleLoader in CFPrefsSearchListSource<0x1066b6180> (Domain: com.apple.Accessibility, Container: /Users/nonth/Library/Developer/CoreSimulator/Devices/B7E9BAD6-0C0D-41EE-BE0C-D49BF485382E/data Non-launch persona: 0)
2026-04-10 23:22:28.928 Db EdotReactNavExample[66438:127923c] [com.apple.defaults:User Defaults] found no value for key UseNewAXBundleLoader in CFPrefsSearchListSource<0x10652c880> (Domain: com.apple.Accessibility, Container: (null) Non-launch persona: 0)
2026-04-10 23:22:28.935 Db EdotReactNavExample[66438:12792c0] [com.apple.CFBundle:loading] dlfcn check load bundle CFBundle 0x1064df800 </Library/Developer/CoreSimulator/Volumes/iOS_23E244/Library/Developer/CoreSimulator/Profiles/Runtimes/iOS 26.4.simruntime/Contents/Resources/RuntimeRoot/System/Library/AccessibilityBundles/MediaPlayerFramework.axbundle> (not loaded), dlopen of /Library/Developer/CoreSimulator/Volumes/iOS_23E244/Library/Developer/CoreSimulator/Profiles/Runtimes/iOS 26.4.simruntime/Contents/Resources/RuntimeRoot/System/Library/AccessibilityBundles/MediaPlayerFramework.axbundle/MediaPlayerFramework mode 0x115 no handle
2026-04-10 23:22:28.943 Db EdotReactNavExample[66438:12792c0] [com.apple.CFBundle:loading] dlfcn load framework CFBundle 0x1064df800 </Library/Developer/CoreSimulator/Volumes/iOS_23E244/Library/Developer/CoreSimulator/Profiles/Runtimes/iOS 26.4.simruntime/Contents/Resources/RuntimeRoot/System/Library/AccessibilityBundles/MediaPlayerFramework.axbundle> (framework, not loaded), dlopen of /Library/Developer/CoreSimulator/Volumes/iOS_23E244/Library/Developer/CoreSimulator/Profiles/Runtimes/iOS 26.4.simruntime/Contents/Resources/RuntimeRoot/System/Library/AccessibilityBundles/MediaPlayerFramework.axbundle/MediaPlayerFramework mode 0x109 returns handle 0x166f2b1
2026-04-10 23:22:28.943 Db EdotReactNavExample[66438:12792c0] [com.apple.defaults:User Defaults] found no value for key UseNewAXBundleLoader in CFPrefsSearchListSource<0x1066b6180> (Domain: com.apple.Accessibility, Container: /Users/nonth/Library/Developer/CoreSimulator/Devices/B7E9BAD6-0C0D-41EE-BE0C-D49BF485382E/data Non-launch persona: 0)
2026-04-10 23:22:28.943 Db EdotReactNavExample[66438:12792c0] [com.apple.defaults:User Defaults] found no value for key UseNewAXBundleLoader in CFPrefsSearchListSource<0x10652c880> (Domain: com.apple.Accessibility, Container: (null) Non-launch persona: 0)
2026-04-10 23:22:28.943 Db EdotReactNavExample[66438:127923c] [com.apple.defaults:User Defaults] found no value for key UseNewAXBundleLoader in CFPrefsSearchListSource<0x1066b6180> (Domain: com.apple.Accessibility, Container: /Users/nonth/Library/Developer/CoreSimulator/Devices/B7E9BAD6-0C0D-41EE-BE0C-D49BF485382E/data Non-launch persona: 0)
2026-04-10 23:22:28.943 Db EdotReactNavExample[66438:127923c] [com.apple.defaults:User Defaults] found no value for key UseNewAXBundleLoader in CFPrefsSearchListSource<0x10652c880> (Domain: com.apple.Accessibility, Container: (null) Non-launch persona: 0)
2026-04-10 23:22:28.947 Db EdotReactNavExample[66438:12792c0] [com.apple.CFBundle:loading] dlfcn check load bundle CFBundle 0x1064df8e0 </Library/Developer/CoreSimulator/Volumes/iOS_23E244/Library/Developer/CoreSimulator/Profiles/Runtimes/iOS 26.4.simruntime/Contents/Resources/RuntimeRoot/System/Library/AccessibilityBundles/AssistantServices.axbundle> (not loaded), dlopen of /Library/Developer/CoreSimulator/Volumes/iOS_23E244/Library/Developer/CoreSimulator/Profiles/Runtimes/iOS 26.4.simruntime/Contents/Resources/RuntimeRoot/System/Library/AccessibilityBundles/AssistantServices.axbundle/AssistantServices mode 0x115 no handle
2026-04-10 23:22:28.955 Db EdotReactNavExample[66438:12792c0] [com.apple.CFBundle:loading] dlfcn load framework CFBundle 0x1064df8e0 </Library/Developer/CoreSimulator/Volumes/iOS_23E244/Library/Developer/CoreSimulator/Profiles/Runtimes/iOS 26.4.simruntime/Contents/Resources/RuntimeRoot/System/Library/AccessibilityBundles/AssistantServices.axbundle> (framework, not loaded), dlopen of /Library/Developer/CoreSimulator/Volumes/iOS_23E244/Library/Developer/CoreSimulator/Profiles/Runtimes/iOS 26.4.simruntime/Contents/Resources/RuntimeRoot/System/Library/AccessibilityBundles/AssistantServices.axbundle/AssistantServices mode 0x109 returns handle 0x166f671
2026-04-10 23:22:28.955 Db EdotReactNavExample[66438:12792c0] [com.apple.defaults:User Defaults] found no value for key UseNewAXBundleLoader in CFPrefsSearchListSource<0x1066b6180> (Domain: com.apple.Accessibility, Container: /Users/nonth/Library/Developer/CoreSimulator/Devices/B7E9BAD6-0C0D-41EE-BE0C-D49BF485382E/data Non-launch persona: 0)
2026-04-10 23:22:28.955 Db EdotReactNavExample[66438:12792c0] [com.apple.defaults:User Defaults] found no value for key UseNewAXBundleLoader in CFPrefsSearchListSource<0x10652c880> (Domain: com.apple.Accessibility, Container: (null) Non-launch persona: 0)
2026-04-10 23:22:28.955 Db EdotReactNavExample[66438:127923c] [com.apple.defaults:User Defaults] found no value for key UseNewAXBundleLoader in CFPrefsSearchListSource<0x1066b6180> (Domain: com.apple.Accessibility, Container: /Users/nonth/Library/Developer/CoreSimulator/Devices/B7E9BAD6-0C0D-41EE-BE0C-D49BF485382E/data Non-launch persona: 0)
2026-04-10 23:22:28.955 Db EdotReactNavExample[66438:127923c] [com.apple.defaults:User Defaults] found no value for key UseNewAXBundleLoader in CFPrefsSearchListSource<0x10652c880> (Domain: com.apple.Accessibility, Container: (null) Non-launch persona: 0)
2026-04-10 23:22:28.957 Db EdotReactNavExample[66438:12792c0] [com.apple.CFBundle:loading] dlfcn check load bundle CFBundle 0x1064dfc60 </Library/Developer/CoreSimulator/Volumes/iOS_23E244/Library/Developer/CoreSimulator/Profiles/Runtimes/iOS 26.4.simruntime/Contents/Resources/RuntimeRoot/System/Library/AccessibilityBundles/PDFKit.axbundle> (not loaded), dlopen of /Library/Developer/CoreSimulator/Volumes/iOS_23E244/Library/Developer/CoreSimulator/Profiles/Runtimes/iOS 26.4.simruntime/Contents/Resources/RuntimeRoot/System/Library/AccessibilityBundles/PDFKit.axbundle/PDFKit mode 0x115 no handle
2026-04-10 23:22:28.966 Db EdotReactNavExample[66438:12792c0] [com.apple.CFBundle:loading] dlfcn load framework CFBundle 0x1064dfc60 </Library/Developer/CoreSimulator/Volumes/iOS_23E244/Library/Developer/CoreSimulator/Profiles/Runtimes/iOS 26.4.simruntime/Contents/Resources/RuntimeRoot/System/Library/AccessibilityBundles/PDFKit.axbundle> (framework, not loaded), dlopen of /Library/Developer/CoreSimulator/Volumes/iOS_23E244/Library/Developer/CoreSimulator/Profiles/Runtimes/iOS 26.4.simruntime/Contents/Resources/RuntimeRoot/System/Library/AccessibilityBundles/PDFKit.axbundle/PDFKit mode 0x109 returns handle 0x166fa11
2026-04-10 23:22:28.966 Db EdotReactNavExample[66438:12792c0] [com.apple.defaults:User Defaults] found no value for key UseNewAXBundleLoader in CFPrefsSearchListSource<0x1066b6180> (Domain: com.apple.Accessibility, Container: /Users/nonth/Library/Developer/CoreSimulator/Devices/B7E9BAD6-0C0D-41EE-BE0C-D49BF485382E/data Non-launch persona: 0)
2026-04-10 23:22:28.966 Db EdotReactNavExample[66438:12792c0] [com.apple.defaults:User Defaults] found no value for key UseNewAXBundleLoader in CFPrefsSearchListSource<0x10652c880> (Domain: com.apple.Accessibility, Container: (null) Non-launch persona: 0)
2026-04-10 23:22:28.966 Db EdotReactNavExample[66438:127923c] [com.apple.defaults:User Defaults] found no value for key UseNewAXBundleLoader in CFPrefsSearchListSource<0x1066b6180> (Domain: com.apple.Accessibility, Container: /Users/nonth/Library/Developer/CoreSimulator/Devices/B7E9BAD6-0C0D-41EE-BE0C-D49BF485382E/data Non-launch persona: 0)
2026-04-10 23:22:28.966 Db EdotReactNavExample[66438:127923c] [com.apple.defaults:User Defaults] found no value for key UseNewAXBundleLoader in CFPrefsSearchListSource<0x10652c880> (Domain: com.apple.Accessibility, Container: (null) Non-launch persona: 0)
2026-04-10 23:22:28.968 Db EdotReactNavExample[66438:12792c0] [com.apple.CFBundle:loading] dlfcn check load bundle CFBundle 0x10af5c0e0 </Library/Developer/CoreSimulator/Volumes/iOS_23E244/Library/Developer/CoreSimulator/Profiles/Runtimes/iOS 26.4.simruntime/Contents/Resources/RuntimeRoot/System/Library/AccessibilityBundles/ProxCardKit.axbundle> (not loaded), dlopen of /Library/Developer/CoreSimulator/Volumes/iOS_23E244/Library/Developer/CoreSimulator/Profiles/Runtimes/iOS 26.4.simruntime/Contents/Resources/RuntimeRoot/System/Library/AccessibilityBundles/ProxCardKit.axbundle/ProxCardKit mode 0x115 no handle
2026-04-10 23:22:28.976 Db EdotReactNavExample[66438:12792c0] [com.apple.CFBundle:loading] dlfcn load framework CFBundle 0x10af5c0e0 </Library/Developer/CoreSimulator/Volumes/iOS_23E244/Library/Developer/CoreSimulator/Profiles/Runtimes/iOS 26.4.simruntime/Contents/Resources/RuntimeRoot/System/Library/AccessibilityBundles/ProxCardKit.axbundle> (framework, not loaded), dlopen of /Library/Developer/CoreSimulator/Volumes/iOS_23E244/Library/Developer/CoreSimulator/Profiles/Runtimes/iOS 26.4.simruntime/Contents/Resources/RuntimeRoot/System/Library/AccessibilityBundles/ProxCardKit.axbundle/ProxCardKit mode 0x109 returns handle 0x166fdc1
2026-04-10 23:22:28.976 Db EdotReactNavExample[66438:12792c0] [com.apple.defaults:User Defaults] found no value for key UseNewAXBundleLoader in CFPrefsSearchListSource<0x1066b6180> (Domain: com.apple.Accessibility, Container: /Users/nonth/Library/Developer/CoreSimulator/Devices/B7E9BAD6-0C0D-41EE-BE0C-D49BF485382E/data Non-launch persona: 0)
2026-04-10 23:22:28.976 Db EdotReactNavExample[66438:12792c0] [com.apple.defaults:User Defaults] found no value for key UseNewAXBundleLoader in CFPrefsSearchListSource<0x10652c880> (Domain: com.apple.Accessibility, Container: (null) Non-launch persona: 0)
2026-04-10 23:22:28.976 Db EdotReactNavExample[66438:127923c] [com.apple.defaults:User Defaults] found no value for key UseNewAXBundleLoader in CFPrefsSearchListSource<0x1066b6180> (Domain: com.apple.Accessibility, Container: /Users/nonth/Library/Developer/CoreSimulator/Devices/B7E9BAD6-0C0D-41EE-BE0C-D49BF485382E/data Non-launch persona: 0)
2026-04-10 23:22:28.976 Db EdotReactNavExample[66438:127923c] [com.apple.defaults:User Defaults] found no value for key UseNewAXBundleLoader in CFPrefsSearchListSource<0x10652c880> (Domain: com.apple.Accessibility, Container: (null) Non-launch persona: 0)
2026-04-10 23:22:28.979 Db EdotReactNavExample[66438:12792c0] [com.apple.CFBundle:loading] dlfcn check load bundle CFBundle 0x10af5c2a0 </Library/Developer/CoreSimulator/Volumes/iOS_23E244/Library/Developer/CoreSimulator/Profiles/Runtimes/iOS 26.4.simruntime/Contents/Resources/RuntimeRoot/System/Library/AccessibilityBundles/WebCore.axbundle> (not loaded), dlopen of /Library/Developer/CoreSimulator/Volumes/iOS_23E244/Library/Developer/CoreSimulator/Profiles/Runtimes/iOS 26.4.simruntime/Contents/Resources/RuntimeRoot/System/Library/AccessibilityBundles/WebCore.axbundle/WebCore mode 0x115 no handle
2026-04-10 23:22:28.987 Db EdotReactNavExample[66438:12792c0] [com.apple.CFBundle:loading] dlfcn load framework CFBundle 0x10af5c2a0 </Library/Developer/CoreSimulator/Volumes/iOS_23E244/Library/Developer/CoreSimulator/Profiles/Runtimes/iOS 26.4.simruntime/Contents/Resources/RuntimeRoot/System/Library/AccessibilityBundles/WebCore.axbundle> (framework, not loaded), dlopen of /Library/Developer/CoreSimulator/Volumes/iOS_23E244/Library/Developer/CoreSimulator/Profiles/Runtimes/iOS 26.4.simruntime/Contents/Resources/RuntimeRoot/System/Library/AccessibilityBundles/WebCore.axbundle/WebCore mode 0x109 returns handle 0x1660151
2026-04-10 23:22:28.987 Db EdotReactNavExample[66438:12792c0] [com.apple.defaults:User Defaults] found no value for key UseNewAXBundleLoader in CFPrefsSearchListSource<0x1066b6180> (Domain: com.apple.Accessibility, Container: /Users/nonth/Library/Developer/CoreSimulator/Devices/B7E9BAD6-0C0D-41EE-BE0C-D49BF485382E/data Non-launch persona: 0)
2026-04-10 23:22:28.987 Db EdotReactNavExample[66438:12792c0] [com.apple.defaults:User Defaults] found no value for key UseNewAXBundleLoader in CFPrefsSearchListSource<0x10652c880> (Domain: com.apple.Accessibility, Container: (null) Non-launch persona: 0)
2026-04-10 23:22:28.987 Db EdotReactNavExample[66438:127923c] [com.apple.defaults:User Defaults] found no value for key UseNewAXBundleLoader in CFPrefsSearchListSource<0x1066b6180> (Domain: com.apple.Accessibility, Container: /Users/nonth/Library/Developer/CoreSimulator/Devices/B7E9BAD6-0C0D-41EE-BE0C-D49BF485382E/data Non-launch persona: 0)
2026-04-10 23:22:28.987 Db EdotReactNavExample[66438:127923c] [com.apple.defaults:User Defaults] found no value for key UseNewAXBundleLoader in CFPrefsSearchListSource<0x10652c880> (Domain: com.apple.Accessibility, Container: (null) Non-launch persona: 0)
2026-04-10 23:22:28.988 Db EdotReactNavExample[66438:127923c] [com.apple.Accessibility:AXLoading] Accessibility Initialize Runtime Overrides
2026-04-10 23:22:28.989 Db EdotReactNavExample[66438:12792c0] [com.apple.CFBundle:loading] dlfcn check load bundle CFBundle 0x10af5c540 </Library/Developer/CoreSimulator/Volumes/iOS_23E244/Library/Developer/CoreSimulator/Profiles/Runtimes/iOS 26.4.simruntime/Contents/Resources/RuntimeRoot/System/Library/AccessibilityBundles/CameraEditKitFramework.axbundle> (not loaded), dlopen of /Library/Developer/CoreSimulator/Volumes/iOS_23E244/Library/Developer/CoreSimulator/Profiles/Runtimes/iOS 26.4.simruntime/Contents/Resources/RuntimeRoot/System/Library/AccessibilityBundles/CameraEditKitFramework.axbundle/CameraEditKitFramework mode 0x115 no handle
2026-04-10 23:22:28.997 Db EdotReactNavExample[66438:12792c0] [com.apple.CFBundle:loading] dlfcn load framework CFBundle 0x10af5c540 </Library/Developer/CoreSimulator/Volumes/iOS_23E244/Library/Developer/CoreSimulator/Profiles/Runtimes/iOS 26.4.simruntime/Contents/Resources/RuntimeRoot/System/Library/AccessibilityBundles/CameraEditKitFramework.axbundle> (framework, not loaded), dlopen of /Library/Developer/CoreSimulator/Volumes/iOS_23E244/Library/Developer/CoreSimulator/Profiles/Runtimes/iOS 26.4.simruntime/Contents/Resources/RuntimeRoot/System/Library/AccessibilityBundles/CameraEditKitFramework.axbundle/CameraEditKitFramework mode 0x109 returns handle 0x1660511
2026-04-10 23:22:28.997 Db EdotReactNavExample[66438:12792c0] [com.apple.defaults:User Defaults] found no value for key UseNewAXBundleLoader in CFPrefsSearchListSource<0x1066b6180> (Domain: com.apple.Accessibility, Container: /Users/nonth/Library/Developer/CoreSimulator/Devices/B7E9BAD6-0C0D-41EE-BE0C-D49BF485382E/data Non-launch persona: 0)
2026-04-10 23:22:28.997 Db EdotReactNavExample[66438:12792c0] [com.apple.defaults:User Defaults] found no value for key UseNewAXBundleLoader in CFPrefsSearchListSource<0x10652c880> (Domain: com.apple.Accessibility, Container: (null) Non-launch persona: 0)
2026-04-10 23:22:28.997 Db EdotReactNavExample[66438:127923c] [com.apple.defaults:User Defaults] found no value for key UseNewAXBundleLoader in CFPrefsSearchListSource<0x1066b6180> (Domain: com.apple.Accessibility, Container: /Users/nonth/Library/Developer/CoreSimulator/Devices/B7E9BAD6-0C0D-41EE-BE0C-D49BF485382E/data Non-launch persona: 0)
2026-04-10 23:22:28.997 Db EdotReactNavExample[66438:127923c] [com.apple.defaults:User Defaults] found no value for key UseNewAXBundleLoader in CFPrefsSearchListSource<0x10652c880> (Domain: com.apple.Accessibility, Container: (null) Non-launch persona: 0)
2026-04-10 23:22:29.002 Db EdotReactNavExample[66438:12792c0] [com.apple.CFBundle:loading] dlfcn check load bundle CFBundle 0x10af5c8c0 </Library/Developer/CoreSimulator/Volumes/iOS_23E244/Library/Developer/CoreSimulator/Profiles/Runtimes/iOS 26.4.simruntime/Contents/Resources/RuntimeRoot/System/Library/AccessibilityBundles/VisionKitCore.axbundle> (not loaded), dlopen of /Library/Developer/CoreSimulator/Volumes/iOS_23E244/Library/Developer/CoreSimulator/Profiles/Runtimes/iOS 26.4.simruntime/Contents/Resources/RuntimeRoot/System/Library/AccessibilityBundles/VisionKitCore.axbundle/VisionKitCore mode 0x115 no handle
2026-04-10 23:22:29.010 Db EdotReactNavExample[66438:12792c0] [com.apple.CFBundle:loading] dlfcn load framework CFBundle 0x10af5c8c0 </Library/Developer/CoreSimulator/Volumes/iOS_23E244/Library/Developer/CoreSimulator/Profiles/Runtimes/iOS 26.4.simruntime/Contents/Resources/RuntimeRoot/System/Library/AccessibilityBundles/VisionKitCore.axbundle> (framework, not loaded), dlopen of /Library/Developer/CoreSimulator/Volumes/iOS_23E244/Library/Developer/CoreSimulator/Profiles/Runtimes/iOS 26.4.simruntime/Contents/Resources/RuntimeRoot/System/Library/AccessibilityBundles/VisionKitCore.axbundle/VisionKitCore mode 0x109 returns handle 0x16608b1
2026-04-10 23:22:29.010 Db EdotReactNavExample[66438:12792c0] [com.apple.defaults:User Defaults] found no value for key UseNewAXBundleLoader in CFPrefsSearchListSource<0x1066b6180> (Domain: com.apple.Accessibility, Container: /Users/nonth/Library/Developer/CoreSimulator/Devices/B7E9BAD6-0C0D-41EE-BE0C-D49BF485382E/data Non-launch persona: 0)
2026-04-10 23:22:29.010 Db EdotReactNavExample[66438:12792c0] [com.apple.defaults:User Defaults] found no value for key UseNewAXBundleLoader in CFPrefsSearchListSource<0x10652c880> (Domain: com.apple.Accessibility, Container: (null) Non-launch persona: 0)
2026-04-10 23:22:29.010 Db EdotReactNavExample[66438:127923c] [com.apple.defaults:User Defaults] found no value for key UseNewAXBundleLoader in CFPrefsSearchListSource<0x1066b6180> (Domain: com.apple.Accessibility, Container: /Users/nonth/Library/Developer/CoreSimulator/Devices/B7E9BAD6-0C0D-41EE-BE0C-D49BF485382E/data Non-launch persona: 0)
2026-04-10 23:22:29.010 Db EdotReactNavExample[66438:127923c] [com.apple.defaults:User Defaults] found no value for key UseNewAXBundleLoader in CFPrefsSearchListSource<0x10652c880> (Domain: com.apple.Accessibility, Container: (null) Non-launch persona: 0)
2026-04-10 23:22:29.017 Db EdotReactNavExample[66438:12792c0] [com.apple.CFBundle:loading] dlfcn check load bundle CFBundle 0x10af5cb60 </Library/Developer/CoreSimulator/Volumes/iOS_23E244/Library/Developer/CoreSimulator/Profiles/Runtimes/iOS 26.4.simruntime/Contents/Resources/RuntimeRoot/System/Library/AccessibilityBundles/PhotoLibraryServices.axbundle> (not loaded), dlopen of /Library/Developer/CoreSimulator/Volumes/iOS_23E244/Library/Developer/CoreSimulator/Profiles/Runtimes/iOS 26.4.simruntime/Contents/Resources/RuntimeRoot/System/Library/AccessibilityBundles/PhotoLibraryServices.axbundle/PhotoLibraryServices mode 0x115 no handle
2026-04-10 23:22:29.025 Db EdotReactNavExample[66438:12792c0] [com.apple.CFBundle:loading] dlfcn load framework CFBundle 0x10af5cb60 </Library/Developer/CoreSimulator/Volumes/iOS_23E244/Library/Developer/CoreSimulator/Profiles/Runtimes/iOS 26.4.simruntime/Contents/Resources/RuntimeRoot/System/Library/AccessibilityBundles/PhotoLibraryServices.axbundle> (framework, not loaded), dlopen of /Library/Developer/CoreSimulator/Volumes/iOS_23E244/Library/Developer/CoreSimulator/Profiles/Runtimes/iOS 26.4.simruntime/Contents/Resources/RuntimeRoot/System/Library/AccessibilityBundles/PhotoLibraryServices.axbundle/PhotoLibraryServices mode 0x109 returns handle 0x1660c51
2026-04-10 23:22:29.025 Db EdotReactNavExample[66438:12792c0] [com.apple.defaults:User Defaults] found no value for key UseNewAXBundleLoader in CFPrefsSearchListSource<0x1066b6180> (Domain: com.apple.Accessibility, Container: /Users/nonth/Library/Developer/CoreSimulator/Devices/B7E9BAD6-0C0D-41EE-BE0C-D49BF485382E/data Non-launch persona: 0)
2026-04-10 23:22:29.025 Db EdotReactNavExample[66438:12792c0] [com.apple.defaults:User Defaults] found no value for key UseNewAXBundleLoader in CFPrefsSearchListSource<0x10652c880> (Domain: com.apple.Accessibility, Container: (null) Non-launch persona: 0)
2026-04-10 23:22:29.025 Db EdotReactNavExample[66438:127923c] [com.apple.defaults:User Defaults] found no value for key UseNewAXBundleLoader in CFPrefsSearchListSource<0x1066b6180> (Domain: com.apple.Accessibility, Container: /Users/nonth/Library/Developer/CoreSimulator/Devices/B7E9BAD6-0C0D-41EE-BE0C-D49BF485382E/data Non-launch persona: 0)
2026-04-10 23:22:29.025 Db EdotReactNavExample[66438:127923c] [com.apple.defaults:User Defaults] found no value for key UseNewAXBundleLoader in CFPrefsSearchListSource<0x10652c880> (Domain: com.apple.Accessibility, Container: (null) Non-launch persona: 0)
2026-04-10 23:22:29.027 Db EdotReactNavExample[66438:12792c0] [com.apple.CFBundle:loading] dlfcn check load bundle CFBundle 0x10af5ce00 </Library/Developer/CoreSimulator/Volumes/iOS_23E244/Library/Developer/CoreSimulator/Profiles/Runtimes/iOS 26.4.simruntime/Contents/Resources/RuntimeRoot/System/Library/AccessibilityBundles/ContactsAutocompleteUI.axbundle> (not loaded), dlopen of /Library/Developer/CoreSimulator/Volumes/iOS_23E244/Library/Developer/CoreSimulator/Profiles/Runtimes/iOS 26.4.simruntime/Contents/Resources/RuntimeRoot/System/Library/AccessibilityBundles/ContactsAutocompleteUI.axbundle/ContactsAutocompleteUI mode 0x115 no handle
2026-04-10 23:22:29.036 Db EdotReactNavExample[66438:12792c0] [com.apple.CFBundle:loading] dlfcn load framework CFBundle 0x10af5ce00 </Library/Developer/CoreSimulator/Volumes/iOS_23E244/Library/Developer/CoreSimulator/Profiles/Runtimes/iOS 26.4.simruntime/Contents/Resources/RuntimeRoot/System/Library/AccessibilityBundles/ContactsAutocompleteUI.axbundle> (framework, not loaded), dlopen of /Library/Developer/CoreSimulator/Volumes/iOS_23E244/Library/Developer/CoreSimulator/Profiles/Runtimes/iOS 26.4.simruntime/Contents/Resources/RuntimeRoot/System/Library/AccessibilityBundles/ContactsAutocompleteUI.axbundle/ContactsAutocompleteUI mode 0x109 returns handle 0x1661001
2026-04-10 23:22:29.036 Db EdotReactNavExample[66438:12792c0] [com.apple.defaults:User Defaults] found no value for key UseNewAXBundleLoader in CFPrefsSearchListSource<0x1066b6180> (Domain: com.apple.Accessibility, Container: /Users/nonth/Library/Developer/CoreSimulator/Devices/B7E9BAD6-0C0D-41EE-BE0C-D49BF485382E/data Non-launch persona: 0)
2026-04-10 23:22:29.036 Db EdotReactNavExample[66438:12792c0] [com.apple.defaults:User Defaults] found no value for key UseNewAXBundleLoader in CFPrefsSearchListSource<0x10652c880> (Domain: com.apple.Accessibility, Container: (null) Non-launch persona: 0)
2026-04-10 23:22:29.036 Db EdotReactNavExample[66438:127923c] [com.apple.defaults:User Defaults] found no value for key UseNewAXBundleLoader in CFPrefsSearchListSource<0x1066b6180> (Domain: com.apple.Accessibility, Container: /Users/nonth/Library/Developer/CoreSimulator/Devices/B7E9BAD6-0C0D-41EE-BE0C-D49BF485382E/data Non-launch persona: 0)
2026-04-10 23:22:29.036 Db EdotReactNavExample[66438:127923c] [com.apple.defaults:User Defaults] found no value for key UseNewAXBundleLoader in CFPrefsSearchListSource<0x10652c880> (Domain: com.apple.Accessibility, Container: (null) Non-launch persona: 0)
2026-04-10 23:22:29.038 Db EdotReactNavExample[66438:12792c0] [com.apple.CFBundle:loading] dlfcn check load bundle CFBundle 0x10af5d0a0 </Library/Developer/CoreSimulator/Volumes/iOS_23E244/Library/Developer/CoreSimulator/Profiles/Runtimes/iOS 26.4.simruntime/Contents/Resources/RuntimeRoot/System/Library/AccessibilityBundles/LocalAuthenticationPrivateUI.axbundle> (not loaded), dlopen of /Library/Developer/CoreSimulator/Volumes/iOS_23E244/Library/Developer/CoreSimulator/Profiles/Runtimes/iOS 26.4.simruntime/Contents/Resources/RuntimeRoot/System/Library/AccessibilityBundles/LocalAuthenticationPrivateUI.axbundle/LocalAuthenticationPrivateUI mode 0x115 no handle
2026-04-10 23:22:29.046 Db EdotReactNavExample[66438:12792c0] [com.apple.CFBundle:loading] dlfcn load framework CFBundle 0x10af5d0a0 </Library/Developer/CoreSimulator/Volumes/iOS_23E244/Library/Developer/CoreSimulator/Profiles/Runtimes/iOS 26.4.simruntime/Contents/Resources/RuntimeRoot/System/Library/AccessibilityBundles/LocalAuthenticationPrivateUI.axbundle> (framework, not loaded), dlopen of /Library/Developer/CoreSimulator/Volumes/iOS_23E244/Library/Developer/CoreSimulator/Profiles/Runtimes/iOS 26.4.simruntime/Contents/Resources/RuntimeRoot/System/Library/AccessibilityBundles/LocalAuthenticationPrivateUI.axbundle/LocalAuthenticationPrivateUI mode 0x109 returns handle 0x16613b1
2026-04-10 23:22:29.046 Db EdotReactNavExample[66438:12792c0] [com.apple.defaults:User Defaults] found no value for key UseNewAXBundleLoader in CFPrefsSearchListSource<0x1066b6180> (Domain: com.apple.Accessibility, Container: /Users/nonth/Library/Developer/CoreSimulator/Devices/B7E9BAD6-0C0D-41EE-BE0C-D49BF485382E/data Non-launch persona: 0)
2026-04-10 23:22:29.046 Db EdotReactNavExample[66438:12792c0] [com.apple.defaults:User Defaults] found no value for key UseNewAXBundleLoader in CFPrefsSearchListSource<0x10652c880> (Domain: com.apple.Accessibility, Container: (null) Non-launch persona: 0)
2026-04-10 23:22:29.046 Db EdotReactNavExample[66438:127923c] [com.apple.defaults:User Defaults] found no value for key UseNewAXBundleLoader in CFPrefsSearchListSource<0x1066b6180> (Domain: com.apple.Accessibility, Container: /Users/nonth/Library/Developer/CoreSimulator/Devices/B7E9BAD6-0C0D-41EE-BE0C-D49BF485382E/data Non-launch persona: 0)
2026-04-10 23:22:29.046 Db EdotReactNavExample[66438:127923c] [com.apple.defaults:User Defaults] found no value for key UseNewAXBundleLoader in CFPrefsSearchListSource<0x10652c880> (Domain: com.apple.Accessibility, Container: (null) Non-launch persona: 0)
2026-04-10 23:22:29.049 Db EdotReactNavExample[66438:12792c0] [com.apple.CFBundle:loading] dlfcn check load bundle CFBundle 0x10af5d340 </Library/Developer/CoreSimulator/Volumes/iOS_23E244/Library/Developer/CoreSimulator/Profiles/Runtimes/iOS 26.4.simruntime/Contents/Resources/RuntimeRoot/System/Library/AccessibilityBundles/Pegasus.axbundle> (not loaded), dlopen of /Library/Developer/CoreSimulator/Volumes/iOS_23E244/Library/Developer/CoreSimulator/Profiles/Runtimes/iOS 26.4.simruntime/Contents/Resources/RuntimeRoot/System/Library/AccessibilityBundles/Pegasus.axbundle/Pegasus mode 0x115 no handle
2026-04-10 23:22:29.057 Db EdotReactNavExample[66438:12792c0] [com.apple.CFBundle:loading] dlfcn load framework CFBundle 0x10af5d340 </Library/Developer/CoreSimulator/Volumes/iOS_23E244/Library/Developer/CoreSimulator/Profiles/Runtimes/iOS 26.4.simruntime/Contents/Resources/RuntimeRoot/System/Library/AccessibilityBundles/Pegasus.axbundle> (framework, not loaded), dlopen of /Library/Developer/CoreSimulator/Volumes/iOS_23E244/Library/Developer/CoreSimulator/Profiles/Runtimes/iOS 26.4.simruntime/Contents/Resources/RuntimeRoot/System/Library/AccessibilityBundles/Pegasus.axbundle/Pegasus mode 0x109 returns handle 0x1661761
2026-04-10 23:22:29.057 Db EdotReactNavExample[66438:12792c0] [com.apple.defaults:User Defaults] found no value for key UseNewAXBundleLoader in CFPrefsSearchListSource<0x1066b6180> (Domain: com.apple.Accessibility, Container: /Users/nonth/Library/Developer/CoreSimulator/Devices/B7E9BAD6-0C0D-41EE-BE0C-D49BF485382E/data Non-launch persona: 0)
2026-04-10 23:22:29.057 Db EdotReactNavExample[66438:12792c0] [com.apple.defaults:User Defaults] found no value for key UseNewAXBundleLoader in CFPrefsSearchListSource<0x10652c880> (Domain: com.apple.Accessibility, Container: (null) Non-launch persona: 0)
2026-04-10 23:22:29.057 Db EdotReactNavExample[66438:127923c] [com.apple.defaults:User Defaults] found no value for key UseNewAXBundleLoader in CFPrefsSearchListSource<0x1066b6180> (Domain: com.apple.Accessibility, Container: /Users/nonth/Library/Developer/CoreSimulator/Devices/B7E9BAD6-0C0D-41EE-BE0C-D49BF485382E/data Non-launch persona: 0)
2026-04-10 23:22:29.057 Db EdotReactNavExample[66438:127923c] [com.apple.defaults:User Defaults] found no value for key UseNewAXBundleLoader in CFPrefsSearchListSource<0x10652c880> (Domain: com.apple.Accessibility, Container: (null) Non-launch persona: 0)
2026-04-10 23:22:29.059 Db EdotReactNavExample[66438:12792c0] [com.apple.CFBundle:loading] dlfcn check load bundle CFBundle 0x10af5d500 </Library/Developer/CoreSimulator/Volumes/iOS_23E244/Library/Developer/CoreSimulator/Profiles/Runtimes/iOS 26.4.simruntime/Contents/Resources/RuntimeRoot/System/Library/AccessibilityBundles/MobileSafariFramework.axbundle> (not loaded), dlopen of /Library/Developer/CoreSimulator/Volumes/iOS_23E244/Library/Developer/CoreSimulator/Profiles/Runtimes/iOS 26.4.simruntime/Contents/Resources/RuntimeRoot/System/Library/AccessibilityBundles/MobileSafariFramework.axbundle/MobileSafariFramework mode 0x115 no handle
2026-04-10 23:22:29.067 Db EdotReactNavExample[66438:12792c0] [com.apple.CFBundle:loading] dlfcn load framework CFBundle 0x10af5d500 </Library/Developer/CoreSimulator/Volumes/iOS_23E244/Library/Developer/CoreSimulator/Profiles/Runtimes/iOS 26.4.simruntime/Contents/Resources/RuntimeRoot/System/Library/AccessibilityBundles/MobileSafariFramework.axbundle> (framework, not loaded), dlopen of /Library/Developer/CoreSimulator/Volumes/iOS_23E244/Library/Developer/CoreSimulator/Profiles/Runtimes/iOS 26.4.simruntime/Contents/Resources/RuntimeRoot/System/Library/AccessibilityBundles/MobileSafariFramework.axbundle/MobileSafariFramework mode 0x109 returns handle 0x1661b01
2026-04-10 23:22:29.068 Db EdotReactNavExample[66438:12792c0] [com.apple.defaults:User Defaults] found no value for key UseNewAXBundleLoader in CFPrefsSearchListSource<0x1066b6180> (Domain: com.apple.Accessibility, Container: /Users/nonth/Library/Developer/CoreSimulator/Devices/B7E9BAD6-0C0D-41EE-BE0C-D49BF485382E/data Non-launch persona: 0)
2026-04-10 23:22:29.068 Db EdotReactNavExample[66438:12792c0] [com.apple.defaults:User Defaults] found no value for key UseNewAXBundleLoader in CFPrefsSearchListSource<0x10652c880> (Domain: com.apple.Accessibility, Container: (null) Non-launch persona: 0)
2026-04-10 23:22:29.068 Db EdotReactNavExample[66438:127923c] [com.apple.defaults:User Defaults] found no value for key UseNewAXBundleLoader in CFPrefsSearchListSource<0x1066b6180> (Domain: com.apple.Accessibility, Container: /Users/nonth/Library/Developer/CoreSimulator/Devices/B7E9BAD6-0C0D-41EE-BE0C-D49BF485382E/data Non-launch persona: 0)
2026-04-10 23:22:29.068 Db EdotReactNavExample[66438:127923c] [com.apple.defaults:User Defaults] found no value for key UseNewAXBundleLoader in CFPrefsSearchListSource<0x10652c880> (Domain: com.apple.Accessibility, Container: (null) Non-launch persona: 0)
2026-04-10 23:22:29.070 Db EdotReactNavExample[66438:12792c0] [com.apple.CFBundle:loading] dlfcn check load bundle CFBundle 0x10af5d5e0 </Library/Developer/CoreSimulator/Volumes/iOS_23E244/Library/Developer/CoreSimulator/Profiles/Runtimes/iOS 26.4.simruntime/Contents/Resources/RuntimeRoot/System/Library/AccessibilityBundles/ShareSheet.axbundle> (not loaded), dlopen of /Library/Developer/CoreSimulator/Volumes/iOS_23E244/Library/Developer/CoreSimulator/Profiles/Runtimes/iOS 26.4.simruntime/Contents/Resources/RuntimeRoot/System/Library/AccessibilityBundles/ShareSheet.axbundle/ShareSheet mode 0x115 no handle
2026-04-10 23:22:29.078 Db EdotReactNavExample[66438:12792c0] [com.apple.CFBundle:loading] dlfcn load framework CFBundle 0x10af5d5e0 </Library/Developer/CoreSimulator/Volumes/iOS_23E244/Library/Developer/CoreSimulator/Profiles/Runtimes/iOS 26.4.simruntime/Contents/Resources/RuntimeRoot/System/Library/AccessibilityBundles/ShareSheet.axbundle> (framework, not loaded), dlopen of /Library/Developer/CoreSimulator/Volumes/iOS_23E244/Library/Developer/CoreSimulator/Profiles/Runtimes/iOS 26.4.simruntime/Contents/Resources/RuntimeRoot/System/Library/AccessibilityBundles/ShareSheet.axbundle/ShareSheet mode 0x109 returns handle 0x1661ec1
2026-04-10 23:22:29.078 Db EdotReactNavExample[66438:12792c0] [com.apple.defaults:User Defaults] found no value for key UseNewAXBundleLoader in CFPrefsSearchListSource<0x1066b6180> (Domain: com.apple.Accessibility, Container: /Users/nonth/Library/Developer/CoreSimulator/Devices/B7E9BAD6-0C0D-41EE-BE0C-D49BF485382E/data Non-launch persona: 0)
2026-04-10 23:22:29.078 Db EdotReactNavExample[66438:12792c0] [com.apple.defaults:User Defaults] found no value for key UseNewAXBundleLoader in CFPrefsSearchListSource<0x10652c880> (Domain: com.apple.Accessibility, Container: (null) Non-launch persona: 0)
2026-04-10 23:22:29.078 Db EdotReactNavExample[66438:127923c] [com.apple.defaults:User Defaults] found no value for key UseNewAXBundleLoader in CFPrefsSearchListSource<0x1066b6180> (Domain: com.apple.Accessibility, Container: /Users/nonth/Library/Developer/CoreSimulator/Devices/B7E9BAD6-0C0D-41EE-BE0C-D49BF485382E/data Non-launch persona: 0)
2026-04-10 23:22:29.078 Db EdotReactNavExample[66438:127923c] [com.apple.defaults:User Defaults] found no value for key UseNewAXBundleLoader in CFPrefsSearchListSource<0x10652c880> (Domain: com.apple.Accessibility, Container: (null) Non-launch persona: 0)
2026-04-10 23:22:29.081 Db EdotReactNavExample[66438:12792c0] [com.apple.CFBundle:loading] dlfcn check load bundle CFBundle 0x10af5d880 </Library/Developer/CoreSimulator/Volumes/iOS_23E244/Library/Developer/CoreSimulator/Profiles/Runtimes/iOS 26.4.simruntime/Contents/Resources/RuntimeRoot/System/Library/AccessibilityBundles/TelephonyUIFramework.axbundle> (not loaded), dlopen of /Library/Developer/CoreSimulator/Volumes/iOS_23E244/Library/Developer/CoreSimulator/Profiles/Runtimes/iOS 26.4.simruntime/Contents/Resources/RuntimeRoot/System/Library/AccessibilityBundles/TelephonyUIFramework.axbundle/TelephonyUIFramework mode 0x115 no handle
2026-04-10 23:22:29.089 Db EdotReactNavExample[66438:12792c0] [com.apple.CFBundle:loading] dlfcn load framework CFBundle 0x10af5d880 </Library/Developer/CoreSimulator/Volumes/iOS_23E244/Library/Developer/CoreSimulator/Profiles/Runtimes/iOS 26.4.simruntime/Contents/Resources/RuntimeRoot/System/Library/AccessibilityBundles/TelephonyUIFramework.axbundle> (framework, not loaded), dlopen of /Library/Developer/CoreSimulator/Volumes/iOS_23E244/Library/Developer/CoreSimulator/Profiles/Runtimes/iOS 26.4.simruntime/Contents/Resources/RuntimeRoot/System/Library/AccessibilityBundles/TelephonyUIFramework.axbundle/TelephonyUIFramework mode 0x109 returns handle 0x1662251
2026-04-10 23:22:29.089 Db EdotReactNavExample[66438:12792c0] [com.apple.defaults:User Defaults] found no value for key UseNewAXBundleLoader in CFPrefsSearchListSource<0x1066b6180> (Domain: com.apple.Accessibility, Container: /Users/nonth/Library/Developer/CoreSimulator/Devices/B7E9BAD6-0C0D-41EE-BE0C-D49BF485382E/data Non-launch persona: 0)
2026-04-10 23:22:29.089 Db EdotReactNavExample[66438:12792c0] [com.apple.defaults:User Defaults] found no value for key UseNewAXBundleLoader in CFPrefsSearchListSource<0x10652c880> (Domain: com.apple.Accessibility, Container: (null) Non-launch persona: 0)
2026-04-10 23:22:29.090 Db EdotReactNavExample[66438:127923c] [com.apple.defaults:User Defaults] found no value for key UseNewAXBundleLoader in CFPrefsSearchListSource<0x1066b6180> (Domain: com.apple.Accessibility, Container: /Users/nonth/Library/Developer/CoreSimulator/Devices/B7E9BAD6-0C0D-41EE-BE0C-D49BF485382E/data Non-launch persona: 0)
2026-04-10 23:22:29.090 Db EdotReactNavExample[66438:127923c] [com.apple.defaults:User Defaults] found no value for key UseNewAXBundleLoader in CFPrefsSearchListSource<0x10652c880> (Domain: com.apple.Accessibility, Container: (null) Non-launch persona: 0)
2026-04-10 23:22:29.092 Db EdotReactNavExample[66438:12792c0] [com.apple.CFBundle:loading] dlfcn check load bundle CFBundle 0x10af5da40 </Library/Developer/CoreSimulator/Volumes/iOS_23E244/Library/Developer/CoreSimulator/Profiles/Runtimes/iOS 26.4.simruntime/Contents/Resources/RuntimeRoot/System/Library/AccessibilityBundles/SwiftUI.axbundle> (not loaded), dlopen of /Library/Developer/CoreSimulator/Volumes/iOS_23E244/Library/Developer/CoreSimulator/Profiles/Runtimes/iOS 26.4.simruntime/Contents/Resources/RuntimeRoot/System/Library/AccessibilityBundles/SwiftUI.axbundle/SwiftUI mode 0x115 no handle
2026-04-10 23:22:29.100 Db EdotReactNavExample[66438:12792c0] [com.apple.CFBundle:loading] dlfcn load framework CFBundle 0x10af5da40 </Library/Developer/CoreSimulator/Volumes/iOS_23E244/Library/Developer/CoreSimulator/Profiles/Runtimes/iOS 26.4.simruntime/Contents/Resources/RuntimeRoot/System/Library/AccessibilityBundles/SwiftUI.axbundle> (framework, not loaded), dlopen of /Library/Developer/CoreSimulator/Volumes/iOS_23E244/Library/Developer/CoreSimulator/Profiles/Runtimes/iOS 26.4.simruntime/Contents/Resources/RuntimeRoot/System/Library/AccessibilityBundles/SwiftUI.axbundle/SwiftUI mode 0x109 returns handle 0x1662601
2026-04-10 23:22:29.100 Db EdotReactNavExample[66438:12792c0] [com.apple.defaults:User Defaults] found no value for key UseNewAXBundleLoader in CFPrefsSearchListSource<0x1066b6180> (Domain: com.apple.Accessibility, Container: /Users/nonth/Library/Developer/CoreSimulator/Devices/B7E9BAD6-0C0D-41EE-BE0C-D49BF485382E/data Non-launch persona: 0)
2026-04-10 23:22:29.100 Db EdotReactNavExample[66438:12792c0] [com.apple.defaults:User Defaults] found no value for key UseNewAXBundleLoader in CFPrefsSearchListSource<0x10652c880> (Domain: com.apple.Accessibility, Container: (null) Non-launch persona: 0)
2026-04-10 23:22:29.100 Db EdotReactNavExample[66438:127923c] [com.apple.defaults:User Defaults] found no value for key UseNewAXBundleLoader in CFPrefsSearchListSource<0x1066b6180> (Domain: com.apple.Accessibility, Container: /Users/nonth/Library/Developer/CoreSimulator/Devices/B7E9BAD6-0C0D-41EE-BE0C-D49BF485382E/data Non-launch persona: 0)
2026-04-10 23:22:29.100 Db EdotReactNavExample[66438:127923c] [com.apple.defaults:User Defaults] found no value for key UseNewAXBundleLoader in CFPrefsSearchListSource<0x10652c880> (Domain: com.apple.Accessibility, Container: (null) Non-launch persona: 0)
2026-04-10 23:22:29.101 Db EdotReactNavExample[66438:12792c0] [com.apple.CFBundle:loading] dlfcn check load bundle CFBundle 0x10af5dc00 </Library/Developer/CoreSimulator/Volumes/iOS_23E244/Library/Developer/CoreSimulator/Profiles/Runtimes/iOS 26.4.simruntime/Contents/Resources/RuntimeRoot/System/Library/AccessibilityBundles/BannerKit.axbundle> (not loaded), dlopen of /Library/Developer/CoreSimulator/Volumes/iOS_23E244/Library/Developer/CoreSimulator/Profiles/Runtimes/iOS 26.4.simruntime/Contents/Resources/RuntimeRoot/System/Library/AccessibilityBundles/BannerKit.axbundle/BannerKit mode 0x115 no handle
2026-04-10 23:22:29.109 Db EdotReactNavExample[66438:12792c0] [com.apple.CFBundle:loading] dlfcn load framework CFBundle 0x10af5dc00 </Library/Developer/CoreSimulator/Volumes/iOS_23E244/Library/Developer/CoreSimulator/Profiles/Runtimes/iOS 26.4.simruntime/Contents/Resources/RuntimeRoot/System/Library/AccessibilityBundles/BannerKit.axbundle> (framework, not loaded), dlopen of /Library/Developer/CoreSimulator/Volumes/iOS_23E244/Library/Developer/CoreSimulator/Profiles/Runtimes/iOS 26.4.simruntime/Contents/Resources/RuntimeRoot/System/Library/AccessibilityBundles/BannerKit.axbundle/BannerKit mode 0x109 returns handle 0x1662991
2026-04-10 23:22:29.109 Db EdotReactNavExample[66438:12792c0] [com.apple.defaults:User Defaults] found no value for key UseNewAXBundleLoader in CFPrefsSearchListSource<0x1066b6180> (Domain: com.apple.Accessibility, Container: /Users/nonth/Library/Developer/CoreSimulator/Devices/B7E9BAD6-0C0D-41EE-BE0C-D49BF485382E/data Non-launch persona: 0)
2026-04-10 23:22:29.109 Db EdotReactNavExample[66438:12792c0] [com.apple.defaults:User Defaults] found no value for key UseNewAXBundleLoader in CFPrefsSearchListSource<0x10652c880> (Domain: com.apple.Accessibility, Container: (null) Non-launch persona: 0)
2026-04-10 23:22:29.110 Db EdotReactNavExample[66438:127923c] [com.apple.defaults:User Defaults] found no value for key UseNewAXBundleLoader in CFPrefsSearchListSource<0x1066b6180> (Domain: com.apple.Accessibility, Container: /Users/nonth/Library/Developer/CoreSimulator/Devices/B7E9BAD6-0C0D-41EE-BE0C-D49BF485382E/data Non-launch persona: 0)
2026-04-10 23:22:29.110 Db EdotReactNavExample[66438:127923c] [com.apple.defaults:User Defaults] found no value for key UseNewAXBundleLoader in CFPrefsSearchListSource<0x10652c880> (Domain: com.apple.Accessibility, Container: (null) Non-launch persona: 0)
2026-04-10 23:22:29.111 Db EdotReactNavExample[66438:12792c0] [com.apple.CFBundle:loading] dlfcn check load bundle CFBundle 0x10af5dce0 </Library/Developer/CoreSimulator/Volumes/iOS_23E244/Library/Developer/CoreSimulator/Profiles/Runtimes/iOS 26.4.simruntime/Contents/Resources/RuntimeRoot/System/Library/AccessibilityBundles/SearchFoundation.axbundle> (not loaded), dlopen of /Library/Developer/CoreSimulator/Volumes/iOS_23E244/Library/Developer/CoreSimulator/Profiles/Runtimes/iOS 26.4.simruntime/Contents/Resources/RuntimeRoot/System/Library/AccessibilityBundles/SearchFoundation.axbundle/SearchFoundation mode 0x115 no handle
2026-04-10 23:22:29.119 Db EdotReactNavExample[66438:12792c0] [com.apple.CFBundle:loading] dlfcn load framework CFBundle 0x10af5dce0 </Library/Developer/CoreSimulator/Volumes/iOS_23E244/Library/Developer/CoreSimulator/Profiles/Runtimes/iOS 26.4.simruntime/Contents/Resources/RuntimeRoot/System/Library/AccessibilityBundles/SearchFoundation.axbundle> (framework, not loaded), dlopen of /Library/Developer/CoreSimulator/Volumes/iOS_23E244/Library/Developer/CoreSimulator/Profiles/Runtimes/iOS 26.4.simruntime/Contents/Resources/RuntimeRoot/System/Library/AccessibilityBundles/SearchFoundation.axbundle/SearchFoundation mode 0x109 returns handle 0x1662d21
2026-04-10 23:22:29.119 Db EdotReactNavExample[66438:12792c0] [com.apple.defaults:User Defaults] found no value for key UseNewAXBundleLoader in CFPrefsSearchListSource<0x1066b6180> (Domain: com.apple.Accessibility, Container: /Users/nonth/Library/Developer/CoreSimulator/Devices/B7E9BAD6-0C0D-41EE-BE0C-D49BF485382E/data Non-launch persona: 0)
2026-04-10 23:22:29.119 Db EdotReactNavExample[66438:12792c0] [com.apple.defaults:User Defaults] found no value for key UseNewAXBundleLoader in CFPrefsSearchListSource<0x10652c880> (Domain: com.apple.Accessibility, Container: (null) Non-launch persona: 0)
2026-04-10 23:22:29.119 Db EdotReactNavExample[66438:127923c] [com.apple.defaults:User Defaults] found no value for key UseNewAXBundleLoader in CFPrefsSearchListSource<0x1066b6180> (Domain: com.apple.Accessibility, Container: /Users/nonth/Library/Developer/CoreSimulator/Devices/B7E9BAD6-0C0D-41EE-BE0C-D49BF485382E/data Non-launch persona: 0)
2026-04-10 23:22:29.119 Db EdotReactNavExample[66438:127923c] [com.apple.defaults:User Defaults] found no value for key UseNewAXBundleLoader in CFPrefsSearchListSource<0x10652c880> (Domain: com.apple.Accessibility, Container: (null) Non-launch persona: 0)
2026-04-10 23:22:29.120 Db EdotReactNavExample[66438:12792c0] [com.apple.CFBundle:loading] dlfcn check load bundle CFBundle 0x10af5ddc0 </Library/Developer/CoreSimulator/Volumes/iOS_23E244/Library/Developer/CoreSimulator/Profiles/Runtimes/iOS 26.4.simruntime/Contents/Resources/RuntimeRoot/System/Library/AccessibilityBundles/AuthenticationServices.axbundle> (not loaded), dlopen of /Library/Developer/CoreSimulator/Volumes/iOS_23E244/Library/Developer/CoreSimulator/Profiles/Runtimes/iOS 26.4.simruntime/Contents/Resources/RuntimeRoot/System/Library/AccessibilityBundles/AuthenticationServices.axbundle/AuthenticationServices mode 0x115 no handle
2026-04-10 23:22:29.128 Db EdotReactNavExample[66438:12792c0] [com.apple.CFBundle:loading] dlfcn load framework CFBundle 0x10af5ddc0 </Library/Developer/CoreSimulator/Volumes/iOS_23E244/Library/Developer/CoreSimulator/Profiles/Runtimes/iOS 26.4.simruntime/Contents/Resources/RuntimeRoot/System/Library/AccessibilityBundles/AuthenticationServices.axbundle> (framework, not loaded), dlopen of /Library/Developer/CoreSimulator/Volumes/iOS_23E244/Library/Developer/CoreSimulator/Profiles/Runtimes/iOS 26.4.simruntime/Contents/Resources/RuntimeRoot/System/Library/AccessibilityBundles/AuthenticationServices.axbundle/AuthenticationServices mode 0x109 returns handle 0x16630b1
2026-04-10 23:22:29.128 Db EdotReactNavExample[66438:12792c0] [com.apple.defaults:User Defaults] found no value for key UseNewAXBundleLoader in CFPrefsSearchListSource<0x1066b6180> (Domain: com.apple.Accessibility, Container: /Users/nonth/Library/Developer/CoreSimulator/Devices/B7E9BAD6-0C0D-41EE-BE0C-D49BF485382E/data Non-launch persona: 0)
2026-04-10 23:22:29.128 Db EdotReactNavExample[66438:12792c0] [com.apple.defaults:User Defaults] found no value for key UseNewAXBundleLoader in CFPrefsSearchListSource<0x10652c880> (Domain: com.apple.Accessibility, Container: (null) Non-launch persona: 0)
2026-04-10 23:22:29.128 Db EdotReactNavExample[66438:127923c] [com.apple.defaults:User Defaults] found no value for key UseNewAXBundleLoader in CFPrefsSearchListSource<0x1066b6180> (Domain: com.apple.Accessibility, Container: /Users/nonth/Library/Developer/CoreSimulator/Devices/B7E9BAD6-0C0D-41EE-BE0C-D49BF485382E/data Non-launch persona: 0)
2026-04-10 23:22:29.128 Db EdotReactNavExample[66438:127923c] [com.apple.defaults:User Defaults] found no value for key UseNewAXBundleLoader in CFPrefsSearchListSource<0x10652c880> (Domain: com.apple.Accessibility, Container: (null) Non-launch persona: 0)
2026-04-10 23:22:29.130 Db EdotReactNavExample[66438:12792c0] [com.apple.CFBundle:loading] dlfcn check load bundle CFBundle 0x10af5df80 </Library/Developer/CoreSimulator/Volumes/iOS_23E244/Library/Developer/CoreSimulator/Profiles/Runtimes/iOS 26.4.simruntime/Contents/Resources/RuntimeRoot/System/Library/AccessibilityBundles/WebKit.axbundle> (not loaded), dlopen of /Library/Developer/CoreSimulator/Volumes/iOS_23E244/Library/Developer/CoreSimulator/Profiles/Runtimes/iOS 26.4.simruntime/Contents/Resources/RuntimeRoot/System/Library/AccessibilityBundles/WebKit.axbundle/WebKit mode 0x115 no handle
2026-04-10 23:22:29.139 Db EdotReactNavExample[66438:12792c0] [com.apple.CFBundle:loading] dlfcn load framework CFBundle 0x10af5df80 </Library/Developer/CoreSimulator/Volumes/iOS_23E244/Library/Developer/CoreSimulator/Profiles/Runtimes/iOS 26.4.simruntime/Contents/Resources/RuntimeRoot/System/Library/AccessibilityBundles/WebKit.axbundle> (framework, not loaded), dlopen of /Library/Developer/CoreSimulator/Volumes/iOS_23E244/Library/Developer/CoreSimulator/Profiles/Runtimes/iOS 26.4.simruntime/Contents/Resources/RuntimeRoot/System/Library/AccessibilityBundles/WebKit.axbundle/WebKit mode 0x109 returns handle 0x166b571
2026-04-10 23:22:29.139 Db EdotReactNavExample[66438:12792c0] [com.apple.defaults:User Defaults] found no value for key UseNewAXBundleLoader in CFPrefsSearchListSource<0x1066b6180> (Domain: com.apple.Accessibility, Container: /Users/nonth/Library/Developer/CoreSimulator/Devices/B7E9BAD6-0C0D-41EE-BE0C-D49BF485382E/data Non-launch persona: 0)
2026-04-10 23:22:29.139 Db EdotReactNavExample[66438:12792c0] [com.apple.defaults:User Defaults] found no value for key UseNewAXBundleLoader in CFPrefsSearchListSource<0x10652c880> (Domain: com.apple.Accessibility, Container: (null) Non-launch persona: 0)
2026-04-10 23:22:29.139 Db EdotReactNavExample[66438:127923c] [com.apple.defaults:User Defaults] found no value for key UseNewAXBundleLoader in CFPrefsSearchListSource<0x1066b6180> (Domain: com.apple.Accessibility, Container: /Users/nonth/Library/Developer/CoreSimulator/Devices/B7E9BAD6-0C0D-41EE-BE0C-D49BF485382E/data Non-launch persona: 0)
2026-04-10 23:22:29.139 Db EdotReactNavExample[66438:127923c] [com.apple.defaults:User Defaults] found no value for key UseNewAXBundleLoader in CFPrefsSearchListSource<0x10652c880> (Domain: com.apple.Accessibility, Container: (null) Non-launch persona: 0)
2026-04-10 23:22:29.141 Db EdotReactNavExample[66438:12792c0] [com.apple.CFBundle:loading] dlfcn check load bundle CFBundle 0x10af5e140 </Library/Developer/CoreSimulator/Volumes/iOS_23E244/Library/Developer/CoreSimulator/Profiles/Runtimes/iOS 26.4.simruntime/Contents/Resources/RuntimeRoot/System/Library/AccessibilityBundles/HealthKit.axbundle> (not loaded), dlopen of /Library/Developer/CoreSimulator/Volumes/iOS_23E244/Library/Developer/CoreSimulator/Profiles/Runtimes/iOS 26.4.simruntime/Contents/Resources/RuntimeRoot/System/Library/AccessibilityBundles/HealthKit.axbundle/HealthKit mode 0x115 no handle
2026-04-10 23:22:29.149 Db EdotReactNavExample[66438:12792c0] [com.apple.CFBundle:loading] dlfcn load framework CFBundle 0x10af5e140 </Library/Developer/CoreSimulator/Volumes/iOS_23E244/Library/Developer/CoreSimulator/Profiles/Runtimes/iOS 26.4.simruntime/Contents/Resources/RuntimeRoot/System/Library/AccessibilityBundles/HealthKit.axbundle> (framework, not loaded), dlopen of /Library/Developer/CoreSimulator/Volumes/iOS_23E244/Library/Developer/CoreSimulator/Profiles/Runtimes/iOS 26.4.simruntime/Contents/Resources/RuntimeRoot/System/Library/AccessibilityBundles/HealthKit.axbundle/HealthKit mode 0x109 returns handle 0x1664071
2026-04-10 23:22:29.149 Db EdotReactNavExample[66438:12792c0] [com.apple.defaults:User Defaults] found no value for key UseNewAXBundleLoader in CFPrefsSearchListSource<0x1066b6180> (Domain: com.apple.Accessibility, Container: /Users/nonth/Library/Developer/CoreSimulator/Devices/B7E9BAD6-0C0D-41EE-BE0C-D49BF485382E/data Non-launch persona: 0)
2026-04-10 23:22:29.149 Db EdotReactNavExample[66438:12792c0] [com.apple.defaults:User Defaults] found no value for key UseNewAXBundleLoader in CFPrefsSearchListSource<0x10652c880> (Domain: com.apple.Accessibility, Container: (null) Non-launch persona: 0)
2026-04-10 23:22:29.149 Db EdotReactNavExample[66438:127923c] [com.apple.defaults:User Defaults] found no value for key UseNewAXBundleLoader in CFPrefsSearchListSource<0x1066b6180> (Domain: com.apple.Accessibility, Container: /Users/nonth/Library/Developer/CoreSimulator/Devices/B7E9BAD6-0C0D-41EE-BE0C-D49BF485382E/data Non-launch persona: 0)
2026-04-10 23:22:29.149 Db EdotReactNavExample[66438:127923c] [com.apple.defaults:User Defaults] found no value for key UseNewAXBundleLoader in CFPrefsSearchListSource<0x10652c880> (Domain: com.apple.Accessibility, Container: (null) Non-launch persona: 0)
2026-04-10 23:22:29.151 Db EdotReactNavExample[66438:12792c0] [com.apple.CFBundle:loading] dlfcn check load bundle CFBundle 0x10af5e220 </Library/Developer/CoreSimulator/Volumes/iOS_23E244/Library/Developer/CoreSimulator/Profiles/Runtimes/iOS 26.4.simruntime/Contents/Resources/RuntimeRoot/System/Library/AccessibilityBundles/MapKitSwiftUI.axbundle> (not loaded), dlopen of /Library/Developer/CoreSimulator/Volumes/iOS_23E244/Library/Developer/CoreSimulator/Profiles/Runtimes/iOS 26.4.simruntime/Contents/Resources/RuntimeRoot/System/Library/AccessibilityBundles/MapKitSwiftUI.axbundle/MapKitSwiftUI mode 0x115 no handle
2026-04-10 23:22:29.159 Db EdotReactNavExample[66438:12792c0] [com.apple.CFBundle:loading] dlfcn load framework CFBundle 0x10af5e220 </Library/Developer/CoreSimulator/Volumes/iOS_23E244/Library/Developer/CoreSimulator/Profiles/Runtimes/iOS 26.4.simruntime/Contents/Resources/RuntimeRoot/System/Library/AccessibilityBundles/MapKitSwiftUI.axbundle> (framework, not loaded), dlopen of /Library/Developer/CoreSimulator/Volumes/iOS_23E244/Library/Developer/CoreSimulator/Profiles/Runtimes/iOS 26.4.simruntime/Contents/Resources/RuntimeRoot/System/Library/AccessibilityBundles/MapKitSwiftUI.axbundle/MapKitSwiftUI mode 0x109 returns handle 0x1664381
2026-04-10 23:22:29.160 Db EdotReactNavExample[66438:12792c0] [com.apple.defaults:User Defaults] found no value for key UseNewAXBundleLoader in CFPrefsSearchListSource<0x1066b6180> (Domain: com.apple.Accessibility, Container: /Users/nonth/Library/Developer/CoreSimulator/Devices/B7E9BAD6-0C0D-41EE-BE0C-D49BF485382E/data Non-launch persona: 0)
2026-04-10 23:22:29.160 Db EdotReactNavExample[66438:12792c0] [com.apple.defaults:User Defaults] found no value for key UseNewAXBundleLoader in CFPrefsSearchListSource<0x10652c880> (Domain: com.apple.Accessibility, Container: (null) Non-launch persona: 0)
2026-04-10 23:22:29.160 Db EdotReactNavExample[66438:127923c] [com.apple.defaults:User Defaults] found no value for key UseNewAXBundleLoader in CFPrefsSearchListSource<0x1066b6180> (Domain: com.apple.Accessibility, Container: /Users/nonth/Library/Developer/CoreSimulator/Devices/B7E9BAD6-0C0D-41EE-BE0C-D49BF485382E/data Non-launch persona: 0)
2026-04-10 23:22:29.160 Db EdotReactNavExample[66438:127923c] [com.apple.defaults:User Defaults] found no value for key UseNewAXBundleLoader in CFPrefsSearchListSource<0x10652c880> (Domain: com.apple.Accessibility, Container: (null) Non-launch persona: 0)
2026-04-10 23:22:29.161 Db EdotReactNavExample[66438:12792c0] [com.apple.CFBundle:loading] dlfcn check load bundle CFBundle 0x10af5e300 </Library/Developer/CoreSimulator/Volumes/iOS_23E244/Library/Developer/CoreSimulator/Profiles/Runtimes/iOS 26.4.simruntime/Contents/Resources/RuntimeRoot/System/Library/AccessibilityBundles/BaseBoardUI.axbundle> (not loaded), dlopen of /Library/Developer/CoreSimulator/Volumes/iOS_23E244/Library/Developer/CoreSimulator/Profiles/Runtimes/iOS 26.4.simruntime/Contents/Resources/RuntimeRoot/System/Library/AccessibilityBundles/BaseBoardUI.axbundle/BaseBoardUI mode 0x115 no handle
2026-04-10 23:22:29.169 Db EdotReactNavExample[66438:12792c0] [com.apple.CFBundle:loading] dlfcn load framework CFBundle 0x10af5e300 </Library/Developer/CoreSimulator/Volumes/iOS_23E244/Library/Developer/CoreSimulator/Profiles/Runtimes/iOS 26.4.simruntime/Contents/Resources/RuntimeRoot/System/Library/AccessibilityBundles/BaseBoardUI.axbundle> (framework, not loaded), dlopen of /Library/Developer/CoreSimulator/Volumes/iOS_23E244/Library/Developer/CoreSimulator/Profiles/Runtimes/iOS 26.4.simruntime/Contents/Resources/RuntimeRoot/System/Library/AccessibilityBundles/BaseBoardUI.axbundle/BaseBoardUI mode 0x109 returns handle 0x16646a1
2026-04-10 23:22:29.169 Db EdotReactNavExample[66438:12792c0] [com.apple.defaults:User Defaults] found no value for key UseNewAXBundleLoader in CFPrefsSearchListSource<0x1066b6180> (Domain: com.apple.Accessibility, Container: /Users/nonth/Library/Developer/CoreSimulator/Devices/B7E9BAD6-0C0D-41EE-BE0C-D49BF485382E/data Non-launch persona: 0)
2026-04-10 23:22:29.169 Db EdotReactNavExample[66438:12792c0] [com.apple.defaults:User Defaults] found no value for key UseNewAXBundleLoader in CFPrefsSearchListSource<0x10652c880> (Domain: com.apple.Accessibility, Container: (null) Non-launch persona: 0)
2026-04-10 23:22:29.169 Db EdotReactNavExample[66438:127923c] [com.apple.defaults:User Defaults] found no value for key UseNewAXBundleLoader in CFPrefsSearchListSource<0x1066b6180> (Domain: com.apple.Accessibility, Container: /Users/nonth/Library/Developer/CoreSimulator/Devices/B7E9BAD6-0C0D-41EE-BE0C-D49BF485382E/data Non-launch persona: 0)
2026-04-10 23:22:29.169 Db EdotReactNavExample[66438:127923c] [com.apple.defaults:User Defaults] found no value for key UseNewAXBundleLoader in CFPrefsSearchListSource<0x10652c880> (Domain: com.apple.Accessibility, Container: (null) Non-launch persona: 0)
2026-04-10 23:22:29.171 Db EdotReactNavExample[66438:12792c0] [com.apple.CFBundle:loading] dlfcn check load bundle CFBundle 0x10af5e3e0 </Library/Developer/CoreSimulator/Volumes/iOS_23E244/Library/Developer/CoreSimulator/Profiles/Runtimes/iOS 26.4.simruntime/Contents/Resources/RuntimeRoot/System/Library/AccessibilityBundles/ContactsUI.axbundle> (not loaded), dlopen of /Library/Developer/CoreSimulator/Volumes/iOS_23E244/Library/Developer/CoreSimulator/Profiles/Runtimes/iOS 26.4.simruntime/Contents/Resources/RuntimeRoot/System/Library/AccessibilityBundles/ContactsUI.axbundle/ContactsUI mode 0x115 no handle
2026-04-10 23:22:29.179 Db EdotReactNavExample[66438:12792c0] [com.apple.CFBundle:loading] dlfcn load framework CFBundle 0x10af5e3e0 </Library/Developer/CoreSimulator/Volumes/iOS_23E244/Library/Developer/CoreSimulator/Profiles/Runtimes/iOS 26.4.simruntime/Contents/Resources/RuntimeRoot/System/Library/AccessibilityBundles/ContactsUI.axbundle> (framework, not loaded), dlopen of /Library/Developer/CoreSimulator/Volumes/iOS_23E244/Library/Developer/CoreSimulator/Profiles/Runtimes/iOS 26.4.simruntime/Contents/Resources/RuntimeRoot/System/Library/AccessibilityBundles/ContactsUI.axbundle/ContactsUI mode 0x109 returns handle 0x16649a1
2026-04-10 23:22:29.179 Db EdotReactNavExample[66438:12792c0] [com.apple.defaults:User Defaults] found no value for key UseNewAXBundleLoader in CFPrefsSearchListSource<0x1066b6180> (Domain: com.apple.Accessibility, Container: /Users/nonth/Library/Developer/CoreSimulator/Devices/B7E9BAD6-0C0D-41EE-BE0C-D49BF485382E/data Non-launch persona: 0)
2026-04-10 23:22:29.179 Db EdotReactNavExample[66438:12792c0] [com.apple.defaults:User Defaults] found no value for key UseNewAXBundleLoader in CFPrefsSearchListSource<0x10652c880> (Domain: com.apple.Accessibility, Container: (null) Non-launch persona: 0)
2026-04-10 23:22:29.179 Db EdotReactNavExample[66438:127923c] [com.apple.defaults:User Defaults] found no value for key UseNewAXBundleLoader in CFPrefsSearchListSource<0x1066b6180> (Domain: com.apple.Accessibility, Container: /Users/nonth/Library/Developer/CoreSimulator/Devices/B7E9BAD6-0C0D-41EE-BE0C-D49BF485382E/data Non-launch persona: 0)
2026-04-10 23:22:29.179 Db EdotReactNavExample[66438:127923c] [com.apple.defaults:User Defaults] found no value for key UseNewAXBundleLoader in CFPrefsSearchListSource<0x10652c880> (Domain: com.apple.Accessibility, Container: (null) Non-launch persona: 0)
2026-04-10 23:22:29.182 Db EdotReactNavExample[66438:12792c0] [com.apple.CFBundle:loading] dlfcn check load bundle CFBundle 0x10af5e4c0 </Library/Developer/CoreSimulator/Volumes/iOS_23E244/Library/Developer/CoreSimulator/Profiles/Runtimes/iOS 26.4.simruntime/Contents/Resources/RuntimeRoot/System/Library/AccessibilityBundles/RealityFoundation.axbundle> (not loaded), dlopen of /Library/Developer/CoreSimulator/Volumes/iOS_23E244/Library/Developer/CoreSimulator/Profiles/Runtimes/iOS 26.4.simruntime/Contents/Resources/RuntimeRoot/System/Library/AccessibilityBundles/RealityFoundation.axbundle/RealityFoundation mode 0x115 no handle
2026-04-10 23:22:29.190 Db EdotReactNavExample[66438:12792c0] [com.apple.CFBundle:loading] dlfcn load framework CFBundle 0x10af5e4c0 </Library/Developer/CoreSimulator/Volumes/iOS_23E244/Library/Developer/CoreSimulator/Profiles/Runtimes/iOS 26.4.simruntime/Contents/Resources/RuntimeRoot/System/Library/AccessibilityBundles/RealityFoundation.axbundle> (framework, not loaded), dlopen of /Library/Developer/CoreSimulator/Volumes/iOS_23E244/Library/Developer/CoreSimulator/Profiles/Runtimes/iOS 26.4.simruntime/Contents/Resources/RuntimeRoot/System/Library/AccessibilityBundles/RealityFoundation.axbundle/RealityFoundation mode 0x109 returns handle 0x1664ce1
2026-04-10 23:22:29.190 Db EdotReactNavExample[66438:12792c0] [com.apple.defaults:User Defaults] found no value for key UseNewAXBundleLoader in CFPrefsSearchListSource<0x1066b6180> (Domain: com.apple.Accessibility, Container: /Users/nonth/Library/Developer/CoreSimulator/Devices/B7E9BAD6-0C0D-41EE-BE0C-D49BF485382E/data Non-launch persona: 0)
2026-04-10 23:22:29.190 Db EdotReactNavExample[66438:12792c0] [com.apple.defaults:User Defaults] found no value for key UseNewAXBundleLoader in CFPrefsSearchListSource<0x10652c880> (Domain: com.apple.Accessibility, Container: (null) Non-launch persona: 0)
2026-04-10 23:22:29.190 Db EdotReactNavExample[66438:127923c] [com.apple.defaults:User Defaults] found no value for key UseNewAXBundleLoader in CFPrefsSearchListSource<0x1066b6180> (Domain: com.apple.Accessibility, Container: /Users/nonth/Library/Developer/CoreSimulator/Devices/B7E9BAD6-0C0D-41EE-BE0C-D49BF485382E/data Non-launch persona: 0)
2026-04-10 23:22:29.190 Db EdotReactNavExample[66438:127923c] [com.apple.defaults:User Defaults] found no value for key UseNewAXBundleLoader in CFPrefsSearchListSource<0x10652c880> (Domain: com.apple.Accessibility, Container: (null) Non-launch persona: 0)
2026-04-10 23:22:29.192 Db EdotReactNavExample[66438:12792c0] [com.apple.CFBundle:loading] dlfcn check load bundle CFBundle 0x10af5e840 </Library/Developer/CoreSimulator/Volumes/iOS_23E244/Library/Developer/CoreSimulator/Profiles/Runtimes/iOS 26.4.simruntime/Contents/Resources/RuntimeRoot/System/Library/AccessibilityBundles/SafariSharedUI.axbundle> (not loaded), dlopen of /Library/Developer/CoreSimulator/Volumes/iOS_23E244/Library/Developer/CoreSimulator/Profiles/Runtimes/iOS 26.4.simruntime/Contents/Resources/RuntimeRoot/System/Library/AccessibilityBundles/SafariSharedUI.axbundle/SafariSharedUI mode 0x115 no handle
2026-04-10 23:22:29.200 Db EdotReactNavExample[66438:12792c0] [com.apple.CFBundle:loading] dlfcn load framework CFBundle 0x10af5e840 </Library/Developer/CoreSimulator/Volumes/iOS_23E244/Library/Developer/CoreSimulator/Profiles/Runtimes/iOS 26.4.simruntime/Contents/Resources/RuntimeRoot/System/Library/AccessibilityBundles/SafariSharedUI.axbundle> (framework, not loaded), dlopen of /Library/Developer/CoreSimulator/Volumes/iOS_23E244/Library/Developer/CoreSimulator/Profiles/Runtimes/iOS 26.4.simruntime/Contents/Resources/RuntimeRoot/System/Library/AccessibilityBundles/SafariSharedUI.axbundle/SafariSharedUI mode 0x109 returns handle 0x1665081
2026-04-10 23:22:29.200 Db EdotReactNavExample[66438:12792c0] [com.apple.defaults:User Defaults] found no value for key UseNewAXBundleLoader in CFPrefsSearchListSource<0x1066b6180> (Domain: com.apple.Accessibility, Container: /Users/nonth/Library/Developer/CoreSimulator/Devices/B7E9BAD6-0C0D-41EE-BE0C-D49BF485382E/data Non-launch persona: 0)
2026-04-10 23:22:29.200 Db EdotReactNavExample[66438:12792c0] [com.apple.defaults:User Defaults] found no value for key UseNewAXBundleLoader in CFPrefsSearchListSource<0x10652c880> (Domain: com.apple.Accessibility, Container: (null) Non-launch persona: 0)
2026-04-10 23:22:29.200 Db EdotReactNavExample[66438:127923c] [com.apple.defaults:User Defaults] found no value for key UseNewAXBundleLoader in CFPrefsSearchListSource<0x1066b6180> (Domain: com.apple.Accessibility, Container: /Users/nonth/Library/Developer/CoreSimulator/Devices/B7E9BAD6-0C0D-41EE-BE0C-D49BF485382E/data Non-launch persona: 0)
2026-04-10 23:22:29.200 Db EdotReactNavExample[66438:127923c] [com.apple.defaults:User Defaults] found no value for key UseNewAXBundleLoader in CFPrefsSearchListSource<0x10652c880> (Domain: com.apple.Accessibility, Container: (null) Non-launch persona: 0)
2026-04-10 23:22:29.201 Db EdotReactNavExample[66438:12792c0] [com.apple.CFBundle:loading] dlfcn check load bundle CFBundle 0x10af5e920 </Library/Developer/CoreSimulator/Volumes/iOS_23E244/Library/Developer/CoreSimulator/Profiles/Runtimes/iOS 26.4.simruntime/Contents/Resources/RuntimeRoot/System/Library/AccessibilityBundles/AuthKitUI.axbundle> (not loaded), dlopen of /Library/Developer/CoreSimulator/Volumes/iOS_23E244/Library/Developer/CoreSimulator/Profiles/Runtimes/iOS 26.4.simruntime/Contents/Resources/RuntimeRoot/System/Library/AccessibilityBundles/AuthKitUI.axbundle/AuthKitUI mode 0x115 no handle
2026-04-10 23:22:29.203 Db EdotReactNavExample[66438:127923c] [com.apple.defaults:User Defaults] found no value for key QuickSpeak in CFPrefsSearchListSource<0x10652c880> (Domain: com.apple.Accessibility, Container: (null) Non-launch persona: 0)
2026-04-10 23:22:29.210 Db EdotReactNavExample[66438:127923c] [com.apple.Accessibility:AXSupportCommon] CF Read: domain = com.apple.Accessibility, preference = QuickSpeak, appID = (null) result = (null) (-1 - empty, 0 - false, 1 - true)
2026-04-10 23:22:29.210 Db EdotReactNavExample[66438:127923c] [com.apple.defaults:User Defaults] found no value for key QuickSpeak in CFPrefsPlistSource<0x10652cb00> (Domain: com.apple.Accessibility, User: kCFPreferencesCurrentUser, ByHost: No, Container: /Users/nonth/Library/Developer/CoreSimulator/Devices/B7E9BAD6-0C0D-41EE-BE0C-D49BF485382E/data, Contents Need Refresh: No)
2026-04-10 23:22:29.210 Db EdotReactNavExample[66438:12792c0] [com.apple.CFBundle:loading] dlfcn load framework CFBundle 0x10af5e920 </Library/Developer/CoreSimulator/Volumes/iOS_23E244/Library/Developer/CoreSimulator/Profiles/Runtimes/iOS 26.4.simruntime/Contents/Resources/RuntimeRoot/System/Library/AccessibilityBundles/AuthKitUI.axbundle> (framework, not loaded), dlopen of /Library/Developer/CoreSimulator/Volumes/iOS_23E244/Library/Developer/CoreSimulator/Profiles/Runtimes/iOS 26.4.simruntime/Contents/Resources/RuntimeRoot/System/Library/AccessibilityBundles/AuthKitUI.axbundle/AuthKitUI mode 0x109 returns handle 0x1665431
2026-04-10 23:22:29.210 Db EdotReactNavExample[66438:12792c0] [com.apple.defaults:User Defaults] found no value for key UseNewAXBundleLoader in CFPrefsSearchListSource<0x1066b6180> (Domain: com.apple.Accessibility, Container: /Users/nonth/Library/Developer/CoreSimulator/Devices/B7E9BAD6-0C0D-41EE-BE0C-D49BF485382E/data Non-launch persona: 0)
2026-04-10 23:22:29.210 Db EdotReactNavExample[66438:12792c0] [com.apple.defaults:User Defaults] found no value for key UseNewAXBundleLoader in CFPrefsSearchListSource<0x10652c880> (Domain: com.apple.Accessibility, Container: (null) Non-launch persona: 0)
2026-04-10 23:22:29.210 Db EdotReactNavExample[66438:127923c] [com.apple.defaults:User Defaults] found no value for key UseNewAXBundleLoader in CFPrefsSearchListSource<0x1066b6180> (Domain: com.apple.Accessibility, Container: /Users/nonth/Library/Developer/CoreSimulator/Devices/B7E9BAD6-0C0D-41EE-BE0C-D49BF485382E/data Non-launch persona: 0)
2026-04-10 23:22:29.210 Db EdotReactNavExample[66438:127923c] [com.apple.defaults:User Defaults] found no value for key UseNewAXBundleLoader in CFPrefsSearchListSource<0x10652c880> (Domain: com.apple.Accessibility, Container: (null) Non-launch persona: 0)
2026-04-10 23:22:29.210 I  EdotReactNavExample[66438:12792c0] [com.apple.Accessibility:AXLoading] Initial load did occur EdotReactNavExample
2026-04-10 23:22:29.210 I  EdotReactNavExample[66438:127923c] [com.apple.Accessibility:AXLoading] UIApp ax initialize
2026-04-10 23:22:29.210 I  EdotReactNavExample[66438:127923c] [com.apple.Accessibility:AXLoading] Load system app 0
2026-04-10 23:22:29.210 I  EdotReactNavExample[66438:127923c] [com.apple.Accessibility:AXRuntimeNotifications] Attempting to send notification:  (3031) <private>
2026-04-10 23:22:29.211 I  EdotReactNavExample[66438:127923c] [com.apple.Accessibility:AXRuntimeNotifications] Did post notification. notification:  (3031) error:0 data:<private>
2026-04-10 23:22:29.516 Db EdotReactNavExample[66438:12792c0] [com.apple.CFBundle:loading] dlfcn check load bundle CFBundle 0x10af5ea00 </Library/Developer/CoreSimulator/Volumes/iOS_23E244/Library/Developer/CoreSimulator/Profiles/Runtimes/iOS 26.4.simruntime/Contents/Resources/RuntimeRoot/System/Library/AccessibilityBundles/AnnotationKit.axbundle> (not loaded), dlopen of /Library/Developer/CoreSimulator/Volumes/iOS_23E244/Library/Developer/CoreSimulator/Profiles/Runtimes/iOS 26.4.simruntime/Contents/Resources/RuntimeRoot/System/Library/AccessibilityBundles/AnnotationKit.axbundle/AnnotationKit mode 0x115 no handle
2026-04-10 23:22:29.532 Db EdotReactNavExample[66438:12792c0] [com.apple.CFBundle:loading] dlfcn load framework CFBundle 0x10af5ea00 </Library/Developer/CoreSimulator/Volumes/iOS_23E244/Library/Developer/CoreSimulator/Profiles/Runtimes/iOS 26.4.simruntime/Contents/Resources/RuntimeRoot/System/Library/AccessibilityBundles/AnnotationKit.axbundle> (framework, not loaded), dlopen of /Library/Developer/CoreSimulator/Volumes/iOS_23E244/Library/Developer/CoreSimulator/Profiles/Runtimes/iOS 26.4.simruntime/Contents/Resources/RuntimeRoot/System/Library/AccessibilityBundles/AnnotationKit.axbundle/AnnotationKit mode 0x109 returns handle 0x16657c1
2026-04-10 23:22:29.532 Db EdotReactNavExample[66438:12792c0] [com.apple.defaults:User Defaults] found no value for key UseNewAXBundleLoader in CFPrefsSearchListSource<0x1066b6180> (Domain: com.apple.Accessibility, Container: /Users/nonth/Library/Developer/CoreSimulator/Devices/B7E9BAD6-0C0D-41EE-BE0C-D49BF485382E/data Non-launch persona: 0)
2026-04-10 23:22:29.532 Db EdotReactNavExample[66438:12792c0] [com.apple.defaults:User Defaults] found no value for key UseNewAXBundleLoader in CFPrefsSearchListSource<0x10652c880> (Domain: com.apple.Accessibility, Container: (null) Non-launch persona: 0)
2026-04-10 23:22:29.533 Db EdotReactNavExample[66438:127923c] [com.apple.defaults:User Defaults] found no value for key UseNewAXBundleLoader in CFPrefsSearchListSource<0x1066b6180> (Domain: com.apple.Accessibility, Container: /Users/nonth/Library/Developer/CoreSimulator/Devices/B7E9BAD6-0C0D-41EE-BE0C-D49BF485382E/data Non-launch persona: 0)
2026-04-10 23:22:29.533 Db EdotReactNavExample[66438:127923c] [com.apple.defaults:User Defaults] found no value for key UseNewAXBundleLoader in CFPrefsSearchListSource<0x10652c880> (Domain: com.apple.Accessibility, Container: (null) Non-launch persona: 0)
2026-04-10 23:22:29.535 Db EdotReactNavExample[66438:12792c0] [com.apple.CFBundle:loading] dlfcn check load bundle CFBundle 0x10af5eae0 </Library/Developer/CoreSimulator/Volumes/iOS_23E244/Library/Developer/CoreSimulator/Profiles/Runtimes/iOS 26.4.simruntime/Contents/Resources/RuntimeRoot/System/Library/AccessibilityBundles/CoverSheetKit.axbundle> (not loaded), dlopen of /Library/Developer/CoreSimulator/Volumes/iOS_23E244/Library/Developer/CoreSimulator/Profiles/Runtimes/iOS 26.4.simruntime/Contents/Resources/RuntimeRoot/System/Library/AccessibilityBundles/CoverSheetKit.axbundle/CoverSheetKit mode 0x115 no handle
2026-04-10 23:22:29.549 Db EdotReactNavExample[66438:12792c0] [com.apple.CFBundle:loading] dlfcn load framework CFBundle 0x10af5eae0 </Library/Developer/CoreSimulator/Volumes/iOS_23E244/Library/Developer/CoreSimulator/Profiles/Runtimes/iOS 26.4.simruntime/Contents/Resources/RuntimeRoot/System/Library/AccessibilityBundles/CoverSheetKit.axbundle> (framework, not loaded), dlopen of /Library/Developer/CoreSimulator/Volumes/iOS_23E244/Library/Developer/CoreSimulator/Profiles/Runtimes/iOS 26.4.simruntime/Contents/Resources/RuntimeRoot/System/Library/AccessibilityBundles/CoverSheetKit.axbundle/CoverSheetKit mode 0x109 returns handle 0x1665b71
2026-04-10 23:22:29.550 Db EdotReactNavExample[66438:12792c0] [com.apple.defaults:User Defaults] found no value for key UseNewAXBundleLoader in CFPrefsSearchListSource<0x1066b6180> (Domain: com.apple.Accessibility, Container: /Users/nonth/Library/Developer/CoreSimulator/Devices/B7E9BAD6-0C0D-41EE-BE0C-D49BF485382E/data Non-launch persona: 0)
2026-04-10 23:22:29.550 Db EdotReactNavExample[66438:12792c0] [com.apple.defaults:User Defaults] found no value for key UseNewAXBundleLoader in CFPrefsSearchListSource<0x10652c880> (Domain: com.apple.Accessibility, Container: (null) Non-launch persona: 0)
2026-04-10 23:22:29.550 Db EdotReactNavExample[66438:127923c] [com.apple.defaults:User Defaults] found no value for key UseNewAXBundleLoader in CFPrefsSearchListSource<0x1066b6180> (Domain: com.apple.Accessibility, Container: /Users/nonth/Library/Developer/CoreSimulator/Devices/B7E9BAD6-0C0D-41EE-BE0C-D49BF485382E/data Non-launch persona: 0)
2026-04-10 23:22:29.550 Db EdotReactNavExample[66438:127923c] [com.apple.defaults:User Defaults] found no value for key UseNewAXBundleLoader in CFPrefsSearchListSource<0x10652c880> (Domain: com.apple.Accessibility, Container: (null) Non-launch persona: 0)
2026-04-10 23:22:29.661 Db EdotReactNavExample[66438:1279304] [com.apple.containermanager:xpc] connection <0x106499320/1/0; 0x106499320> canceled after timeout; cnt = 3
2026-04-10 23:22:29.661 Db EdotReactNavExample[66438:1279304] [com.apple.containermanager:xpc] connection <0x106499320/1/0> released (shared; canceler); cnt = 2
2026-04-10 23:22:29.661 Db EdotReactNavExample[66438:1279304] [com.apple.containermanager:xpc] connection <0x106499320/1/0> released; cnt = 1
2026-04-10 23:22:29.661 Db EdotReactNavExample[66438:1279304] [com.apple.containermanager:xpc] connection <0x106499320/1/0; 0x0> invalidated
2026-04-10 23:22:29.661 Db EdotReactNavExample[66438:1279304] [com.apple.containermanager:xpc] connection <0x106499320/1/0> released; cnt = 0
2026-04-10 23:22:29.661 Db EdotReactNavExample[66438:1279304] [com.apple.containermanager:xpc] connection <0x106499320/1/0> freed; cnt = 0
2026-04-10 23:22:30.057 Db EdotReactNavExample[66438:127923c] [com.apple.CFBundle:strings] Bundle: CFBundle 0x1064de220 </Library/Developer/CoreSimulator/Volumes/iOS_23E244/Library/Developer/CoreSimulator/Profiles/Runtimes/iOS 26.4.simruntime/Contents/Resources/RuntimeRoot/System/Library/AccessibilityBundles/UIKit.axbundle> (framework, loaded), key: toolbar.label, value: , table: Accessibility, localizationNames: (null), result: Toolbar
2026-04-10 23:22:30.057 Db EdotReactNavExample[66438:127923c] [com.apple.CFBundle:strings] Bundle: CFBundle 0x1064de300 </Library/Developer/CoreSimulator/Volumes/iOS_23E244/Library/Developer/CoreSimulator/Profiles/Runtimes/iOS 26.4.simruntime/Contents/Resources/RuntimeRoot/System/Library/PrivateFrameworks/UIKitCore.framework> (not loaded), key: Search, value: Search, table: Localizable, localizationNames: (null), result: Search
2026-04-10 23:22:30.060 Db EdotReactNavExample[66438:127923c] [com.apple.CFBundle:strings] Bundle: CFBundle 0x1064de220 </Library/Developer/CoreSimulator/Volumes/iOS_23E244/Library/Developer/CoreSimulator/Profiles/Runtimes/iOS 26.4.simruntime/Contents/Resources/RuntimeRoot/System/Library/AccessibilityBundles/UIKit.axbundle> (framework, loaded), key: more.button, value: , table: Accessibility, localizationNames: (null), result: More
2026-04-10 23:22:30.060 Db EdotReactNavExample[66438:127923c] [com.apple.CFBundle:strings] Bundle: CFBundle 0x1064de220 </Library/Developer/CoreSimulator/Volumes/iOS_23E244/Library/Developer/CoreSimulator/Profiles/Runtimes/iOS 26.4.simruntime/Contents/Resources/RuntimeRoot/System/Library/AccessibilityBundles/UIKit.axbundle> (framework, loaded), key: toolbar.label, value: , table: Accessibility, localizationNames: (null), result: Toolbar
2026-04-10 23:22:30.060 Db EdotReactNavExample[66438:127923c] [com.apple.CFBundle:strings] Bundle: CFBundle 0x1064de300 </Library/Developer/CoreSimulator/Volumes/iOS_23E244/Library/Developer/CoreSimulator/Profiles/Runtimes/iOS 26.4.simruntime/Contents/Resources/RuntimeRoot/System/Library/PrivateFrameworks/UIKitCore.framework> (not loaded), key: Search, value: Search, table: Localizable, localizationNames: (null), result: Search
2026-04-10 23:22:30.061 I  EdotReactNavExample[66438:127923c] [com.apple.Accessibility:AXAppAccessibility] Presentation controller doesn't modalize: <_UIRootPresentationController: 0x1099a4000>
2026-04-10 23:22:30.072 I  EdotReactNavExample[66438:127923c] [com.wix.Detox:WebSocket] Action received: waitForActive

