23:22:19.804 detox[66324] B node_modules/detox/local-cli/cli.js test --configuration ios.sim.release
  data: {
    "id": "bc231e1f-cf31-f195-42da-173d682421f7",
    "detoxConfig": {
      "configurationName": "ios.sim.release",
      "apps": {
        "default": {
          "type": "ios.app",
          "binaryPath": "ios/build/Build/Products/Release-iphonesimulator/EdotReactNavExample.app",
          "build": "xcodebuild -workspace ios/EdotReactNavExample.xcworkspace -scheme EdotReactNavExample -configuration Release -sdk iphonesimulator -destination 'platform=iOS Simulator,name=iPhone 17 Pro,OS=26.4' -derivedDataPath ios/build"
        }
      },
      "artifacts": {
        "rootDir": "artifacts/ios.sim.release.2026-04-10 16-22-19Z",
        "plugins": {
          "log": {
            "enabled": true,
            "keepOnlyFailedTestsArtifacts": false
          },
          "screenshot": {
            "enabled": true,
            "shouldTakeAutomaticSnapshots": true,
            "keepOnlyFailedTestsArtifacts": true
          },
          "video": {
            "enabled": true,
            "keepOnlyFailedTestsArtifacts": true
          },
          "instruments": {
            "enabled": false,
            "keepOnlyFailedTestsArtifacts": false
          },
          "uiHierarchy": {
            "enabled": false,
            "keepOnlyFailedTestsArtifacts": false
          }
        }
      },
      "behavior": {
        "init": {
          "keepLockFile": false,
          "reinstallApp": true,
          "exposeGlobals": true
        },
        "cleanup": {
          "shutdownDevice": false
        },
        "launchApp": "auto"
      },
      "cli": {
        "configuration": "ios.sim.release",
        "start": true
      },
      "commands": [
        {
          "appName": "default",
          "build": "xcodebuild -workspace ios/EdotReactNavExample.xcworkspace -scheme EdotReactNavExample -configuration Release -sdk iphonesimulator -destination 'platform=iOS Simulator,name=iPhone 17 Pro,OS=26.4' -derivedDataPath ios/build"
        }
      ],
      "device": {
        "type": "ios.simulator",
        "device": {
          "type": "iPhone 17 Pro"
        }
      },
      "logger": {
        "level": "info",
        "overrideConsole": true,
        "options": {
          "showLoggerName": true,
          "showPid": true,
          "showLevel": false,
          "showMetadata": false,
          "basepath": "/Users/nonth/Projects/playground/react-native/edot-react-native-sdk/example/react-navigation/node_modules/detox/src",
          "prefixers": {},
          "stringifiers": {}
        }
      },
      "testRunner": {
        "retries": 0,
        "forwardEnv": false,
        "detached": false,
        "bail": false,
        "noRetryArgs": [
          "shard"
        ],
        "jest": {
          "setupTimeout": 300000,
          "teardownTimeout": 30000,
          "retryAfterCircusRetries": false,
          "reportWorkerAssign": true
        },
        "args": {
          "$0": "jest",
          "_": [
            "e2e"
          ],
          "config": "e2e/jest.config.js",
          "--": []
        },
        "$0": "jest"
      },
      "session": {
        "autoStart": true,
        "debugSynchronization": 10000
      }
    },
    "detoxIPCServer": "primary-66324",
    "testResults": [],
    "testSessionIndex": 0,
    "workersCount": 0
  }
23:22:19.809 detox[66324] i Server path not specified, so defaulting to ipc.config.socketRoot + ipc.config.appspace + ipc.config.id /tmp/detox.primary-66324
23:22:19.810 detox[66324] i starting server on  /tmp/detox.primary-66324 
23:22:19.810 detox[66324] i starting TLS server false
23:22:19.810 detox[66324] i starting server as Unix || Windows Socket
23:22:19.812 detox[66324] i Detox server listening on localhost:53749...
23:22:19.814 detox[66324] i Serialized the session state at: /private/var/folders/nd/_cs61jn95mx_wzcmldgt15p00000gn/T/bc231e1f-cf31-f195-42da-173d682421f7.detox.json
23:22:19.814 detox[66324] B jest --config e2e/jest.config.js e2e
23:22:19.816 detox[66324] i (node:66324) [DEP0190] DeprecationWarning: Passing args to a child process with shell option true can lead to security vulnerabilities, as the arguments are not escaped, only concatenated.
(Use `node --trace-deprecation ...` to show where the warning was created)
23:22:20.915 detox[66325] i Service path not specified, so defaulting to ipc.config.socketRoot + ipc.config.appspace + id 
23:22:20.916 detox[66325] i requested connection to  primary-66324 /tmp/detox.primary-66324
23:22:20.916 detox[66325] i Connecting client on Unix Socket : /tmp/detox.primary-66324
23:22:20.917 detox[66324] i ## socket connection to server detected ##
23:22:20.918 detox[66324] i received event of :  registerContext { id: 'secondary-66325' }
23:22:20.918 detox[66325] i retrying reset
23:22:20.918 detox[66325] i dispatching event to  primary-66324 /tmp/detox.primary-66324  :  registerContext , { id: 'secondary-66325' }
23:22:20.919 detox[66324] i dispatching event to socket  :  registerContextDone {
  testResults: [],
  testSessionIndex: 0,
  unsafe_earlyTeardown: undefined
}
23:22:20.919 detox[66325] i ## received events ##
23:22:20.919 detox[66325] i detected event registerContextDone { testResults: [], testSessionIndex: 0 }
23:22:20.983 detox[66325] B e2e/app.test.js
23:22:20.994 detox[66325] B set up environment
23:22:20.995 detox[66324] i received event of :  registerWorker { workerId: 'w1' }
23:22:20.995 detox[66324] i dispatching event to socket  :  registerWorkerDone { workersCount: 1 }
23:22:20.995 detox[66325] i dispatching event to  primary-66324 /tmp/detox.primary-66324  :  registerWorker , { workerId: 'w1' }
23:22:20.996 detox[66324] i broadcasting event to all known sockets listening to  /tmp/detox.primary-66324  :   sessionStateUpdate { workersCount: 1 }
23:22:20.996 detox[66325] i ## received events ##
23:22:20.996 detox[66325] i detected event registerWorkerDone { workersCount: 1 }
23:22:21.119 detox[66325] i ## received events ##
23:22:21.119 detox[66325] i detected event sessionStateUpdate { workersCount: 1 }
23:22:21.122 detox[66324] B connection :53749<->:53753
23:22:21.123 detox[66325] i opened web socket to: ws://localhost:53749
23:22:21.124 detox[66325] i send message
  data: {"type":"login","params":{"sessionId":"ddf6d3ac-88c9-ee27-18d6-cd5bbbe6b3b0","role":"tester"},"messageId":0}
23:22:21.125 detox[66324] i get
  data: {"type":"login","params":{"sessionId":"ddf6d3ac-88c9-ee27-18d6-cd5bbbe6b3b0","role":"tester"},"messageId":0}
23:22:21.125 detox[66324] i created session ddf6d3ac-88c9-ee27-18d6-cd5bbbe6b3b0
23:22:21.125 detox[66324] i send
  data: {
    "type": "loginSuccess",
    "params": {
      "testerConnected": true,
      "appConnected": false
    },
    "messageId": 0
  }
23:22:21.125 detox[66324] i tester joined session ddf6d3ac-88c9-ee27-18d6-cd5bbbe6b3b0
23:22:21.126 detox[66325] i get message
  data: {"type":"loginSuccess","params":{"testerConnected":true,"appConnected":false},"messageId":0}
   
23:22:21.337 detox[66324] i received event of :  allocateDevice {
  deviceConfig: { type: 'ios.simulator', device: { type: 'iPhone 17 Pro' } }
}
23:22:21.337 detox[66325] i dispatching event to  primary-66324 /tmp/detox.primary-66324  :  allocateDevice , {
  deviceConfig: { type: 'ios.simulator', device: { type: 'iPhone 17 Pro' } }
}
23:22:21.340 detox[66324] B init
  args: ()
23:22:21.343 detox[66324] E init
23:22:21.343 detox[66324] B allocate
  data: {
    "type": "ios.simulator",
    "device": {
      "type": "iPhone 17 Pro"
    }
  }
23:22:21.354 detox[66324] i applesimutils --list --byType "iPhone 17 Pro" --fields udid,name,deviceType,os,identifier
23:22:21.354 detox[66324] i Searching for device by type = "iPhone 17 Pro" ...
23:22:21.709 detox[66324] i [
  {
    "os" : {
      "name" : "iOS 26.4",
      "identifier" : "com.apple.CoreSimulator.SimRuntime.iOS-26-4"
    },
    "name" : "iPhone 17 Pro",
    "udid" : "B7E9BAD6-0C0D-41EE-BE0C-D49BF485382E",
    "deviceType" : {
      "name" : "iPhone 17 Pro",
      "identifier" : "com.apple.CoreSimulator.SimDeviceType.iPhone-17-Pro"
    }
  }
]

23:22:21.710 detox[66324] i settled on B7E9BAD6-0C0D-41EE-BE0C-D49BF485382E
  data: {
    "id": "B7E9BAD6-0C0D-41EE-BE0C-D49BF485382E",
    "udid": "B7E9BAD6-0C0D-41EE-BE0C-D49BF485382E"
  }
23:22:21.710 detox[66324] E allocate
23:22:21.710 detox[66324] B post-allocate: B7E9BAD6-0C0D-41EE-BE0C-D49BF485382E
  data: {
    "id": "B7E9BAD6-0C0D-41EE-BE0C-D49BF485382E",
    "udid": "B7E9BAD6-0C0D-41EE-BE0C-D49BF485382E"
  }
23:22:21.710 detox[66324] i applesimutils --list --byId B7E9BAD6-0C0D-41EE-BE0C-D49BF485382E --maxResults 1 --fields udid,os,version,state
23:22:21.889 detox[66324] i [
  {
    "state" : "Booted",
    "os" : {
      "version" : "26.4"
    },
    "udid" : "B7E9BAD6-0C0D-41EE-BE0C-D49BF485382E"
  }
]

23:22:21.890 detox[66324] E post-allocate: B7E9BAD6-0C0D-41EE-BE0C-D49BF485382E
23:22:21.890 detox[66324] i dispatching event to socket  :  allocateDeviceDone {
  deviceCookie: {
    id: 'B7E9BAD6-0C0D-41EE-BE0C-D49BF485382E',
    udid: 'B7E9BAD6-0C0D-41EE-BE0C-D49BF485382E',
    type: 'ios.simulator',
    bootArgs: undefined,
    headless: undefined
  }
}
23:22:21.890 detox[66325] i ## received events ##
23:22:21.890 detox[66325] i detected event allocateDeviceDone {
  deviceCookie: {
    id: 'B7E9BAD6-0C0D-41EE-BE0C-D49BF485382E',
    udid: 'B7E9BAD6-0C0D-41EE-BE0C-D49BF485382E',
    type: 'ios.simulator'
  }
}
23:22:21.902 detox[66325] B onBootDevice
  args: ({"deviceId":"B7E9BAD6-0C0D-41EE-BE0C-D49BF485382E"})
23:22:21.902 detox[66325] E onBootDevice
23:22:21.903 detox[66325] B installUtilBinaries
  args: ()
23:22:21.903 detox[66325] E installUtilBinaries
23:22:21.903 detox[66325] B selectApp
  args: ("default")
23:22:21.910 detox[66325] E selectApp
23:22:21.910 detox[66325] B uninstallApp
  args: ()
23:22:21.911 detox[66325] B onBeforeUninstallApp
  args: ({"deviceId":"B7E9BAD6-0C0D-41EE-BE0C-D49BF485382E","bundleId":"com.edot.reactnavexample"})
23:22:21.911 detox[66325] E onBeforeUninstallApp
23:22:21.911 detox[66325] i /usr/bin/xcrun simctl uninstall B7E9BAD6-0C0D-41EE-BE0C-D49BF485382E com.edot.reactnavexample
23:22:21.911 detox[66325] i Uninstalling com.edot.reactnavexample...
23:22:22.173 detox[66325] i com.edot.reactnavexample uninstalled
23:22:22.173 detox[66325] E uninstallApp
23:22:22.173 detox[66325] B selectApp
  args: ("default")
23:22:22.174 detox[66325] B terminateApp
  args: ()
23:22:22.174 detox[66325] B onBeforeTerminateApp
  args: ({"deviceId":"B7E9BAD6-0C0D-41EE-BE0C-D49BF485382E","bundleId":"com.edot.reactnavexample"})
23:22:22.174 detox[66325] E onBeforeTerminateApp
23:22:22.174 detox[66325] i /usr/bin/xcrun simctl terminate B7E9BAD6-0C0D-41EE-BE0C-D49BF485382E com.edot.reactnavexample
23:22:22.174 detox[66325] i Terminating com.edot.reactnavexample...
23:22:23.325 detox[66325] i An error was encountered processing the command (domain=NSPOSIXErrorDomain, code=3):
Simulator device failed to terminate com.edot.reactnavexample.
found nothing to terminate
Underlying error (domain=NSPOSIXErrorDomain, code=3):
	The request to terminate "com.edot.reactnavexample" failed. found nothing to terminate
	found nothing to terminate

23:22:23.326 detox[66325] i Terminating com.edot.reactnavexample...
23:22:23.497 detox[66325] i "/usr/bin/xcrun simctl terminate B7E9BAD6-0C0D-41EE-BE0C-D49BF485382E com.edot.reactnavexample" failed with error = Error: Command failed: /usr/bin/xcrun simctl terminate B7E9BAD6-0C0D-41EE-BE0C-D49BF485382E com.edot.reactnavexample
An error was encountered processing the command (domain=NSPOSIXErrorDomain, code=3):
Simulator device failed to terminate com.edot.reactnavexample.
found nothing to terminate
Underlying error (domain=NSPOSIXErrorDomain, code=3):
	The request to terminate "com.edot.reactnavexample" failed. found nothing to terminate
	found nothing to terminate
 (code=3), stdout and stderr:

23:22:23.497 detox[66325] i 
23:22:23.497 detox[66325] i An error was encountered processing the command (domain=NSPOSIXErrorDomain, code=3):
Simulator device failed to terminate com.edot.reactnavexample.
found nothing to terminate
Underlying error (domain=NSPOSIXErrorDomain, code=3):
	The request to terminate "com.edot.reactnavexample" failed. found nothing to terminate
	found nothing to terminate

23:22:23.497 detox[66325] B onTerminateApp
  args: ({"deviceId":"B7E9BAD6-0C0D-41EE-BE0C-D49BF485382E","bundleId":"com.edot.reactnavexample"})
23:22:23.497 detox[66325] E onTerminateApp
23:22:23.497 detox[66325] E terminateApp
23:22:23.497 detox[66325] E selectApp
23:22:23.498 detox[66325] B installApp
  args: ()
23:22:23.498 detox[66325] i /usr/bin/xcrun simctl install B7E9BAD6-0C0D-41EE-BE0C-D49BF485382E "/Users/nonth/Projects/playground/react-native/edot-react-native-sdk/example/react-navigation/ios/build/Build/Products/Release-iphonesimulator/EdotReactNavExample.app"
23:22:23.498 detox[66325] i Installing /Users/nonth/Projects/playground/react-native/edot-react-native-sdk/example/react-navigation/ios/build/Build/Products/Release-iphonesimulator/EdotReactNavExample.app...
23:22:23.920 detox[66325] i /Users/nonth/Projects/playground/react-native/edot-react-native-sdk/example/react-navigation/ios/build/Build/Products/Release-iphonesimulator/EdotReactNavExample.app installed
23:22:23.920 detox[66325] E installApp
23:22:23.920 detox[66325] B selectApp
  args: ("default")
23:22:23.920 detox[66325] B terminateApp
  args: ()
23:22:23.920 detox[66325] B onBeforeTerminateApp
  args: ({"deviceId":"B7E9BAD6-0C0D-41EE-BE0C-D49BF485382E","bundleId":"com.edot.reactnavexample"})
23:22:23.920 detox[66325] E onBeforeTerminateApp
23:22:23.920 detox[66325] i /usr/bin/xcrun simctl terminate B7E9BAD6-0C0D-41EE-BE0C-D49BF485382E com.edot.reactnavexample
23:22:23.920 detox[66325] i Terminating com.edot.reactnavexample...
23:22:25.081 detox[66325] i An error was encountered processing the command (domain=NSPOSIXErrorDomain, code=3):
Simulator device failed to terminate com.edot.reactnavexample.
found nothing to terminate
Underlying error (domain=NSPOSIXErrorDomain, code=3):
	The request to terminate "com.edot.reactnavexample" failed. found nothing to terminate
	found nothing to terminate

23:22:25.081 detox[66325] i Terminating com.edot.reactnavexample...
23:22:25.242 detox[66325] i "/usr/bin/xcrun simctl terminate B7E9BAD6-0C0D-41EE-BE0C-D49BF485382E com.edot.reactnavexample" failed with error = Error: Command failed: /usr/bin/xcrun simctl terminate B7E9BAD6-0C0D-41EE-BE0C-D49BF485382E com.edot.reactnavexample
An error was encountered processing the command (domain=NSPOSIXErrorDomain, code=3):
Simulator device failed to terminate com.edot.reactnavexample.
found nothing to terminate
Underlying error (domain=NSPOSIXErrorDomain, code=3):
	The request to terminate "com.edot.reactnavexample" failed. found nothing to terminate
	found nothing to terminate
 (code=3), stdout and stderr:

23:22:25.242 detox[66325] i 
23:22:25.242 detox[66325] i An error was encountered processing the command (domain=NSPOSIXErrorDomain, code=3):
Simulator device failed to terminate com.edot.reactnavexample.
found nothing to terminate
Underlying error (domain=NSPOSIXErrorDomain, code=3):
	The request to terminate "com.edot.reactnavexample" failed. found nothing to terminate
	found nothing to terminate

23:22:25.242 detox[66325] B onTerminateApp
  args: ({"deviceId":"B7E9BAD6-0C0D-41EE-BE0C-D49BF485382E","bundleId":"com.edot.reactnavexample"})
23:22:25.242 detox[66325] E onTerminateApp
23:22:25.242 detox[66325] E terminateApp
23:22:25.242 detox[66325] E selectApp
23:22:25.242 detox[66325] E set up environment
23:22:25.380 detox[66325] i app.test.js is assigned to B7E9BAD6-0C0D-41EE-BE0C-D49BF485382E (iPhone 17 Pro)
23:22:25.380 detox[66325] B run the tests
23:22:25.380 detox[66325] B onRunDescribeStart
  args: ({"name":"ROOT_DESCRIBE_BLOCK"})
23:22:25.381 detox[66325] E onRunDescribeStart
23:22:25.381 detox[66325] B React Navigation Example
23:22:25.381 detox[66325] B onRunDescribeStart
  args: ({"name":"React Navigation Example"})
23:22:25.381 detox[66325] E onRunDescribeStart
23:22:25.381 detox[66325] B beforeAll
23:22:25.384 detox[66325] B launchApp
  args: ({"newInstance":true})
23:22:25.385 detox[66325] B terminateApp
  args: ("com.edot.reactnavexample")
23:22:25.385 detox[66325] B onBeforeTerminateApp
  args: ({"deviceId":"B7E9BAD6-0C0D-41EE-BE0C-D49BF485382E","bundleId":"com.edot.reactnavexample"})
23:22:25.385 detox[66325] E onBeforeTerminateApp
23:22:25.385 detox[66325] i /usr/bin/xcrun simctl terminate B7E9BAD6-0C0D-41EE-BE0C-D49BF485382E com.edot.reactnavexample
23:22:25.385 detox[66325] i Terminating com.edot.reactnavexample...
23:22:26.531 detox[66325] i An error was encountered processing the command (domain=NSPOSIXErrorDomain, code=3):
Simulator device failed to terminate com.edot.reactnavexample.
found nothing to terminate
Underlying error (domain=NSPOSIXErrorDomain, code=3):
	The request to terminate "com.edot.reactnavexample" failed. found nothing to terminate
	found nothing to terminate

23:22:26.531 detox[66325] i Terminating com.edot.reactnavexample...
23:22:26.690 detox[66325] i "/usr/bin/xcrun simctl terminate B7E9BAD6-0C0D-41EE-BE0C-D49BF485382E com.edot.reactnavexample" failed with error = Error: Command failed: /usr/bin/xcrun simctl terminate B7E9BAD6-0C0D-41EE-BE0C-D49BF485382E com.edot.reactnavexample
An error was encountered processing the command (domain=NSPOSIXErrorDomain, code=3):
Simulator device failed to terminate com.edot.reactnavexample.
found nothing to terminate
Underlying error (domain=NSPOSIXErrorDomain, code=3):
	The request to terminate "com.edot.reactnavexample" failed. found nothing to terminate
	found nothing to terminate
 (code=3), stdout and stderr:

23:22:26.690 detox[66325] i 
23:22:26.690 detox[66325] i An error was encountered processing the command (domain=NSPOSIXErrorDomain, code=3):
Simulator device failed to terminate com.edot.reactnavexample.
found nothing to terminate
Underlying error (domain=NSPOSIXErrorDomain, code=3):
	The request to terminate "com.edot.reactnavexample" failed. found nothing to terminate
	found nothing to terminate

23:22:26.690 detox[66325] B onTerminateApp
  args: ({"deviceId":"B7E9BAD6-0C0D-41EE-BE0C-D49BF485382E","bundleId":"com.edot.reactnavexample"})
23:22:26.690 detox[66325] E onTerminateApp
23:22:26.690 detox[66325] E terminateApp
23:22:26.691 detox[66325] B onBeforeLaunchApp
  args: ({"bundleId":"com.edot.reactnavexample","deviceId":"B7E9BAD6-0C0D-41EE-BE0C-D49BF485382E","launchArgs":{"detoxServer":"ws://localhost:53749","detoxSessionId":"ddf6d3ac-88c9-ee27-18d6-cd5bbbe6b3b0"}})
23:22:26.692 detox[66325] i starting SimulatorLogRecording {
  udid: 'B7E9BAD6-0C0D-41EE-BE0C-D49BF485382E',
  bundleId: 'com.edot.reactnavexample'
}
23:22:26.693 detox[66325] i /usr/bin/xcrun simctl get_app_container B7E9BAD6-0C0D-41EE-BE0C-D49BF485382E com.edot.reactnavexample
23:22:26.862 detox[66325] i /Users/nonth/Library/Developer/CoreSimulator/Devices/B7E9BAD6-0C0D-41EE-BE0C-D49BF485382E/data/Containers/Bundle/Application/A9D25B4E-FCD1-47CE-888B-F82CFEBC6D31/EdotReactNavExample.app

23:22:26.863 detox[66325] i /usr/bin/xcrun simctl spawn B7E9BAD6-0C0D-41EE-BE0C-D49BF485382E log stream --level debug --style compact --predicate "processImagePath beginsWith \"/Users/nonth/Library/Developer/CoreSimulator/Devices/B7E9BAD6-0C0D-41EE-BE0C-D49BF485382E/data/Containers/Bundle/Application/A9D25B4E-FCD1-47CE-888B-F82CFEBC6D31/EdotReactNavExample.app\""
23:22:26.914 detox[66325] E onBeforeLaunchApp
23:22:26.915 detox[66325] i SIMCTL_CHILD_GULGeneratedClassDisposeDisabled=YES SIMCTL_CHILD_DYLD_INSERT_LIBRARIES="/Users/nonth/Library/Detox/ios/framework/85bef8b40f077a4ae6cc1c8766fac177a9481e11/Detox.framework/Detox" /usr/bin/xcrun simctl launch B7E9BAD6-0C0D-41EE-BE0C-D49BF485382E com.edot.reactnavexample --args -detoxServer ws://localhost:53749 -detoxSessionId ddf6d3ac-88c9-ee27-18d6-cd5bbbe6b3b0 -detoxDebugVisibility YES -detoxDisableHierarchyDump YES
23:22:26.915 detox[66325] i Launching com.edot.reactnavexample...
23:22:27.249 detox[66325] i com.edot.reactnavexample: 66438

23:22:27.249 detox[66325] i /usr/bin/xcrun simctl get_app_container B7E9BAD6-0C0D-41EE-BE0C-D49BF485382E com.edot.reactnavexample
23:22:27.417 detox[66325] i /Users/nonth/Library/Developer/CoreSimulator/Devices/B7E9BAD6-0C0D-41EE-BE0C-D49BF485382E/data/Containers/Bundle/Application/A9D25B4E-FCD1-47CE-888B-F82CFEBC6D31/EdotReactNavExample.app

23:22:27.424 detox[66325] i com.edot.reactnavexample launched. To watch simulator logs, run:
        /usr/bin/xcrun simctl spawn B7E9BAD6-0C0D-41EE-BE0C-D49BF485382E log stream --level debug --style compact --predicate 'process == "EdotReactNavExample"'
23:22:27.424 detox[66325] B onLaunchApp
  args: ({"bundleId":"com.edot.reactnavexample","deviceId":"B7E9BAD6-0C0D-41EE-BE0C-D49BF485382E","launchArgs":{"detoxServer":"ws://localhost:53749","detoxSessionId":"ddf6d3ac-88c9-ee27-18d6-cd5bbbe6b3b0","detoxDebugVisibility":"YES","detoxDisableHierarchyDump":"YES"},"pid":66438})
23:22:27.424 detox[66325] E onLaunchApp
23:22:27.686 detox[66324] B connection :53749<->:53754
23:22:28.109 detox[66324] i get
  data: {"type":"login","messageId":0,"params":{"sessionId":"ddf6d3ac-88c9-ee27-18d6-cd5bbbe6b3b0","role":"app"}}
23:22:28.109 detox[66324] i send
  data: {
    "type": "loginSuccess",
    "messageId": 0,
    "params": {
      "testerConnected": true,
      "appConnected": true
    }
  }
23:22:28.110 detox[66324] i app joined session ddf6d3ac-88c9-ee27-18d6-cd5bbbe6b3b0
23:22:28.110 detox[66324] i send
  data: {
    "type": "appConnected"
  }
23:22:28.110 detox[66325] i get message
  data: {"type":"appConnected"}
   
23:22:28.111 detox[66324] i get
  data: {"type":"isReady","params":{},"messageId":-1000}
23:22:28.111 detox[66324] i send
  data: {
    "type": "isReady",
    "params": {},
    "messageId": -1000
  }
23:22:28.111 detox[66325] i send message
  data: {"type":"isReady","params":{},"messageId":-1000}
23:22:30.067 detox[66324] i get
  data: {"type":"ready","params":{},"messageId":-1000}
23:22:30.067 detox[66324] i send
  data: {
    "type": "ready",
    "params": {},
    "messageId": -1000
  }
23:22:30.067 detox[66324] i get
  data: {"type":"ready","params":{},"messageId":-1000}
23:22:30.067 detox[66324] i send
  data: {
    "type": "ready",
    "params": {},
    "messageId": -1000
  }
23:22:30.067 detox[66325] i get message
  data: {"type":"ready","params":{},"messageId":-1000}
   
23:22:30.068 detox[66324] i get
  data: {"type":"ready","params":{},"messageId":-1000}
23:22:30.068 detox[66324] i send
  data: {
    "type": "ready",
    "params": {},
    "messageId": -1000
  }
23:22:30.068 detox[66324] i get
  data: {"type":"waitForActive","params":{},"messageId":1}
23:22:30.068 detox[66324] i send
  data: {
    "type": "waitForActive",
    "params": {},
    "messageId": 1
  }
23:22:30.068 detox[66325] i send message
  data: {"type":"waitForActive","params":{},"messageId":1}
23:22:30.068 detox[66325] i get message
  data: {"type":"ready","params":{},"messageId":-1000}
   
23:22:30.068 detox[66325] i get message
  data: {"type":"ready","params":{},"messageId":-1000}
   
23:22:30.073 detox[66324] i get
  data: {"type":"waitForActiveDone","params":{},"messageId":1}
23:22:30.073 detox[66324] i send
  data: {
    "type": "waitForActiveDone",
    "params": {},
    "messageId": 1
  }
23:22:30.073 detox[66325] i get message
  data: {"type":"waitForActiveDone","params":{},"messageId":1}
   
23:22:30.073 detox[66325] B onAppReady
  args: ({"deviceId":"B7E9BAD6-0C0D-41EE-BE0C-D49BF485382E","bundleId":"com.edot.reactnavexample","pid":66438})
23:22:30.073 detox[66325] E onAppReady
23:22:30.074 detox[66325] E launchApp
23:22:30.074 detox[66325] E beforeAll
23:22:30.074 detox[66325] B Tab Navigation
23:22:30.074 detox[66325] B onRunDescribeStart
  args: ({"name":"Tab Navigation"})
23:22:30.074 detox[66325] E onRunDescribeStart
23:22:30.075 detox[66325] B shows bottom tabs
23:22:30.075 detox[66325] i React Navigation Example > Tab Navigation: shows bottom tabs
23:22:30.076 detox[66325] B onTestStart
  args: ({"title":"shows bottom tabs","fullName":"React Navigation Example Tab Navigation shows bottom tabs","status":"running","invocations":1})
23:22:30.076 detox[66325] i stopping SimulatorLogRecording
23:22:30.128 detox[66325] i sending SIGINT to: /usr/bin/xcrun simctl spawn B7E9BAD6-0C0D-41EE-BE0C-D49BF485382E log stream --level debug --style compact --predicate processImagePath beginsWith "/Users/nonth/Library/Developer/CoreSimulator/Devices/B7E9BAD6-0C0D-41EE-BE0C-D49BF485382E/data/Containers/Bundle/Application/A9D25B4E-FCD1-47CE-888B-F82CFEBC6D31/EdotReactNavExample.app"
23:22:30.139 detox[66325] i /usr/bin/xcrun simctl spawn B7E9BAD6-0C0D-41EE-BE0C-D49BF485382E log stream --level debug --style compact --predicate "processImagePath beginsWith \"/Users/nonth/Library/Developer/CoreSimulator/Devices/B7E9BAD6-0C0D-41EE-BE0C-D49BF485382E/data/Containers/Bundle/Application/A9D25B4E-FCD1-47CE-888B-F82CFEBC6D31/EdotReactNavExample.app\"" exited with code #0
23:22:30.140 detox[66325] i starting SimulatorLogRecording
23:22:30.141 detox[66325] i /usr/bin/xcrun simctl get_app_container B7E9BAD6-0C0D-41EE-BE0C-D49BF485382E com.edot.reactnavexample
23:22:30.320 detox[66325] i /Users/nonth/Library/Developer/CoreSimulator/Devices/B7E9BAD6-0C0D-41EE-BE0C-D49BF485382E/data/Containers/Bundle/Application/A9D25B4E-FCD1-47CE-888B-F82CFEBC6D31/EdotReactNavExample.app

23:22:30.320 detox[66325] i /usr/bin/xcrun simctl spawn B7E9BAD6-0C0D-41EE-BE0C-D49BF485382E log stream --level debug --style compact --predicate "processImagePath beginsWith \"/Users/nonth/Library/Developer/CoreSimulator/Devices/B7E9BAD6-0C0D-41EE-BE0C-D49BF485382E/data/Containers/Bundle/Application/A9D25B4E-FCD1-47CE-888B-F82CFEBC6D31/EdotReactNavExample.app\""
23:22:30.371 detox[66325] i starting SimulatorScreenshot
23:22:30.372 detox[66325] i /usr/bin/xcrun simctl io B7E9BAD6-0C0D-41EE-BE0C-D49BF485382E screenshot "/private/var/folders/nd/_cs61jn95mx_wzcmldgt15p00000gn/T/detox-66325-YaRKdW.detox.png"
23:22:30.373 detox[66325] i starting SimulatorVideoRecording
23:22:30.374 detox[66325] i /usr/bin/xcrun simctl io B7E9BAD6-0C0D-41EE-BE0C-D49BF485382E recordVideo /private/var/folders/nd/_cs61jn95mx_wzcmldgt15p00000gn/T/detox-66325-BYAXIJ.detox.mp4
23:22:30.547 detox[66325] i Note: No display specified. Defaulting to display: 1CF89121-203F-41F0-8702-803F5499D5AE (screenID: 1, name: LCD)

23:22:30.561 detox[66325] i Recording started

23:22:30.602 detox[66325] i Detected file type from extension: PNG
Note: No display specified. Defaulting to display: 1CF89121-203F-41F0-8702-803F5499D5AE (screenID: 1, name: LCD)
Wrote screenshot to: /private/var/folders/nd/_cs61jn95mx_wzcmldgt15p00000gn/T/detox-66325-YaRKdW.detox.png

23:22:30.602 detox[66325] i stopping SimulatorScreenshot
23:22:30.602 detox[66325] E onTestStart
23:22:30.602 detox[66325] B beforeEach
23:22:30.602 detox[66325] E beforeEach
23:22:30.602 detox[66325] B test_fn
23:22:30.604 detox[66324] i get
  data: {"type":"invoke","params":{"type":"expectation","predicate":{"type":"id","value":"tab-home","isRegex":false},"expectation":"toBeVisible"},"messageId":2}
23:22:30.604 detox[66324] i send
  data: {
    "type": "invoke",
    "params": {
      "type": "expectation",
      "predicate": {
        "type": "id",
        "value": "tab-home",
        "isRegex": false
      },
      "expectation": "toBeVisible"
    },
    "messageId": 2
  }
23:22:30.604 detox[66325] i send message
  data: {"type":"invoke","params":{"type":"expectation","predicate":{"type":"id","value":"tab-home","isRegex":false},"expectation":"toBeVisible"},"messageId":2}
23:22:30.604 detox[66325] B expect element to be visible
  data: {
    "type": "expectation",
    "predicate": {
      "type": "id",
      "value": "tab-home",
      "isRegex": false
    },
    "expectation": "toBeVisible"
  }
23:22:30.778 detox[66324] i get
  data: {"params":{},"type":"invokeResult","messageId":2}
23:22:30.778 detox[66324] i send
  data: {
    "params": {},
    "type": "invokeResult",
    "messageId": 2
  }
23:22:30.778 detox[66325] i get message
  data: {"params":{},"type":"invokeResult","messageId":2}
   
23:22:30.779 detox[66324] i get
  data: {"type":"invoke","params":{"type":"expectation","predicate":{"type":"id","value":"tab-demos","isRegex":false},"expectation":"toBeVisible"},"messageId":3}
23:22:30.779 detox[66324] i send
  data: {
    "type": "invoke",
    "params": {
      "type": "expectation",
      "predicate": {
        "type": "id",
        "value": "tab-demos",
        "isRegex": false
      },
      "expectation": "toBeVisible"
    },
    "messageId": 3
  }
23:22:30.779 detox[66325] E expect element to be visible
23:22:30.779 detox[66325] i send message
  data: {"type":"invoke","params":{"type":"expectation","predicate":{"type":"id","value":"tab-demos","isRegex":false},"expectation":"toBeVisible"},"messageId":3}
23:22:30.779 detox[66325] B expect element to be visible
  data: {
    "type": "expectation",
    "predicate": {
      "type": "id",
      "value": "tab-demos",
      "isRegex": false
    },
    "expectation": "toBeVisible"
  }
23:22:30.830 detox[66324] i get
  data: {"type":"invokeResult","params":{},"messageId":3}
23:22:30.830 detox[66324] i send
  data: {
    "type": "invokeResult",
    "params": {},
    "messageId": 3
  }
23:22:30.831 detox[66324] i get
  data: {"type":"invoke","params":{"type":"expectation","predicate":{"type":"id","value":"tab-settings","isRegex":false},"expectation":"toBeVisible"},"messageId":4}
23:22:30.831 detox[66324] i send
  data: {
    "type": "invoke",
    "params": {
      "type": "expectation",
      "predicate": {
        "type": "id",
        "value": "tab-settings",
        "isRegex": false
      },
      "expectation": "toBeVisible"
    },
    "messageId": 4
  }
23:22:30.831 detox[66325] i get message
  data: {"type":"invokeResult","params":{},"messageId":3}
   
23:22:30.831 detox[66325] E expect element to be visible
23:22:30.831 detox[66325] i send message
  data: {"type":"invoke","params":{"type":"expectation","predicate":{"type":"id","value":"tab-settings","isRegex":false},"expectation":"toBeVisible"},"messageId":4}
23:22:30.831 detox[66325] B expect element to be visible
  data: {
    "type": "expectation",
    "predicate": {
      "type": "id",
      "value": "tab-settings",
      "isRegex": false
    },
    "expectation": "toBeVisible"
  }
23:22:30.885 detox[66324] i get
  data: {"params":{},"type":"invokeResult","messageId":4}
23:22:30.886 detox[66324] i send
  data: {
    "params": {},
    "type": "invokeResult",
    "messageId": 4
  }
23:22:30.887 detox[66325] i get message
  data: {"params":{},"type":"invokeResult","messageId":4}
   
23:22:30.887 detox[66325] E expect element to be visible
23:22:30.887 detox[66325] E test_fn
23:22:30.888 detox[66325] B onTestDone
  args: ({"title":"shows bottom tabs","fullName":"React Navigation Example Tab Navigation shows bottom tabs","status":"passed","invocations":1})
23:22:30.889 detox[66325] i stopping SimulatorVideoRecording
23:22:30.889 detox[66325] i discarding SimulatorScreenshot
23:22:30.890 detox[66325] i sending SIGINT to: /usr/bin/xcrun simctl io B7E9BAD6-0C0D-41EE-BE0C-D49BF485382E recordVideo /private/var/folders/nd/_cs61jn95mx_wzcmldgt15p00000gn/T/detox-66325-BYAXIJ.detox.mp4
23:22:30.908 detox[66325] i Recording completed. Writing to disk.

Wrote video to: /private/var/folders/nd/_cs61jn95mx_wzcmldgt15p00000gn/T/detox-66325-BYAXIJ.detox.mp4

23:22:30.910 detox[66325] i /usr/bin/xcrun simctl io B7E9BAD6-0C0D-41EE-BE0C-D49BF485382E recordVideo /private/var/folders/nd/_cs61jn95mx_wzcmldgt15p00000gn/T/detox-66325-BYAXIJ.detox.mp4 exited with code #0
23:22:30.910 detox[66325] i discarding SimulatorVideoRecording
23:22:30.911 detox[66325] i stopping SimulatorLogRecording
23:22:30.963 detox[66325] i sending SIGINT to: /usr/bin/xcrun simctl spawn B7E9BAD6-0C0D-41EE-BE0C-D49BF485382E log stream --level debug --style compact --predicate processImagePath beginsWith "/Users/nonth/Library/Developer/CoreSimulator/Devices/B7E9BAD6-0C0D-41EE-BE0C-D49BF485382E/data/Containers/Bundle/Application/A9D25B4E-FCD1-47CE-888B-F82CFEBC6D31/EdotReactNavExample.app"
23:22:30.969 detox[66325] i /usr/bin/xcrun simctl spawn B7E9BAD6-0C0D-41EE-BE0C-D49BF485382E log stream --level debug --style compact --predicate "processImagePath beginsWith \"/Users/nonth/Library/Developer/CoreSimulator/Devices/B7E9BAD6-0C0D-41EE-BE0C-D49BF485382E/data/Containers/Bundle/Application/A9D25B4E-FCD1-47CE-888B-F82CFEBC6D31/EdotReactNavExample.app\"" exited with code #0
23:22:30.970 detox[66325] E onTestDone
23:22:30.970 detox[66325] E shows bottom tabs
23:22:30.970 detox[66325] i React Navigation Example > Tab Navigation: shows bottom tabs [OK]
23:22:30.971 detox[66325] B switches to Demos tab
23:22:30.971 detox[66325] i React Navigation Example > Tab Navigation: switches to Demos tab
23:22:30.971 detox[66325] B onTestStart
  args: ({"title":"switches to Demos tab","fullName":"React Navigation Example Tab Navigation switches to Demos tab","status":"running","invocations":1})
23:22:30.972 detox[66325] i starting SimulatorLogRecording
23:22:30.972 detox[66325] i saving SimulatorLogRecording to: artifacts/ios.sim.release.2026-04-10 16-22-19Z/✓ React Navigation Example Tab Navigation shows bottom tabs/device.log
23:22:30.973 detox[66325] i moving "/private/var/folders/nd/_cs61jn95mx_wzcmldgt15p00000gn/T/detox-66325-gcxZBH.detox.log" to artifacts/ios.sim.release.2026-04-10 16-22-19Z/✓ React Navigation Example Tab Navigation shows bottom tabs/device.log
23:22:30.973 detox[66325] i /usr/bin/xcrun simctl get_app_container B7E9BAD6-0C0D-41EE-BE0C-D49BF485382E com.edot.reactnavexample
23:22:30.975 detox[66325] i saving SimulatorLogRecording to: artifacts/ios.sim.release.2026-04-10 16-22-19Z/B7E9BAD6-0C0D-41EE-BE0C-D49BF485382E 2026-04-10 16-22-30Z.startup.log
23:22:30.976 detox[66325] i moving "/private/var/folders/nd/_cs61jn95mx_wzcmldgt15p00000gn/T/detox-66325-vmYeYJ.detox.log" to artifacts/ios.sim.release.2026-04-10 16-22-19Z/B7E9BAD6-0C0D-41EE-BE0C-D49BF485382E 2026-04-10 16-22-30Z.startup.log
23:22:31.145 detox[66325] i /Users/nonth/Library/Developer/CoreSimulator/Devices/B7E9BAD6-0C0D-41EE-BE0C-D49BF485382E/data/Containers/Bundle/Application/A9D25B4E-FCD1-47CE-888B-F82CFEBC6D31/EdotReactNavExample.app

23:22:31.146 detox[66325] i /usr/bin/xcrun simctl spawn B7E9BAD6-0C0D-41EE-BE0C-D49BF485382E log stream --level debug --style compact --predicate "processImagePath beginsWith \"/Users/nonth/Library/Developer/CoreSimulator/Devices/B7E9BAD6-0C0D-41EE-BE0C-D49BF485382E/data/Containers/Bundle/Application/A9D25B4E-FCD1-47CE-888B-F82CFEBC6D31/EdotReactNavExample.app\""
23:22:31.197 detox[66325] i starting SimulatorScreenshot
23:22:31.198 detox[66325] i /usr/bin/xcrun simctl io B7E9BAD6-0C0D-41EE-BE0C-D49BF485382E screenshot "/private/var/folders/nd/_cs61jn95mx_wzcmldgt15p00000gn/T/detox-66325-joBoSx.detox.png"
23:22:31.199 detox[66325] i starting SimulatorVideoRecording
23:22:31.200 detox[66325] i /usr/bin/xcrun simctl io B7E9BAD6-0C0D-41EE-BE0C-D49BF485382E recordVideo /private/var/folders/nd/_cs61jn95mx_wzcmldgt15p00000gn/T/detox-66325-n5rVAQ.detox.mp4
23:22:31.367 detox[66325] i Note: No display specified. Defaulting to display: 1CF89121-203F-41F0-8702-803F5499D5AE (screenID: 1, name: LCD)

23:22:31.380 detox[66325] i Recording started

23:22:31.412 detox[66325] i Detected file type from extension: PNG
Note: No display specified. Defaulting to display: 1CF89121-203F-41F0-8702-803F5499D5AE (screenID: 1, name: LCD)
Wrote screenshot to: /private/var/folders/nd/_cs61jn95mx_wzcmldgt15p00000gn/T/detox-66325-joBoSx.detox.png

23:22:31.412 detox[66325] i stopping SimulatorScreenshot
23:22:31.412 detox[66325] E onTestStart
23:22:31.412 detox[66325] B beforeEach
23:22:31.413 detox[66325] E beforeEach
23:22:31.413 detox[66325] B test_fn
23:22:31.413 detox[66325] i send message
  data: {"type":"invoke","params":{"type":"action","action":"tap","predicate":{"type":"id","value":"tab-demos","isRegex":false}},"messageId":5}
23:22:31.414 detox[66324] i get
  data: {"type":"invoke","params":{"type":"action","action":"tap","predicate":{"type":"id","value":"tab-demos","isRegex":false}},"messageId":5}
23:22:31.414 detox[66324] i send
  data: {
    "type": "invoke",
    "params": {
      "type": "action",
      "action": "tap",
      "predicate": {
        "type": "id",
        "value": "tab-demos",
        "isRegex": false
      }
    },
    "messageId": 5
  }
23:22:31.414 detox[66325] B tap
  data: {
    "type": "action",
    "action": "tap",
    "predicate": {
      "type": "id",
      "value": "tab-demos",
      "isRegex": false
    }
  }
23:22:31.986 detox[66324] i get
  data: {"messageId":5,"params":{},"type":"invokeResult"}
23:22:31.987 detox[66324] i send
  data: {
    "messageId": 5,
    "params": {},
    "type": "invokeResult"
  }
23:22:31.987 detox[66325] i get message
  data: {"messageId":5,"params":{},"type":"invokeResult"}
   
23:22:31.987 detox[66325] E tap
23:22:31.988 detox[66324] i get
  data: {"type":"invoke","params":{"type":"expectation","predicate":{"type":"id","value":"demos-btn-network","isRegex":false},"expectation":"toBeVisible"},"messageId":6}
23:22:31.988 detox[66324] i send
  data: {
    "type": "invoke",
    "params": {
      "type": "expectation",
      "predicate": {
        "type": "id",
        "value": "demos-btn-network",
        "isRegex": false
      },
      "expectation": "toBeVisible"
    },
    "messageId": 6
  }
23:22:31.988 detox[66325] i send message
  data: {"type":"invoke","params":{"type":"expectation","predicate":{"type":"id","value":"demos-btn-network","isRegex":false},"expectation":"toBeVisible"},"messageId":6}
23:22:31.988 detox[66325] B expect element to be visible
  data: {
    "type": "expectation",
    "predicate": {
      "type": "id",
      "value": "demos-btn-network",
      "isRegex": false
    },
    "expectation": "toBeVisible"
  }
23:22:32.069 detox[66324] i get
  data: {"messageId":6,"type":"invokeResult","params":{}}
23:22:32.069 detox[66324] i send
  data: {
    "messageId": 6,
    "type": "invokeResult",
    "params": {}
  }
23:22:32.069 detox[66325] i get message
  data: {"messageId":6,"type":"invokeResult","params":{}}
   
23:22:32.069 detox[66325] E expect element to be visible
23:22:32.069 detox[66325] E test_fn
23:22:32.070 detox[66325] B onTestDone
  args: ({"title":"switches to Demos tab","fullName":"React Navigation Example Tab Navigation switches to Demos tab","status":"passed","invocations":1})
23:22:32.070 detox[66325] i stopping SimulatorVideoRecording
23:22:32.070 detox[66325] i discarding SimulatorScreenshot
23:22:32.070 detox[66325] i sending SIGINT to: /usr/bin/xcrun simctl io B7E9BAD6-0C0D-41EE-BE0C-D49BF485382E recordVideo /private/var/folders/nd/_cs61jn95mx_wzcmldgt15p00000gn/T/detox-66325-n5rVAQ.detox.mp4
23:22:32.097 detox[66325] i Recording completed. Writing to disk.

Wrote video to: /private/var/folders/nd/_cs61jn95mx_wzcmldgt15p00000gn/T/detox-66325-n5rVAQ.detox.mp4

23:22:32.098 detox[66325] i /usr/bin/xcrun simctl io B7E9BAD6-0C0D-41EE-BE0C-D49BF485382E recordVideo /private/var/folders/nd/_cs61jn95mx_wzcmldgt15p00000gn/T/detox-66325-n5rVAQ.detox.mp4 exited with code #0
23:22:32.099 detox[66325] i discarding SimulatorVideoRecording
23:22:32.099 detox[66325] i stopping SimulatorLogRecording
23:22:32.151 detox[66325] i sending SIGINT to: /usr/bin/xcrun simctl spawn B7E9BAD6-0C0D-41EE-BE0C-D49BF485382E log stream --level debug --style compact --predicate processImagePath beginsWith "/Users/nonth/Library/Developer/CoreSimulator/Devices/B7E9BAD6-0C0D-41EE-BE0C-D49BF485382E/data/Containers/Bundle/Application/A9D25B4E-FCD1-47CE-888B-F82CFEBC6D31/EdotReactNavExample.app"
23:22:32.159 detox[66325] i /usr/bin/xcrun simctl spawn B7E9BAD6-0C0D-41EE-BE0C-D49BF485382E log stream --level debug --style compact --predicate "processImagePath beginsWith \"/Users/nonth/Library/Developer/CoreSimulator/Devices/B7E9BAD6-0C0D-41EE-BE0C-D49BF485382E/data/Containers/Bundle/Application/A9D25B4E-FCD1-47CE-888B-F82CFEBC6D31/EdotReactNavExample.app\"" exited with code #0
23:22:32.159 detox[66325] E onTestDone
23:22:32.159 detox[66325] E switches to Demos tab
23:22:32.159 detox[66325] i React Navigation Example > Tab Navigation: switches to Demos tab [OK]
23:22:32.160 detox[66325] B switches to Settings tab
23:22:32.160 detox[66325] i React Navigation Example > Tab Navigation: switches to Settings tab
23:22:32.160 detox[66325] B onTestStart
  args: ({"title":"switches to Settings tab","fullName":"React Navigation Example Tab Navigation switches to Settings tab","status":"running","invocations":1})
23:22:32.161 detox[66325] i starting SimulatorLogRecording
23:22:32.161 detox[66325] i saving SimulatorLogRecording to: artifacts/ios.sim.release.2026-04-10 16-22-19Z/✓ React Navigation Example Tab Navigation switches to Demos tab/device.log
23:22:32.161 detox[66325] i moving "/private/var/folders/nd/_cs61jn95mx_wzcmldgt15p00000gn/T/detox-66325-9ccA7L.detox.log" to artifacts/ios.sim.release.2026-04-10 16-22-19Z/✓ React Navigation Example Tab Navigation switches to Demos tab/device.log
23:22:32.162 detox[66325] i /usr/bin/xcrun simctl get_app_container B7E9BAD6-0C0D-41EE-BE0C-D49BF485382E com.edot.reactnavexample
23:22:32.343 detox[66325] i /Users/nonth/Library/Developer/CoreSimulator/Devices/B7E9BAD6-0C0D-41EE-BE0C-D49BF485382E/data/Containers/Bundle/Application/A9D25B4E-FCD1-47CE-888B-F82CFEBC6D31/EdotReactNavExample.app

23:22:32.344 detox[66325] i /usr/bin/xcrun simctl spawn B7E9BAD6-0C0D-41EE-BE0C-D49BF485382E log stream --level debug --style compact --predicate "processImagePath beginsWith \"/Users/nonth/Library/Developer/CoreSimulator/Devices/B7E9BAD6-0C0D-41EE-BE0C-D49BF485382E/data/Containers/Bundle/Application/A9D25B4E-FCD1-47CE-888B-F82CFEBC6D31/EdotReactNavExample.app\""
23:22:32.395 detox[66325] i starting SimulatorScreenshot
23:22:32.396 detox[66325] i /usr/bin/xcrun simctl io B7E9BAD6-0C0D-41EE-BE0C-D49BF485382E screenshot "/private/var/folders/nd/_cs61jn95mx_wzcmldgt15p00000gn/T/detox-66325-TALK7g.detox.png"
23:22:32.398 detox[66325] i starting SimulatorVideoRecording
23:22:32.399 detox[66325] i /usr/bin/xcrun simctl io B7E9BAD6-0C0D-41EE-BE0C-D49BF485382E recordVideo /private/var/folders/nd/_cs61jn95mx_wzcmldgt15p00000gn/T/detox-66325-Pu5uYd.detox.mp4
23:22:32.583 detox[66325] i Note: No display specified. Defaulting to display: 1CF89121-203F-41F0-8702-803F5499D5AE (screenID: 1, name: LCD)

23:22:32.623 detox[66325] i Detected file type from extension: PNG
Note: No display specified. Defaulting to display: 1CF89121-203F-41F0-8702-803F5499D5AE (screenID: 1, name: LCD)
Wrote screenshot to: /private/var/folders/nd/_cs61jn95mx_wzcmldgt15p00000gn/T/detox-66325-TALK7g.detox.png

23:22:32.623 detox[66325] i stopping SimulatorScreenshot
23:22:32.623 detox[66325] E onTestStart
23:22:32.623 detox[66325] B beforeEach
23:22:32.623 detox[66325] E beforeEach
23:22:32.623 detox[66325] B test_fn
23:22:32.624 detox[66324] i get
  data: {"type":"invoke","params":{"type":"action","action":"tap","predicate":{"type":"id","value":"tab-settings","isRegex":false}},"messageId":7}
23:22:32.624 detox[66324] i send
  data: {
    "type": "invoke",
    "params": {
      "type": "action",
      "action": "tap",
      "predicate": {
        "type": "id",
        "value": "tab-settings",
        "isRegex": false
      }
    },
    "messageId": 7
  }
23:22:32.624 detox[66325] i send message
  data: {"type":"invoke","params":{"type":"action","action":"tap","predicate":{"type":"id","value":"tab-settings","isRegex":false}},"messageId":7}
23:22:32.624 detox[66325] B tap
  data: {
    "type": "action",
    "action": "tap",
    "predicate": {
      "type": "id",
      "value": "tab-settings",
      "isRegex": false
    }
  }
23:22:32.627 detox[66325] i Recording started

23:22:33.195 detox[66324] i get
  data: {"type":"invokeResult","params":{},"messageId":7}
23:22:33.195 detox[66324] i send
  data: {
    "type": "invokeResult",
    "params": {},
    "messageId": 7
  }
23:22:33.195 detox[66325] i get message
  data: {"type":"invokeResult","params":{},"messageId":7}
   
23:22:33.196 detox[66325] E tap
23:22:33.196 detox[66325] i send message
  data: {"type":"invoke","params":{"type":"expectation","predicate":{"type":"id","value":"settings-server-url","isRegex":false},"expectation":"toBeVisible"},"messageId":8}
23:22:33.197 detox[66324] i get
  data: {"type":"invoke","params":{"type":"expectation","predicate":{"type":"id","value":"settings-server-url","isRegex":false},"expectation":"toBeVisible"},"messageId":8}
23:22:33.197 detox[66324] i send
  data: {
    "type": "invoke",
    "params": {
      "type": "expectation",
      "predicate": {
        "type": "id",
        "value": "settings-server-url",
        "isRegex": false
      },
      "expectation": "toBeVisible"
    },
    "messageId": 8
  }
23:22:33.197 detox[66325] B expect element to be visible
  data: {
    "type": "expectation",
    "predicate": {
      "type": "id",
      "value": "settings-server-url",
      "isRegex": false
    },
    "expectation": "toBeVisible"
  }
23:22:33.283 detox[66324] i get
  data: {"params":{},"messageId":8,"type":"invokeResult"}
23:22:33.285 detox[66324] i send
  data: {
    "params": {},
    "messageId": 8,
    "type": "invokeResult"
  }
23:22:33.286 detox[66325] i get message
  data: {"params":{},"messageId":8,"type":"invokeResult"}
   
23:22:33.286 detox[66325] E expect element to be visible
23:22:33.286 detox[66325] E test_fn
23:22:33.286 detox[66325] B onTestDone
  args: ({"title":"switches to Settings tab","fullName":"React Navigation Example Tab Navigation switches to Settings tab","status":"passed","invocations":1})
23:22:33.286 detox[66325] i stopping SimulatorVideoRecording
23:22:33.286 detox[66325] i discarding SimulatorScreenshot
23:22:33.288 detox[66325] i sending SIGINT to: /usr/bin/xcrun simctl io B7E9BAD6-0C0D-41EE-BE0C-D49BF485382E recordVideo /private/var/folders/nd/_cs61jn95mx_wzcmldgt15p00000gn/T/detox-66325-Pu5uYd.detox.mp4
23:22:33.306 detox[66325] i Recording completed. Writing to disk.

Wrote video to: /private/var/folders/nd/_cs61jn95mx_wzcmldgt15p00000gn/T/detox-66325-Pu5uYd.detox.mp4

23:22:33.308 detox[66325] i /usr/bin/xcrun simctl io B7E9BAD6-0C0D-41EE-BE0C-D49BF485382E recordVideo /private/var/folders/nd/_cs61jn95mx_wzcmldgt15p00000gn/T/detox-66325-Pu5uYd.detox.mp4 exited with code #0
23:22:33.308 detox[66325] i discarding SimulatorVideoRecording
23:22:33.308 detox[66325] i stopping SimulatorLogRecording
23:22:33.360 detox[66325] i sending SIGINT to: /usr/bin/xcrun simctl spawn B7E9BAD6-0C0D-41EE-BE0C-D49BF485382E log stream --level debug --style compact --predicate processImagePath beginsWith "/Users/nonth/Library/Developer/CoreSimulator/Devices/B7E9BAD6-0C0D-41EE-BE0C-D49BF485382E/data/Containers/Bundle/Application/A9D25B4E-FCD1-47CE-888B-F82CFEBC6D31/EdotReactNavExample.app"
23:22:33.367 detox[66325] i /usr/bin/xcrun simctl spawn B7E9BAD6-0C0D-41EE-BE0C-D49BF485382E log stream --level debug --style compact --predicate "processImagePath beginsWith \"/Users/nonth/Library/Developer/CoreSimulator/Devices/B7E9BAD6-0C0D-41EE-BE0C-D49BF485382E/data/Containers/Bundle/Application/A9D25B4E-FCD1-47CE-888B-F82CFEBC6D31/EdotReactNavExample.app\"" exited with code #0
23:22:33.367 detox[66325] E onTestDone
23:22:33.368 detox[66325] E switches to Settings tab
23:22:33.368 detox[66325] i React Navigation Example > Tab Navigation: switches to Settings tab [OK]
23:22:33.368 detox[66325] B switches back to Home tab
23:22:33.368 detox[66325] i React Navigation Example > Tab Navigation: switches back to Home tab
23:22:33.368 detox[66325] B onTestStart
  args: ({"title":"switches back to Home tab","fullName":"React Navigation Example Tab Navigation switches back to Home tab","status":"running","invocations":1})
23:22:33.369 detox[66325] i starting SimulatorLogRecording
23:22:33.369 detox[66325] i saving SimulatorLogRecording to: artifacts/ios.sim.release.2026-04-10 16-22-19Z/✓ React Navigation Example Tab Navigation switches to Settings tab/device.log
23:22:33.369 detox[66325] i moving "/private/var/folders/nd/_cs61jn95mx_wzcmldgt15p00000gn/T/detox-66325-wFbdfc.detox.log" to artifacts/ios.sim.release.2026-04-10 16-22-19Z/✓ React Navigation Example Tab Navigation switches to Settings tab/device.log
23:22:33.370 detox[66325] i /usr/bin/xcrun simctl get_app_container B7E9BAD6-0C0D-41EE-BE0C-D49BF485382E com.edot.reactnavexample
23:22:33.551 detox[66325] i /Users/nonth/Library/Developer/CoreSimulator/Devices/B7E9BAD6-0C0D-41EE-BE0C-D49BF485382E/data/Containers/Bundle/Application/A9D25B4E-FCD1-47CE-888B-F82CFEBC6D31/EdotReactNavExample.app

23:22:33.552 detox[66325] i /usr/bin/xcrun simctl spawn B7E9BAD6-0C0D-41EE-BE0C-D49BF485382E log stream --level debug --style compact --predicate "processImagePath beginsWith \"/Users/nonth/Library/Developer/CoreSimulator/Devices/B7E9BAD6-0C0D-41EE-BE0C-D49BF485382E/data/Containers/Bundle/Application/A9D25B4E-FCD1-47CE-888B-F82CFEBC6D31/EdotReactNavExample.app\""
23:22:33.603 detox[66325] i starting SimulatorScreenshot
23:22:33.604 detox[66325] i /usr/bin/xcrun simctl io B7E9BAD6-0C0D-41EE-BE0C-D49BF485382E screenshot "/private/var/folders/nd/_cs61jn95mx_wzcmldgt15p00000gn/T/detox-66325-ImWe2D.detox.png"
23:22:33.605 detox[66325] i starting SimulatorVideoRecording
23:22:33.605 detox[66325] i /usr/bin/xcrun simctl io B7E9BAD6-0C0D-41EE-BE0C-D49BF485382E recordVideo /private/var/folders/nd/_cs61jn95mx_wzcmldgt15p00000gn/T/detox-66325-SgqMdQ.detox.mp4
23:22:33.770 detox[66325] i Note: No display specified. Defaulting to display: 1CF89121-203F-41F0-8702-803F5499D5AE (screenID: 1, name: LCD)

23:22:33.783 detox[66325] i Recording started

23:22:33.815 detox[66325] i Detected file type from extension: PNG
Note: No display specified. Defaulting to display: 1CF89121-203F-41F0-8702-803F5499D5AE (screenID: 1, name: LCD)
Wrote screenshot to: /private/var/folders/nd/_cs61jn95mx_wzcmldgt15p00000gn/T/detox-66325-ImWe2D.detox.png

23:22:33.815 detox[66325] i stopping SimulatorScreenshot
23:22:33.815 detox[66325] E onTestStart
23:22:33.815 detox[66325] B beforeEach
23:22:33.816 detox[66324] i get
  data: {"type":"invoke","params":{"type":"action","action":"tap","predicate":{"type":"id","value":"tab-home","isRegex":false}},"messageId":9}
23:22:33.816 detox[66324] i send
  data: {
    "type": "invoke",
    "params": {
      "type": "action",
      "action": "tap",
      "predicate": {
        "type": "id",
        "value": "tab-home",
        "isRegex": false
      }
    },
    "messageId": 9
  }
23:22:33.816 detox[66325] E beforeEach
23:22:33.816 detox[66325] B test_fn
23:22:33.816 detox[66325] i send message
  data: {"type":"invoke","params":{"type":"action","action":"tap","predicate":{"type":"id","value":"tab-home","isRegex":false}},"messageId":9}
23:22:33.816 detox[66325] B tap
  data: {
    "type": "action",
    "action": "tap",
    "predicate": {
      "type": "id",
      "value": "tab-home",
      "isRegex": false
    }
  }
23:22:34.378 detox[66324] i get
  data: {"type":"invokeResult","params":{},"messageId":9}
23:22:34.378 detox[66324] i send
  data: {
    "type": "invokeResult",
    "params": {},
    "messageId": 9
  }
23:22:34.379 detox[66325] i get message
  data: {"type":"invokeResult","params":{},"messageId":9}
   
23:22:34.380 detox[66324] i get
  data: {"type":"invoke","params":{"type":"expectation","predicate":{"type":"id","value":"home-status","isRegex":false},"expectation":"toBeVisible"},"messageId":10}
23:22:34.380 detox[66325] E tap
23:22:34.380 detox[66325] i send message
  data: {"type":"invoke","params":{"type":"expectation","predicate":{"type":"id","value":"home-status","isRegex":false},"expectation":"toBeVisible"},"messageId":10}
23:22:34.380 detox[66325] B expect element to be visible
  data: {
    "type": "expectation",
    "predicate": {
      "type": "id",
      "value": "home-status",
      "isRegex": false
    },
    "expectation": "toBeVisible"
  }
23:22:34.381 detox[66324] i send
  data: {
    "type": "invoke",
    "params": {
      "type": "expectation",
      "predicate": {
        "type": "id",
        "value": "home-status",
        "isRegex": false
      },
      "expectation": "toBeVisible"
    },
    "messageId": 10
  }
23:22:34.462 detox[66324] i get
  data: {"params":{},"messageId":10,"type":"invokeResult"}
23:22:34.462 detox[66324] i send
  data: {
    "params": {},
    "messageId": 10,
    "type": "invokeResult"
  }
23:22:34.463 detox[66325] i get message
  data: {"params":{},"messageId":10,"type":"invokeResult"}
   
23:22:34.463 detox[66325] E expect element to be visible
23:22:34.463 detox[66325] E test_fn
23:22:34.464 detox[66325] B onTestDone
  args: ({"title":"switches back to Home tab","fullName":"React Navigation Example Tab Navigation switches back to Home tab","status":"passed","invocations":1})
23:22:34.465 detox[66325] i stopping SimulatorVideoRecording
23:22:34.465 detox[66325] i discarding SimulatorScreenshot
23:22:34.465 detox[66325] i sending SIGINT to: /usr/bin/xcrun simctl io B7E9BAD6-0C0D-41EE-BE0C-D49BF485382E recordVideo /private/var/folders/nd/_cs61jn95mx_wzcmldgt15p00000gn/T/detox-66325-SgqMdQ.detox.mp4
23:22:34.498 detox[66325] i Recording completed. Writing to disk.

Wrote video to: /private/var/folders/nd/_cs61jn95mx_wzcmldgt15p00000gn/T/detox-66325-SgqMdQ.detox.mp4

23:22:34.501 detox[66325] i /usr/bin/xcrun simctl io B7E9BAD6-0C0D-41EE-BE0C-D49BF485382E recordVideo /private/var/folders/nd/_cs61jn95mx_wzcmldgt15p00000gn/T/detox-66325-SgqMdQ.detox.mp4 exited with code #0
23:22:34.501 detox[66325] i discarding SimulatorVideoRecording
23:22:34.501 detox[66325] i stopping SimulatorLogRecording
23:22:34.556 detox[66325] i sending SIGINT to: /usr/bin/xcrun simctl spawn B7E9BAD6-0C0D-41EE-BE0C-D49BF485382E log stream --level debug --style compact --predicate processImagePath beginsWith "/Users/nonth/Library/Developer/CoreSimulator/Devices/B7E9BAD6-0C0D-41EE-BE0C-D49BF485382E/data/Containers/Bundle/Application/A9D25B4E-FCD1-47CE-888B-F82CFEBC6D31/EdotReactNavExample.app"
23:22:34.563 detox[66325] i /usr/bin/xcrun simctl spawn B7E9BAD6-0C0D-41EE-BE0C-D49BF485382E log stream --level debug --style compact --predicate "processImagePath beginsWith \"/Users/nonth/Library/Developer/CoreSimulator/Devices/B7E9BAD6-0C0D-41EE-BE0C-D49BF485382E/data/Containers/Bundle/Application/A9D25B4E-FCD1-47CE-888B-F82CFEBC6D31/EdotReactNavExample.app\"" exited with code #0
23:22:34.564 detox[66325] E onTestDone
23:22:34.564 detox[66325] E switches back to Home tab
23:22:34.564 detox[66325] i React Navigation Example > Tab Navigation: switches back to Home tab [OK]
23:22:34.564 detox[66325] B onRunDescribeFinish
  args: ({"name":"Tab Navigation"})
23:22:34.565 detox[66325] E onRunDescribeFinish
23:22:34.565 detox[66325] E Tab Navigation
23:22:34.565 detox[66325] B Home Screen
23:22:34.565 detox[66325] B onRunDescribeStart
  args: ({"name":"Home Screen"})
23:22:34.565 detox[66325] E onRunDescribeStart
23:22:34.565 detox[66325] B shows SDK status and session
23:22:34.565 detox[66325] i React Navigation Example > Home Screen: shows SDK status and session
23:22:34.565 detox[66325] B onTestStart
  args: ({"title":"shows SDK status and session","fullName":"React Navigation Example Home Screen shows SDK status and session","status":"running","invocations":1})
23:22:34.566 detox[66325] i starting SimulatorLogRecording
23:22:34.566 detox[66325] i saving SimulatorLogRecording to: artifacts/ios.sim.release.2026-04-10 16-22-19Z/✓ React Navigation Example Tab Navigation switches back to Home tab/device.log
23:22:34.566 detox[66325] i moving "/private/var/folders/nd/_cs61jn95mx_wzcmldgt15p00000gn/T/detox-66325-sN9vdu.detox.log" to artifacts/ios.sim.release.2026-04-10 16-22-19Z/✓ React Navigation Example Tab Navigation switches back to Home tab/device.log
23:22:34.567 detox[66325] i /usr/bin/xcrun simctl get_app_container B7E9BAD6-0C0D-41EE-BE0C-D49BF485382E com.edot.reactnavexample
23:22:34.748 detox[66325] i /Users/nonth/Library/Developer/CoreSimulator/Devices/B7E9BAD6-0C0D-41EE-BE0C-D49BF485382E/data/Containers/Bundle/Application/A9D25B4E-FCD1-47CE-888B-F82CFEBC6D31/EdotReactNavExample.app

23:22:34.748 detox[66325] i /usr/bin/xcrun simctl spawn B7E9BAD6-0C0D-41EE-BE0C-D49BF485382E log stream --level debug --style compact --predicate "processImagePath beginsWith \"/Users/nonth/Library/Developer/CoreSimulator/Devices/B7E9BAD6-0C0D-41EE-BE0C-D49BF485382E/data/Containers/Bundle/Application/A9D25B4E-FCD1-47CE-888B-F82CFEBC6D31/EdotReactNavExample.app\""
23:22:34.800 detox[66325] i starting SimulatorScreenshot
23:22:34.800 detox[66325] i /usr/bin/xcrun simctl io B7E9BAD6-0C0D-41EE-BE0C-D49BF485382E screenshot "/private/var/folders/nd/_cs61jn95mx_wzcmldgt15p00000gn/T/detox-66325-Vr024g.detox.png"
23:22:34.801 detox[66325] i starting SimulatorVideoRecording
23:22:34.801 detox[66325] i /usr/bin/xcrun simctl io B7E9BAD6-0C0D-41EE-BE0C-D49BF485382E recordVideo /private/var/folders/nd/_cs61jn95mx_wzcmldgt15p00000gn/T/detox-66325-jeD0NB.detox.mp4
23:22:34.965 detox[66325] i Note: No display specified. Defaulting to display: 1CF89121-203F-41F0-8702-803F5499D5AE (screenID: 1, name: LCD)

23:22:34.978 detox[66325] i Recording started

23:22:35.018 detox[66325] i Detected file type from extension: PNG
Note: No display specified. Defaulting to display: 1CF89121-203F-41F0-8702-803F5499D5AE (screenID: 1, name: LCD)
Wrote screenshot to: /private/var/folders/nd/_cs61jn95mx_wzcmldgt15p00000gn/T/detox-66325-Vr024g.detox.png

23:22:35.018 detox[66325] i stopping SimulatorScreenshot
23:22:35.018 detox[66325] E onTestStart
23:22:35.018 detox[66325] B beforeEach
23:22:35.018 detox[66325] E beforeEach
23:22:35.018 detox[66325] B test_fn
23:22:35.019 detox[66324] i get
  data: {"type":"invoke","params":{"type":"expectation","predicate":{"type":"id","value":"home-status","isRegex":false},"expectation":"toBeVisible"},"messageId":11}
23:22:35.019 detox[66324] i send
  data: {
    "type": "invoke",
    "params": {
      "type": "expectation",
      "predicate": {
        "type": "id",
        "value": "home-status",
        "isRegex": false
      },
      "expectation": "toBeVisible"
    },
    "messageId": 11
  }
23:22:35.019 detox[66325] i send message
  data: {"type":"invoke","params":{"type":"expectation","predicate":{"type":"id","value":"home-status","isRegex":false},"expectation":"toBeVisible"},"messageId":11}
23:22:35.019 detox[66325] B expect element to be visible
  data: {
    "type": "expectation",
    "predicate": {
      "type": "id",
      "value": "home-status",
      "isRegex": false
    },
    "expectation": "toBeVisible"
  }
23:22:35.072 detox[66324] i get
  data: {"type":"invokeResult","params":{},"messageId":11}
23:22:35.072 detox[66324] i send
  data: {
    "type": "invokeResult",
    "params": {},
    "messageId": 11
  }
23:22:35.072 detox[66325] i get message
  data: {"type":"invokeResult","params":{},"messageId":11}
   
23:22:35.073 detox[66324] i get
  data: {"type":"invoke","params":{"type":"expectation","predicate":{"type":"id","value":"home-session","isRegex":false},"expectation":"toBeVisible"},"messageId":12}
23:22:35.073 detox[66324] i send
  data: {
    "type": "invoke",
    "params": {
      "type": "expectation",
      "predicate": {
        "type": "id",
        "value": "home-session",
        "isRegex": false
      },
      "expectation": "toBeVisible"
    },
    "messageId": 12
  }
23:22:35.073 detox[66325] E expect element to be visible
23:22:35.073 detox[66325] i send message
  data: {"type":"invoke","params":{"type":"expectation","predicate":{"type":"id","value":"home-session","isRegex":false},"expectation":"toBeVisible"},"messageId":12}
23:22:35.073 detox[66325] B expect element to be visible
  data: {
    "type": "expectation",
    "predicate": {
      "type": "id",
      "value": "home-session",
      "isRegex": false
    },
    "expectation": "toBeVisible"
  }
23:22:35.126 detox[66324] i get
  data: {"params":{},"messageId":12,"type":"invokeResult"}
23:22:35.126 detox[66324] i send
  data: {
    "params": {},
    "messageId": 12,
    "type": "invokeResult"
  }
23:22:35.126 detox[66325] i get message
  data: {"params":{},"messageId":12,"type":"invokeResult"}
   
23:22:35.126 detox[66325] E expect element to be visible
23:22:35.126 detox[66325] E test_fn
23:22:35.126 detox[66325] B onTestDone
  args: ({"title":"shows SDK status and session","fullName":"React Navigation Example Home Screen shows SDK status and session","status":"passed","invocations":1})
23:22:35.126 detox[66325] i stopping SimulatorVideoRecording
23:22:35.126 detox[66325] i discarding SimulatorScreenshot
23:22:35.128 detox[66325] i sending SIGINT to: /usr/bin/xcrun simctl io B7E9BAD6-0C0D-41EE-BE0C-D49BF485382E recordVideo /private/var/folders/nd/_cs61jn95mx_wzcmldgt15p00000gn/T/detox-66325-jeD0NB.detox.mp4
23:22:35.134 detox[66325] i Recording completed. Writing to disk.

Wrote video to: /private/var/folders/nd/_cs61jn95mx_wzcmldgt15p00000gn/T/detox-66325-jeD0NB.detox.mp4

23:22:35.136 detox[66325] i /usr/bin/xcrun simctl io B7E9BAD6-0C0D-41EE-BE0C-D49BF485382E recordVideo /private/var/folders/nd/_cs61jn95mx_wzcmldgt15p00000gn/T/detox-66325-jeD0NB.detox.mp4 exited with code #0
23:22:35.136 detox[66325] i discarding SimulatorVideoRecording
23:22:35.136 detox[66325] i stopping SimulatorLogRecording
23:22:35.188 detox[66325] i sending SIGINT to: /usr/bin/xcrun simctl spawn B7E9BAD6-0C0D-41EE-BE0C-D49BF485382E log stream --level debug --style compact --predicate processImagePath beginsWith "/Users/nonth/Library/Developer/CoreSimulator/Devices/B7E9BAD6-0C0D-41EE-BE0C-D49BF485382E/data/Containers/Bundle/Application/A9D25B4E-FCD1-47CE-888B-F82CFEBC6D31/EdotReactNavExample.app"
23:22:35.193 detox[66325] i /usr/bin/xcrun simctl spawn B7E9BAD6-0C0D-41EE-BE0C-D49BF485382E log stream --level debug --style compact --predicate "processImagePath beginsWith \"/Users/nonth/Library/Developer/CoreSimulator/Devices/B7E9BAD6-0C0D-41EE-BE0C-D49BF485382E/data/Containers/Bundle/Application/A9D25B4E-FCD1-47CE-888B-F82CFEBC6D31/EdotReactNavExample.app\"" exited with code #0
23:22:35.193 detox[66325] E onTestDone
23:22:35.193 detox[66325] E shows SDK status and session
23:22:35.193 detox[66325] i React Navigation Example > Home Screen: shows SDK status and session [OK]
23:22:35.194 detox[66325] B taps user and attribute buttons
23:22:35.194 detox[66325] i React Navigation Example > Home Screen: taps user and attribute buttons
23:22:35.194 detox[66325] B onTestStart
  args: ({"title":"taps user and attribute buttons","fullName":"React Navigation Example Home Screen taps user and attribute buttons","status":"running","invocations":1})
23:22:35.194 detox[66325] i starting SimulatorLogRecording
23:22:35.195 detox[66325] i saving SimulatorLogRecording to: artifacts/ios.sim.release.2026-04-10 16-22-19Z/✓ React Navigation Example Home Screen shows SDK status and session/device.log
23:22:35.195 detox[66325] i moving "/private/var/folders/nd/_cs61jn95mx_wzcmldgt15p00000gn/T/detox-66325-rgaXw3.detox.log" to artifacts/ios.sim.release.2026-04-10 16-22-19Z/✓ React Navigation Example Home Screen shows SDK status and session/device.log
23:22:35.195 detox[66325] i /usr/bin/xcrun simctl get_app_container B7E9BAD6-0C0D-41EE-BE0C-D49BF485382E com.edot.reactnavexample
23:22:35.367 detox[66325] i /Users/nonth/Library/Developer/CoreSimulator/Devices/B7E9BAD6-0C0D-41EE-BE0C-D49BF485382E/data/Containers/Bundle/Application/A9D25B4E-FCD1-47CE-888B-F82CFEBC6D31/EdotReactNavExample.app

23:22:35.368 detox[66325] i /usr/bin/xcrun simctl spawn B7E9BAD6-0C0D-41EE-BE0C-D49BF485382E log stream --level debug --style compact --predicate "processImagePath beginsWith \"/Users/nonth/Library/Developer/CoreSimulator/Devices/B7E9BAD6-0C0D-41EE-BE0C-D49BF485382E/data/Containers/Bundle/Application/A9D25B4E-FCD1-47CE-888B-F82CFEBC6D31/EdotReactNavExample.app\""
23:22:35.419 detox[66325] i starting SimulatorScreenshot
23:22:35.420 detox[66325] i /usr/bin/xcrun simctl io B7E9BAD6-0C0D-41EE-BE0C-D49BF485382E screenshot "/private/var/folders/nd/_cs61jn95mx_wzcmldgt15p00000gn/T/detox-66325-5XSBql.detox.png"
23:22:35.421 detox[66325] i starting SimulatorVideoRecording
23:22:35.421 detox[66325] i /usr/bin/xcrun simctl io B7E9BAD6-0C0D-41EE-BE0C-D49BF485382E recordVideo /private/var/folders/nd/_cs61jn95mx_wzcmldgt15p00000gn/T/detox-66325-0jRFFL.detox.mp4
23:22:35.592 detox[66325] i Note: No display specified. Defaulting to display: 1CF89121-203F-41F0-8702-803F5499D5AE (screenID: 1, name: LCD)

23:22:35.604 detox[66325] i Recording started

23:22:35.642 detox[66325] i Detected file type from extension: PNG
Note: No display specified. Defaulting to display: 1CF89121-203F-41F0-8702-803F5499D5AE (screenID: 1, name: LCD)
Wrote screenshot to: /private/var/folders/nd/_cs61jn95mx_wzcmldgt15p00000gn/T/detox-66325-5XSBql.detox.png

23:22:35.643 detox[66324] i get
  data: {"type":"invoke","params":{"type":"action","action":"tap","predicate":{"type":"id","value":"home-btn-set-user","isRegex":false}},"messageId":13}
23:22:35.643 detox[66325] i stopping SimulatorScreenshot
23:22:35.643 detox[66325] E onTestStart
23:22:35.643 detox[66325] B beforeEach
23:22:35.643 detox[66325] E beforeEach
23:22:35.643 detox[66325] B test_fn
23:22:35.643 detox[66325] i send message
  data: {"type":"invoke","params":{"type":"action","action":"tap","predicate":{"type":"id","value":"home-btn-set-user","isRegex":false}},"messageId":13}
23:22:35.643 detox[66325] B tap
  data: {
    "type": "action",
    "action": "tap",
    "predicate": {
      "type": "id",
      "value": "home-btn-set-user",
      "isRegex": false
    }
  }
23:22:35.644 detox[66324] i send
  data: {
    "type": "invoke",
    "params": {
      "type": "action",
      "action": "tap",
      "predicate": {
        "type": "id",
        "value": "home-btn-set-user",
        "isRegex": false
      }
    },
    "messageId": 13
  }
23:22:36.214 detox[66324] i get
  data: {"params":{},"messageId":13,"type":"invokeResult"}
23:22:36.214 detox[66324] i send
  data: {
    "params": {},
    "messageId": 13,
    "type": "invokeResult"
  }
23:22:36.215 detox[66325] i get message
  data: {"params":{},"messageId":13,"type":"invokeResult"}
   
23:22:36.216 detox[66325] E tap
23:22:36.216 detox[66325] i send message
  data: {"type":"invoke","params":{"type":"action","action":"tap","predicate":{"type":"id","value":"home-btn-clear-user","isRegex":false}},"messageId":14}
23:22:36.217 detox[66325] B tap
  data: {
    "type": "action",
    "action": "tap",
    "predicate": {
      "type": "id",
      "value": "home-btn-clear-user",
      "isRegex": false
    }
  }
23:22:36.219 detox[66324] i get
  data: {"type":"invoke","params":{"type":"action","action":"tap","predicate":{"type":"id","value":"home-btn-clear-user","isRegex":false}},"messageId":14}
23:22:36.219 detox[66324] i send
  data: {
    "type": "invoke",
    "params": {
      "type": "action",
      "action": "tap",
      "predicate": {
        "type": "id",
        "value": "home-btn-clear-user",
        "isRegex": false
      }
    },
    "messageId": 14
  }
23:22:36.811 detox[66324] i get
  data: {"params":{},"messageId":14,"type":"invokeResult"}
23:22:36.811 detox[66324] i send
  data: {
    "params": {},
    "messageId": 14,
    "type": "invokeResult"
  }
23:22:36.813 detox[66325] i get message
  data: {"params":{},"messageId":14,"type":"invokeResult"}
   
23:22:36.813 detox[66325] E tap
23:22:36.814 detox[66324] i get
  data: {"type":"invoke","params":{"type":"action","action":"tap","predicate":{"type":"id","value":"home-btn-set-session-attr","isRegex":false}},"messageId":15}
23:22:36.814 detox[66325] i send message
  data: {"type":"invoke","params":{"type":"action","action":"tap","predicate":{"type":"id","value":"home-btn-set-session-attr","isRegex":false}},"messageId":15}
23:22:36.815 detox[66324] i send
  data: {
    "type": "invoke",
    "params": {
      "type": "action",
      "action": "tap",
      "predicate": {
        "type": "id",
        "value": "home-btn-set-session-attr",
        "isRegex": false
      }
    },
    "messageId": 15
  }
23:22:36.815 detox[66325] B tap
  data: {
    "type": "action",
    "action": "tap",
    "predicate": {
      "type": "id",
      "value": "home-btn-set-session-attr",
      "isRegex": false
    }
  }
23:22:37.431 detox[66324] i get
  data: {"params":{},"messageId":15,"type":"invokeResult"}
23:22:37.431 detox[66324] i send
  data: {
    "params": {},
    "messageId": 15,
    "type": "invokeResult"
  }
23:22:37.432 detox[66325] i get message
  data: {"params":{},"messageId":15,"type":"invokeResult"}
   
23:22:37.433 detox[66325] E tap
23:22:37.433 detox[66325] i send message
  data: {"type":"invoke","params":{"type":"action","action":"tap","predicate":{"type":"id","value":"home-btn-set-global-attr","isRegex":false}},"messageId":16}
23:22:37.434 detox[66324] i get
  data: {"type":"invoke","params":{"type":"action","action":"tap","predicate":{"type":"id","value":"home-btn-set-global-attr","isRegex":false}},"messageId":16}
23:22:37.434 detox[66324] i send
  data: {
    "type": "invoke",
    "params": {
      "type": "action",
      "action": "tap",
      "predicate": {
        "type": "id",
        "value": "home-btn-set-global-attr",
        "isRegex": false
      }
    },
    "messageId": 16
  }
23:22:37.434 detox[66325] B tap
  data: {
    "type": "action",
    "action": "tap",
    "predicate": {
      "type": "id",
      "value": "home-btn-set-global-attr",
      "isRegex": false
    }
  }
23:22:38.045 detox[66324] i get
  data: {"params":{},"messageId":16,"type":"invokeResult"}
23:22:38.045 detox[66324] i send
  data: {
    "params": {},
    "messageId": 16,
    "type": "invokeResult"
  }
23:22:38.045 detox[66325] i get message
  data: {"params":{},"messageId":16,"type":"invokeResult"}
   
23:22:38.045 detox[66325] E tap
23:22:38.046 detox[66324] i get
  data: {"type":"invoke","params":{"type":"action","action":"tap","predicate":{"type":"id","value":"home-btn-remove-global-attr","isRegex":false}},"messageId":17}
23:22:38.046 detox[66324] i send
  data: {
    "type": "invoke",
    "params": {
      "type": "action",
      "action": "tap",
      "predicate": {
        "type": "id",
        "value": "home-btn-remove-global-attr",
        "isRegex": false
      }
    },
    "messageId": 17
  }
23:22:38.046 detox[66325] i send message
  data: {"type":"invoke","params":{"type":"action","action":"tap","predicate":{"type":"id","value":"home-btn-remove-global-attr","isRegex":false}},"messageId":17}
23:22:38.046 detox[66325] B tap
  data: {
    "type": "action",
    "action": "tap",
    "predicate": {
      "type": "id",
      "value": "home-btn-remove-global-attr",
      "isRegex": false
    }
  }
23:22:38.666 detox[66324] i get
  data: {"params":{},"messageId":17,"type":"invokeResult"}
23:22:38.666 detox[66324] i send
  data: {
    "params": {},
    "messageId": 17,
    "type": "invokeResult"
  }
23:22:38.667 detox[66325] i get message
  data: {"params":{},"messageId":17,"type":"invokeResult"}
   
23:22:38.667 detox[66325] E tap
23:22:38.667 detox[66325] E test_fn
23:22:38.668 detox[66325] B onTestDone
  args: ({"title":"taps user and attribute buttons","fullName":"React Navigation Example Home Screen taps user and attribute buttons","status":"passed","invocations":1})
23:22:38.668 detox[66325] i stopping SimulatorVideoRecording
23:22:38.668 detox[66325] i discarding SimulatorScreenshot
23:22:38.669 detox[66325] i sending SIGINT to: /usr/bin/xcrun simctl io B7E9BAD6-0C0D-41EE-BE0C-D49BF485382E recordVideo /private/var/folders/nd/_cs61jn95mx_wzcmldgt15p00000gn/T/detox-66325-0jRFFL.detox.mp4
23:22:38.738 detox[66325] i Recording completed. Writing to disk.

Wrote video to: /private/var/folders/nd/_cs61jn95mx_wzcmldgt15p00000gn/T/detox-66325-0jRFFL.detox.mp4

23:22:38.740 detox[66325] i /usr/bin/xcrun simctl io B7E9BAD6-0C0D-41EE-BE0C-D49BF485382E recordVideo /private/var/folders/nd/_cs61jn95mx_wzcmldgt15p00000gn/T/detox-66325-0jRFFL.detox.mp4 exited with code #0
23:22:38.740 detox[66325] i discarding SimulatorVideoRecording
23:22:38.740 detox[66325] i stopping SimulatorLogRecording
23:22:38.800 detox[66325] i sending SIGINT to: /usr/bin/xcrun simctl spawn B7E9BAD6-0C0D-41EE-BE0C-D49BF485382E log stream --level debug --style compact --predicate processImagePath beginsWith "/Users/nonth/Library/Developer/CoreSimulator/Devices/B7E9BAD6-0C0D-41EE-BE0C-D49BF485382E/data/Containers/Bundle/Application/A9D25B4E-FCD1-47CE-888B-F82CFEBC6D31/EdotReactNavExample.app"
23:22:38.816 detox[66325] i /usr/bin/xcrun simctl spawn B7E9BAD6-0C0D-41EE-BE0C-D49BF485382E log stream --level debug --style compact --predicate "processImagePath beginsWith \"/Users/nonth/Library/Developer/CoreSimulator/Devices/B7E9BAD6-0C0D-41EE-BE0C-D49BF485382E/data/Containers/Bundle/Application/A9D25B4E-FCD1-47CE-888B-F82CFEBC6D31/EdotReactNavExample.app\"" exited with code #0
23:22:38.816 detox[66325] E onTestDone
23:22:38.817 detox[66325] E taps user and attribute buttons
23:22:38.817 detox[66325] i React Navigation Example > Home Screen: taps user and attribute buttons [OK]
23:22:38.818 detox[66325] B onRunDescribeFinish
  args: ({"name":"Home Screen"})
23:22:38.818 detox[66325] E onRunDescribeFinish
23:22:38.818 detox[66325] E Home Screen
23:22:38.818 detox[66325] B Demo Screens
23:22:38.818 detox[66325] B onRunDescribeStart
  args: ({"name":"Demo Screens"})
23:22:38.818 detox[66325] E onRunDescribeStart
23:22:38.819 detox[66325] B beforeAll
23:22:38.819 detox[66325] i send message
  data: {"type":"invoke","params":{"type":"action","action":"tap","predicate":{"type":"id","value":"tab-demos","isRegex":false}},"messageId":18}
23:22:38.820 detox[66324] i get
  data: {"type":"invoke","params":{"type":"action","action":"tap","predicate":{"type":"id","value":"tab-demos","isRegex":false}},"messageId":18}
23:22:38.820 detox[66324] i send
  data: {
    "type": "invoke",
    "params": {
      "type": "action",
      "action": "tap",
      "predicate": {
        "type": "id",
        "value": "tab-demos",
        "isRegex": false
      }
    },
    "messageId": 18
  }
23:22:38.820 detox[66325] B tap
  data: {
    "type": "action",
    "action": "tap",
    "predicate": {
      "type": "id",
      "value": "tab-demos",
      "isRegex": false
    }
  }
23:22:38.820 detox[66325] i saving SimulatorLogRecording to: artifacts/ios.sim.release.2026-04-10 16-22-19Z/✓ React Navigation Example Home Screen taps user and attribute buttons/device.log
23:22:38.821 detox[66325] i moving "/private/var/folders/nd/_cs61jn95mx_wzcmldgt15p00000gn/T/detox-66325-tEKakV.detox.log" to artifacts/ios.sim.release.2026-04-10 16-22-19Z/✓ React Navigation Example Home Screen taps user and attribute buttons/device.log
23:22:39.412 detox[66324] i get
  data: {"type":"invokeResult","params":{},"messageId":18}
23:22:39.412 detox[66324] i send
  data: {
    "type": "invokeResult",
    "params": {},
    "messageId": 18
  }
23:22:39.412 detox[66325] i get message
  data: {"type":"invokeResult","params":{},"messageId":18}
   
23:22:39.412 detox[66325] E tap
23:22:39.413 detox[66325] E beforeAll
23:22:39.413 detox[66325] B navigates to Network demo and interacts
23:22:39.413 detox[66325] i React Navigation Example > Demo Screens: navigates to Network demo and interacts
23:22:39.413 detox[66325] B onTestStart
  args: ({"title":"navigates to Network demo and interacts","fullName":"React Navigation Example Demo Screens navigates to Network demo and interacts","status":"running","invocations":1})
23:22:39.415 detox[66325] i starting SimulatorLogRecording
23:22:39.416 detox[66325] i /usr/bin/xcrun simctl get_app_container B7E9BAD6-0C0D-41EE-BE0C-D49BF485382E com.edot.reactnavexample
23:22:39.602 detox[66325] i /Users/nonth/Library/Developer/CoreSimulator/Devices/B7E9BAD6-0C0D-41EE-BE0C-D49BF485382E/data/Containers/Bundle/Application/A9D25B4E-FCD1-47CE-888B-F82CFEBC6D31/EdotReactNavExample.app

23:22:39.603 detox[66325] i /usr/bin/xcrun simctl spawn B7E9BAD6-0C0D-41EE-BE0C-D49BF485382E log stream --level debug --style compact --predicate "processImagePath beginsWith \"/Users/nonth/Library/Developer/CoreSimulator/Devices/B7E9BAD6-0C0D-41EE-BE0C-D49BF485382E/data/Containers/Bundle/Application/A9D25B4E-FCD1-47CE-888B-F82CFEBC6D31/EdotReactNavExample.app\""
23:22:39.654 detox[66325] i starting SimulatorScreenshot
23:22:39.655 detox[66325] i /usr/bin/xcrun simctl io B7E9BAD6-0C0D-41EE-BE0C-D49BF485382E screenshot "/private/var/folders/nd/_cs61jn95mx_wzcmldgt15p00000gn/T/detox-66325-pmXnlc.detox.png"
23:22:39.655 detox[66325] i starting SimulatorVideoRecording
23:22:39.656 detox[66325] i /usr/bin/xcrun simctl io B7E9BAD6-0C0D-41EE-BE0C-D49BF485382E recordVideo /private/var/folders/nd/_cs61jn95mx_wzcmldgt15p00000gn/T/detox-66325-WNll0h.detox.mp4
23:22:39.828 detox[66325] i Note: No display specified. Defaulting to display: 1CF89121-203F-41F0-8702-803F5499D5AE (screenID: 1, name: LCD)

23:22:39.866 detox[66325] i Detected file type from extension: PNG
Note: No display specified. Defaulting to display: 1CF89121-203F-41F0-8702-803F5499D5AE (screenID: 1, name: LCD)
Wrote screenshot to: /private/var/folders/nd/_cs61jn95mx_wzcmldgt15p00000gn/T/detox-66325-pmXnlc.detox.png

23:22:39.866 detox[66325] i stopping SimulatorScreenshot
23:22:39.866 detox[66325] E onTestStart
23:22:39.866 detox[66325] B beforeEach
23:22:39.866 detox[66325] E beforeEach
23:22:39.866 detox[66325] B test_fn
23:22:39.866 detox[66325] i send message
  data: {"type":"invoke","params":{"type":"action","action":"tap","predicate":{"type":"id","value":"demos-btn-network","isRegex":false}},"messageId":19}
23:22:39.866 detox[66325] B tap
  data: {
    "type": "action",
    "action": "tap",
    "predicate": {
      "type": "id",
      "value": "demos-btn-network",
      "isRegex": false
    }
  }
23:22:39.867 detox[66324] i get
  data: {"type":"invoke","params":{"type":"action","action":"tap","predicate":{"type":"id","value":"demos-btn-network","isRegex":false}},"messageId":19}
23:22:39.867 detox[66324] i send
  data: {
    "type": "invoke",
    "params": {
      "type": "action",
      "action": "tap",
      "predicate": {
        "type": "id",
        "value": "demos-btn-network",
        "isRegex": false
      }
    },
    "messageId": 19
  }
23:22:39.872 detox[66325] i Recording started

23:22:40.653 detox[66324] i get
  data: {"type":"invokeResult","params":{},"messageId":19}
23:22:40.653 detox[66324] i send
  data: {
    "type": "invokeResult",
    "params": {},
    "messageId": 19
  }
23:22:40.653 detox[66325] i get message
  data: {"type":"invokeResult","params":{},"messageId":19}
   
23:22:40.653 detox[66325] E tap
23:22:40.654 detox[66324] i get
  data: {"type":"invoke","params":{"type":"expectation","predicate":{"type":"id","value":"network-btn-fetch","isRegex":false},"expectation":"toBeVisible"},"messageId":20}
23:22:40.654 detox[66325] i send message
  data: {"type":"invoke","params":{"type":"expectation","predicate":{"type":"id","value":"network-btn-fetch","isRegex":false},"expectation":"toBeVisible"},"messageId":20}
23:22:40.654 detox[66325] B expect element to be visible
  data: {
    "type": "expectation",
    "predicate": {
      "type": "id",
      "value": "network-btn-fetch",
      "isRegex": false
    },
    "expectation": "toBeVisible"
  }
23:22:40.655 detox[66324] i send
  data: {
    "type": "invoke",
    "params": {
      "type": "expectation",
      "predicate": {
        "type": "id",
        "value": "network-btn-fetch",
        "isRegex": false
      },
      "expectation": "toBeVisible"
    },
    "messageId": 20
  }
23:22:40.748 detox[66324] i get
  data: {"type":"invokeResult","params":{},"messageId":20}
23:22:40.748 detox[66324] i send
  data: {
    "type": "invokeResult",
    "params": {},
    "messageId": 20
  }
23:22:40.749 detox[66325] i get message
  data: {"type":"invokeResult","params":{},"messageId":20}
   
23:22:40.749 detox[66325] E expect element to be visible
23:22:40.750 detox[66325] i send message
  data: {"type":"invoke","params":{"type":"action","action":"tap","predicate":{"type":"id","value":"network-btn-fetch","isRegex":false}},"messageId":21}
23:22:40.751 detox[66324] i get
  data: {"type":"invoke","params":{"type":"action","action":"tap","predicate":{"type":"id","value":"network-btn-fetch","isRegex":false}},"messageId":21}
23:22:40.751 detox[66324] i send
  data: {
    "type": "invoke",
    "params": {
      "type": "action",
      "action": "tap",
      "predicate": {
        "type": "id",
        "value": "network-btn-fetch",
        "isRegex": false
      }
    },
    "messageId": 21
  }
23:22:40.751 detox[66325] B tap
  data: {
    "type": "action",
    "action": "tap",
    "predicate": {
      "type": "id",
      "value": "network-btn-fetch",
      "isRegex": false
    }
  }
23:22:41.329 detox[66324] i get
  data: {"params":{},"messageId":21,"type":"invokeResult"}
23:22:41.329 detox[66324] i send
  data: {
    "params": {},
    "messageId": 21,
    "type": "invokeResult"
  }
23:22:41.331 detox[66325] i get message
  data: {"params":{},"messageId":21,"type":"invokeResult"}
   
23:22:41.331 detox[66325] E tap
23:22:41.331 detox[66325] i send message
  data: {"type":"invoke","params":{"type":"action","action":"tap","predicate":{"type":"id","value":"network-btn-fetch-error","isRegex":false}},"messageId":22}
23:22:41.332 detox[66324] i get
  data: {"type":"invoke","params":{"type":"action","action":"tap","predicate":{"type":"id","value":"network-btn-fetch-error","isRegex":false}},"messageId":22}
23:22:41.332 detox[66324] i send
  data: {
    "type": "invoke",
    "params": {
      "type": "action",
      "action": "tap",
      "predicate": {
        "type": "id",
        "value": "network-btn-fetch-error",
        "isRegex": false
      }
    },
    "messageId": 22
  }
23:22:41.332 detox[66325] B tap
  data: {
    "type": "action",
    "action": "tap",
    "predicate": {
      "type": "id",
      "value": "network-btn-fetch-error",
      "isRegex": false
    }
  }
23:22:41.956 detox[66324] i get
  data: {"params":{},"messageId":22,"type":"invokeResult"}
23:22:41.956 detox[66324] i send
  data: {
    "params": {},
    "messageId": 22,
    "type": "invokeResult"
  }
23:22:41.956 detox[66325] i get message
  data: {"params":{},"messageId":22,"type":"invokeResult"}
   
23:22:41.956 detox[66325] E tap
23:22:41.957 detox[66324] i get
  data: {"type":"invoke","params":{"type":"action","action":"tap","predicate":{"type":"id","value":"network-btn-xhr","isRegex":false}},"messageId":23}
23:22:41.957 detox[66324] i send
  data: {
    "type": "invoke",
    "params": {
      "type": "action",
      "action": "tap",
      "predicate": {
        "type": "id",
        "value": "network-btn-xhr",
        "isRegex": false
      }
    },
    "messageId": 23
  }
23:22:41.957 detox[66325] i send message
  data: {"type":"invoke","params":{"type":"action","action":"tap","predicate":{"type":"id","value":"network-btn-xhr","isRegex":false}},"messageId":23}
23:22:41.957 detox[66325] B tap
  data: {
    "type": "action",
    "action": "tap",
    "predicate": {
      "type": "id",
      "value": "network-btn-xhr",
      "isRegex": false
    }
  }
23:22:42.577 detox[66324] i get
  data: {"params":{},"messageId":23,"type":"invokeResult"}
23:22:42.577 detox[66324] i send
  data: {
    "params": {},
    "messageId": 23,
    "type": "invokeResult"
  }
23:22:42.578 detox[66325] i get message
  data: {"params":{},"messageId":23,"type":"invokeResult"}
   
23:22:42.578 detox[66325] E tap
23:22:42.578 detox[66325] B pressBack
  args: ()
23:22:42.578 detox[66325] i pressBack() is an Android-specific function.
23:22:42.579 detox[66325] i Make sure you create an Android-specific test for this scenario.
23:22:42.579 detox[66325] E pressBack
23:22:42.579 detox[66325] E test_fn
23:22:42.579 detox[66325] B onTestDone
  args: ({"title":"navigates to Network demo and interacts","fullName":"React Navigation Example Demo Screens navigates to Network demo and interacts","status":"passed","invocations":1})
23:22:42.580 detox[66325] i stopping SimulatorVideoRecording
23:22:42.580 detox[66325] i discarding SimulatorScreenshot
23:22:42.580 detox[66325] i sending SIGINT to: /usr/bin/xcrun simctl io B7E9BAD6-0C0D-41EE-BE0C-D49BF485382E recordVideo /private/var/folders/nd/_cs61jn95mx_wzcmldgt15p00000gn/T/detox-66325-WNll0h.detox.mp4
23:22:42.644 detox[66325] i Recording completed. Writing to disk.

Wrote video to: /private/var/folders/nd/_cs61jn95mx_wzcmldgt15p00000gn/T/detox-66325-WNll0h.detox.mp4

23:22:42.646 detox[66325] i /usr/bin/xcrun simctl io B7E9BAD6-0C0D-41EE-BE0C-D49BF485382E recordVideo /private/var/folders/nd/_cs61jn95mx_wzcmldgt15p00000gn/T/detox-66325-WNll0h.detox.mp4 exited with code #0
23:22:42.646 detox[66325] i discarding SimulatorVideoRecording
23:22:42.646 detox[66325] i stopping SimulatorLogRecording
23:22:42.699 detox[66325] i sending SIGINT to: /usr/bin/xcrun simctl spawn B7E9BAD6-0C0D-41EE-BE0C-D49BF485382E log stream --level debug --style compact --predicate processImagePath beginsWith "/Users/nonth/Library/Developer/CoreSimulator/Devices/B7E9BAD6-0C0D-41EE-BE0C-D49BF485382E/data/Containers/Bundle/Application/A9D25B4E-FCD1-47CE-888B-F82CFEBC6D31/EdotReactNavExample.app"
23:22:42.707 detox[66325] i /usr/bin/xcrun simctl spawn B7E9BAD6-0C0D-41EE-BE0C-D49BF485382E log stream --level debug --style compact --predicate "processImagePath beginsWith \"/Users/nonth/Library/Developer/CoreSimulator/Devices/B7E9BAD6-0C0D-41EE-BE0C-D49BF485382E/data/Containers/Bundle/Application/A9D25B4E-FCD1-47CE-888B-F82CFEBC6D31/EdotReactNavExample.app\"" exited with code #0
23:22:42.708 detox[66325] E onTestDone
23:22:42.708 detox[66325] E navigates to Network demo and interacts
23:22:42.708 detox[66325] i React Navigation Example > Demo Screens: navigates to Network demo and interacts [OK]
23:22:42.708 detox[66325] B navigates to Tracing demo and interacts
23:22:42.708 detox[66325] i React Navigation Example > Demo Screens: navigates to Tracing demo and interacts
23:22:42.709 detox[66325] B onTestStart
  args: ({"title":"navigates to Tracing demo and interacts","fullName":"React Navigation Example Demo Screens navigates to Tracing demo and interacts","status":"running","invocations":1})
23:22:42.710 detox[66325] i starting SimulatorLogRecording
23:22:42.711 detox[66325] i saving SimulatorLogRecording to: artifacts/ios.sim.release.2026-04-10 16-22-19Z/✓ React Navigation Example Demo Screens navigates to Network demo and interacts/device.log
23:22:42.711 detox[66325] i moving "/private/var/folders/nd/_cs61jn95mx_wzcmldgt15p00000gn/T/detox-66325-sXG6kS.detox.log" to artifacts/ios.sim.release.2026-04-10 16-22-19Z/✓ React Navigation Example Demo Screens navigates to Network demo and interacts/device.log
23:22:42.711 detox[66325] i /usr/bin/xcrun simctl get_app_container B7E9BAD6-0C0D-41EE-BE0C-D49BF485382E com.edot.reactnavexample
23:22:42.896 detox[66325] i /Users/nonth/Library/Developer/CoreSimulator/Devices/B7E9BAD6-0C0D-41EE-BE0C-D49BF485382E/data/Containers/Bundle/Application/A9D25B4E-FCD1-47CE-888B-F82CFEBC6D31/EdotReactNavExample.app

23:22:42.896 detox[66325] i /usr/bin/xcrun simctl spawn B7E9BAD6-0C0D-41EE-BE0C-D49BF485382E log stream --level debug --style compact --predicate "processImagePath beginsWith \"/Users/nonth/Library/Developer/CoreSimulator/Devices/B7E9BAD6-0C0D-41EE-BE0C-D49BF485382E/data/Containers/Bundle/Application/A9D25B4E-FCD1-47CE-888B-F82CFEBC6D31/EdotReactNavExample.app\""
23:22:42.948 detox[66325] i starting SimulatorScreenshot
23:22:42.948 detox[66325] i /usr/bin/xcrun simctl io B7E9BAD6-0C0D-41EE-BE0C-D49BF485382E screenshot "/private/var/folders/nd/_cs61jn95mx_wzcmldgt15p00000gn/T/detox-66325-j33FsH.detox.png"
23:22:42.949 detox[66325] i starting SimulatorVideoRecording
23:22:42.950 detox[66325] i /usr/bin/xcrun simctl io B7E9BAD6-0C0D-41EE-BE0C-D49BF485382E recordVideo /private/var/folders/nd/_cs61jn95mx_wzcmldgt15p00000gn/T/detox-66325-Eebm62.detox.mp4
23:22:43.116 detox[66325] i Note: No display specified. Defaulting to display: 1CF89121-203F-41F0-8702-803F5499D5AE (screenID: 1, name: LCD)

23:22:43.149 detox[66325] i Detected file type from extension: PNG
Note: No display specified. Defaulting to display: 1CF89121-203F-41F0-8702-803F5499D5AE (screenID: 1, name: LCD)
Wrote screenshot to: /private/var/folders/nd/_cs61jn95mx_wzcmldgt15p00000gn/T/detox-66325-j33FsH.detox.png

23:22:43.149 detox[66325] i stopping SimulatorScreenshot
23:22:43.149 detox[66325] E onTestStart
23:22:43.150 detox[66324] i get
  data: {"type":"invoke","params":{"type":"action","action":"tap","predicate":{"type":"id","value":"demos-btn-tracing","isRegex":false}},"messageId":24}
23:22:43.150 detox[66324] i send
  data: {
    "type": "invoke",
    "params": {
      "type": "action",
      "action": "tap",
      "predicate": {
        "type": "id",
        "value": "demos-btn-tracing",
        "isRegex": false
      }
    },
    "messageId": 24
  }
23:22:43.150 detox[66325] B beforeEach
23:22:43.150 detox[66325] E beforeEach
23:22:43.150 detox[66325] B test_fn
23:22:43.150 detox[66325] i send message
  data: {"type":"invoke","params":{"type":"action","action":"tap","predicate":{"type":"id","value":"demos-btn-tracing","isRegex":false}},"messageId":24}
23:22:43.150 detox[66325] B tap
  data: {
    "type": "action",
    "action": "tap",
    "predicate": {
      "type": "id",
      "value": "demos-btn-tracing",
      "isRegex": false
    }
  }
23:22:43.157 detox[66325] i Recording started

23:22:43.180 detox[66324] i get
  data: {"params":{"viewHierarchy":"<?xml version=\"1.0\" encoding=\"utf-8\"?>\n<ViewHierarchy>\n    <UIWindow alpha=\"1.0\" class=\"UIWindow\" focused=\"false\" height=\"874\" ptr=\"0x106598800\" visibility=\"visible\" width=\"402\">\n        <UITransitionView alpha=\"1.0\" class=\"UITransitionView\" focused=\"false\" height=\"874\" ptr=\"0x109a10000\" visibility=\"visible\" width=\"402\" x=\"0\" y=\"0\">\n            <UIDropShadowView alpha=\"1.0\" class=\"UIDropShadowView\" focused=\"false\" height=\"874\" ptr=\"0x10991db80\" visibility=\"visible\" width=\"402\" x=\"0\" y=\"0\">\n                <RCTRootView alpha=\"1.0\" class=\"RCTRootView\" focused=\"false\" height=\"874\" ptr=\"0x10991d400\" visibility=\"visible\" width=\"402\" x=\"0\" y=\"0\">\n                    <RCTRootContentView alpha=\"1.0\" class=\"RCTRootContentView\" focused=\"false\" height=\"874\" label=\"Network Demos All requests are auto-instrumented by the SDK Fetch Data Fetch Error Fetch Multiple (3) XHR Request Log: [23:22:42] XHR OK: Leanne Graham [23:22:42] XHR request... [23:22:41] Expected error: Network request failed [23:22:41] Fetching invalid URL... [23:22:41] OK: sunt aut facere repellat provident occae... [23:22:40] Fetching data... Vertical scroll bar, 1 page Horizontal scroll bar, 1 page Network Home, tab, 1 of 3 Demos, tab, 2 of 3 Settings, tab, 3 of 3\" ptr=\"0x106598400\" visibility=\"visible\" width=\"402\" x=\"0\" y=\"0\">\n                        <RCTView alpha=\"1.0\" class=\"RCTView\" focused=\"false\" height=\"874\" label=\"Network Demos All requests are auto-instrumented by the SDK Fetch Data Fetch Error Fetch Multiple (3) XHR Request Log: [23:22:42] XHR OK: Leanne Graham [23:22:42] XHR request... [23:22:41] Expected error: Network request failed [23:22:41] Fetching invalid URL... [23:22:41] OK: sunt aut facere repellat provident occae... [23:22:40] Fetching data... Vertical scroll bar, 1 page Horizontal scroll bar, 1 page Network Home, tab, 1 of 3 Demos, tab, 2 of 3 Settings, tab, 3 of 3\" ptr=\"0x10add3480\" visibility=\"visible\" width=\"402\" x=\"0\" y=\"0\">\n                            <RCTView alpha=\"1.0\" class=\"RCTView\" focused=\"false\" height=\"874\" label=\"Network Demos All requests are auto-instrumented by the SDK Fetch Data Fetch Error Fetch Multiple (3) XHR Request Log: [23:22:42] XHR OK: Leanne Graham [23:22:42] XHR request... [23:22:41] Expected error: Network request failed [23:22:41] Fetching invalid URL... [23:22:41] OK: sunt aut facere repellat provident occae... [23:22:40] Fetching data... Vertical scroll bar, 1 page Horizontal scroll bar, 1 page Network Home, tab, 1 of 3 Demos, tab, 2 of 3 Settings, tab, 3 of 3\" ptr=\"0x10add3100\" visibility=\"visible\" width=\"402\" x=\"0\" y=\"0\">\n                                <RNCSafeAreaProvider alpha=\"1.0\" class=\"RNCSafeAreaProvider\" focused=\"false\" height=\"874\" label=\"Network Demos All requests are auto-instrumented by the SDK Fetch Data Fetch Error Fetch Multiple (3) XHR Request Log: [23:22:42] XHR OK: Leanne Graham [23:22:42] XHR request... [23:22:41] Expected error: Network request failed [23:22:41] Fetching invalid URL... [23:22:41] OK: sunt aut facere repellat provident occae... [23:22:40] Fetching data... Vertical scroll bar, 1 page Horizontal scroll bar, 1 page Network Home, tab, 1 of 3 Demos, tab, 2 of 3 Settings, tab, 3 of 3\" ptr=\"0x106599800\" visibility=\"visible\" width=\"402\" x=\"0\" y=\"0\">\n                                    <RNSScreenNavigationContainerView alpha=\"1.0\" class=\"RNSScreenNavigationContainerView\" focused=\"false\" height=\"795\" ptr=\"0x1067c79c0\" visibility=\"visible\" width=\"402\" x=\"0\" y=\"0\">\n                                        <UILayoutContainerView alpha=\"1.0\" class=\"UILayoutContainerView\" focused=\"false\" height=\"795\" ptr=\"0x1067d9a40\" visibility=\"visible\" width=\"402\" x=\"0\" y=\"0\">\n                                            <UINavigationTransitionView alpha=\"1.0\" class=\"UINavigationTransitionView\" focused=\"false\" height=\"795\" ptr=\"0x1067daa00\" visibility=\"visible\" width=\"402\" x=\"0\" y=\"0\">\n                                                <UIViewControllerWrapperView alpha=\"1.0\" class=\"UIViewControllerWrapperView\" focused=\"false\" height=\"795\" ptr=\"0x1098baf40\" visibility=\"visible\" width=\"402\" x=\"0\" y=\"0\">\n                                                    <RNSScreenView alpha=\"1.0\" class=\"RNSScreenView\" focused=\"false\" height=\"795\" label=\"Network Demos All requests are auto-instrumented by the SDK Fetch Data Fetch Error Fetch Multiple (3) XHR Request Log: [23:22:42] XHR OK: Leanne Graham [23:22:42] XHR request... [23:22:41] Expected error: Network request failed [23:22:41] Fetching invalid URL... [23:22:41] OK: sunt aut facere repellat provident occae... [23:22:40] Fetching data... Vertical scroll bar, 1 page Horizontal scroll bar, 1 page Network\" ptr=\"0x1064fed00\" visibility=\"visible\" width=\"402\" x=\"0\" y=\"0\">\n                                                        <RCTView alpha=\"1.0\" class=\"RCTView\" focused=\"false\" height=\"795\" label=\"Network Demos All requests are auto-instrumented by the SDK Fetch Data Fetch Error Fetch Multiple (3) XHR Request Log: [23:22:42] XHR OK: Leanne Graham [23:22:42] XHR request... [23:22:41] Expected error: Network request failed [23:22:41] Fetching invalid URL... [23:22:41] OK: sunt aut facere repellat provident occae... [23:22:40] Fetching data... Vertical scroll bar, 1 page Horizontal scroll bar, 1 page Network\" ptr=\"0x10aeaa300\" visibility=\"visible\" width=\"402\" x=\"0\" y=\"0\">\n                                                            <RCTView alpha=\"1.0\" class=\"RCTView\" focused=\"false\" height=\"795\" label=\"Network Demos All requests are auto-instrumented by the SDK Fetch Data Fetch Error Fetch Multiple (3) XHR Request Log: [23:22:42] XHR OK: Leanne Graham [23:22:42] XHR request... [23:22:41] Expected error: Network request failed [23:22:41] Fetching invalid URL... [23:22:41] OK: sunt aut facere repellat provident occae... [23:22:40] Fetching data... Vertical scroll bar, 1 page Horizontal scroll bar, 1 page Network\" ptr=\"0x10aea9f80\" visibility=\"visible\" width=\"402\" x=\"0\" y=\"0\">\n                                                                <RCTView alpha=\"1.0\" class=\"RCTView\" focused=\"false\" height=\"795\" label=\"Network Demos All requests are auto-instrumented by the SDK Fetch Data Fetch Error Fetch Multiple (3) XHR Request Log: [23:22:42] XHR OK: Leanne Graham [23:22:42] XHR request... [23:22:41] Expected error: Network request failed [23:22:41] Fetching invalid URL... [23:22:41] OK: sunt aut facere repellat provident occae... [23:22:40] Fetching data... Vertical scroll bar, 1 page Horizontal scroll bar, 1 page Network\" ptr=\"0x10aea9c00\" visibility=\"visible\" width=\"402\" x=\"0\" y=\"0\">\n                                                                    <RNSScreenStackView alpha=\"1.0\" class=\"RNSScreenStackView\" focused=\"false\" height=\"795\" ptr=\"0x10af6a800\" visibility=\"visible\" width=\"402\" x=\"0\" y=\"0\">\n                                                                        <UILayoutContainerView alpha=\"1.0\" class=\"UILayoutContainerView\" focused=\"false\" height=\"795\" ptr=\"0x1098a5dc0\" visibility=\"visible\" width=\"402\" x=\"0\" y=\"0\">\n                                                                            <UINavigationTransitionView alpha=\"1.0\" class=\"UINavigationTransitionView\" focused=\"false\" height=\"795\" ptr=\"0x1098a6a00\" visibility=\"visible\" width=\"402\" x=\"0\" y=\"0\">\n                                                                                <UIViewControllerWrapperView alpha=\"1.0\" class=\"UIViewControllerWrapperView\" focused=\"false\" height=\"795\" ptr=\"0x1098a7b80\" visibility=\"visible\" width=\"402\" x=\"0\" y=\"0\">\n                                                                                    <RNSScreenView alpha=\"1.0\" class=\"RNSScreenView\" focused=\"false\" height=\"679\" label=\"Network Demos All requests are auto-instrumented by the SDK Fetch Data Fetch Error Fetch Multiple (3) XHR Request Log: [23:22:42] XHR OK: Leanne Graham [23:22:42] XHR request... [23:22:41] Expected error: Network request failed [23:22:41] Fetching invalid URL... [23:22:41] OK: sunt aut facere repellat provident occae... [23:22:40] Fetching data... Vertical scroll bar, 1 page Horizontal scroll bar, 1 page\" ptr=\"0x118ef9900\" visibility=\"visible\" width=\"402\" x=\"0\" y=\"116\">\n                                                                                        <RCTView alpha=\"1.0\" class=\"RCTView\" focused=\"false\" height=\"679\" label=\"Network Demos All requests are auto-instrumented by the SDK Fetch Data Fetch Error Fetch Multiple (3) XHR Request Log: [23:22:42] XHR OK: Leanne Graham [23:22:42] XHR request... [23:22:41] Expected error: Network request failed [23:22:41] Fetching invalid URL... [23:22:41] OK: sunt aut facere repellat provident occae... [23:22:40] Fetching data... Vertical scroll bar, 1 page Horizontal scroll bar, 1 page\" ptr=\"0x118ef7b80\" visibility=\"visible\" width=\"402\" x=\"0\" y=\"0\">\n                                                                                            <RCTView alpha=\"1.0\" class=\"RCTView\" focused=\"false\" height=\"679\" label=\"Network Demos All requests are auto-instrumented by the SDK Fetch Data Fetch Error Fetch Multiple (3) XHR Request Log: [23:22:42] XHR OK: Leanne Graham [23:22:42] XHR request... [23:22:41] Expected error: Network request failed [23:22:41] Fetching invalid URL... [23:22:41] OK: sunt aut facere repellat provident occae... [23:22:40] Fetching data... Vertical scroll bar, 1 page Horizontal scroll bar, 1 page\" ptr=\"0x118ef7800\" visibility=\"visible\" width=\"402\" x=\"0\" y=\"0\">\n                                                                                                <RCTSafeAreaView alpha=\"1.0\" class=\"RCTSafeAreaView\" focused=\"false\" height=\"679\" label=\"Network Demos All requests are auto-instrumented by the SDK Fetch Data Fetch Error Fetch Multiple (3) XHR Request Log: [23:22:42] XHR OK: Leanne Graham [23:22:42] XHR request... [23:22:41] Expected error: Network request failed [23:22:41] Fetching invalid URL... [23:22:41] OK: sunt aut facere repellat provident occae... [23:22:40] Fetching data... Vertical scroll bar, 1 page Horizontal scroll bar, 1 page\" ptr=\"0x10659ac00\" visibility=\"visible\" width=\"402\" x=\"0\" y=\"0\">\n                                                                                                    <RCTScrollView alpha=\"1.0\" class=\"RCTScrollView\" focused=\"false\" height=\"679\" label=\"Network Demos All requests are auto-instrumented by the SDK Fetch Data Fetch Error Fetch Multiple (3) XHR Request Log: [23:22:42] XHR OK: Leanne Graham [23:22:42] XHR request... [23:22:41] Expected error: Network request failed [23:22:41] Fetching invalid URL... [23:22:41] OK: sunt aut facere repellat provident occae... [23:22:40] Fetching data... Vertical scroll bar, 1 page Horizontal scroll bar, 1 page\" ptr=\"0x118ef9400\" visibility=\"visible\" width=\"402\" x=\"0\" y=\"0\">\n                                                                                                        <RCTCustomScrollView alpha=\"1.0\" class=\"RCTCustomScrollView\" focused=\"false\" height=\"679\" ptr=\"0x106589400\" visibility=\"visible\" width=\"402\" x=\"0\" y=\"0\">\n                                                                                                            <RCTScrollContentView alpha=\"1.0\" class=\"RCTScrollContentView\" focused=\"false\" height=\"302\" label=\"Network Demos All requests are auto-instrumented by the SDK Fetch Data Fetch Error Fetch Multiple (3) XHR Request Log: [23:22:42] XHR OK: Leanne Graham [23:22:42] XHR request... [23:22:41] Expected error: Network request failed [23:22:41] Fetching invalid URL... [23:22:41] OK: sunt aut facere repellat provident occae... [23:22:40] Fetching data...\" ptr=\"0x118ef7480\" visibility=\"visible\" width=\"370\" x=\"16\" y=\"16\">\n                                                                                                                <RCTTextView alpha=\"1.0\" class=\"RCTTextView\" focused=\"false\" height=\"26\" label=\"Network Demos\" ptr=\"0x118f58a00\" text=\"Network Demos\" visibility=\"visible\" width=\"370\" x=\"0\" y=\"0\" \/>\n                                                                                                                <RCTTextView alpha=\"1.0\" class=\"RCTTextView\" focused=\"false\" height=\"16\" label=\"All requests are auto-instrumented by the SDK\" ptr=\"0x118f58c00\" text=\"All requests are auto-instrumented by the SDK\" visibility=\"visible\" width=\"370\" x=\"0\" y=\"30\" \/>\n                                                                                                                <RCTView alpha=\"1.0\" class=\"RCTView\" focused=\"false\" height=\"71\" label=\"Fetch Data Fetch Error Fetch Multiple (3) XHR Request\" ptr=\"0x118ef6d80\" visibility=\"visible\" width=\"370\" x=\"0\" y=\"62\">\n                                                                                                                    <RCTView alpha=\"1.0\" class=\"RCTView\" focused=\"false\" height=\"31\" id=\"network-btn-fetch\" label=\"Fetch Data\" ptr=\"0x118ef5f80\" visibility=\"visible\" width=\"92\" x=\"0\" y=\"0\">\n                                                                                                                        <RCTTextView alpha=\"1.0\" class=\"RCTTextView\" focused=\"false\" height=\"16\" label=\"Fetch Data\" ptr=\"0x118f58e00\" text=\"Fetch Data\" visibility=\"visible\" width=\"68\" x=\"12\" y=\"8\" \/>\n                                                                                                                    <\/RCTView>\n                                                                                                                    <RCTView alpha=\"1.0\" class=\"RCTView\" focused=\"false\" height=\"31\" id=\"network-btn-fetch-error\" label=\"Fetch Error\" ptr=\"0x118ef6300\" visibility=\"visible\" width=\"94\" x=\"100\" y=\"0\">\n                                                                                                                        <RCTTextView alpha=\"1.0\" class=\"RCTTextView\" focused=\"false\" height=\"16\" label=\"Fetch Error\" ptr=\"0x118f59000\" text=\"Fetch Error\" visibility=\"visible\" width=\"71\" x=\"12\" y=\"8\" \/>\n                                                                                                                    <\/RCTView>\n                                                                                                                    <RCTView alpha=\"1.0\" class=\"RCTView\" focused=\"false\" height=\"31\" id=\"network-btn-fetch-multiple\" label=\"Fetch Multiple (3)\" ptr=\"0x118ef6680\" visibility=\"visible\" width=\"136\" x=\"203\" y=\"0\">\n                                                                                                                        <RCTTextView alpha=\"1.0\" class=\"RCTTextView\" focused=\"false\" height=\"16\" label=\"Fetch Multiple (3)\" ptr=\"0x118f59200\" text=\"Fetch Multiple (3)\" visibility=\"visible\" width=\"112\" x=\"12\" y=\"8\" \/>\n                                                                                                                    <\/RCTView>\n                                                                                                                    <RCTView alpha=\"1.0\" class=\"RCTView\" focused=\"false\" height=\"31\" id=\"network-btn-xhr\" label=\"XHR Request\" ptr=\"0x118ef6a00\" visibility=\"visible\" width=\"107\" x=\"0\" y=\"39\">\n                                                                                                                        <RCTTextView alpha=\"1.0\" class=\"RCTTextView\" focused=\"false\" height=\"16\" label=\"XHR Request\" ptr=\"0x118f59400\" text=\"XHR Request\" visibility=\"visible\" width=\"83\" x=\"12\" y=\"8\" \/>\n                                                                                                                    <\/RCTView>\n                                                                                                                <\/RCTView>\n                                                                                                                <RCTView alpha=\"1.0\" class=\"RCTView\" focused=\"false\" height=\"137\" id=\"network-result\" label=\"Log: [23:22:42] XHR OK: Leanne Graham [23:22:42] XHR request... [23:22:41] Expected error: Network request failed [23:22:41] Fetching invalid URL... [23:22:41] OK: sunt aut facere repellat provident occae... [23:22:40] Fetching data...\" ptr=\"0x118ef7100\" visibility=\"visible\" width=\"370\" x=\"0\" y=\"149\">\n                                                                                                                    <RCTTextView alpha=\"1.0\" class=\"RCTTextView\" focused=\"false\" height=\"17\" label=\"Log:\" ptr=\"0x118f59600\" text=\"Log:\" visibility=\"visible\" width=\"346\" x=\"12\" y=\"12\" \/>\n                                                                                                                    <RCTTextView alpha=\"1.0\" class=\"RCTTextView\" focused=\"false\" height=\"13\" label=\"[23:22:42] XHR OK: Leanne Graham\" ptr=\"0x117c98400\" text=\"[23:22:42] XHR OK: Leanne Graham\" visibility=\"visible\" width=\"346\" x=\"12\" y=\"35\" \/>\n                                                                                                                    <RCTTextView alpha=\"1.0\" class=\"RCTTextView\" focused=\"false\" height=\"13\" label=\"[23:22:42] XHR request...\" ptr=\"0x117c98600\" text=\"[23:22:42] XHR request...\" visibility=\"visible\" width=\"346\" x=\"12\" y=\"50\" \/>\n                                                                                                                    <RCTTextView alpha=\"1.0\" class=\"RCTTextView\" focused=\"false\" height=\"13\" label=\"[23:22:41] Expected error: Network request failed\" ptr=\"0x117c98800\" text=\"[23:22:41] Expected error: Network request failed\" visibility=\"visible\" width=\"346\" x=\"12\" y=\"65\" \/>\n                                                                                                                    <RCTTextView alpha=\"1.0\" class=\"RCTTextView\" focused=\"false\" height=\"13\" label=\"[23:22:41] Fetching invalid URL...\" ptr=\"0x117c98a00\" text=\"[23:22:41] Fetching invalid URL...\" visibility=\"visible\" width=\"346\" x=\"12\" y=\"81\" \/>\n                                                                                                                    <RCTTextView alpha=\"1.0\" class=\"RCTTextView\" focused=\"false\" height=\"13\" label=\"[23:22:41] OK: sunt aut facere repellat provident occae...\" ptr=\"0x117c98c00\" text=\"[23:22:41] OK: sunt aut facere repellat provident occae...\" visibility=\"visible\" width=\"346\" x=\"12\" y=\"96\" \/>\n                                                                                                                    <RCTTextView alpha=\"1.0\" class=\"RCTTextView\" focused=\"false\" height=\"13\" label=\"[23:22:40] Fetching data...\" ptr=\"0x117c98e00\" text=\"[23:22:40] Fetching data...\" visibility=\"visible\" width=\"346\" x=\"12\" y=\"111\" \/>\n                                                                                                                <\/RCTView>\n                                                                                                            <\/RCTScrollContentView>\n                                                                                                            <_UIScrollViewScrollIndicator alpha=\"0.0\" class=\"_UIScrollViewScrollIndicator\" focused=\"false\" height=\"265\" label=\"Vertical scroll bar, 1 page\" ptr=\"0x118f59e00\" value=\"0%\" visibility=\"visible\" width=\"3\" x=\"396\" y=\"410\">\n                                                                                                                <UIView alpha=\"1.0\" class=\"UIView\" focused=\"false\" height=\"265\" ptr=\"0x1098c7640\" visibility=\"visible\" width=\"3\" x=\"0\" y=\"0\" \/>\n                                                                                                            <\/_UIScrollViewScrollIndicator>\n                                                                                                            <_UIScrollViewScrollIndicator alpha=\"0.0\" class=\"_UIScrollViewScrollIndicator\" focused=\"false\" height=\"3\" label=\"Horizontal scroll bar, 1 page\" ptr=\"0x118f59c00\" value=\"0%\" visibility=\"visible\" width=\"364\" x=\"35\" y=\"673\">\n                                                                                                                <UIView alpha=\"1.0\" class=\"UIView\" focused=\"false\" height=\"3\" ptr=\"0x1098c72c0\" visibility=\"visible\" width=\"364\" x=\"0\" y=\"0\" \/>\n                                                                                                            <\/_UIScrollViewScrollIndicator>\n                                                                                                        <\/RCTCustomScrollView>\n                                                                                                    <\/RCTScrollView>\n                                                                                                <\/RCTSafeAreaView>\n                                                                                            <\/RCTView>\n                                                                                        <\/RCTView>\n                                                                                    <\/RNSScreenView>\n                                                                                <\/UIViewControllerWrapperView>\n                                                                            <\/UINavigationTransitionView>\n                                                                            <UINavigationBar alpha=\"1.0\" class=\"UINavigationBar\" focused=\"false\" height=\"54\" id=\"Network\" ptr=\"0x1099a6a00\" visibility=\"visible\" width=\"402\" x=\"0\" y=\"62\">\n                                                                                <_UIBarBackground alpha=\"1.0\" class=\"_UIBarBackground\" focused=\"false\" height=\"116\" ptr=\"0x118e5e800\" visibility=\"visible\" width=\"402\" x=\"0\" y=\"-62\">\n                                                                                    <UIImageView alpha=\"1.0\" class=\"UIImageView\" focused=\"false\" height=\"116\" ptr=\"0x10af6bc00\" visibility=\"visible\" width=\"402\" x=\"0\" y=\"0\" \/>\n                                                                                    <_UIBarBackgroundShadowView alpha=\"1.0\" class=\"_UIBarBackgroundShadowView\" focused=\"false\" height=\"0\" ptr=\"0x118e5f200\" visibility=\"visible\" width=\"402\" x=\"0\" y=\"116\">\n                                                                                        <_UIBarBackgroundShadowContentImageView alpha=\"1.0\" class=\"_UIBarBackgroundShadowContentImageView\" focused=\"false\" height=\"0\" ptr=\"0x118e5f480\" visibility=\"visible\" width=\"402\" x=\"0\" y=\"0\" \/>\n                                                                                    <\/_UIBarBackgroundShadowView>\n                                                                                <\/_UIBarBackground>\n                                                                                <UIKit.NavigationBarContentView alpha=\"1.0\" class=\"UIKit.NavigationBarContentView\" focused=\"false\" height=\"54\" ptr=\"0x106575000\" visibility=\"visible\" width=\"402\" x=\"0\" y=\"0\">\n                                                                                    <UIKit.NavigationBarTransitionContainer alpha=\"1.0\" class=\"UIKit.NavigationBarTransitionContainer\" focused=\"false\" height=\"54\" ptr=\"0x10af6ac00\" visibility=\"visible\" width=\"402\" x=\"0\" y=\"0\">\n                                                                                        <_UINavigationBarHostedViewContainer alpha=\"1.0\" class=\"_UINavigationBarHostedViewContainer\" focused=\"false\" height=\"54\" ptr=\"0x1098a6140\" visibility=\"visible\" width=\"402\" x=\"0\" y=\"0\">\n                                                                                            <_UINavigationBarHostedViewWrapper alpha=\"1.0\" class=\"_UINavigationBarHostedViewWrapper\" focused=\"false\" height=\"20\" ptr=\"0x118f5b200\" visibility=\"visible\" width=\"68\" x=\"167\" y=\"11\">\n                                                                                                <_UINavigationBarTitleControl alpha=\"1.0\" class=\"_UINavigationBarTitleControl\" focused=\"false\" height=\"20\" ptr=\"0x118f01200\" visibility=\"visible\" width=\"68\" x=\"0\" y=\"0\">\n                                                                                                    <_UIIntrinsicContentSizeInvalidationForwardingWrapperView alpha=\"1.0\" class=\"_UIIntrinsicContentSizeInvalidationForwardingWrapperView\" focused=\"false\" height=\"20\" ptr=\"0x1098d0a80\" visibility=\"visible\" width=\"68\" x=\"0\" y=\"0\">\n                                                                                                        <UILabel alpha=\"1.0\" class=\"UILabel\" focused=\"false\" height=\"20\" label=\"Network\" ptr=\"0x118fe4380\" text=\"Network\" visibility=\"visible\" width=\"67\" x=\"0\" y=\"0\" \/>\n                                                                                                    <\/_UIIntrinsicContentSizeInvalidationForwardingWrapperView>\n                                                                                                <\/_UINavigationBarTitleControl>\n                                                                                            <\/_UINavigationBarHostedViewWrapper>\n                                                                                        <\/_UINavigationBarHostedViewContainer>\n                                                                                        <UIView alpha=\"1.0\" class=\"UIView\" focused=\"false\" height=\"54\" ptr=\"0x1098a5f80\" visibility=\"visible\" width=\"402\" x=\"0\" y=\"0\" \/>\n                                                                                        <UIKit.NavigationBarPlatterContainer alpha=\"1.0\" class=\"UIKit.NavigationBarPlatterContainer\" focused=\"false\" height=\"54\" ptr=\"0x1098a6300\" visibility=\"visible\" width=\"402\" x=\"0\" y=\"0\">\n                                                                                            <_UINavigationBarPlatterView alpha=\"1.0\" class=\"_UINavigationBarPlatterView\" focused=\"false\" height=\"44\" ptr=\"0x118f01800\" visibility=\"visible\" width=\"44\" x=\"16\" y=\"0\">\n                                                                                                <_UINavigationBarPlatterAnimationView alpha=\"1.0\" class=\"_UINavigationBarPlatterAnimationView\" focused=\"false\" height=\"44\" ptr=\"0x1098d1dc0\" visibility=\"visible\" width=\"44\" x=\"0\" y=\"0\">\n                                                                                                    <_UINavigationBarPlatterAnimationView alpha=\"1.0\" class=\"_UINavigationBarPlatterAnimationView\" focused=\"false\" height=\"44\" ptr=\"0x1098d2140\" visibility=\"visible\" width=\"44\" x=\"0\" y=\"0\">\n                                                                                                        <_UINavigationBarPlatterAnimationView alpha=\"1.0\" class=\"_UINavigationBarPlatterAnimationView\" focused=\"false\" height=\"48\" ptr=\"0x1098d2300\" visibility=\"visible\" width=\"48\" x=\"-2\" y=\"-2\">\n                                                                                                            <_UINavigationBarPlatterAnimationView alpha=\"1.0\" class=\"_UINavigationBarPlatterAnimationView\" focused=\"false\" height=\"40\" ptr=\"0x1098d24c0\" visibility=\"visible\" width=\"40\" x=\"1\" y=\"1\">\n                                                                                                                <_UINavigationBarPlatterContentView alpha=\"1.0\" class=\"_UINavigationBarPlatterContentView\" focused=\"false\" height=\"44\" ptr=\"0x1098d2680\" visibility=\"visible\" width=\"44\" x=\"0\" y=\"0\">\n                                                                                                                    <_UINavigationBarPlatterGlassView alpha=\"1.0\" class=\"_UINavigationBarPlatterGlassView\" focused=\"false\" height=\"44\" ptr=\"0x1098d2840\" visibility=\"visible\" width=\"44\" x=\"0\" y=\"0\">\n                                                                                                                        <_UINavigationBarPlatterSubviewContainerView alpha=\"1.0\" class=\"_UINavigationBarPlatterSubviewContainerView\" focused=\"false\" height=\"44\" ptr=\"0x1098d2a00\" visibility=\"visible\" width=\"44\" x=\"0\" y=\"0\">\n                                                                                                                            <_UINavigationBarPlatterItemView alpha=\"1.0\" class=\"_UINavigationBarPlatterItemView\" focused=\"false\" height=\"44\" ptr=\"0x118fcef80\" visibility=\"visible\" width=\"44\" x=\"0\" y=\"0\">\n                                                                                                                                <_UIButtonBarButton alpha=\"1.0\" class=\"_UIButtonBarButton\" focused=\"false\" height=\"44\" id=\"BackButton\" ptr=\"0x118fce800\" visibility=\"visible\" width=\"44\" x=\"0\" y=\"0\">\n                                                                                                                                    <_TtCC5UIKit29ButtonBarButtonVisualProviderP33_A98CD29F4F6ECA17AFECE41BBB264E5918BackButtonMaskView alpha=\"1.0\" class=\"_TtCC5UIKit29ButtonBarButtonVisualProviderP33_A98CD29F4F6ECA17AFECE41BBB264E5918BackButtonMaskView\" focused=\"false\" height=\"44\" ptr=\"0x1098d0540\" visibility=\"invisible\" width=\"44\" x=\"0\" y=\"0\">\n                                                                                                                                        <UIImageView alpha=\"1.0\" class=\"UIImageView\" focused=\"false\" height=\"28\" id=\"UINavigationBarTitleTransitionBackIndicatorMaskSymbol\" ptr=\"0x118f5a800\" visibility=\"visible\" width=\"19\" x=\"0\" y=\"8\" \/>\n                                                                                                                                        <UIView alpha=\"1.0\" class=\"UIView\" focused=\"false\" height=\"44\" ptr=\"0x1098d0700\" visibility=\"visible\" width=\"0\" x=\"44\" y=\"0\" \/>\n                                                                                                                                    <\/_TtCC5UIKit29ButtonBarButtonVisualProviderP33_A98CD29F4F6ECA17AFECE41BBB264E5918BackButtonMaskView>\n                                                                                                                                    <_TtCC5UIKit29ButtonBarButtonVisualProviderP33_A98CD29F4F6ECA17AFECE41BBB264E596Button alpha=\"1.0\" class=\"_TtCC5UIKit29ButtonBarButtonVisualProviderP33_A98CD29F4F6ECA17AFECE41BBB264E596Button\" focused=\"false\" height=\"23\" label=\"Back\" ptr=\"0x118fe4000\" visibility=\"visible\" width=\"44\" x=\"0\" y=\"10\">\n                                                                                                                                        <UIImageView alpha=\"1.0\" class=\"UIImageView\" focused=\"false\" height=\"23\" id=\"chevron.backward\" label=\"Back\" ptr=\"0x118f5aa00\" visibility=\"visible\" width=\"16\" x=\"13\" y=\"0\" \/>\n                                                                                                                                    <\/_TtCC5UIKit29ButtonBarButtonVisualProviderP33_A98CD29F4F6ECA17AFECE41BBB264E596Button>\n                                                                                                                                <\/_UIButtonBarButton>\n                                                                                                                            <\/_UINavigationBarPlatterItemView>\n                                                                                                                        <\/_UINavigationBarPlatterSubviewContainerView>\n                                                                                                                    <\/_UINavigationBarPlatterGlassView>\n                                                                                                                <\/_UINavigationBarPlatterContentView>\n                                                                                                            <\/_UINavigationBarPlatterAnimationView>\n                                                                                                        <\/_UINavigationBarPlatterAnimationView>\n                                                                                                    <\/_UINavigationBarPlatterAnimationView>\n                                                                                                <\/_UINavigationBarPlatterAnimationView>\n                                                                                            <\/_UINavigationBarPlatterView>\n                                                                                        <\/UIKit.NavigationBarPlatterContainer>\n                                                                                    <\/UIKit.NavigationBarTransitionContainer>\n                                                                                <\/UIKit.NavigationBarContentView>\n                                                                                <_UIPointerInteractionAssistantEffectContainerView alpha=\"1.0\" class=\"_UIPointerInteractionAssistantEffectContainerView\" focused=\"false\" height=\"0\" ptr=\"0x1098a7480\" visibility=\"visible\" width=\"0\" x=\"0\" y=\"0\" \/>\n                                                                            <\/UINavigationBar>\n                                                                            <_UIFloatingBarContainerView alpha=\"1.0\" class=\"_UIFloatingBarContainerView\" focused=\"false\" height=\"795\" ptr=\"0x10af6b000\" visibility=\"visible\" width=\"402\" x=\"0\" y=\"0\">\n                                                                                <_TtGC5UIKitP10$186ea25a022FloatingBarHostingViewVS_20FloatingBarContainer_ alpha=\"1.0\" class=\"_TtGC5UIKitP10$186ea25a022FloatingBarHostingViewVS_20FloatingBarContainer_\" focused=\"false\" height=\"795\" ptr=\"0x10af6b800\" visibility=\"visible\" width=\"402\" x=\"0\" y=\"0\" \/>\n                                                                                <_UIPointerInteractionAssistantEffectContainerView alpha=\"1.0\" class=\"_UIPointerInteractionAssistantEffectContainerView\" focused=\"false\" height=\"0\" ptr=\"0x1098a6f40\" visibility=\"visible\" width=\"0\" x=\"0\" y=\"0\" \/>\n                                                                            <\/_UIFloatingBarContainerView>\n                                                                        <\/UILayoutContainerView>\n                                                                    <\/RNSScreenStackView>\n                                                                <\/RCTView>\n                                                            <\/RCTView>\n                                                        <\/RCTView>\n                                                    <\/RNSScreenView>\n                                                <\/UIViewControllerWrapperView>\n                                            <\/UINavigationTransitionView>\n                                            <UINavigationBar alpha=\"1.0\" class=\"UINavigationBar\" focused=\"false\" height=\"54\" id=\"RNSScreen\" ptr=\"0x1099a4600\" visibility=\"invisible\" width=\"402\" x=\"0\" y=\"-116\">\n                                                <_UIBarBackground alpha=\"1.0\" class=\"_UIBarBackground\" focused=\"false\" height=\"116\" ptr=\"0x10ac71900\" visibility=\"visible\" width=\"402\" x=\"0\" y=\"-62\" \/>\n                                                <_UIPointerInteractionAssistantEffectContainerView alpha=\"1.0\" class=\"_UIPointerInteractionAssistantEffectContainerView\" focused=\"false\" height=\"0\" ptr=\"0x109801dc0\" visibility=\"visible\" width=\"0\" x=\"0\" y=\"0\" \/>\n                                            <\/UINavigationBar>\n                                            <_UIFloatingBarContainerView alpha=\"1.0\" class=\"_UIFloatingBarContainerView\" focused=\"false\" height=\"795\" ptr=\"0x109a12200\" visibility=\"visible\" width=\"402\" x=\"0\" y=\"0\">\n                                                <_TtGC5UIKitP10$186ea25a022FloatingBarHostingViewVS_20FloatingBarContainer_ alpha=\"1.0\" class=\"_TtGC5UIKitP10$186ea25a022FloatingBarHostingViewVS_20FloatingBarContainer_\" focused=\"false\" height=\"795\" ptr=\"0x109a12a00\" visibility=\"visible\" width=\"402\" x=\"0\" y=\"0\" \/>\n                                                <_UIPointerInteractionAssistantEffectContainerView alpha=\"1.0\" class=\"_UIPointerInteractionAssistantEffectContainerView\" focused=\"false\" height=\"0\" ptr=\"0x1067e8a80\" visibility=\"visible\" width=\"0\" x=\"0\" y=\"0\" \/>\n                                            <\/_UIFloatingBarContainerView>\n                                        <\/UILayoutContainerView>\n                                    <\/RNSScreenNavigationContainerView>\n                                    <RCTView alpha=\"1.0\" class=\"RCTView\" focused=\"false\" height=\"79\" label=\"Home, tab, 1 of 3 Demos, tab, 2 of 3 Settings, tab, 3 of 3\" ptr=\"0x10add2d80\" visibility=\"visible\" width=\"402\" x=\"0\" y=\"795\">\n                                        <RCTView alpha=\"1.0\" class=\"RCTView\" focused=\"false\" height=\"78\" ptr=\"0x1065d3b80\" visibility=\"visible\" width=\"402\" x=\"0\" y=\"0\" \/>\n                                        <RCTView alpha=\"1.0\" class=\"RCTView\" focused=\"false\" height=\"48\" label=\"Home, tab, 1 of 3 Demos, tab, 2 of 3 Settings, tab, 3 of 3\" ptr=\"0x10add2a00\" visibility=\"visible\" width=\"402\" x=\"0\" y=\"0\">\n                                            <RCTView alpha=\"1.0\" class=\"RCTView\" focused=\"false\" height=\"48\" id=\"tab-home\" label=\"Home, tab, 1 of 3\" ptr=\"0x10add0a80\" visibility=\"visible\" width=\"134\" x=\"0\" y=\"0\">\n                                                <RCTView alpha=\"1.0\" class=\"RCTView\" focused=\"false\" height=\"34\" label=\"H H\" ptr=\"0x10add0700\" visibility=\"visible\" width=\"0\" x=\"67\" y=\"0\">\n                                                    <RCTView alpha=\"0.0\" class=\"RCTView\" focused=\"false\" height=\"34\" label=\"H\" ptr=\"0x10add0000\" visibility=\"visible\" width=\"134\" x=\"-67\" y=\"0\">\n                                                        <RCTTextView alpha=\"1.0\" class=\"RCTTextView\" focused=\"false\" height=\"22\" label=\"H\" ptr=\"0x109a12c00\" text=\"H\" visibility=\"visible\" width=\"13\" x=\"60\" y=\"6\" \/>\n                                                    <\/RCTView>\n                                                    <RCTView alpha=\"1.0\" class=\"RCTView\" focused=\"false\" height=\"34\" label=\"H\" ptr=\"0x10add0380\" visibility=\"visible\" width=\"134\" x=\"-67\" y=\"0\">\n                                                        <RCTTextView alpha=\"1.0\" class=\"RCTTextView\" focused=\"false\" height=\"22\" label=\"H\" ptr=\"0x109a12e00\" text=\"H\" visibility=\"visible\" width=\"13\" x=\"60\" y=\"6\" \/>\n                                                    <\/RCTView>\n                                                <\/RCTView>\n                                                <RCTTextView alpha=\"1.0\" class=\"RCTTextView\" focused=\"false\" height=\"14\" label=\"Home\" ptr=\"0x109a13000\" text=\"Home\" visibility=\"visible\" width=\"34\" x=\"50\" y=\"34\" \/>\n                                            <\/RCTView>\n                                            <RCTView alpha=\"1.0\" class=\"RCTView\" focused=\"false\" height=\"48\" id=\"tab-demos\" label=\"Demos, tab, 2 of 3\" ptr=\"0x10add1880\" visibility=\"visible\" width=\"134\" x=\"134\" y=\"0\">\n                                                <RCTView alpha=\"1.0\" class=\"RCTView\" focused=\"false\" height=\"34\" label=\"D D\" ptr=\"0x10add1500\" visibility=\"visible\" width=\"0\" x=\"67\" y=\"0\">\n                                                    <RCTView alpha=\"1.0\" class=\"RCTView\" focused=\"false\" height=\"34\" label=\"D\" ptr=\"0x10add0e00\" visibility=\"visible\" width=\"134\" x=\"-67\" y=\"0\">\n                                                        <RCTTextView alpha=\"1.0\" class=\"RCTTextView\" focused=\"false\" height=\"22\" label=\"D\" ptr=\"0x109a13200\" text=\"D\" visibility=\"visible\" width=\"13\" x=\"60\" y=\"6\" \/>\n                                                    <\/RCTView>\n                                                    <RCTView alpha=\"0.0\" class=\"RCTView\" focused=\"false\" height=\"34\" label=\"D\" ptr=\"0x10add1180\" visibility=\"visible\" width=\"134\" x=\"-67\" y=\"0\">\n                                                        <RCTTextView alpha=\"1.0\" class=\"RCTTextView\" focused=\"false\" height=\"22\" label=\"D\" ptr=\"0x109a13400\" text=\"D\" visibility=\"visible\" width=\"13\" x=\"60\" y=\"6\" \/>\n                                                    <\/RCTView>\n                                                <\/RCTView>\n                                                <RCTTextView alpha=\"1.0\" class=\"RCTTextView\" focused=\"false\" height=\"14\" label=\"Demos\" ptr=\"0x109a13600\" text=\"Demos\" visibility=\"visible\" width=\"40\" x=\"47\" y=\"34\" \/>\n                                            <\/RCTView>\n                                            <RCTView alpha=\"1.0\" class=\"RCTView\" focused=\"false\" height=\"48\" id=\"tab-settings\" label=\"Settings, tab, 3 of 3\" ptr=\"0x10add2680\" visibility=\"visible\" width=\"134\" x=\"268\" y=\"0\">\n                                                <RCTView alpha=\"1.0\" class=\"RCTView\" focused=\"false\" height=\"34\" label=\"S S\" ptr=\"0x10add2300\" visibility=\"visible\" width=\"0\" x=\"67\" y=\"0\">\n                                                    <RCTView alpha=\"0.0\" class=\"RCTView\" focused=\"false\" height=\"34\" label=\"S\" ptr=\"0x10add1c00\" visibility=\"visible\" width=\"134\" x=\"-67\" y=\"0\">\n                                                        <RCTTextView alpha=\"1.0\" class=\"RCTTextView\" focused=\"false\" height=\"22\" label=\"S\" ptr=\"0x109a13800\" text=\"S\" visibility=\"visible\" width=\"11\" x=\"61\" y=\"6\" \/>\n                                                    <\/RCTView>\n                                                    <RCTView alpha=\"1.0\" class=\"RCTView\" focused=\"false\" height=\"34\" label=\"S\" ptr=\"0x10add1f80\" visibility=\"visible\" width=\"134\" x=\"-67\" y=\"0\">\n                                                        <RCTTextView alpha=\"1.0\" class=\"RCTTextView\" focused=\"false\" height=\"22\" label=\"S\" ptr=\"0x109a13a00\" text=\"S\" visibility=\"visible\" width=\"11\" x=\"61\" y=\"6\" \/>\n                                                    <\/RCTView>\n                                                <\/RCTView>\n                                                <RCTTextView alpha=\"1.0\" class=\"RCTTextView\" focused=\"false\" height=\"14\" label=\"Settings\" ptr=\"0x109a13c00\" text=\"Settings\" visibility=\"visible\" width=\"47\" x=\"43\" y=\"34\" \/>\n                                            <\/RCTView>\n                                        <\/RCTView>\n                                    <\/RCTView>\n                                <\/RNCSafeAreaProvider>\n                            <\/RCTView>\n                        <\/RCTView>\n                    <\/RCTRootContentView>\n                <\/RCTRootView>\n            <\/UIDropShadowView>\n        <\/UITransitionView>\n    <\/UIWindow>\n<\/ViewHierarchy>","visibilityFailingRectsURL":"\/Users\/nonth\/Library\/Developer\/CoreSimulator\/Devices\/B7E9BAD6-0C0D-41EE-BE0C-D49BF485382E\/data\/Containers\/Data\/Application\/438DCEE1-3489-4DA1-B18D-63078973F5DB\/tmp\/visibilityFailingRects","details":"No elements found for “MATCHER(id == “demos-btn-tracing”)”","NSLocalizedDescription":"No elements found for “MATCHER(id == “demos-btn-tracing”)”","DetoxFailureInformation":{"lineNumber":50,"file":"\/Users\/builder\/uibuilder\/work\/detox\/ios\/Detox\/Invocation\/Element.swift","functionName":"views"},"visibilityFailingScreenshotsURL":"\/Users\/nonth\/Library\/Developer\/CoreSimulator\/Devices\/B7E9BAD6-0C0D-41EE-BE0C-D49BF485382E\/data\/Containers\/Data\/Application\/438DCEE1-3489-4DA1-B18D-63078973F5DB\/tmp\/visibilityFailingScreenshots","windows":["<UIWindow: 0x106598800; frame = (0 0; 402 874);>","<DTXTouchVisualizerWindow: 0x1064fc500; frame = (0 0; 402 874);>"]},"messageId":24,"type":"testFailed"}
23:22:43.181 detox[66324] i send
  data: {
    "params": {
      "viewHierarchy": "<?xml version=\"1.0\" encoding=\"utf-8\"?>\n<ViewHierarchy>\n    <UIWindow alpha=\"1.0\" class=\"UIWindow\" focused=\"false\" height=\"874\" ptr=\"0x106598800\" visibility=\"visible\" width=\"402\">\n        <UITransitionView alpha=\"1.0\" class=\"UITransitionView\" focused=\"false\" height=\"874\" ptr=\"0x109a10000\" visibility=\"visible\" width=\"402\" x=\"0\" y=\"0\">\n            <UIDropShadowView alpha=\"1.0\" class=\"UIDropShadowView\" focused=\"false\" height=\"874\" ptr=\"0x10991db80\" visibility=\"visible\" width=\"402\" x=\"0\" y=\"0\">\n                <RCTRootView alpha=\"1.0\" class=\"RCTRootView\" focused=\"false\" height=\"874\" ptr=\"0x10991d400\" visibility=\"visible\" width=\"402\" x=\"0\" y=\"0\">\n                    <RCTRootContentView alpha=\"1.0\" class=\"RCTRootContentView\" focused=\"false\" height=\"874\" label=\"Network Demos All requests are auto-instrumented by the SDK Fetch Data Fetch Error Fetch Multiple (3) XHR Request Log: [23:22:42] XHR OK: Leanne Graham [23:22:42] XHR request... [23:22:41] Expected error: Network request failed [23:22:41] Fetching invalid URL... [23:22:41] OK: sunt aut facere repellat provident occae... [23:22:40] Fetching data... Vertical scroll bar, 1 page Horizontal scroll bar, 1 page Network Home, tab, 1 of 3 Demos, tab, 2 of 3 Settings, tab, 3 of 3\" ptr=\"0x106598400\" visibility=\"visible\" width=\"402\" x=\"0\" y=\"0\">\n                        <RCTView alpha=\"1.0\" class=\"RCTView\" focused=\"false\" height=\"874\" label=\"Network Demos All requests are auto-instrumented by the SDK Fetch Data Fetch Error Fetch Multiple (3) XHR Request Log: [23:22:42] XHR OK: Leanne Graham [23:22:42] XHR request... [23:22:41] Expected error: Network request failed [23:22:41] Fetching invalid URL... [23:22:41] OK: sunt aut facere repellat provident occae... [23:22:40] Fetching data... Vertical scroll bar, 1 page Horizontal scroll bar, 1 page Network Home, tab, 1 of 3 Demos, tab, 2 of 3 Settings, tab, 3 of 3\" ptr=\"0x10add3480\" visibility=\"visible\" width=\"402\" x=\"0\" y=\"0\">\n                            <RCTView alpha=\"1.0\" class=\"RCTView\" focused=\"false\" height=\"874\" label=\"Network Demos All requests are auto-instrumented by the SDK Fetch Data Fetch Error Fetch Multiple (3) XHR Request Log: [23:22:42] XHR OK: Leanne Graham [23:22:42] XHR request... [23:22:41] Expected error: Network request failed [23:22:41] Fetching invalid URL... [23:22:41] OK: sunt aut facere repellat provident occae... [23:22:40] Fetching data... Vertical scroll bar, 1 page Horizontal scroll bar, 1 page Network Home, tab, 1 of 3 Demos, tab, 2 of 3 Settings, tab, 3 of 3\" ptr=\"0x10add3100\" visibility=\"visible\" width=\"402\" x=\"0\" y=\"0\">\n                                <RNCSafeAreaProvider alpha=\"1.0\" class=\"RNCSafeAreaProvider\" focused=\"false\" height=\"874\" label=\"Network Demos All requests are auto-instrumented by the SDK Fetch Data Fetch Error Fetch Multiple (3) XHR Request Log: [23:22:42] XHR OK: Leanne Graham [23:22:42] XHR request... [23:22:41] Expected error: Network request failed [23:22:41] Fetching invalid URL... [23:22:41] OK: sunt aut facere repellat provident occae... [23:22:40] Fetching data... Vertical scroll bar, 1 page Horizontal scroll bar, 1 page Network Home, tab, 1 of 3 Demos, tab, 2 of 3 Settings, tab, 3 of 3\" ptr=\"0x106599800\" visibility=\"visible\" width=\"402\" x=\"0\" y=\"0\">\n                                    <RNSScreenNavigationContainerView alpha=\"1.0\" class=\"RNSScreenNavigationContainerView\" focused=\"false\" height=\"795\" ptr=\"0x1067c79c0\" visibility=\"visible\" width=\"402\" x=\"0\" y=\"0\">\n                                        <UILayoutContainerView alpha=\"1.0\" class=\"UILayoutContainerView\" focused=\"false\" height=\"795\" ptr=\"0x1067d9a40\" visibility=\"visible\" width=\"402\" x=\"0\" y=\"0\">\n                                            <UINavigationTransitionView alpha=\"1.0\" class=\"UINavigationTransitionView\" focused=\"false\" height=\"795\" ptr=\"0x1067daa00\" visibility=\"visible\" width=\"402\" x=\"0\" y=\"0\">\n                                                <UIViewControllerWrapperView alpha=\"1.0\" class=\"UIViewControllerWrapperView\" focused=\"false\" height=\"795\" ptr=\"0x1098baf40\" visibility=\"visible\" width=\"402\" x=\"0\" y=\"0\">\n                                                    <RNSScreenView alpha=\"1.0\" class=\"RNSScreenView\" focused=\"false\" height=\"795\" label=\"Network Demos All requests are auto-instrumented by the SDK Fetch Data Fetch Error Fetch Multiple (3) XHR Request Log: [23:22:42] XHR OK: Leanne Graham [23:22:42] XHR request... [23:22:41] Expected error: Network request failed [23:22:41] Fetching invalid URL... [23:22:41] OK: sunt aut facere repellat provident occae... [23:22:40] Fetching data... Vertical scroll bar, 1 page Horizontal scroll bar, 1 page Network\" ptr=\"0x1064fed00\" visibility=\"visible\" width=\"402\" x=\"0\" y=\"0\">\n                                                        <RCTView alpha=\"1.0\" class=\"RCTView\" focused=\"false\" height=\"795\" label=\"Network Demos All requests are auto-instrumented by the SDK Fetch Data Fetch Error Fetch Multiple (3) XHR Request Log: [23:22:42] XHR OK: Leanne Graham [23:22:42] XHR request... [23:22:41] Expected error: Network request failed [23:22:41] Fetching invalid URL... [23:22:41] OK: sunt aut facere repellat provident occae... [23:22:40] Fetching data... Vertical scroll bar, 1 page Horizontal scroll bar, 1 page Network\" ptr=\"0x10aeaa300\" visibility=\"visible\" width=\"402\" x=\"0\" y=\"0\">\n                                                            <RCTView alpha=\"1.0\" class=\"RCTView\" focused=\"false\" height=\"795\" label=\"Network Demos All requests are auto-instrumented by the SDK Fetch Data Fetch Error Fetch Multiple (3) XHR Request Log: [23:22:42] XHR OK: Leanne Graham [23:22:42] XHR request... [23:22:41] Expected error: Network request failed [23:22:41] Fetching invalid URL... [23:22:41] OK: sunt aut facere repellat provident occae... [23:22:40] Fetching data... Vertical scroll bar, 1 page Horizontal scroll bar, 1 page Network\" ptr=\"0x10aea9f80\" visibility=\"visible\" width=\"402\" x=\"0\" y=\"0\">\n                                                                <RCTView alpha=\"1.0\" class=\"RCTView\" focused=\"false\" height=\"795\" label=\"Network Demos All requests are auto-instrumented by the SDK Fetch Data Fetch Error Fetch Multiple (3) XHR Request Log: [23:22:42] XHR OK: Leanne Graham [23:22:42] XHR request... [23:22:41] Expected error: Network request failed [23:22:41] Fetching invalid URL... [23:22:41] OK: sunt aut facere repellat provident occae... [23:22:40] Fetching data... Vertical scroll bar, 1 page Horizontal scroll bar, 1 page Network\" ptr=\"0x10aea9c00\" visibility=\"visible\" width=\"402\" x=\"0\" y=\"0\">\n                                                                    <RNSScreenStackView alpha=\"1.0\" class=\"RNSScreenStackView\" focused=\"false\" height=\"795\" ptr=\"0x10af6a800\" visibility=\"visible\" width=\"402\" x=\"0\" y=\"0\">\n                                                                        <UILayoutContainerView alpha=\"1.0\" class=\"UILayoutContainerView\" focused=\"false\" height=\"795\" ptr=\"0x1098a5dc0\" visibility=\"visible\" width=\"402\" x=\"0\" y=\"0\">\n                                                                            <UINavigationTransitionView alpha=\"1.0\" class=\"UINavigationTransitionView\" focused=\"false\" height=\"795\" ptr=\"0x1098a6a00\" visibility=\"visible\" width=\"402\" x=\"0\" y=\"0\">\n                                                                                <UIViewControllerWrapperView alpha=\"1.0\" class=\"UIViewControllerWrapperView\" focused=\"false\" height=\"795\" ptr=\"0x1098a7b80\" visibility=\"visible\" width=\"402\" x=\"0\" y=\"0\">\n                                                                                    <RNSScreenView alpha=\"1.0\" class=\"RNSScreenView\" focused=\"false\" height=\"679\" label=\"Network Demos All requests are auto-instrumented by the SDK Fetch Data Fetch Error Fetch Multiple (3) XHR Request Log: [23:22:42] XHR OK: Leanne Graham [23:22:42] XHR request... [23:22:41] Expected error: Network request failed [23:22:41] Fetching invalid URL... [23:22:41] OK: sunt aut facere repellat provident occae... [23:22:40] Fetching data... Vertical scroll bar, 1 page Horizontal scroll bar, 1 page\" ptr=\"0x118ef9900\" visibility=\"visible\" width=\"402\" x=\"0\" y=\"116\">\n                                                                                        <RCTView alpha=\"1.0\" class=\"RCTView\" focused=\"false\" height=\"679\" label=\"Network Demos All requests are auto-instrumented by the SDK Fetch Data Fetch Error Fetch Multiple (3) XHR Request Log: [23:22:42] XHR OK: Leanne Graham [23:22:42] XHR request... [23:22:41] Expected error: Network request failed [23:22:41] Fetching invalid URL... [23:22:41] OK: sunt aut facere repellat provident occae... [23:22:40] Fetching data... Vertical scroll bar, 1 page Horizontal scroll bar, 1 page\" ptr=\"0x118ef7b80\" visibility=\"visible\" width=\"402\" x=\"0\" y=\"0\">\n                                                                                            <RCTView alpha=\"1.0\" class=\"RCTView\" focused=\"false\" height=\"679\" label=\"Network Demos All requests are auto-instrumented by the SDK Fetch Data Fetch Error Fetch Multiple (3) XHR Request Log: [23:22:42] XHR OK: Leanne Graham [23:22:42] XHR request... [23:22:41] Expected error: Network request failed [23:22:41] Fetching invalid URL... [23:22:41] OK: sunt aut facere repellat provident occae... [23:22:40] Fetching data... Vertical scroll bar, 1 page Horizontal scroll bar, 1 page\" ptr=\"0x118ef7800\" visibility=\"visible\" width=\"402\" x=\"0\" y=\"0\">\n                                                                                                <RCTSafeAreaView alpha=\"1.0\" class=\"RCTSafeAreaView\" focused=\"false\" height=\"679\" label=\"Network Demos All requests are auto-instrumented by the SDK Fetch Data Fetch Error Fetch Multiple (3) XHR Request Log: [23:22:42] XHR OK: Leanne Graham [23:22:42] XHR request... [23:22:41] Expected error: Network request failed [23:22:41] Fetching invalid URL... [23:22:41] OK: sunt aut facere repellat provident occae... [23:22:40] Fetching data... Vertical scroll bar, 1 page Horizontal scroll bar, 1 page\" ptr=\"0x10659ac00\" visibility=\"visible\" width=\"402\" x=\"0\" y=\"0\">\n                                                                                                    <RCTScrollView alpha=\"1.0\" class=\"RCTScrollView\" focused=\"false\" height=\"679\" label=\"Network Demos All requests are auto-instrumented by the SDK Fetch Data Fetch Error Fetch Multiple (3) XHR Request Log: [23:22:42] XHR OK: Leanne Graham [23:22:42] XHR request... [23:22:41] Expected error: Network request failed [23:22:41] Fetching invalid URL... [23:22:41] OK: sunt aut facere repellat provident occae... [23:22:40] Fetching data... Vertical scroll bar, 1 page Horizontal scroll bar, 1 page\" ptr=\"0x118ef9400\" visibility=\"visible\" width=\"402\" x=\"0\" y=\"0\">\n                                                                                                        <RCTCustomScrollView alpha=\"1.0\" class=\"RCTCustomScrollView\" focused=\"false\" height=\"679\" ptr=\"0x106589400\" visibility=\"visible\" width=\"402\" x=\"0\" y=\"0\">\n                                                                                                            <RCTScrollContentView alpha=\"1.0\" class=\"RCTScrollContentView\" focused=\"false\" height=\"302\" label=\"Network Demos All requests are auto-instrumented by the SDK Fetch Data Fetch Error Fetch Multiple (3) XHR Request Log: [23:22:42] XHR OK: Leanne Graham [23:22:42] XHR request... [23:22:41] Expected error: Network request failed [23:22:41] Fetching invalid URL... [23:22:41] OK: sunt aut facere repellat provident occae... [23:22:40] Fetching data...\" ptr=\"0x118ef7480\" visibility=\"visible\" width=\"370\" x=\"16\" y=\"16\">\n                                                                                                                <RCTTextView alpha=\"1.0\" class=\"RCTTextView\" focused=\"false\" height=\"26\" label=\"Network Demos\" ptr=\"0x118f58a00\" text=\"Network Demos\" visibility=\"visible\" width=\"370\" x=\"0\" y=\"0\" />\n                                                                                                                <RCTTextView alpha=\"1.0\" class=\"RCTTextView\" focused=\"false\" height=\"16\" label=\"All requests are auto-instrumented by the SDK\" ptr=\"0x118f58c00\" text=\"All requests are auto-instrumented by the SDK\" visibility=\"visible\" width=\"370\" x=\"0\" y=\"30\" />\n                                                                                                                <RCTView alpha=\"1.0\" class=\"RCTView\" focused=\"false\" height=\"71\" label=\"Fetch Data Fetch Error Fetch Multiple (3) XHR Request\" ptr=\"0x118ef6d80\" visibility=\"visible\" width=\"370\" x=\"0\" y=\"62\">\n                                                                                                                    <RCTView alpha=\"1.0\" class=\"RCTView\" focused=\"false\" height=\"31\" id=\"network-btn-fetch\" label=\"Fetch Data\" ptr=\"0x118ef5f80\" visibility=\"visible\" width=\"92\" x=\"0\" y=\"0\">\n                                                                                                                        <RCTTextView alpha=\"1.0\" class=\"RCTTextView\" focused=\"false\" height=\"16\" label=\"Fetch Data\" ptr=\"0x118f58e00\" text=\"Fetch Data\" visibility=\"visible\" width=\"68\" x=\"12\" y=\"8\" />\n                                                                                                                    </RCTView>\n                                                                                                                    <RCTView alpha=\"1.0\" class=\"RCTView\" focused=\"false\" height=\"31\" id=\"network-btn-fetch-error\" label=\"Fetch Error\" ptr=\"0x118ef6300\" visibility=\"visible\" width=\"94\" x=\"100\" y=\"0\">\n                                                                                                                        <RCTTextView alpha=\"1.0\" class=\"RCTTextView\" focused=\"false\" height=\"16\" label=\"Fetch Error\" ptr=\"0x118f59000\" text=\"Fetch Error\" visibility=\"visible\" width=\"71\" x=\"12\" y=\"8\" />\n                                                                                                                    </RCTView>\n                                                                                                                    <RCTView alpha=\"1.0\" class=\"RCTView\" focused=\"false\" height=\"31\" id=\"network-btn-fetch-multiple\" label=\"Fetch Multiple (3)\" ptr=\"0x118ef6680\" visibility=\"visible\" width=\"136\" x=\"203\" y=\"0\">\n                                                                                                                        <RCTTextView alpha=\"1.0\" class=\"RCTTextView\" focused=\"false\" height=\"16\" label=\"Fetch Multiple (3)\" ptr=\"0x118f59200\" text=\"Fetch Multiple (3)\" visibility=\"visible\" width=\"112\" x=\"12\" y=\"8\" />\n                                                                                                                    </RCTView>\n                                                                                                                    <RCTView alpha=\"1.0\" class=\"RCTView\" focused=\"false\" height=\"31\" id=\"network-btn-xhr\" label=\"XHR Request\" ptr=\"0x118ef6a00\" visibility=\"visible\" width=\"107\" x=\"0\" y=\"39\">\n                                                                                                                        <RCTTextView alpha=\"1.0\" class=\"RCTTextView\" focused=\"false\" height=\"16\" label=\"XHR Request\" ptr=\"0x118f59400\" text=\"XHR Request\" visibility=\"visible\" width=\"83\" x=\"12\" y=\"8\" />\n                                                                                                                    </RCTView>\n                                                                                                                </RCTView>\n                                                                                                                <RCTView alpha=\"1.0\" class=\"RCTView\" focused=\"false\" height=\"137\" id=\"network-result\" label=\"Log: [23:22:42] XHR OK: Leanne Graham [23:22:42] XHR request... [23:22:41] Expected error: Network request failed [23:22:41] Fetching invalid URL... [23:22:41] OK: sunt aut facere repellat provident occae... [23:22:40] Fetching data...\" ptr=\"0x118ef7100\" visibility=\"visible\" width=\"370\" x=\"0\" y=\"149\">\n                                                                                                                    <RCTTextView alpha=\"1.0\" class=\"RCTTextView\" focused=\"false\" height=\"17\" label=\"Log:\" ptr=\"0x118f59600\" text=\"Log:\" visibility=\"visible\" width=\"346\" x=\"12\" y=\"12\" />\n                                                                                                                    <RCTTextView alpha=\"1.0\" class=\"RCTTextView\" focused=\"false\" height=\"13\" label=\"[23:22:42] XHR OK: Leanne Graham\" ptr=\"0x117c98400\" text=\"[23:22:42] XHR OK: Leanne Graham\" visibility=\"visible\" width=\"346\" x=\"12\" y=\"35\" />\n                                                                                                                    <RCTTextView alpha=\"1.0\" class=\"RCTTextView\" focused=\"false\" height=\"13\" label=\"[23:22:42] XHR request...\" ptr=\"0x117c98600\" text=\"[23:22:42] XHR request...\" visibility=\"visible\" width=\"346\" x=\"12\" y=\"50\" />\n                                                                                                                    <RCTTextView alpha=\"1.0\" class=\"RCTTextView\" focused=\"false\" height=\"13\" label=\"[23:22:41] Expected error: Network request failed\" ptr=\"0x117c98800\" text=\"[23:22:41] Expected error: Network request failed\" visibility=\"visible\" width=\"346\" x=\"12\" y=\"65\" />\n                                                                                                                    <RCTTextView alpha=\"1.0\" class=\"RCTTextView\" focused=\"false\" height=\"13\" label=\"[23:22:41] Fetching invalid URL...\" ptr=\"0x117c98a00\" text=\"[23:22:41] Fetching invalid URL...\" visibility=\"visible\" width=\"346\" x=\"12\" y=\"81\" />\n                                                                                                                    <RCTTextView alpha=\"1.0\" class=\"RCTTextView\" focused=\"false\" height=\"13\" label=\"[23:22:41] OK: sunt aut facere repellat provident occae...\" ptr=\"0x117c98c00\" text=\"[23:22:41] OK: sunt aut facere repellat provident occae...\" visibility=\"visible\" width=\"346\" x=\"12\" y=\"96\" />\n                                                                                                                    <RCTTextView alpha=\"1.0\" class=\"RCTTextView\" focused=\"false\" height=\"13\" label=\"[23:22:40] Fetching data...\" ptr=\"0x117c98e00\" text=\"[23:22:40] Fetching data...\" visibility=\"visible\" width=\"346\" x=\"12\" y=\"111\" />\n                                                                                                                </RCTView>\n                                                                                                            </RCTScrollContentView>\n                                                                                                            <_UIScrollViewScrollIndicator alpha=\"0.0\" class=\"_UIScrollViewScrollIndicator\" focused=\"false\" height=\"265\" label=\"Vertical scroll bar, 1 page\" ptr=\"0x118f59e00\" value=\"0%\" visibility=\"visible\" width=\"3\" x=\"396\" y=\"410\">\n                                                                                                                <UIView alpha=\"1.0\" class=\"UIView\" focused=\"false\" height=\"265\" ptr=\"0x1098c7640\" visibility=\"visible\" width=\"3\" x=\"0\" y=\"0\" />\n                                                                                                            </_UIScrollViewScrollIndicator>\n                                                                                                            <_UIScrollViewScrollIndicator alpha=\"0.0\" class=\"_UIScrollViewScrollIndicator\" focused=\"false\" height=\"3\" label=\"Horizontal scroll bar, 1 page\" ptr=\"0x118f59c00\" value=\"0%\" visibility=\"visible\" width=\"364\" x=\"35\" y=\"673\">\n                                                                                                                <UIView alpha=\"1.0\" class=\"UIView\" focused=\"false\" height=\"3\" ptr=\"0x1098c72c0\" visibility=\"visible\" width=\"364\" x=\"0\" y=\"0\" />\n                                                                                                            </_UIScrollViewScrollIndicator>\n                                                                                                        </RCTCustomScrollView>\n                                                                                                    </RCTScrollView>\n                                                                                                </RCTSafeAreaView>\n                                                                                            </RCTView>\n                                                                                        </RCTView>\n                                                                                    </RNSScreenView>\n                                                                                </UIViewControllerWrapperView>\n                                                                            </UINavigationTransitionView>\n                                                                            <UINavigationBar alpha=\"1.0\" class=\"UINavigationBar\" focused=\"false\" height=\"54\" id=\"Network\" ptr=\"0x1099a6a00\" visibility=\"visible\" width=\"402\" x=\"0\" y=\"62\">\n                                                                                <_UIBarBackground alpha=\"1.0\" class=\"_UIBarBackground\" focused=\"false\" height=\"116\" ptr=\"0x118e5e800\" visibility=\"visible\" width=\"402\" x=\"0\" y=\"-62\">\n                                                                                    <UIImageView alpha=\"1.0\" class=\"UIImageView\" focused=\"false\" height=\"116\" ptr=\"0x10af6bc00\" visibility=\"visible\" width=\"402\" x=\"0\" y=\"0\" />\n                                                                                    <_UIBarBackgroundShadowView alpha=\"1.0\" class=\"_UIBarBackgroundShadowView\" focused=\"false\" height=\"0\" ptr=\"0x118e5f200\" visibility=\"visible\" width=\"402\" x=\"0\" y=\"116\">\n                                                                                        <_UIBarBackgroundShadowContentImageView alpha=\"1.0\" class=\"_UIBarBackgroundShadowContentImageView\" focused=\"false\" height=\"0\" ptr=\"0x118e5f480\" visibility=\"visible\" width=\"402\" x=\"0\" y=\"0\" />\n                                                                                    </_UIBarBackgroundShadowView>\n                                                                                </_UIBarBackground>\n                                                                                <UIKit.NavigationBarContentView alpha=\"1.0\" class=\"UIKit.NavigationBarContentView\" focused=\"false\" height=\"54\" ptr=\"0x106575000\" visibility=\"visible\" width=\"402\" x=\"0\" y=\"0\">\n                                                                                    <UIKit.NavigationBarTransitionContainer alpha=\"1.0\" class=\"UIKit.NavigationBarTransitionContainer\" focused=\"false\" height=\"54\" ptr=\"0x10af6ac00\" visibility=\"visible\" width=\"402\" x=\"0\" y=\"0\">\n                                                                                        <_UINavigationBarHostedViewContainer alpha=\"1.0\" class=\"_UINavigationBarHostedViewContainer\" focused=\"false\" height=\"54\" ptr=\"0x1098a6140\" visibility=\"visible\" width=\"402\" x=\"0\" y=\"0\">\n                                                                                            <_UINavigationBarHostedViewWrapper alpha=\"1.0\" class=\"_UINavigationBarHostedViewWrapper\" focused=\"false\" height=\"20\" ptr=\"0x118f5b200\" visibility=\"visible\" width=\"68\" x=\"167\" y=\"11\">\n                                                                                                <_UINavigationBarTitleControl alpha=\"1.0\" class=\"_UINavigationBarTitleControl\" focused=\"false\" height=\"20\" ptr=\"0x118f01200\" visibility=\"visible\" width=\"68\" x=\"0\" y=\"0\">\n                                                                                                    <_UIIntrinsicContentSizeInvalidationForwardingWrapperView alpha=\"1.0\" class=\"_UIIntrinsicContentSizeInvalidationForwardingWrapperView\" focused=\"false\" height=\"20\" ptr=\"0x1098d0a80\" visibility=\"visible\" width=\"68\" x=\"0\" y=\"0\">\n                                                                                                        <UILabel alpha=\"1.0\" class=\"UILabel\" focused=\"false\" height=\"20\" label=\"Network\" ptr=\"0x118fe4380\" text=\"Network\" visibility=\"visible\" width=\"67\" x=\"0\" y=\"0\" />\n                                                                                                    </_UIIntrinsicContentSizeInvalidationForwardingWrapperView>\n                                                                                                </_UINavigationBarTitleControl>\n                                                                                            </_UINavigationBarHostedViewWrapper>\n                                                                                        </_UINavigationBarHostedViewContainer>\n                                                                                        <UIView alpha=\"1.0\" class=\"UIView\" focused=\"false\" height=\"54\" ptr=\"0x1098a5f80\" visibility=\"visible\" width=\"402\" x=\"0\" y=\"0\" />\n                                                                                        <UIKit.NavigationBarPlatterContainer alpha=\"1.0\" class=\"UIKit.NavigationBarPlatterContainer\" focused=\"false\" height=\"54\" ptr=\"0x1098a6300\" visibility=\"visible\" width=\"402\" x=\"0\" y=\"0\">\n                                                                                            <_UINavigationBarPlatterView alpha=\"1.0\" class=\"_UINavigationBarPlatterView\" focused=\"false\" height=\"44\" ptr=\"0x118f01800\" visibility=\"visible\" width=\"44\" x=\"16\" y=\"0\">\n                                                                                                <_UINavigationBarPlatterAnimationView alpha=\"1.0\" class=\"_UINavigationBarPlatterAnimationView\" focused=\"false\" height=\"44\" ptr=\"0x1098d1dc0\" visibility=\"visible\" width=\"44\" x=\"0\" y=\"0\">\n                                                                                                    <_UINavigationBarPlatterAnimationView alpha=\"1.0\" class=\"_UINavigationBarPlatterAnimationView\" focused=\"false\" height=\"44\" ptr=\"0x1098d2140\" visibility=\"visible\" width=\"44\" x=\"0\" y=\"0\">\n                                                                                                        <_UINavigationBarPlatterAnimationView alpha=\"1.0\" class=\"_UINavigationBarPlatterAnimationView\" focused=\"false\" height=\"48\" ptr=\"0x1098d2300\" visibility=\"visible\" width=\"48\" x=\"-2\" y=\"-2\">\n                                                                                                            <_UINavigationBarPlatterAnimationView alpha=\"1.0\" class=\"_UINavigationBarPlatterAnimationView\" focused=\"false\" height=\"40\" ptr=\"0x1098d24c0\" visibility=\"visible\" width=\"40\" x=\"1\" y=\"1\">\n                                                                                                                <_UINavigationBarPlatterContentView alpha=\"1.0\" class=\"_UINavigationBarPlatterContentView\" focused=\"false\" height=\"44\" ptr=\"0x1098d2680\" visibility=\"visible\" width=\"44\" x=\"0\" y=\"0\">\n                                                                                                                    <_UINavigationBarPlatterGlassView alpha=\"1.0\" class=\"_UINavigationBarPlatterGlassView\" focused=\"false\" height=\"44\" ptr=\"0x1098d2840\" visibility=\"visible\" width=\"44\" x=\"0\" y=\"0\">\n                                                                                                                        <_UINavigationBarPlatterSubviewContainerView alpha=\"1.0\" class=\"_UINavigationBarPlatterSubviewContainerView\" focused=\"false\" height=\"44\" ptr=\"0x1098d2a00\" visibility=\"visible\" width=\"44\" x=\"0\" y=\"0\">\n                                                                                                                            <_UINavigationBarPlatterItemView alpha=\"1.0\" class=\"_UINavigationBarPlatterItemView\" focused=\"false\" height=\"44\" ptr=\"0x118fcef80\" visibility=\"visible\" width=\"44\" x=\"0\" y=\"0\">\n                                                                                                                                <_UIButtonBarButton alpha=\"1.0\" class=\"_UIButtonBarButton\" focused=\"false\" height=\"44\" id=\"BackButton\" ptr=\"0x118fce800\" visibility=\"visible\" width=\"44\" x=\"0\" y=\"0\">\n                                                                                                                                    <_TtCC5UIKit29ButtonBarButtonVisualProviderP33_A98CD29F4F6ECA17AFECE41BBB264E5918BackButtonMaskView alpha=\"1.0\" class=\"_TtCC5UIKit29ButtonBarButtonVisualProviderP33_A98CD29F4F6ECA17AFECE41BBB264E5918BackButtonMaskView\" focused=\"false\" height=\"44\" ptr=\"0x1098d0540\" visibility=\"invisible\" width=\"44\" x=\"0\" y=\"0\">\n                                                                                                                                        <UIImageView alpha=\"1.0\" class=\"UIImageView\" focused=\"false\" height=\"28\" id=\"UINavigationBarTitleTransitionBackIndicatorMaskSymbol\" ptr=\"0x118f5a800\" visibility=\"visible\" width=\"19\" x=\"0\" y=\"8\" />\n                                                                                                                                        <UIView alpha=\"1.0\" class=\"UIView\" focused=\"false\" height=\"44\" ptr=\"0x1098d0700\" visibility=\"visible\" width=\"0\" x=\"44\" y=\"0\" />\n                                                                                                                                    </_TtCC5UIKit29ButtonBarButtonVisualProviderP33_A98CD29F4F6ECA17AFECE41BBB264E5918BackButtonMaskView>\n                                                                                                                                    <_TtCC5UIKit29ButtonBarButtonVisualProviderP33_A98CD29F4F6ECA17AFECE41BBB264E596Button alpha=\"1.0\" class=\"_TtCC5UIKit29ButtonBarButtonVisualProviderP33_A98CD29F4F6ECA17AFECE41BBB264E596Button\" focused=\"false\" height=\"23\" label=\"Back\" ptr=\"0x118fe4000\" visibility=\"visible\" width=\"44\" x=\"0\" y=\"10\">\n                                                                                                                                        <UIImageView alpha=\"1.0\" class=\"UIImageView\" focused=\"false\" height=\"23\" id=\"chevron.backward\" label=\"Back\" ptr=\"0x118f5aa00\" visibility=\"visible\" width=\"16\" x=\"13\" y=\"0\" />\n                                                                                                                                    </_TtCC5UIKit29ButtonBarButtonVisualProviderP33_A98CD29F4F6ECA17AFECE41BBB264E596Button>\n                                                                                                                                </_UIButtonBarButton>\n                                                                                                                            </_UINavigationBarPlatterItemView>\n                                                                                                                        </_UINavigationBarPlatterSubviewContainerView>\n                                                                                                                    </_UINavigationBarPlatterGlassView>\n                                                                                                                </_UINavigationBarPlatterContentView>\n                                                                                                            </_UINavigationBarPlatterAnimationView>\n                                                                                                        </_UINavigationBarPlatterAnimationView>\n                                                                                                    </_UINavigationBarPlatterAnimationView>\n                                                                                                </_UINavigationBarPlatterAnimationView>\n                                                                                            </_UINavigationBarPlatterView>\n                                                                                        </UIKit.NavigationBarPlatterContainer>\n                                                                                    </UIKit.NavigationBarTransitionContainer>\n                                                                                </UIKit.NavigationBarContentView>\n                                                                                <_UIPointerInteractionAssistantEffectContainerView alpha=\"1.0\" class=\"_UIPointerInteractionAssistantEffectContainerView\" focused=\"false\" height=\"0\" ptr=\"0x1098a7480\" visibility=\"visible\" width=\"0\" x=\"0\" y=\"0\" />\n                                                                            </UINavigationBar>\n                                                                            <_UIFloatingBarContainerView alpha=\"1.0\" class=\"_UIFloatingBarContainerView\" focused=\"false\" height=\"795\" ptr=\"0x10af6b000\" visibility=\"visible\" width=\"402\" x=\"0\" y=\"0\">\n                                                                                <_TtGC5UIKitP10$186ea25a022FloatingBarHostingViewVS_20FloatingBarContainer_ alpha=\"1.0\" class=\"_TtGC5UIKitP10$186ea25a022FloatingBarHostingViewVS_20FloatingBarContainer_\" focused=\"false\" height=\"795\" ptr=\"0x10af6b800\" visibility=\"visible\" width=\"402\" x=\"0\" y=\"0\" />\n                                                                                <_UIPointerInteractionAssistantEffectContainerView alpha=\"1.0\" class=\"_UIPointerInteractionAssistantEffectContainerView\" focused=\"false\" height=\"0\" ptr=\"0x1098a6f40\" visibility=\"visible\" width=\"0\" x=\"0\" y=\"0\" />\n                                                                            </_UIFloatingBarContainerView>\n                                                                        </UILayoutContainerView>\n                                                                    </RNSScreenStackView>\n                                                                </RCTView>\n                                                            </RCTView>\n                                                        </RCTView>\n                                                    </RNSScreenView>\n                                                </UIViewControllerWrapperView>\n                                            </UINavigationTransitionView>\n                                            <UINavigationBar alpha=\"1.0\" class=\"UINavigationBar\" focused=\"false\" height=\"54\" id=\"RNSScreen\" ptr=\"0x1099a4600\" visibility=\"invisible\" width=\"402\" x=\"0\" y=\"-116\">\n                                                <_UIBarBackground alpha=\"1.0\" class=\"_UIBarBackground\" focused=\"false\" height=\"116\" ptr=\"0x10ac71900\" visibility=\"visible\" width=\"402\" x=\"0\" y=\"-62\" />\n                                                <_UIPointerInteractionAssistantEffectContainerView alpha=\"1.0\" class=\"_UIPointerInteractionAssistantEffectContainerView\" focused=\"false\" height=\"0\" ptr=\"0x109801dc0\" visibility=\"visible\" width=\"0\" x=\"0\" y=\"0\" />\n                                            </UINavigationBar>\n                                            <_UIFloatingBarContainerView alpha=\"1.0\" class=\"_UIFloatingBarContainerView\" focused=\"false\" height=\"795\" ptr=\"0x109a12200\" visibility=\"visible\" width=\"402\" x=\"0\" y=\"0\">\n                                                <_TtGC5UIKitP10$186ea25a022FloatingBarHostingViewVS_20FloatingBarContainer_ alpha=\"1.0\" class=\"_TtGC5UIKitP10$186ea25a022FloatingBarHostingViewVS_20FloatingBarContainer_\" focused=\"false\" height=\"795\" ptr=\"0x109a12a00\" visibility=\"visible\" width=\"402\" x=\"0\" y=\"0\" />\n                                                <_UIPointerInteractionAssistantEffectContainerView alpha=\"1.0\" class=\"_UIPointerInteractionAssistantEffectContainerView\" focused=\"false\" height=\"0\" ptr=\"0x1067e8a80\" visibility=\"visible\" width=\"0\" x=\"0\" y=\"0\" />\n                                            </_UIFloatingBarContainerView>\n                                        </UILayoutContainerView>\n                                    </RNSScreenNavigationContainerView>\n                                    <RCTView alpha=\"1.0\" class=\"RCTView\" focused=\"false\" height=\"79\" label=\"Home, tab, 1 of 3 Demos, tab, 2 of 3 Settings, tab, 3 of 3\" ptr=\"0x10add2d80\" visibility=\"visible\" width=\"402\" x=\"0\" y=\"795\">\n                                        <RCTView alpha=\"1.0\" class=\"RCTView\" focused=\"false\" height=\"78\" ptr=\"0x1065d3b80\" visibility=\"visible\" width=\"402\" x=\"0\" y=\"0\" />\n                                        <RCTView alpha=\"1.0\" class=\"RCTView\" focused=\"false\" height=\"48\" label=\"Home, tab, 1 of 3 Demos, tab, 2 of 3 Settings, tab, 3 of 3\" ptr=\"0x10add2a00\" visibility=\"visible\" width=\"402\" x=\"0\" y=\"0\">\n                                            <RCTView alpha=\"1.0\" class=\"RCTView\" focused=\"false\" height=\"48\" id=\"tab-home\" label=\"Home, tab, 1 of 3\" ptr=\"0x10add0a80\" visibility=\"visible\" width=\"134\" x=\"0\" y=\"0\">\n                                                <RCTView alpha=\"1.0\" class=\"RCTView\" focused=\"false\" height=\"34\" label=\"H H\" ptr=\"0x10add0700\" visibility=\"visible\" width=\"0\" x=\"67\" y=\"0\">\n                                                    <RCTView alpha=\"0.0\" class=\"RCTView\" focused=\"false\" height=\"34\" label=\"H\" ptr=\"0x10add0000\" visibility=\"visible\" width=\"134\" x=\"-67\" y=\"0\">\n                                                        <RCTTextView alpha=\"1.0\" class=\"RCTTextView\" focused=\"false\" height=\"22\" label=\"H\" ptr=\"0x109a12c00\" text=\"H\" visibility=\"visible\" width=\"13\" x=\"60\" y=\"6\" />\n                                                    </RCTView>\n                                                    <RCTView alpha=\"1.0\" class=\"RCTView\" focused=\"false\" height=\"34\" label=\"H\" ptr=\"0x10add0380\" visibility=\"visible\" width=\"134\" x=\"-67\" y=\"0\">\n                                                        <RCTTextView alpha=\"1.0\" class=\"RCTTextView\" focused=\"false\" height=\"22\" label=\"H\" ptr=\"0x109a12e00\" text=\"H\" visibility=\"visible\" width=\"13\" x=\"60\" y=\"6\" />\n                                                    </RCTView>\n                                                </RCTView>\n                                                <RCTTextView alpha=\"1.0\" class=\"RCTTextView\" focused=\"false\" height=\"14\" label=\"Home\" ptr=\"0x109a13000\" text=\"Home\" visibility=\"visible\" width=\"34\" x=\"50\" y=\"34\" />\n                                            </RCTView>\n                                            <RCTView alpha=\"1.0\" class=\"RCTView\" focused=\"false\" height=\"48\" id=\"tab-demos\" label=\"Demos, tab, 2 of 3\" ptr=\"0x10add1880\" visibility=\"visible\" width=\"134\" x=\"134\" y=\"0\">\n                                                <RCTView alpha=\"1.0\" class=\"RCTView\" focused=\"false\" height=\"34\" label=\"D D\" ptr=\"0x10add1500\" visibility=\"visible\" width=\"0\" x=\"67\" y=\"0\">\n                                                    <RCTView alpha=\"1.0\" class=\"RCTView\" focused=\"false\" height=\"34\" label=\"D\" ptr=\"0x10add0e00\" visibility=\"visible\" width=\"134\" x=\"-67\" y=\"0\">\n                                                        <RCTTextView alpha=\"1.0\" class=\"RCTTextView\" focused=\"false\" height=\"22\" label=\"D\" ptr=\"0x109a13200\" text=\"D\" visibility=\"visible\" width=\"13\" x=\"60\" y=\"6\" />\n                                                    </RCTView>\n                                                    <RCTView alpha=\"0.0\" class=\"RCTView\" focused=\"false\" height=\"34\" label=\"D\" ptr=\"0x10add1180\" visibility=\"visible\" width=\"134\" x=\"-67\" y=\"0\">\n                                                        <RCTTextView alpha=\"1.0\" class=\"RCTTextView\" focused=\"false\" height=\"22\" label=\"D\" ptr=\"0x109a13400\" text=\"D\" visibility=\"visible\" width=\"13\" x=\"60\" y=\"6\" />\n                                                    </RCTView>\n                                                </RCTView>\n                                                <RCTTextView alpha=\"1.0\" class=\"RCTTextView\" focused=\"false\" height=\"14\" label=\"Demos\" ptr=\"0x109a13600\" text=\"Demos\" visibility=\"visible\" width=\"40\" x=\"47\" y=\"34\" />\n                                            </RCTView>\n                                            <RCTView alpha=\"1.0\" class=\"RCTView\" focused=\"false\" height=\"48\" id=\"tab-settings\" label=\"Settings, tab, 3 of 3\" ptr=\"0x10add2680\" visibility=\"visible\" width=\"134\" x=\"268\" y=\"0\">\n                                                <RCTView alpha=\"1.0\" class=\"RCTView\" focused=\"false\" height=\"34\" label=\"S S\" ptr=\"0x10add2300\" visibility=\"visible\" width=\"0\" x=\"67\" y=\"0\">\n                                                    <RCTView alpha=\"0.0\" class=\"RCTView\" focused=\"false\" height=\"34\" label=\"S\" ptr=\"0x10add1c00\" visibility=\"visible\" width=\"134\" x=\"-67\" y=\"0\">\n                                                        <RCTTextView alpha=\"1.0\" class=\"RCTTextView\" focused=\"false\" height=\"22\" label=\"S\" ptr=\"0x109a13800\" text=\"S\" visibility=\"visible\" width=\"11\" x=\"61\" y=\"6\" />\n                                                    </RCTView>\n                                                    <RCTView alpha=\"1.0\" class=\"RCTView\" focused=\"false\" height=\"34\" label=\"S\" ptr=\"0x10add1f80\" visibility=\"visible\" width=\"134\" x=\"-67\" y=\"0\">\n                                                        <RCTTextView alpha=\"1.0\" class=\"RCTTextView\" focused=\"false\" height=\"22\" label=\"S\" ptr=\"0x109a13a00\" text=\"S\" visibility=\"visible\" width=\"11\" x=\"61\" y=\"6\" />\n                                                    </RCTView>\n                                                </RCTView>\n                                                <RCTTextView alpha=\"1.0\" class=\"RCTTextView\" focused=\"false\" height=\"14\" label=\"Settings\" ptr=\"0x109a13c00\" text=\"Settings\" visibility=\"visible\" width=\"47\" x=\"43\" y=\"34\" />\n                                            </RCTView>\n                                        </RCTView>\n                                    </RCTView>\n                                </RNCSafeAreaProvider>\n                            </RCTView>\n                        </RCTView>\n                    </RCTRootContentView>\n                </RCTRootView>\n            </UIDropShadowView>\n        </UITransitionView>\n    </UIWindow>\n</ViewHierarchy>",
      "visibilityFailingRectsURL": "/Users/nonth/Library/Developer/CoreSimulator/Devices/B7E9BAD6-0C0D-41EE-BE0C-D49BF485382E/data/Containers/Data/Application/438DCEE1-3489-4DA1-B18D-63078973F5DB/tmp/visibilityFailingRects",
      "details": "No elements found for “MATCHER(id == “demos-btn-tracing”)”",
      "NSLocalizedDescription": "No elements found for “MATCHER(id == “demos-btn-tracing”)”",
      "DetoxFailureInformation": {
        "lineNumber": 50,
        "file": "/Users/builder/uibuilder/work/detox/ios/Detox/Invocation/Element.swift",
        "functionName": "views"
      },
      "visibilityFailingScreenshotsURL": "/Users/nonth/Library/Developer/CoreSimulator/Devices/B7E9BAD6-0C0D-41EE-BE0C-D49BF485382E/data/Containers/Data/Application/438DCEE1-3489-4DA1-B18D-63078973F5DB/tmp/visibilityFailingScreenshots",
      "windows": [
        "<UIWindow: 0x106598800; frame = (0 0; 402 874);>",
        "<DTXTouchVisualizerWindow: 0x1064fc500; frame = (0 0; 402 874);>"
      ]
    },
    "messageId": 24,
    "type": "testFailed"
  }
23:22:43.183 detox[66325] i get message
  data: {"params":{"viewHierarchy":"<?xml version=\"1.0\" encoding=\"utf-8\"?>\n<ViewHierarchy>\n    <UIWindow alpha=\"1.0\" class=\"UIWindow\" focused=\"false\" height=\"874\" ptr=\"0x106598800\" visibility=\"visible\" width=\"402\">\n        <UITransitionView alpha=\"1.0\" class=\"UITransitionView\" focused=\"false\" height=\"874\" ptr=\"0x109a10000\" visibility=\"visible\" width=\"402\" x=\"0\" y=\"0\">\n            <UIDropShadowView alpha=\"1.0\" class=\"UIDropShadowView\" focused=\"false\" height=\"874\" ptr=\"0x10991db80\" visibility=\"visible\" width=\"402\" x=\"0\" y=\"0\">\n                <RCTRootView alpha=\"1.0\" class=\"RCTRootView\" focused=\"false\" height=\"874\" ptr=\"0x10991d400\" visibility=\"visible\" width=\"402\" x=\"0\" y=\"0\">\n                    <RCTRootContentView alpha=\"1.0\" class=\"RCTRootContentView\" focused=\"false\" height=\"874\" label=\"Network Demos All requests are auto-instrumented by the SDK Fetch Data Fetch Error Fetch Multiple (3) XHR Request Log: [23:22:42] XHR OK: Leanne Graham [23:22:42] XHR request... [23:22:41] Expected error: Network request failed [23:22:41] Fetching invalid URL... [23:22:41] OK: sunt aut facere repellat provident occae... [23:22:40] Fetching data... Vertical scroll bar, 1 page Horizontal scroll bar, 1 page Network Home, tab, 1 of 3 Demos, tab, 2 of 3 Settings, tab, 3 of 3\" ptr=\"0x106598400\" visibility=\"visible\" width=\"402\" x=\"0\" y=\"0\">\n                        <RCTView alpha=\"1.0\" class=\"RCTView\" focused=\"false\" height=\"874\" label=\"Network Demos All requests are auto-instrumented by the SDK Fetch Data Fetch Error Fetch Multiple (3) XHR Request Log: [23:22:42] XHR OK: Leanne Graham [23:22:42] XHR request... [23:22:41] Expected error: Network request failed [23:22:41] Fetching invalid URL... [23:22:41] OK: sunt aut facere repellat provident occae... [23:22:40] Fetching data... Vertical scroll bar, 1 page Horizontal scroll bar, 1 page Network Home, tab, 1 of 3 Demos, tab, 2 of 3 Settings, tab, 3 of 3\" ptr=\"0x10add3480\" visibility=\"visible\" width=\"402\" x=\"0\" y=\"0\">\n                            <RCTView alpha=\"1.0\" class=\"RCTView\" focused=\"false\" height=\"874\" label=\"Network Demos All requests are auto-instrumented by the SDK Fetch Data Fetch Error Fetch Multiple (3) XHR Request Log: [23:22:42] XHR OK: Leanne Graham [23:22:42] XHR request... [23:22:41] Expected error: Network request failed [23:22:41] Fetching invalid URL... [23:22:41] OK: sunt aut facere repellat provident occae... [23:22:40] Fetching data... Vertical scroll bar, 1 page Horizontal scroll bar, 1 page Network Home, tab, 1 of 3 Demos, tab, 2 of 3 Settings, tab, 3 of 3\" ptr=\"0x10add3100\" visibility=\"visible\" width=\"402\" x=\"0\" y=\"0\">\n                                <RNCSafeAreaProvider alpha=\"1.0\" class=\"RNCSafeAreaProvider\" focused=\"false\" height=\"874\" label=\"Network Demos All requests are auto-instrumented by the SDK Fetch Data Fetch Error Fetch Multiple (3) XHR Request Log: [23:22:42] XHR OK: Leanne Graham [23:22:42] XHR request... [23:22:41] Expected error: Network request failed [23:22:41] Fetching invalid URL... [23:22:41] OK: sunt aut facere repellat provident occae... [23:22:40] Fetching data... Vertical scroll bar, 1 page Horizontal scroll bar, 1 page Network Home, tab, 1 of 3 Demos, tab, 2 of 3 Settings, tab, 3 of 3\" ptr=\"0x106599800\" visibility=\"visible\" width=\"402\" x=\"0\" y=\"0\">\n                                    <RNSScreenNavigationContainerView alpha=\"1.0\" class=\"RNSScreenNavigationContainerView\" focused=\"false\" height=\"795\" ptr=\"0x1067c79c0\" visibility=\"visible\" width=\"402\" x=\"0\" y=\"0\">\n                                        <UILayoutContainerView alpha=\"1.0\" class=\"UILayoutContainerView\" focused=\"false\" height=\"795\" ptr=\"0x1067d9a40\" visibility=\"visible\" width=\"402\" x=\"0\" y=\"0\">\n                                            <UINavigationTransitionView alpha=\"1.0\" class=\"UINavigationTransitionView\" focused=\"false\" height=\"795\" ptr=\"0x1067daa00\" visibility=\"visible\" width=\"402\" x=\"0\" y=\"0\">\n                                                <UIViewControllerWrapperView alpha=\"1.0\" class=\"UIViewControllerWrapperView\" focused=\"false\" height=\"795\" ptr=\"0x1098baf40\" visibility=\"visible\" width=\"402\" x=\"0\" y=\"0\">\n                                                    <RNSScreenView alpha=\"1.0\" class=\"RNSScreenView\" focused=\"false\" height=\"795\" label=\"Network Demos All requests are auto-instrumented by the SDK Fetch Data Fetch Error Fetch Multiple (3) XHR Request Log: [23:22:42] XHR OK: Leanne Graham [23:22:42] XHR request... [23:22:41] Expected error: Network request failed [23:22:41] Fetching invalid URL... [23:22:41] OK: sunt aut facere repellat provident occae... [23:22:40] Fetching data... Vertical scroll bar, 1 page Horizontal scroll bar, 1 page Network\" ptr=\"0x1064fed00\" visibility=\"visible\" width=\"402\" x=\"0\" y=\"0\">\n                                                        <RCTView alpha=\"1.0\" class=\"RCTView\" focused=\"false\" height=\"795\" label=\"Network Demos All requests are auto-instrumented by the SDK Fetch Data Fetch Error Fetch Multiple (3) XHR Request Log: [23:22:42] XHR OK: Leanne Graham [23:22:42] XHR request... [23:22:41] Expected error: Network request failed [23:22:41] Fetching invalid URL... [23:22:41] OK: sunt aut facere repellat provident occae... [23:22:40] Fetching data... Vertical scroll bar, 1 page Horizontal scroll bar, 1 page Network\" ptr=\"0x10aeaa300\" visibility=\"visible\" width=\"402\" x=\"0\" y=\"0\">\n                                                            <RCTView alpha=\"1.0\" class=\"RCTView\" focused=\"false\" height=\"795\" label=\"Network Demos All requests are auto-instrumented by the SDK Fetch Data Fetch Error Fetch Multiple (3) XHR Request Log: [23:22:42] XHR OK: Leanne Graham [23:22:42] XHR request... [23:22:41] Expected error: Network request failed [23:22:41] Fetching invalid URL... [23:22:41] OK: sunt aut facere repellat provident occae... [23:22:40] Fetching data... Vertical scroll bar, 1 page Horizontal scroll bar, 1 page Network\" ptr=\"0x10aea9f80\" visibility=\"visible\" width=\"402\" x=\"0\" y=\"0\">\n                                                                <RCTView alpha=\"1.0\" class=\"RCTView\" focused=\"false\" height=\"795\" label=\"Network Demos All requests are auto-instrumented by the SDK Fetch Data Fetch Error Fetch Multiple (3) XHR Request Log: [23:22:42] XHR OK: Leanne Graham [23:22:42] XHR request... [23:22:41] Expected error: Network request failed [23:22:41] Fetching invalid URL... [23:22:41] OK: sunt aut facere repellat provident occae... [23:22:40] Fetching data... Vertical scroll bar, 1 page Horizontal scroll bar, 1 page Network\" ptr=\"0x10aea9c00\" visibility=\"visible\" width=\"402\" x=\"0\" y=\"0\">\n                                                                    <RNSScreenStackView alpha=\"1.0\" class=\"RNSScreenStackView\" focused=\"false\" height=\"795\" ptr=\"0x10af6a800\" visibility=\"visible\" width=\"402\" x=\"0\" y=\"0\">\n                                                                        <UILayoutContainerView alpha=\"1.0\" class=\"UILayoutContainerView\" focused=\"false\" height=\"795\" ptr=\"0x1098a5dc0\" visibility=\"visible\" width=\"402\" x=\"0\" y=\"0\">\n                                                                            <UINavigationTransitionView alpha=\"1.0\" class=\"UINavigationTransitionView\" focused=\"false\" height=\"795\" ptr=\"0x1098a6a00\" visibility=\"visible\" width=\"402\" x=\"0\" y=\"0\">\n                                                                                <UIViewControllerWrapperView alpha=\"1.0\" class=\"UIViewControllerWrapperView\" focused=\"false\" height=\"795\" ptr=\"0x1098a7b80\" visibility=\"visible\" width=\"402\" x=\"0\" y=\"0\">\n                                                                                    <RNSScreenView alpha=\"1.0\" class=\"RNSScreenView\" focused=\"false\" height=\"679\" label=\"Network Demos All requests are auto-instrumented by the SDK Fetch Data Fetch Error Fetch Multiple (3) XHR Request Log: [23:22:42] XHR OK: Leanne Graham [23:22:42] XHR request... [23:22:41] Expected error: Network request failed [23:22:41] Fetching invalid URL... [23:22:41] OK: sunt aut facere repellat provident occae... [23:22:40] Fetching data... Vertical scroll bar, 1 page Horizontal scroll bar, 1 page\" ptr=\"0x118ef9900\" visibility=\"visible\" width=\"402\" x=\"0\" y=\"116\">\n                                                                                        <RCTView alpha=\"1.0\" class=\"RCTView\" focused=\"false\" height=\"679\" label=\"Network Demos All requests are auto-instrumented by the SDK Fetch Data Fetch Error Fetch Multiple (3) XHR Request Log: [23:22:42] XHR OK: Leanne Graham [23:22:42] XHR request... [23:22:41] Expected error: Network request failed [23:22:41] Fetching invalid URL... [23:22:41] OK: sunt aut facere repellat provident occae... [23:22:40] Fetching data... Vertical scroll bar, 1 page Horizontal scroll bar, 1 page\" ptr=\"0x118ef7b80\" visibility=\"visible\" width=\"402\" x=\"0\" y=\"0\">\n                                                                                            <RCTView alpha=\"1.0\" class=\"RCTView\" focused=\"false\" height=\"679\" label=\"Network Demos All requests are auto-instrumented by the SDK Fetch Data Fetch Error Fetch Multiple (3) XHR Request Log: [23:22:42] XHR OK: Leanne Graham [23:22:42] XHR request... [23:22:41] Expected error: Network request failed [23:22:41] Fetching invalid URL... [23:22:41] OK: sunt aut facere repellat provident occae... [23:22:40] Fetching data... Vertical scroll bar, 1 page Horizontal scroll bar, 1 page\" ptr=\"0x118ef7800\" visibility=\"visible\" width=\"402\" x=\"0\" y=\"0\">\n                                                                                                <RCTSafeAreaView alpha=\"1.0\" class=\"RCTSafeAreaView\" focused=\"false\" height=\"679\" label=\"Network Demos All requests are auto-instrumented by the SDK Fetch Data Fetch Error Fetch Multiple (3) XHR Request Log: [23:22:42] XHR OK: Leanne Graham [23:22:42] XHR request... [23:22:41] Expected error: Network request failed [23:22:41] Fetching invalid URL... [23:22:41] OK: sunt aut facere repellat provident occae... [23:22:40] Fetching data... Vertical scroll bar, 1 page Horizontal scroll bar, 1 page\" ptr=\"0x10659ac00\" visibility=\"visible\" width=\"402\" x=\"0\" y=\"0\">\n                                                                                                    <RCTScrollView alpha=\"1.0\" class=\"RCTScrollView\" focused=\"false\" height=\"679\" label=\"Network Demos All requests are auto-instrumented by the SDK Fetch Data Fetch Error Fetch Multiple (3) XHR Request Log: [23:22:42] XHR OK: Leanne Graham [23:22:42] XHR request... [23:22:41] Expected error: Network request failed [23:22:41] Fetching invalid URL... [23:22:41] OK: sunt aut facere repellat provident occae... [23:22:40] Fetching data... Vertical scroll bar, 1 page Horizontal scroll bar, 1 page\" ptr=\"0x118ef9400\" visibility=\"visible\" width=\"402\" x=\"0\" y=\"0\">\n                                                                                                        <RCTCustomScrollView alpha=\"1.0\" class=\"RCTCustomScrollView\" focused=\"false\" height=\"679\" ptr=\"0x106589400\" visibility=\"visible\" width=\"402\" x=\"0\" y=\"0\">\n                                                                                                            <RCTScrollContentView alpha=\"1.0\" class=\"RCTScrollContentView\" focused=\"false\" height=\"302\" label=\"Network Demos All requests are auto-instrumented by the SDK Fetch Data Fetch Error Fetch Multiple (3) XHR Request Log: [23:22:42] XHR OK: Leanne Graham [23:22:42] XHR request... [23:22:41] Expected error: Network request failed [23:22:41] Fetching invalid URL... [23:22:41] OK: sunt aut facere repellat provident occae... [23:22:40] Fetching data...\" ptr=\"0x118ef7480\" visibility=\"visible\" width=\"370\" x=\"16\" y=\"16\">\n                                                                                                                <RCTTextView alpha=\"1.0\" class=\"RCTTextView\" focused=\"false\" height=\"26\" label=\"Network Demos\" ptr=\"0x118f58a00\" text=\"Network Demos\" visibility=\"visible\" width=\"370\" x=\"0\" y=\"0\" />\n                                                                                                                <RCTTextView alpha=\"1.0\" class=\"RCTTextView\" focused=\"false\" height=\"16\" label=\"All requests are auto-instrumented by the SDK\" ptr=\"0x118f58c00\" text=\"All requests are auto-instrumented by the SDK\" visibility=\"visible\" width=\"370\" x=\"0\" y=\"30\" />\n                                                                                                                <RCTView alpha=\"1.0\" class=\"RCTView\" focused=\"false\" height=\"71\" label=\"Fetch Data Fetch Error Fetch Multiple (3) XHR Request\" ptr=\"0x118ef6d80\" visibility=\"visible\" width=\"370\" x=\"0\" y=\"62\">\n                                                                                                                    <RCTView alpha=\"1.0\" class=\"RCTView\" focused=\"false\" height=\"31\" id=\"network-btn-fetch\" label=\"Fetch Data\" ptr=\"0x118ef5f80\" visibility=\"visible\" width=\"92\" x=\"0\" y=\"0\">\n                                                                                                                        <RCTTextView alpha=\"1.0\" class=\"RCTTextView\" focused=\"false\" height=\"16\" label=\"Fetch Data\" ptr=\"0x118f58e00\" text=\"Fetch Data\" visibility=\"visible\" width=\"68\" x=\"12\" y=\"8\" />\n                                                                                                                    </RCTView>\n                                                                                                                    <RCTView alpha=\"1.0\" class=\"RCTView\" focused=\"false\" height=\"31\" id=\"network-btn-fetch-error\" label=\"Fetch Error\" ptr=\"0x118ef6300\" visibility=\"visible\" width=\"94\" x=\"100\" y=\"0\">\n                                                                                                                        <RCTTextView alpha=\"1.0\" class=\"RCTTextView\" focused=\"false\" height=\"16\" label=\"Fetch Error\" ptr=\"0x118f59000\" text=\"Fetch Error\" visibility=\"visible\" width=\"71\" x=\"12\" y=\"8\" />\n                                                                                                                    </RCTView>\n                                                                                                                    <RCTView alpha=\"1.0\" class=\"RCTView\" focused=\"false\" height=\"31\" id=\"network-btn-fetch-multiple\" label=\"Fetch Multiple (3)\" ptr=\"0x118ef6680\" visibility=\"visible\" width=\"136\" x=\"203\" y=\"0\">\n                                                                                                                        <RCTTextView alpha=\"1.0\" class=\"RCTTextView\" focused=\"false\" height=\"16\" label=\"Fetch Multiple (3)\" ptr=\"0x118f59200\" text=\"Fetch Multiple (3)\" visibility=\"visible\" width=\"112\" x=\"12\" y=\"8\" />\n                                                                                                                    </RCTView>\n                                                                                                                    <RCTView alpha=\"1.0\" class=\"RCTView\" focused=\"false\" height=\"31\" id=\"network-btn-xhr\" label=\"XHR Request\" ptr=\"0x118ef6a00\" visibility=\"visible\" width=\"107\" x=\"0\" y=\"39\">\n                                                                                                                        <RCTTextView alpha=\"1.0\" class=\"RCTTextView\" focused=\"false\" height=\"16\" label=\"XHR Request\" ptr=\"0x118f59400\" text=\"XHR Request\" visibility=\"visible\" width=\"83\" x=\"12\" y=\"8\" />\n                                                                                                                    </RCTView>\n                                                                                                                </RCTView>\n                                                                                                                <RCTView alpha=\"1.0\" class=\"RCTView\" focused=\"false\" height=\"137\" id=\"network-result\" label=\"Log: [23:22:42] XHR OK: Leanne Graham [23:22:42] XHR request... [23:22:41] Expected error: Network request failed [23:22:41] Fetching invalid URL... [23:22:41] OK: sunt aut facere repellat provident occae... [23:22:40] Fetching data...\" ptr=\"0x118ef7100\" visibility=\"visible\" width=\"370\" x=\"0\" y=\"149\">\n                                                                                                                    <RCTTextView alpha=\"1.0\" class=\"RCTTextView\" focused=\"false\" height=\"17\" label=\"Log:\" ptr=\"0x118f59600\" text=\"Log:\" visibility=\"visible\" width=\"346\" x=\"12\" y=\"12\" />\n                                                                                                                    <RCTTextView alpha=\"1.0\" class=\"RCTTextView\" focused=\"false\" height=\"13\" label=\"[23:22:42] XHR OK: Leanne Graham\" ptr=\"0x117c98400\" text=\"[23:22:42] XHR OK: Leanne Graham\" visibility=\"visible\" width=\"346\" x=\"12\" y=\"35\" />\n                                                                                                                    <RCTTextView alpha=\"1.0\" class=\"RCTTextView\" focused=\"false\" height=\"13\" label=\"[23:22:42] XHR request...\" ptr=\"0x117c98600\" text=\"[23:22:42] XHR request...\" visibility=\"visible\" width=\"346\" x=\"12\" y=\"50\" />\n                                                                                                                    <RCTTextView alpha=\"1.0\" class=\"RCTTextView\" focused=\"false\" height=\"13\" label=\"[23:22:41] Expected error: Network request failed\" ptr=\"0x117c98800\" text=\"[23:22:41] Expected error: Network request failed\" visibility=\"visible\" width=\"346\" x=\"12\" y=\"65\" />\n                                                                                                                    <RCTTextView alpha=\"1.0\" class=\"RCTTextView\" focused=\"false\" height=\"13\" label=\"[23:22:41] Fetching invalid URL...\" ptr=\"0x117c98a00\" text=\"[23:22:41] Fetching invalid URL...\" visibility=\"visible\" width=\"346\" x=\"12\" y=\"81\" />\n                                                                                                                    <RCTTextView alpha=\"1.0\" class=\"RCTTextView\" focused=\"false\" height=\"13\" label=\"[23:22:41] OK: sunt aut facere repellat provident occae...\" ptr=\"0x117c98c00\" text=\"[23:22:41] OK: sunt aut facere repellat provident occae...\" visibility=\"visible\" width=\"346\" x=\"12\" y=\"96\" />\n                                                                                                                    <RCTTextView alpha=\"1.0\" class=\"RCTTextView\" focused=\"false\" height=\"13\" label=\"[23:22:40] Fetching data...\" ptr=\"0x117c98e00\" text=\"[23:22:40] Fetching data...\" visibility=\"visible\" width=\"346\" x=\"12\" y=\"111\" />\n                                                                                                                </RCTView>\n                                                                                                            </RCTScrollContentView>\n                                                                                                            <_UIScrollViewScrollIndicator alpha=\"0.0\" class=\"_UIScrollViewScrollIndicator\" focused=\"false\" height=\"265\" label=\"Vertical scroll bar, 1 page\" ptr=\"0x118f59e00\" value=\"0%\" visibility=\"visible\" width=\"3\" x=\"396\" y=\"410\">\n                                                                                                                <UIView alpha=\"1.0\" class=\"UIView\" focused=\"false\" height=\"265\" ptr=\"0x1098c7640\" visibility=\"visible\" width=\"3\" x=\"0\" y=\"0\" />\n                                                                                                            </_UIScrollViewScrollIndicator>\n                                                                                                            <_UIScrollViewScrollIndicator alpha=\"0.0\" class=\"_UIScrollViewScrollIndicator\" focused=\"false\" height=\"3\" label=\"Horizontal scroll bar, 1 page\" ptr=\"0x118f59c00\" value=\"0%\" visibility=\"visible\" width=\"364\" x=\"35\" y=\"673\">\n                                                                                                                <UIView alpha=\"1.0\" class=\"UIView\" focused=\"false\" height=\"3\" ptr=\"0x1098c72c0\" visibility=\"visible\" width=\"364\" x=\"0\" y=\"0\" />\n                                                                                                            </_UIScrollViewScrollIndicator>\n                                                                                                        </RCTCustomScrollView>\n                                                                                                    </RCTScrollView>\n                                                                                                </RCTSafeAreaView>\n                                                                                            </RCTView>\n                                                                                        </RCTView>\n                                                                                    </RNSScreenView>\n                                                                                </UIViewControllerWrapperView>\n                                                                            </UINavigationTransitionView>\n                                                                            <UINavigationBar alpha=\"1.0\" class=\"UINavigationBar\" focused=\"false\" height=\"54\" id=\"Network\" ptr=\"0x1099a6a00\" visibility=\"visible\" width=\"402\" x=\"0\" y=\"62\">\n                                                                                <_UIBarBackground alpha=\"1.0\" class=\"_UIBarBackground\" focused=\"false\" height=\"116\" ptr=\"0x118e5e800\" visibility=\"visible\" width=\"402\" x=\"0\" y=\"-62\">\n                                                                                    <UIImageView alpha=\"1.0\" class=\"UIImageView\" focused=\"false\" height=\"116\" ptr=\"0x10af6bc00\" visibility=\"visible\" width=\"402\" x=\"0\" y=\"0\" />\n                                                                                    <_UIBarBackgroundShadowView alpha=\"1.0\" class=\"_UIBarBackgroundShadowView\" focused=\"false\" height=\"0\" ptr=\"0x118e5f200\" visibility=\"visible\" width=\"402\" x=\"0\" y=\"116\">\n                                                                                        <_UIBarBackgroundShadowContentImageView alpha=\"1.0\" class=\"_UIBarBackgroundShadowContentImageView\" focused=\"false\" height=\"0\" ptr=\"0x118e5f480\" visibility=\"visible\" width=\"402\" x=\"0\" y=\"0\" />\n                                                                                    </_UIBarBackgroundShadowView>\n                                                                                </_UIBarBackground>\n                                                                                <UIKit.NavigationBarContentView alpha=\"1.0\" class=\"UIKit.NavigationBarContentView\" focused=\"false\" height=\"54\" ptr=\"0x106575000\" visibility=\"visible\" width=\"402\" x=\"0\" y=\"0\">\n                                                                                    <UIKit.NavigationBarTransitionContainer alpha=\"1.0\" class=\"UIKit.NavigationBarTransitionContainer\" focused=\"false\" height=\"54\" ptr=\"0x10af6ac00\" visibility=\"visible\" width=\"402\" x=\"0\" y=\"0\">\n                                                                                        <_UINavigationBarHostedViewContainer alpha=\"1.0\" class=\"_UINavigationBarHostedViewContainer\" focused=\"false\" height=\"54\" ptr=\"0x1098a6140\" visibility=\"visible\" width=\"402\" x=\"0\" y=\"0\">\n                                                                                            <_UINavigationBarHostedViewWrapper alpha=\"1.0\" class=\"_UINavigationBarHostedViewWrapper\" focused=\"false\" height=\"20\" ptr=\"0x118f5b200\" visibility=\"visible\" width=\"68\" x=\"167\" y=\"11\">\n                                                                                                <_UINavigationBarTitleControl alpha=\"1.0\" class=\"_UINavigationBarTitleControl\" focused=\"false\" height=\"20\" ptr=\"0x118f01200\" visibility=\"visible\" width=\"68\" x=\"0\" y=\"0\">\n                                                                                                    <_UIIntrinsicContentSizeInvalidationForwardingWrapperView alpha=\"1.0\" class=\"_UIIntrinsicContentSizeInvalidationForwardingWrapperView\" focused=\"false\" height=\"20\" ptr=\"0x1098d0a80\" visibility=\"visible\" width=\"68\" x=\"0\" y=\"0\">\n                                                                                                        <UILabel alpha=\"1.0\" class=\"UILabel\" focused=\"false\" height=\"20\" label=\"Network\" ptr=\"0x118fe4380\" text=\"Network\" visibility=\"visible\" width=\"67\" x=\"0\" y=\"0\" />\n                                                                                                    </_UIIntrinsicContentSizeInvalidationForwardingWrapperView>\n                                                                                                </_UINavigationBarTitleControl>\n                                                                                            </_UINavigationBarHostedViewWrapper>\n                                                                                        </_UINavigationBarHostedViewContainer>\n                                                                                        <UIView alpha=\"1.0\" class=\"UIView\" focused=\"false\" height=\"54\" ptr=\"0x1098a5f80\" visibility=\"visible\" width=\"402\" x=\"0\" y=\"0\" />\n                                                                                        <UIKit.NavigationBarPlatterContainer alpha=\"1.0\" class=\"UIKit.NavigationBarPlatterContainer\" focused=\"false\" height=\"54\" ptr=\"0x1098a6300\" visibility=\"visible\" width=\"402\" x=\"0\" y=\"0\">\n                                                                                            <_UINavigationBarPlatterView alpha=\"1.0\" class=\"_UINavigationBarPlatterView\" focused=\"false\" height=\"44\" ptr=\"0x118f01800\" visibility=\"visible\" width=\"44\" x=\"16\" y=\"0\">\n                                                                                                <_UINavigationBarPlatterAnimationView alpha=\"1.0\" class=\"_UINavigationBarPlatterAnimationView\" focused=\"false\" height=\"44\" ptr=\"0x1098d1dc0\" visibility=\"visible\" width=\"44\" x=\"0\" y=\"0\">\n                                                                                                    <_UINavigationBarPlatterAnimationView alpha=\"1.0\" class=\"_UINavigationBarPlatterAnimationView\" focused=\"false\" height=\"44\" ptr=\"0x1098d2140\" visibility=\"visible\" width=\"44\" x=\"0\" y=\"0\">\n                                                                                                        <_UINavigationBarPlatterAnimationView alpha=\"1.0\" class=\"_UINavigationBarPlatterAnimationView\" focused=\"false\" height=\"48\" ptr=\"0x1098d2300\" visibility=\"visible\" width=\"48\" x=\"-2\" y=\"-2\">\n                                                                                                            <_UINavigationBarPlatterAnimationView alpha=\"1.0\" class=\"_UINavigationBarPlatterAnimationView\" focused=\"false\" height=\"40\" ptr=\"0x1098d24c0\" visibility=\"visible\" width=\"40\" x=\"1\" y=\"1\">\n                                                                                                                <_UINavigationBarPlatterContentView alpha=\"1.0\" class=\"_UINavigationBarPlatterContentView\" focused=\"false\" height=\"44\" ptr=\"0x1098d2680\" visibility=\"visible\" width=\"44\" x=\"0\" y=\"0\">\n                                                                                                                    <_UINavigationBarPlatterGlassView alpha=\"1.0\" class=\"_UINavigationBarPlatterGlassView\" focused=\"false\" height=\"44\" ptr=\"0x1098d2840\" visibility=\"visible\" width=\"44\" x=\"0\" y=\"0\">\n                                                                                                                        <_UINavigationBarPlatterSubviewContainerView alpha=\"1.0\" class=\"_UINavigationBarPlatterSubviewContainerView\" focused=\"false\" height=\"44\" ptr=\"0x1098d2a00\" visibility=\"visible\" width=\"44\" x=\"0\" y=\"0\">\n                                                                                                                            <_UINavigationBarPlatterItemView alpha=\"1.0\" class=\"_UINavigationBarPlatterItemView\" focused=\"false\" height=\"44\" ptr=\"0x118fcef80\" visibility=\"visible\" width=\"44\" x=\"0\" y=\"0\">\n                                                                                                                                <_UIButtonBarButton alpha=\"1.0\" class=\"_UIButtonBarButton\" focused=\"false\" height=\"44\" id=\"BackButton\" ptr=\"0x118fce800\" visibility=\"visible\" width=\"44\" x=\"0\" y=\"0\">\n                                                                                                                                    <_TtCC5UIKit29ButtonBarButtonVisualProviderP33_A98CD29F4F6ECA17AFECE41BBB264E5918BackButtonMaskView alpha=\"1.0\" class=\"_TtCC5UIKit29ButtonBarButtonVisualProviderP33_A98CD29F4F6ECA17AFECE41BBB264E5918BackButtonMaskView\" focused=\"false\" height=\"44\" ptr=\"0x1098d0540\" visibility=\"invisible\" width=\"44\" x=\"0\" y=\"0\">\n                                                                                                                                        <UIImageView alpha=\"1.0\" class=\"UIImageView\" focused=\"false\" height=\"28\" id=\"UINavigationBarTitleTransitionBackIndicatorMaskSymbol\" ptr=\"0x118f5a800\" visibility=\"visible\" width=\"19\" x=\"0\" y=\"8\" />\n                                                                                                                                        <UIView alpha=\"1.0\" class=\"UIView\" focused=\"false\" height=\"44\" ptr=\"0x1098d0700\" visibility=\"visible\" width=\"0\" x=\"44\" y=\"0\" />\n                                                                                                                                    </_TtCC5UIKit29ButtonBarButtonVisualProviderP33_A98CD29F4F6ECA17AFECE41BBB264E5918BackButtonMaskView>\n                                                                                                                                    <_TtCC5UIKit29ButtonBarButtonVisualProviderP33_A98CD29F4F6ECA17AFECE41BBB264E596Button alpha=\"1.0\" class=\"_TtCC5UIKit29ButtonBarButtonVisualProviderP33_A98CD29F4F6ECA17AFECE41BBB264E596Button\" focused=\"false\" height=\"23\" label=\"Back\" ptr=\"0x118fe4000\" visibility=\"visible\" width=\"44\" x=\"0\" y=\"10\">\n                                                                                                                                        <UIImageView alpha=\"1.0\" class=\"UIImageView\" focused=\"false\" height=\"23\" id=\"chevron.backward\" label=\"Back\" ptr=\"0x118f5aa00\" visibility=\"visible\" width=\"16\" x=\"13\" y=\"0\" />\n                                                                                                                                    </_TtCC5UIKit29ButtonBarButtonVisualProviderP33_A98CD29F4F6ECA17AFECE41BBB264E596Button>\n                                                                                                                                </_UIButtonBarButton>\n                                                                                                                            </_UINavigationBarPlatterItemView>\n                                                                                                                        </_UINavigationBarPlatterSubviewContainerView>\n                                                                                                                    </_UINavigationBarPlatterGlassView>\n                                                                                                                </_UINavigationBarPlatterContentView>\n                                                                                                            </_UINavigationBarPlatterAnimationView>\n                                                                                                        </_UINavigationBarPlatterAnimationView>\n                                                                                                    </_UINavigationBarPlatterAnimationView>\n                                                                                                </_UINavigationBarPlatterAnimationView>\n                                                                                            </_UINavigationBarPlatterView>\n                                                                                        </UIKit.NavigationBarPlatterContainer>\n                                                                                    </UIKit.NavigationBarTransitionContainer>\n                                                                                </UIKit.NavigationBarContentView>\n                                                                                <_UIPointerInteractionAssistantEffectContainerView alpha=\"1.0\" class=\"_UIPointerInteractionAssistantEffectContainerView\" focused=\"false\" height=\"0\" ptr=\"0x1098a7480\" visibility=\"visible\" width=\"0\" x=\"0\" y=\"0\" />\n                                                                            </UINavigationBar>\n                                                                            <_UIFloatingBarContainerView alpha=\"1.0\" class=\"_UIFloatingBarContainerView\" focused=\"false\" height=\"795\" ptr=\"0x10af6b000\" visibility=\"visible\" width=\"402\" x=\"0\" y=\"0\">\n                                                                                <_TtGC5UIKitP10$186ea25a022FloatingBarHostingViewVS_20FloatingBarContainer_ alpha=\"1.0\" class=\"_TtGC5UIKitP10$186ea25a022FloatingBarHostingViewVS_20FloatingBarContainer_\" focused=\"false\" height=\"795\" ptr=\"0x10af6b800\" visibility=\"visible\" width=\"402\" x=\"0\" y=\"0\" />\n                                                                                <_UIPointerInteractionAssistantEffectContainerView alpha=\"1.0\" class=\"_UIPointerInteractionAssistantEffectContainerView\" focused=\"false\" height=\"0\" ptr=\"0x1098a6f40\" visibility=\"visible\" width=\"0\" x=\"0\" y=\"0\" />\n                                                                            </_UIFloatingBarContainerView>\n                                                                        </UILayoutContainerView>\n                                                                    </RNSScreenStackView>\n                                                                </RCTView>\n                                                            </RCTView>\n                                                        </RCTView>\n                                                    </RNSScreenView>\n                                                </UIViewControllerWrapperView>\n                                            </UINavigationTransitionView>\n                                            <UINavigationBar alpha=\"1.0\" class=\"UINavigationBar\" focused=\"false\" height=\"54\" id=\"RNSScreen\" ptr=\"0x1099a4600\" visibility=\"invisible\" width=\"402\" x=\"0\" y=\"-116\">\n                                                <_UIBarBackground alpha=\"1.0\" class=\"_UIBarBackground\" focused=\"false\" height=\"116\" ptr=\"0x10ac71900\" visibility=\"visible\" width=\"402\" x=\"0\" y=\"-62\" />\n                                                <_UIPointerInteractionAssistantEffectContainerView alpha=\"1.0\" class=\"_UIPointerInteractionAssistantEffectContainerView\" focused=\"false\" height=\"0\" ptr=\"0x109801dc0\" visibility=\"visible\" width=\"0\" x=\"0\" y=\"0\" />\n                                            </UINavigationBar>\n                                            <_UIFloatingBarContainerView alpha=\"1.0\" class=\"_UIFloatingBarContainerView\" focused=\"false\" height=\"795\" ptr=\"0x109a12200\" visibility=\"visible\" width=\"402\" x=\"0\" y=\"0\">\n                                                <_TtGC5UIKitP10$186ea25a022FloatingBarHostingViewVS_20FloatingBarContainer_ alpha=\"1.0\" class=\"_TtGC5UIKitP10$186ea25a022FloatingBarHostingViewVS_20FloatingBarContainer_\" focused=\"false\" height=\"795\" ptr=\"0x109a12a00\" visibility=\"visible\" width=\"402\" x=\"0\" y=\"0\" />\n                                                <_UIPointerInteractionAssistantEffectContainerView alpha=\"1.0\" class=\"_UIPointerInteractionAssistantEffectContainerView\" focused=\"false\" height=\"0\" ptr=\"0x1067e8a80\" visibility=\"visible\" width=\"0\" x=\"0\" y=\"0\" />\n                                            </_UIFloatingBarContainerView>\n                                        </UILayoutContainerView>\n                                    </RNSScreenNavigationContainerView>\n                                    <RCTView alpha=\"1.0\" class=\"RCTView\" focused=\"false\" height=\"79\" label=\"Home, tab, 1 of 3 Demos, tab, 2 of 3 Settings, tab, 3 of 3\" ptr=\"0x10add2d80\" visibility=\"visible\" width=\"402\" x=\"0\" y=\"795\">\n                                        <RCTView alpha=\"1.0\" class=\"RCTView\" focused=\"false\" height=\"78\" ptr=\"0x1065d3b80\" visibility=\"visible\" width=\"402\" x=\"0\" y=\"0\" />\n                                        <RCTView alpha=\"1.0\" class=\"RCTView\" focused=\"false\" height=\"48\" label=\"Home, tab, 1 of 3 Demos, tab, 2 of 3 Settings, tab, 3 of 3\" ptr=\"0x10add2a00\" visibility=\"visible\" width=\"402\" x=\"0\" y=\"0\">\n                                            <RCTView alpha=\"1.0\" class=\"RCTView\" focused=\"false\" height=\"48\" id=\"tab-home\" label=\"Home, tab, 1 of 3\" ptr=\"0x10add0a80\" visibility=\"visible\" width=\"134\" x=\"0\" y=\"0\">\n                                                <RCTView alpha=\"1.0\" class=\"RCTView\" focused=\"false\" height=\"34\" label=\"H H\" ptr=\"0x10add0700\" visibility=\"visible\" width=\"0\" x=\"67\" y=\"0\">\n                                                    <RCTView alpha=\"0.0\" class=\"RCTView\" focused=\"false\" height=\"34\" label=\"H\" ptr=\"0x10add0000\" visibility=\"visible\" width=\"134\" x=\"-67\" y=\"0\">\n                                                        <RCTTextView alpha=\"1.0\" class=\"RCTTextView\" focused=\"false\" height=\"22\" label=\"H\" ptr=\"0x109a12c00\" text=\"H\" visibility=\"visible\" width=\"13\" x=\"60\" y=\"6\" />\n                                                    </RCTView>\n                                                    <RCTView alpha=\"1.0\" class=\"RCTView\" focused=\"false\" height=\"34\" label=\"H\" ptr=\"0x10add0380\" visibility=\"visible\" width=\"134\" x=\"-67\" y=\"0\">\n                                                        <RCTTextView alpha=\"1.0\" class=\"RCTTextView\" focused=\"false\" height=\"22\" label=\"H\" ptr=\"0x109a12e00\" text=\"H\" visibility=\"visible\" width=\"13\" x=\"60\" y=\"6\" />\n                                                    </RCTView>\n                                                </RCTView>\n                                                <RCTTextView alpha=\"1.0\" class=\"RCTTextView\" focused=\"false\" height=\"14\" label=\"Home\" ptr=\"0x109a13000\" text=\"Home\" visibility=\"visible\" width=\"34\" x=\"50\" y=\"34\" />\n                                            </RCTView>\n                                            <RCTView alpha=\"1.0\" class=\"RCTView\" focused=\"false\" height=\"48\" id=\"tab-demos\" label=\"Demos, tab, 2 of 3\" ptr=\"0x10add1880\" visibility=\"visible\" width=\"134\" x=\"134\" y=\"0\">\n                                                <RCTView alpha=\"1.0\" class=\"RCTView\" focused=\"false\" height=\"34\" label=\"D D\" ptr=\"0x10add1500\" visibility=\"visible\" width=\"0\" x=\"67\" y=\"0\">\n                                                    <RCTView alpha=\"1.0\" class=\"RCTView\" focused=\"false\" height=\"34\" label=\"D\" ptr=\"0x10add0e00\" visibility=\"visible\" width=\"134\" x=\"-67\" y=\"0\">\n                                                        <RCTTextView alpha=\"1.0\" class=\"RCTTextView\" focused=\"false\" height=\"22\" label=\"D\" ptr=\"0x109a13200\" text=\"D\" visibility=\"visible\" width=\"13\" x=\"60\" y=\"6\" />\n                                                    </RCTView>\n                                                    <RCTView alpha=\"0.0\" class=\"RCTView\" focused=\"false\" height=\"34\" label=\"D\" ptr=\"0x10add1180\" visibility=\"visible\" width=\"134\" x=\"-67\" y=\"0\">\n                                                        <RCTTextView alpha=\"1.0\" class=\"RCTTextView\" focused=\"false\" height=\"22\" label=\"D\" ptr=\"0x109a13400\" text=\"D\" visibility=\"visible\" width=\"13\" x=\"60\" y=\"6\" />\n                                                    </RCTView>\n                                                </RCTView>\n                                                <RCTTextView alpha=\"1.0\" class=\"RCTTextView\" focused=\"false\" height=\"14\" label=\"Demos\" ptr=\"0x109a13600\" text=\"Demos\" visibility=\"visible\" width=\"40\" x=\"47\" y=\"34\" />\n                                            </RCTView>\n                                            <RCTView alpha=\"1.0\" class=\"RCTView\" focused=\"false\" height=\"48\" id=\"tab-settings\" label=\"Settings, tab, 3 of 3\" ptr=\"0x10add2680\" visibility=\"visible\" width=\"134\" x=\"268\" y=\"0\">\n                                                <RCTView alpha=\"1.0\" class=\"RCTView\" focused=\"false\" height=\"34\" label=\"S S\" ptr=\"0x10add2300\" visibility=\"visible\" width=\"0\" x=\"67\" y=\"0\">\n                                                    <RCTView alpha=\"0.0\" class=\"RCTView\" focused=\"false\" height=\"34\" label=\"S\" ptr=\"0x10add1c00\" visibility=\"visible\" width=\"134\" x=\"-67\" y=\"0\">\n                                                        <RCTTextView alpha=\"1.0\" class=\"RCTTextView\" focused=\"false\" height=\"22\" label=\"S\" ptr=\"0x109a13800\" text=\"S\" visibility=\"visible\" width=\"11\" x=\"61\" y=\"6\" />\n                                                    </RCTView>\n                                                    <RCTView alpha=\"1.0\" class=\"RCTView\" focused=\"false\" height=\"34\" label=\"S\" ptr=\"0x10add1f80\" visibility=\"visible\" width=\"134\" x=\"-67\" y=\"0\">\n                                                        <RCTTextView alpha=\"1.0\" class=\"RCTTextView\" focused=\"false\" height=\"22\" label=\"S\" ptr=\"0x109a13a00\" text=\"S\" visibility=\"visible\" width=\"11\" x=\"61\" y=\"6\" />\n                                                    </RCTView>\n                                                </RCTView>\n                                                <RCTTextView alpha=\"1.0\" class=\"RCTTextView\" focused=\"false\" height=\"14\" label=\"Settings\" ptr=\"0x109a13c00\" text=\"Settings\" visibility=\"visible\" width=\"47\" x=\"43\" y=\"34\" />\n                                            </RCTView>\n                                        </RCTView>\n                                    </RCTView>\n                                </RNCSafeAreaProvider>\n                            </RCTView>\n                        </RCTView>\n                    </RCTRootContentView>\n                </RCTRootView>\n            </UIDropShadowView>\n        </UITransitionView>\n    </UIWindow>\n</ViewHierarchy>","visibilityFailingRectsURL":"/Users/nonth/Library/Developer/CoreSimulator/Devices/B7E9BAD6-0C0D-41EE-BE0C-D49BF485382E/data/Containers/Data/Application/438DCEE1-3489-4DA1-B18D-63078973F5DB/tmp/visibilityFailingRects","details":"No elements found for “MATCHER(id == “demos-btn-tracing”)”","NSLocalizedDescription":"No elements found for “MATCHER(id == “demos-btn-tracing”)”","DetoxFailureInformation":{"lineNumber":50,"file":"/Users/builder/uibuilder/work/detox/ios/Detox/Invocation/Element.swift","functionName":"views"},"visibilityFailingScreenshotsURL":"/Users/nonth/Library/Developer/CoreSimulator/Devices/B7E9BAD6-0C0D-41EE-BE0C-D49BF485382E/data/Containers/Data/Application/438DCEE1-3489-4DA1-B18D-63078973F5DB/tmp/visibilityFailingScreenshots","windows":["<UIWindow: 0x106598800; frame = (0 0; 402 874);>","<DTXTouchVisualizerWindow: 0x1064fc500; frame = (0 0; 402 874);>"]},"messageId":24,"type":"testFailed"}
   
23:22:43.184 detox[66325] E tap
  error: Test Failed: No elements found for “MATCHER(id == “demos-btn-tracing”)”
  
  HINT: To print view hierarchy on failed actions/matches, use log-level verbose or higher.
23:22:43.184 detox[66325] B onTestFnFailure
  args: ({"error":{"name":"DetoxRuntimeError"}})
23:22:43.184 detox[66325] i starting SimulatorScreenshot
23:22:43.184 detox[66325] i /usr/bin/xcrun simctl io B7E9BAD6-0C0D-41EE-BE0C-D49BF485382E screenshot "/private/var/folders/nd/_cs61jn95mx_wzcmldgt15p00000gn/T/detox-66325-I4YQVW.detox.png"
23:22:43.356 detox[66325] i Detected file type from extension: PNG
Note: No display specified. Defaulting to display: 1CF89121-203F-41F0-8702-803F5499D5AE (screenID: 1, name: LCD)
Wrote screenshot to: /private/var/folders/nd/_cs61jn95mx_wzcmldgt15p00000gn/T/detox-66325-I4YQVW.detox.png

23:22:43.356 detox[66325] i stopping SimulatorScreenshot
23:22:43.356 detox[66325] E onTestFnFailure
23:22:43.356 detox[66325] E test_fn
  error: Test Failed: No elements found for “MATCHER(id == “demos-btn-tracing”)”
  
  HINT: To print view hierarchy on failed actions/matches, use log-level verbose or higher.
23:22:43.357 detox[66325] B onTestDone
  args: ({"title":"navigates to Tracing demo and interacts","fullName":"React Navigation Example Demo Screens navigates to Tracing demo and interacts","status":"failed","invocations":1,"timedOut":false})
23:22:43.357 detox[66325] i starting SimulatorScreenshot
23:22:43.357 detox[66325] i /usr/bin/xcrun simctl io B7E9BAD6-0C0D-41EE-BE0C-D49BF485382E screenshot "/private/var/folders/nd/_cs61jn95mx_wzcmldgt15p00000gn/T/detox-66325-TRpBUv.detox.png"
23:22:43.357 detox[66325] i stopping SimulatorVideoRecording
23:22:43.359 detox[66325] i sending SIGINT to: /usr/bin/xcrun simctl io B7E9BAD6-0C0D-41EE-BE0C-D49BF485382E recordVideo /private/var/folders/nd/_cs61jn95mx_wzcmldgt15p00000gn/T/detox-66325-Eebm62.detox.mp4
23:22:43.368 detox[66325] i Recording completed. Writing to disk.

Wrote video to: /private/var/folders/nd/_cs61jn95mx_wzcmldgt15p00000gn/T/detox-66325-Eebm62.detox.mp4

23:22:43.369 detox[66325] i /usr/bin/xcrun simctl io B7E9BAD6-0C0D-41EE-BE0C-D49BF485382E recordVideo /private/var/folders/nd/_cs61jn95mx_wzcmldgt15p00000gn/T/detox-66325-Eebm62.detox.mp4 exited with code #0
23:22:43.370 detox[66325] i saving SimulatorVideoRecording to: artifacts/ios.sim.release.2026-04-10 16-22-19Z/✗ React Navigation Example Demo Screens navigates to Tracing demo and interacts/test.mp4
23:22:43.370 detox[66325] i moving "/private/var/folders/nd/_cs61jn95mx_wzcmldgt15p00000gn/T/detox-66325-Eebm62.detox.mp4" to artifacts/ios.sim.release.2026-04-10 16-22-19Z/✗ React Navigation Example Demo Screens navigates to Tracing demo and interacts/test.mp4
23:22:43.530 detox[66325] i Detected file type from extension: PNG
Note: No display specified. Defaulting to display: 1CF89121-203F-41F0-8702-803F5499D5AE (screenID: 1, name: LCD)
Wrote screenshot to: /private/var/folders/nd/_cs61jn95mx_wzcmldgt15p00000gn/T/detox-66325-TRpBUv.detox.png

23:22:43.530 detox[66325] i stopping SimulatorScreenshot
23:22:43.530 detox[66325] i stopping SimulatorLogRecording
23:22:43.530 detox[66325] i saving SimulatorScreenshot to: artifacts/ios.sim.release.2026-04-10 16-22-19Z/✗ React Navigation Example Demo Screens navigates to Tracing demo and interacts/testStart.png
23:22:43.530 detox[66325] i moving "/private/var/folders/nd/_cs61jn95mx_wzcmldgt15p00000gn/T/detox-66325-j33FsH.detox.png" to artifacts/ios.sim.release.2026-04-10 16-22-19Z/✗ React Navigation Example Demo Screens navigates to Tracing demo and interacts/testStart.png
23:22:43.531 detox[66325] i saving SimulatorScreenshot to: artifacts/ios.sim.release.2026-04-10 16-22-19Z/✗ React Navigation Example Demo Screens navigates to Tracing demo and interacts/testFnFailure.png
23:22:43.531 detox[66325] i moving "/private/var/folders/nd/_cs61jn95mx_wzcmldgt15p00000gn/T/detox-66325-I4YQVW.detox.png" to artifacts/ios.sim.release.2026-04-10 16-22-19Z/✗ React Navigation Example Demo Screens navigates to Tracing demo and interacts/testFnFailure.png
23:22:43.531 detox[66325] i saving SimulatorScreenshot to: artifacts/ios.sim.release.2026-04-10 16-22-19Z/✗ React Navigation Example Demo Screens navigates to Tracing demo and interacts/testDone.png
23:22:43.531 detox[66325] i moving "/private/var/folders/nd/_cs61jn95mx_wzcmldgt15p00000gn/T/detox-66325-TRpBUv.detox.png" to artifacts/ios.sim.release.2026-04-10 16-22-19Z/✗ React Navigation Example Demo Screens navigates to Tracing demo and interacts/testDone.png
23:22:43.583 detox[66325] i sending SIGINT to: /usr/bin/xcrun simctl spawn B7E9BAD6-0C0D-41EE-BE0C-D49BF485382E log stream --level debug --style compact --predicate processImagePath beginsWith "/Users/nonth/Library/Developer/CoreSimulator/Devices/B7E9BAD6-0C0D-41EE-BE0C-D49BF485382E/data/Containers/Bundle/Application/A9D25B4E-FCD1-47CE-888B-F82CFEBC6D31/EdotReactNavExample.app"
23:22:43.587 detox[66325] i /usr/bin/xcrun simctl spawn B7E9BAD6-0C0D-41EE-BE0C-D49BF485382E log stream --level debug --style compact --predicate "processImagePath beginsWith \"/Users/nonth/Library/Developer/CoreSimulator/Devices/B7E9BAD6-0C0D-41EE-BE0C-D49BF485382E/data/Containers/Bundle/Application/A9D25B4E-FCD1-47CE-888B-F82CFEBC6D31/EdotReactNavExample.app\"" exited with code #0
23:22:43.588 detox[66325] E onTestDone
23:22:43.588 detox[66325] E navigates to Tracing demo and interacts
23:22:43.588 detox[66325] i React Navigation Example > Demo Screens: navigates to Tracing demo and interacts [FAIL]
23:22:43.588 detox[66325] B navigates to Metrics demo and interacts
23:22:43.588 detox[66325] i React Navigation Example > Demo Screens: navigates to Metrics demo and interacts
23:22:43.589 detox[66325] B onTestStart
  args: ({"title":"navigates to Metrics demo and interacts","fullName":"React Navigation Example Demo Screens navigates to Metrics demo and interacts","status":"running","invocations":1})
23:22:43.589 detox[66325] i starting SimulatorLogRecording
23:22:43.589 detox[66325] i saving SimulatorLogRecording to: artifacts/ios.sim.release.2026-04-10 16-22-19Z/✗ React Navigation Example Demo Screens navigates to Tracing demo and interacts/device.log
23:22:43.589 detox[66325] i moving "/private/var/folders/nd/_cs61jn95mx_wzcmldgt15p00000gn/T/detox-66325-meq9FT.detox.log" to artifacts/ios.sim.release.2026-04-10 16-22-19Z/✗ React Navigation Example Demo Screens navigates to Tracing demo and interacts/device.log
23:22:43.590 detox[66325] i /usr/bin/xcrun simctl get_app_container B7E9BAD6-0C0D-41EE-BE0C-D49BF485382E com.edot.reactnavexample
23:22:43.758 detox[66325] i /Users/nonth/Library/Developer/CoreSimulator/Devices/B7E9BAD6-0C0D-41EE-BE0C-D49BF485382E/data/Containers/Bundle/Application/A9D25B4E-FCD1-47CE-888B-F82CFEBC6D31/EdotReactNavExample.app

23:22:43.758 detox[66325] i /usr/bin/xcrun simctl spawn B7E9BAD6-0C0D-41EE-BE0C-D49BF485382E log stream --level debug --style compact --predicate "processImagePath beginsWith \"/Users/nonth/Library/Developer/CoreSimulator/Devices/B7E9BAD6-0C0D-41EE-BE0C-D49BF485382E/data/Containers/Bundle/Application/A9D25B4E-FCD1-47CE-888B-F82CFEBC6D31/EdotReactNavExample.app\""
23:22:43.809 detox[66325] i starting SimulatorScreenshot
23:22:43.810 detox[66325] i /usr/bin/xcrun simctl io B7E9BAD6-0C0D-41EE-BE0C-D49BF485382E screenshot "/private/var/folders/nd/_cs61jn95mx_wzcmldgt15p00000gn/T/detox-66325-C07Oag.detox.png"
23:22:43.811 detox[66325] i starting SimulatorVideoRecording
23:22:43.811 detox[66325] i /usr/bin/xcrun simctl io B7E9BAD6-0C0D-41EE-BE0C-D49BF485382E recordVideo /private/var/folders/nd/_cs61jn95mx_wzcmldgt15p00000gn/T/detox-66325-cBnK2j.detox.mp4
23:22:43.975 detox[66325] i Note: No display specified. Defaulting to display: 1CF89121-203F-41F0-8702-803F5499D5AE (screenID: 1, name: LCD)

23:22:43.988 detox[66325] i Recording started

23:22:44.034 detox[66325] i Detected file type from extension: PNG
Note: No display specified. Defaulting to display: 1CF89121-203F-41F0-8702-803F5499D5AE (screenID: 1, name: LCD)
Wrote screenshot to: /private/var/folders/nd/_cs61jn95mx_wzcmldgt15p00000gn/T/detox-66325-C07Oag.detox.png

23:22:44.034 detox[66325] i stopping SimulatorScreenshot
23:22:44.034 detox[66325] E onTestStart
23:22:44.034 detox[66325] B beforeEach
23:22:44.034 detox[66325] E beforeEach
23:22:44.034 detox[66325] B test_fn
23:22:44.035 detox[66324] i get
  data: {"type":"invoke","params":{"type":"action","action":"tap","predicate":{"type":"id","value":"demos-btn-metrics","isRegex":false}},"messageId":25}
23:22:44.035 detox[66324] i send
  data: {
    "type": "invoke",
    "params": {
      "type": "action",
      "action": "tap",
      "predicate": {
        "type": "id",
        "value": "demos-btn-metrics",
        "isRegex": false
      }
    },
    "messageId": 25
  }
23:22:44.035 detox[66325] i send message
  data: {"type":"invoke","params":{"type":"action","action":"tap","predicate":{"type":"id","value":"demos-btn-metrics","isRegex":false}},"messageId":25}
23:22:44.035 detox[66325] B tap
  data: {
    "type": "action",
    "action": "tap",
    "predicate": {
      "type": "id",
      "value": "demos-btn-metrics",
      "isRegex": false
    }
  }
23:22:44.052 detox[66324] i get
  data: {"type":"testFailed","params":{"viewHierarchy":"<?xml version=\"1.0\" encoding=\"utf-8\"?>\n<ViewHierarchy>\n    <UIWindow alpha=\"1.0\" class=\"UIWindow\" focused=\"false\" height=\"874\" ptr=\"0x106598800\" visibility=\"visible\" width=\"402\">\n        <UITransitionView alpha=\"1.0\" class=\"UITransitionView\" focused=\"false\" height=\"874\" ptr=\"0x109a10000\" visibility=\"visible\" width=\"402\" x=\"0\" y=\"0\">\n            <UIDropShadowView alpha=\"1.0\" class=\"UIDropShadowView\" focused=\"false\" height=\"874\" ptr=\"0x10991db80\" visibility=\"visible\" width=\"402\" x=\"0\" y=\"0\">\n                <RCTRootView alpha=\"1.0\" class=\"RCTRootView\" focused=\"false\" height=\"874\" ptr=\"0x10991d400\" visibility=\"visible\" width=\"402\" x=\"0\" y=\"0\">\n                    <RCTRootContentView alpha=\"1.0\" class=\"RCTRootContentView\" focused=\"false\" height=\"874\" label=\"Network Demos All requests are auto-instrumented by the SDK Fetch Data Fetch Error Fetch Multiple (3) XHR Request Log: [23:22:42] XHR OK: Leanne Graham [23:22:42] XHR request... [23:22:41] Expected error: Network request failed [23:22:41] Fetching invalid URL... [23:22:41] OK: sunt aut facere repellat provident occae... [23:22:40] Fetching data... Vertical scroll bar, 1 page Horizontal scroll bar, 1 page Network Home, tab, 1 of 3 Demos, tab, 2 of 3 Settings, tab, 3 of 3\" ptr=\"0x106598400\" visibility=\"visible\" width=\"402\" x=\"0\" y=\"0\">\n                        <RCTView alpha=\"1.0\" class=\"RCTView\" focused=\"false\" height=\"874\" label=\"Network Demos All requests are auto-instrumented by the SDK Fetch Data Fetch Error Fetch Multiple (3) XHR Request Log: [23:22:42] XHR OK: Leanne Graham [23:22:42] XHR request... [23:22:41] Expected error: Network request failed [23:22:41] Fetching invalid URL... [23:22:41] OK: sunt aut facere repellat provident occae... [23:22:40] Fetching data... Vertical scroll bar, 1 page Horizontal scroll bar, 1 page Network Home, tab, 1 of 3 Demos, tab, 2 of 3 Settings, tab, 3 of 3\" ptr=\"0x10add3480\" visibility=\"visible\" width=\"402\" x=\"0\" y=\"0\">\n                            <RCTView alpha=\"1.0\" class=\"RCTView\" focused=\"false\" height=\"874\" label=\"Network Demos All requests are auto-instrumented by the SDK Fetch Data Fetch Error Fetch Multiple (3) XHR Request Log: [23:22:42] XHR OK: Leanne Graham [23:22:42] XHR request... [23:22:41] Expected error: Network request failed [23:22:41] Fetching invalid URL... [23:22:41] OK: sunt aut facere repellat provident occae... [23:22:40] Fetching data... Vertical scroll bar, 1 page Horizontal scroll bar, 1 page Network Home, tab, 1 of 3 Demos, tab, 2 of 3 Settings, tab, 3 of 3\" ptr=\"0x10add3100\" visibility=\"visible\" width=\"402\" x=\"0\" y=\"0\">\n                                <RNCSafeAreaProvider alpha=\"1.0\" class=\"RNCSafeAreaProvider\" focused=\"false\" height=\"874\" label=\"Network Demos All requests are auto-instrumented by the SDK Fetch Data Fetch Error Fetch Multiple (3) XHR Request Log: [23:22:42] XHR OK: Leanne Graham [23:22:42] XHR request... [23:22:41] Expected error: Network request failed [23:22:41] Fetching invalid URL... [23:22:41] OK: sunt aut facere repellat provident occae... [23:22:40] Fetching data... Vertical scroll bar, 1 page Horizontal scroll bar, 1 page Network Home, tab, 1 of 3 Demos, tab, 2 of 3 Settings, tab, 3 of 3\" ptr=\"0x106599800\" visibility=\"visible\" width=\"402\" x=\"0\" y=\"0\">\n                                    <RNSScreenNavigationContainerView alpha=\"1.0\" class=\"RNSScreenNavigationContainerView\" focused=\"false\" height=\"795\" ptr=\"0x1067c79c0\" visibility=\"visible\" width=\"402\" x=\"0\" y=\"0\">\n                                        <UILayoutContainerView alpha=\"1.0\" class=\"UILayoutContainerView\" focused=\"false\" height=\"795\" ptr=\"0x1067d9a40\" visibility=\"visible\" width=\"402\" x=\"0\" y=\"0\">\n                                            <UINavigationTransitionView alpha=\"1.0\" class=\"UINavigationTransitionView\" focused=\"false\" height=\"795\" ptr=\"0x1067daa00\" visibility=\"visible\" width=\"402\" x=\"0\" y=\"0\">\n                                                <UIViewControllerWrapperView alpha=\"1.0\" class=\"UIViewControllerWrapperView\" focused=\"false\" height=\"795\" ptr=\"0x1098baf40\" visibility=\"visible\" width=\"402\" x=\"0\" y=\"0\">\n                                                    <RNSScreenView alpha=\"1.0\" class=\"RNSScreenView\" focused=\"false\" height=\"795\" label=\"Network Demos All requests are auto-instrumented by the SDK Fetch Data Fetch Error Fetch Multiple (3) XHR Request Log: [23:22:42] XHR OK: Leanne Graham [23:22:42] XHR request... [23:22:41] Expected error: Network request failed [23:22:41] Fetching invalid URL... [23:22:41] OK: sunt aut facere repellat provident occae... [23:22:40] Fetching data... Vertical scroll bar, 1 page Horizontal scroll bar, 1 page Network\" ptr=\"0x1064fed00\" visibility=\"visible\" width=\"402\" x=\"0\" y=\"0\">\n                                                        <RCTView alpha=\"1.0\" class=\"RCTView\" focused=\"false\" height=\"795\" label=\"Network Demos All requests are auto-instrumented by the SDK Fetch Data Fetch Error Fetch Multiple (3) XHR Request Log: [23:22:42] XHR OK: Leanne Graham [23:22:42] XHR request... [23:22:41] Expected error: Network request failed [23:22:41] Fetching invalid URL... [23:22:41] OK: sunt aut facere repellat provident occae... [23:22:40] Fetching data... Vertical scroll bar, 1 page Horizontal scroll bar, 1 page Network\" ptr=\"0x10aeaa300\" visibility=\"visible\" width=\"402\" x=\"0\" y=\"0\">\n                                                            <RCTView alpha=\"1.0\" class=\"RCTView\" focused=\"false\" height=\"795\" label=\"Network Demos All requests are auto-instrumented by the SDK Fetch Data Fetch Error Fetch Multiple (3) XHR Request Log: [23:22:42] XHR OK: Leanne Graham [23:22:42] XHR request... [23:22:41] Expected error: Network request failed [23:22:41] Fetching invalid URL... [23:22:41] OK: sunt aut facere repellat provident occae... [23:22:40] Fetching data... Vertical scroll bar, 1 page Horizontal scroll bar, 1 page Network\" ptr=\"0x10aea9f80\" visibility=\"visible\" width=\"402\" x=\"0\" y=\"0\">\n                                                                <RCTView alpha=\"1.0\" class=\"RCTView\" focused=\"false\" height=\"795\" label=\"Network Demos All requests are auto-instrumented by the SDK Fetch Data Fetch Error Fetch Multiple (3) XHR Request Log: [23:22:42] XHR OK: Leanne Graham [23:22:42] XHR request... [23:22:41] Expected error: Network request failed [23:22:41] Fetching invalid URL... [23:22:41] OK: sunt aut facere repellat provident occae... [23:22:40] Fetching data... Vertical scroll bar, 1 page Horizontal scroll bar, 1 page Network\" ptr=\"0x10aea9c00\" visibility=\"visible\" width=\"402\" x=\"0\" y=\"0\">\n                                                                    <RNSScreenStackView alpha=\"1.0\" class=\"RNSScreenStackView\" focused=\"false\" height=\"795\" ptr=\"0x10af6a800\" visibility=\"visible\" width=\"402\" x=\"0\" y=\"0\">\n                                                                        <UILayoutContainerView alpha=\"1.0\" class=\"UILayoutContainerView\" focused=\"false\" height=\"795\" ptr=\"0x1098a5dc0\" visibility=\"visible\" width=\"402\" x=\"0\" y=\"0\">\n                                                                            <UINavigationTransitionView alpha=\"1.0\" class=\"UINavigationTransitionView\" focused=\"false\" height=\"795\" ptr=\"0x1098a6a00\" visibility=\"visible\" width=\"402\" x=\"0\" y=\"0\">\n                                                                                <UIViewControllerWrapperView alpha=\"1.0\" class=\"UIViewControllerWrapperView\" focused=\"false\" height=\"795\" ptr=\"0x1098a7b80\" visibility=\"visible\" width=\"402\" x=\"0\" y=\"0\">\n                                                                                    <RNSScreenView alpha=\"1.0\" class=\"RNSScreenView\" focused=\"false\" height=\"679\" label=\"Network Demos All requests are auto-instrumented by the SDK Fetch Data Fetch Error Fetch Multiple (3) XHR Request Log: [23:22:42] XHR OK: Leanne Graham [23:22:42] XHR request... [23:22:41] Expected error: Network request failed [23:22:41] Fetching invalid URL... [23:22:41] OK: sunt aut facere repellat provident occae... [23:22:40] Fetching data... Vertical scroll bar, 1 page Horizontal scroll bar, 1 page\" ptr=\"0x118ef9900\" visibility=\"visible\" width=\"402\" x=\"0\" y=\"116\">\n                                                                                        <RCTView alpha=\"1.0\" class=\"RCTView\" focused=\"false\" height=\"679\" label=\"Network Demos All requests are auto-instrumented by the SDK Fetch Data Fetch Error Fetch Multiple (3) XHR Request Log: [23:22:42] XHR OK: Leanne Graham [23:22:42] XHR request... [23:22:41] Expected error: Network request failed [23:22:41] Fetching invalid URL... [23:22:41] OK: sunt aut facere repellat provident occae... [23:22:40] Fetching data... Vertical scroll bar, 1 page Horizontal scroll bar, 1 page\" ptr=\"0x118ef7b80\" visibility=\"visible\" width=\"402\" x=\"0\" y=\"0\">\n                                                                                            <RCTView alpha=\"1.0\" class=\"RCTView\" focused=\"false\" height=\"679\" label=\"Network Demos All requests are auto-instrumented by the SDK Fetch Data Fetch Error Fetch Multiple (3) XHR Request Log: [23:22:42] XHR OK: Leanne Graham [23:22:42] XHR request... [23:22:41] Expected error: Network request failed [23:22:41] Fetching invalid URL... [23:22:41] OK: sunt aut facere repellat provident occae... [23:22:40] Fetching data... Vertical scroll bar, 1 page Horizontal scroll bar, 1 page\" ptr=\"0x118ef7800\" visibility=\"visible\" width=\"402\" x=\"0\" y=\"0\">\n                                                                                                <RCTSafeAreaView alpha=\"1.0\" class=\"RCTSafeAreaView\" focused=\"false\" height=\"679\" label=\"Network Demos All requests are auto-instrumented by the SDK Fetch Data Fetch Error Fetch Multiple (3) XHR Request Log: [23:22:42] XHR OK: Leanne Graham [23:22:42] XHR request... [23:22:41] Expected error: Network request failed [23:22:41] Fetching invalid URL... [23:22:41] OK: sunt aut facere repellat provident occae... [23:22:40] Fetching data... Vertical scroll bar, 1 page Horizontal scroll bar, 1 page\" ptr=\"0x10659ac00\" visibility=\"visible\" width=\"402\" x=\"0\" y=\"0\">\n                                                                                                    <RCTScrollView alpha=\"1.0\" class=\"RCTScrollView\" focused=\"false\" height=\"679\" label=\"Network Demos All requests are auto-instrumented by the SDK Fetch Data Fetch Error Fetch Multiple (3) XHR Request Log: [23:22:42] XHR OK: Leanne Graham [23:22:42] XHR request... [23:22:41] Expected error: Network request failed [23:22:41] Fetching invalid URL... [23:22:41] OK: sunt aut facere repellat provident occae... [23:22:40] Fetching data... Vertical scroll bar, 1 page Horizontal scroll bar, 1 page\" ptr=\"0x118ef9400\" visibility=\"visible\" width=\"402\" x=\"0\" y=\"0\">\n                                                                                                        <RCTCustomScrollView alpha=\"1.0\" class=\"RCTCustomScrollView\" focused=\"false\" height=\"679\" ptr=\"0x106589400\" visibility=\"visible\" width=\"402\" x=\"0\" y=\"0\">\n                                                                                                            <RCTScrollContentView alpha=\"1.0\" class=\"RCTScrollContentView\" focused=\"false\" height=\"302\" label=\"Network Demos All requests are auto-instrumented by the SDK Fetch Data Fetch Error Fetch Multiple (3) XHR Request Log: [23:22:42] XHR OK: Leanne Graham [23:22:42] XHR request... [23:22:41] Expected error: Network request failed [23:22:41] Fetching invalid URL... [23:22:41] OK: sunt aut facere repellat provident occae... [23:22:40] Fetching data...\" ptr=\"0x118ef7480\" visibility=\"visible\" width=\"370\" x=\"16\" y=\"16\">\n                                                                                                                <RCTTextView alpha=\"1.0\" class=\"RCTTextView\" focused=\"false\" height=\"26\" label=\"Network Demos\" ptr=\"0x118f58a00\" text=\"Network Demos\" visibility=\"visible\" width=\"370\" x=\"0\" y=\"0\" \/>\n                                                                                                                <RCTTextView alpha=\"1.0\" class=\"RCTTextView\" focused=\"false\" height=\"16\" label=\"All requests are auto-instrumented by the SDK\" ptr=\"0x118f58c00\" text=\"All requests are auto-instrumented by the SDK\" visibility=\"visible\" width=\"370\" x=\"0\" y=\"30\" \/>\n                                                                                                                <RCTView alpha=\"1.0\" class=\"RCTView\" focused=\"false\" height=\"71\" label=\"Fetch Data Fetch Error Fetch Multiple (3) XHR Request\" ptr=\"0x118ef6d80\" visibility=\"visible\" width=\"370\" x=\"0\" y=\"62\">\n                                                                                                                    <RCTView alpha=\"1.0\" class=\"RCTView\" focused=\"false\" height=\"31\" id=\"network-btn-fetch\" label=\"Fetch Data\" ptr=\"0x118ef5f80\" visibility=\"visible\" width=\"92\" x=\"0\" y=\"0\">\n                                                                                                                        <RCTTextView alpha=\"1.0\" class=\"RCTTextView\" focused=\"false\" height=\"16\" label=\"Fetch Data\" ptr=\"0x118f58e00\" text=\"Fetch Data\" visibility=\"visible\" width=\"68\" x=\"12\" y=\"8\" \/>\n                                                                                                                    <\/RCTView>\n                                                                                                                    <RCTView alpha=\"1.0\" class=\"RCTView\" focused=\"false\" height=\"31\" id=\"network-btn-fetch-error\" label=\"Fetch Error\" ptr=\"0x118ef6300\" visibility=\"visible\" width=\"94\" x=\"100\" y=\"0\">\n                                                                                                                        <RCTTextView alpha=\"1.0\" class=\"RCTTextView\" focused=\"false\" height=\"16\" label=\"Fetch Error\" ptr=\"0x118f59000\" text=\"Fetch Error\" visibility=\"visible\" width=\"71\" x=\"12\" y=\"8\" \/>\n                                                                                                                    <\/RCTView>\n                                                                                                                    <RCTView alpha=\"1.0\" class=\"RCTView\" focused=\"false\" height=\"31\" id=\"network-btn-fetch-multiple\" label=\"Fetch Multiple (3)\" ptr=\"0x118ef6680\" visibility=\"visible\" width=\"136\" x=\"203\" y=\"0\">\n                                                                                                                        <RCTTextView alpha=\"1.0\" class=\"RCTTextView\" focused=\"false\" height=\"16\" label=\"Fetch Multiple (3)\" ptr=\"0x118f59200\" text=\"Fetch Multiple (3)\" visibility=\"visible\" width=\"112\" x=\"12\" y=\"8\" \/>\n                                                                                                                    <\/RCTView>\n                                                                                                                    <RCTView alpha=\"1.0\" class=\"RCTView\" focused=\"false\" height=\"31\" id=\"network-btn-xhr\" label=\"XHR Request\" ptr=\"0x118ef6a00\" visibility=\"visible\" width=\"107\" x=\"0\" y=\"39\">\n                                                                                                                        <RCTTextView alpha=\"1.0\" class=\"RCTTextView\" focused=\"false\" height=\"16\" label=\"XHR Request\" ptr=\"0x118f59400\" text=\"XHR Request\" visibility=\"visible\" width=\"83\" x=\"12\" y=\"8\" \/>\n                                                                                                                    <\/RCTView>\n                                                                                                                <\/RCTView>\n                                                                                                                <RCTView alpha=\"1.0\" class=\"RCTView\" focused=\"false\" height=\"137\" id=\"network-result\" label=\"Log: [23:22:42] XHR OK: Leanne Graham [23:22:42] XHR request... [23:22:41] Expected error: Network request failed [23:22:41] Fetching invalid URL... [23:22:41] OK: sunt aut facere repellat provident occae... [23:22:40] Fetching data...\" ptr=\"0x118ef7100\" visibility=\"visible\" width=\"370\" x=\"0\" y=\"149\">\n                                                                                                                    <RCTTextView alpha=\"1.0\" class=\"RCTTextView\" focused=\"false\" height=\"17\" label=\"Log:\" ptr=\"0x118f59600\" text=\"Log:\" visibility=\"visible\" width=\"346\" x=\"12\" y=\"12\" \/>\n                                                                                                                    <RCTTextView alpha=\"1.0\" class=\"RCTTextView\" focused=\"false\" height=\"13\" label=\"[23:22:42] XHR OK: Leanne Graham\" ptr=\"0x117c98400\" text=\"[23:22:42] XHR OK: Leanne Graham\" visibility=\"visible\" width=\"346\" x=\"12\" y=\"35\" \/>\n                                                                                                                    <RCTTextView alpha=\"1.0\" class=\"RCTTextView\" focused=\"false\" height=\"13\" label=\"[23:22:42] XHR request...\" ptr=\"0x117c98600\" text=\"[23:22:42] XHR request...\" visibility=\"visible\" width=\"346\" x=\"12\" y=\"50\" \/>\n                                                                                                                    <RCTTextView alpha=\"1.0\" class=\"RCTTextView\" focused=\"false\" height=\"13\" label=\"[23:22:41] Expected error: Network request failed\" ptr=\"0x117c98800\" text=\"[23:22:41] Expected error: Network request failed\" visibility=\"visible\" width=\"346\" x=\"12\" y=\"65\" \/>\n                                                                                                                    <RCTTextView alpha=\"1.0\" class=\"RCTTextView\" focused=\"false\" height=\"13\" label=\"[23:22:41] Fetching invalid URL...\" ptr=\"0x117c98a00\" text=\"[23:22:41] Fetching invalid URL...\" visibility=\"visible\" width=\"346\" x=\"12\" y=\"81\" \/>\n                                                                                                                    <RCTTextView alpha=\"1.0\" class=\"RCTTextView\" focused=\"false\" height=\"13\" label=\"[23:22:41] OK: sunt aut facere repellat provident occae...\" ptr=\"0x117c98c00\" text=\"[23:22:41] OK: sunt aut facere repellat provident occae...\" visibility=\"visible\" width=\"346\" x=\"12\" y=\"96\" \/>\n                                                                                                                    <RCTTextView alpha=\"1.0\" class=\"RCTTextView\" focused=\"false\" height=\"13\" label=\"[23:22:40] Fetching data...\" ptr=\"0x117c98e00\" text=\"[23:22:40] Fetching data...\" visibility=\"visible\" width=\"346\" x=\"12\" y=\"111\" \/>\n                                                                                                                <\/RCTView>\n                                                                                                            <\/RCTScrollContentView>\n                                                                                                            <_UIScrollViewScrollIndicator alpha=\"0.0\" class=\"_UIScrollViewScrollIndicator\" focused=\"false\" height=\"265\" label=\"Vertical scroll bar, 1 page\" ptr=\"0x118f59e00\" value=\"0%\" visibility=\"visible\" width=\"3\" x=\"396\" y=\"410\">\n                                                                                                                <UIView alpha=\"1.0\" class=\"UIView\" focused=\"false\" height=\"265\" ptr=\"0x1098c7640\" visibility=\"visible\" width=\"3\" x=\"0\" y=\"0\" \/>\n                                                                                                            <\/_UIScrollViewScrollIndicator>\n                                                                                                            <_UIScrollViewScrollIndicator alpha=\"0.0\" class=\"_UIScrollViewScrollIndicator\" focused=\"false\" height=\"3\" label=\"Horizontal scroll bar, 1 page\" ptr=\"0x118f59c00\" value=\"0%\" visibility=\"visible\" width=\"364\" x=\"35\" y=\"673\">\n                                                                                                                <UIView alpha=\"1.0\" class=\"UIView\" focused=\"false\" height=\"3\" ptr=\"0x1098c72c0\" visibility=\"visible\" width=\"364\" x=\"0\" y=\"0\" \/>\n                                                                                                            <\/_UIScrollViewScrollIndicator>\n                                                                                                        <\/RCTCustomScrollView>\n                                                                                                    <\/RCTScrollView>\n                                                                                                <\/RCTSafeAreaView>\n                                                                                            <\/RCTView>\n                                                                                        <\/RCTView>\n                                                                                    <\/RNSScreenView>\n                                                                                <\/UIViewControllerWrapperView>\n                                                                            <\/UINavigationTransitionView>\n                                                                            <UINavigationBar alpha=\"1.0\" class=\"UINavigationBar\" focused=\"false\" height=\"54\" id=\"Network\" ptr=\"0x1099a6a00\" visibility=\"visible\" width=\"402\" x=\"0\" y=\"62\">\n                                                                                <_UIBarBackground alpha=\"1.0\" class=\"_UIBarBackground\" focused=\"false\" height=\"116\" ptr=\"0x118e5e800\" visibility=\"visible\" width=\"402\" x=\"0\" y=\"-62\">\n                                                                                    <UIImageView alpha=\"1.0\" class=\"UIImageView\" focused=\"false\" height=\"116\" ptr=\"0x10af6bc00\" visibility=\"visible\" width=\"402\" x=\"0\" y=\"0\" \/>\n                                                                                    <_UIBarBackgroundShadowView alpha=\"1.0\" class=\"_UIBarBackgroundShadowView\" focused=\"false\" height=\"0\" ptr=\"0x118e5f200\" visibility=\"visible\" width=\"402\" x=\"0\" y=\"116\">\n                                                                                        <_UIBarBackgroundShadowContentImageView alpha=\"1.0\" class=\"_UIBarBackgroundShadowContentImageView\" focused=\"false\" height=\"0\" ptr=\"0x118e5f480\" visibility=\"visible\" width=\"402\" x=\"0\" y=\"0\" \/>\n                                                                                    <\/_UIBarBackgroundShadowView>\n                                                                                <\/_UIBarBackground>\n                                                                                <UIKit.NavigationBarContentView alpha=\"1.0\" class=\"UIKit.NavigationBarContentView\" focused=\"false\" height=\"54\" ptr=\"0x106575000\" visibility=\"visible\" width=\"402\" x=\"0\" y=\"0\">\n                                                                                    <UIKit.NavigationBarTransitionContainer alpha=\"1.0\" class=\"UIKit.NavigationBarTransitionContainer\" focused=\"false\" height=\"54\" ptr=\"0x10af6ac00\" visibility=\"visible\" width=\"402\" x=\"0\" y=\"0\">\n                                                                                        <_UINavigationBarHostedViewContainer alpha=\"1.0\" class=\"_UINavigationBarHostedViewContainer\" focused=\"false\" height=\"54\" ptr=\"0x1098a6140\" visibility=\"visible\" width=\"402\" x=\"0\" y=\"0\">\n                                                                                            <_UINavigationBarHostedViewWrapper alpha=\"1.0\" class=\"_UINavigationBarHostedViewWrapper\" focused=\"false\" height=\"20\" ptr=\"0x118f5b200\" visibility=\"visible\" width=\"68\" x=\"167\" y=\"11\">\n                                                                                                <_UINavigationBarTitleControl alpha=\"1.0\" class=\"_UINavigationBarTitleControl\" focused=\"false\" height=\"20\" ptr=\"0x118f01200\" visibility=\"visible\" width=\"68\" x=\"0\" y=\"0\">\n                                                                                                    <_UIIntrinsicContentSizeInvalidationForwardingWrapperView alpha=\"1.0\" class=\"_UIIntrinsicContentSizeInvalidationForwardingWrapperView\" focused=\"false\" height=\"20\" ptr=\"0x1098d0a80\" visibility=\"visible\" width=\"68\" x=\"0\" y=\"0\">\n                                                                                                        <UILabel alpha=\"1.0\" class=\"UILabel\" focused=\"false\" height=\"20\" label=\"Network\" ptr=\"0x118fe4380\" text=\"Network\" visibility=\"visible\" width=\"67\" x=\"0\" y=\"0\" \/>\n                                                                                                    <\/_UIIntrinsicContentSizeInvalidationForwardingWrapperView>\n                                                                                                <\/_UINavigationBarTitleControl>\n                                                                                            <\/_UINavigationBarHostedViewWrapper>\n                                                                                        <\/_UINavigationBarHostedViewContainer>\n                                                                                        <UIView alpha=\"1.0\" class=\"UIView\" focused=\"false\" height=\"54\" ptr=\"0x1098a5f80\" visibility=\"visible\" width=\"402\" x=\"0\" y=\"0\" \/>\n                                                                                        <UIKit.NavigationBarPlatterContainer alpha=\"1.0\" class=\"UIKit.NavigationBarPlatterContainer\" focused=\"false\" height=\"54\" ptr=\"0x1098a6300\" visibility=\"visible\" width=\"402\" x=\"0\" y=\"0\">\n                                                                                            <_UINavigationBarPlatterView alpha=\"1.0\" class=\"_UINavigationBarPlatterView\" focused=\"false\" height=\"44\" ptr=\"0x118f01800\" visibility=\"visible\" width=\"44\" x=\"16\" y=\"0\">\n                                                                                                <_UINavigationBarPlatterAnimationView alpha=\"1.0\" class=\"_UINavigationBarPlatterAnimationView\" focused=\"false\" height=\"44\" ptr=\"0x1098d1dc0\" visibility=\"visible\" width=\"44\" x=\"0\" y=\"0\">\n                                                                                                    <_UINavigationBarPlatterAnimationView alpha=\"1.0\" class=\"_UINavigationBarPlatterAnimationView\" focused=\"false\" height=\"44\" ptr=\"0x1098d2140\" visibility=\"visible\" width=\"44\" x=\"0\" y=\"0\">\n                                                                                                        <_UINavigationBarPlatterAnimationView alpha=\"1.0\" class=\"_UINavigationBarPlatterAnimationView\" focused=\"false\" height=\"48\" ptr=\"0x1098d2300\" visibility=\"visible\" width=\"48\" x=\"-2\" y=\"-2\">\n                                                                                                            <_UINavigationBarPlatterAnimationView alpha=\"1.0\" class=\"_UINavigationBarPlatterAnimationView\" focused=\"false\" height=\"40\" ptr=\"0x1098d24c0\" visibility=\"visible\" width=\"40\" x=\"1\" y=\"1\">\n                                                                                                                <_UINavigationBarPlatterContentView alpha=\"1.0\" class=\"_UINavigationBarPlatterContentView\" focused=\"false\" height=\"44\" ptr=\"0x1098d2680\" visibility=\"visible\" width=\"44\" x=\"0\" y=\"0\">\n                                                                                                                    <_UINavigationBarPlatterGlassView alpha=\"1.0\" class=\"_UINavigationBarPlatterGlassView\" focused=\"false\" height=\"44\" ptr=\"0x1098d2840\" visibility=\"visible\" width=\"44\" x=\"0\" y=\"0\">\n                                                                                                                        <_UINavigationBarPlatterSubviewContainerView alpha=\"1.0\" class=\"_UINavigationBarPlatterSubviewContainerView\" focused=\"false\" height=\"44\" ptr=\"0x1098d2a00\" visibility=\"visible\" width=\"44\" x=\"0\" y=\"0\">\n                                                                                                                            <_UINavigationBarPlatterItemView alpha=\"1.0\" class=\"_UINavigationBarPlatterItemView\" focused=\"false\" height=\"44\" ptr=\"0x118fcef80\" visibility=\"visible\" width=\"44\" x=\"0\" y=\"0\">\n                                                                                                                                <_UIButtonBarButton alpha=\"1.0\" class=\"_UIButtonBarButton\" focused=\"false\" height=\"44\" id=\"BackButton\" ptr=\"0x118fce800\" visibility=\"visible\" width=\"44\" x=\"0\" y=\"0\">\n                                                                                                                                    <_TtCC5UIKit29ButtonBarButtonVisualProviderP33_A98CD29F4F6ECA17AFECE41BBB264E5918BackButtonMaskView alpha=\"1.0\" class=\"_TtCC5UIKit29ButtonBarButtonVisualProviderP33_A98CD29F4F6ECA17AFECE41BBB264E5918BackButtonMaskView\" focused=\"false\" height=\"44\" ptr=\"0x1098d0540\" visibility=\"invisible\" width=\"44\" x=\"0\" y=\"0\">\n                                                                                                                                        <UIImageView alpha=\"1.0\" class=\"UIImageView\" focused=\"false\" height=\"28\" id=\"UINavigationBarTitleTransitionBackIndicatorMaskSymbol\" ptr=\"0x118f5a800\" visibility=\"visible\" width=\"19\" x=\"0\" y=\"8\" \/>\n                                                                                                                                        <UIView alpha=\"1.0\" class=\"UIView\" focused=\"false\" height=\"44\" ptr=\"0x1098d0700\" visibility=\"visible\" width=\"0\" x=\"44\" y=\"0\" \/>\n                                                                                                                                    <\/_TtCC5UIKit29ButtonBarButtonVisualProviderP33_A98CD29F4F6ECA17AFECE41BBB264E5918BackButtonMaskView>\n                                                                                                                                    <_TtCC5UIKit29ButtonBarButtonVisualProviderP33_A98CD29F4F6ECA17AFECE41BBB264E596Button alpha=\"1.0\" class=\"_TtCC5UIKit29ButtonBarButtonVisualProviderP33_A98CD29F4F6ECA17AFECE41BBB264E596Button\" focused=\"false\" height=\"23\" label=\"Back\" ptr=\"0x118fe4000\" visibility=\"visible\" width=\"44\" x=\"0\" y=\"10\">\n                                                                                                                                        <UIImageView alpha=\"1.0\" class=\"UIImageView\" focused=\"false\" height=\"23\" id=\"chevron.backward\" label=\"Back\" ptr=\"0x118f5aa00\" visibility=\"visible\" width=\"16\" x=\"13\" y=\"0\" \/>\n                                                                                                                                    <\/_TtCC5UIKit29ButtonBarButtonVisualProviderP33_A98CD29F4F6ECA17AFECE41BBB264E596Button>\n                                                                                                                                <\/_UIButtonBarButton>\n                                                                                                                            <\/_UINavigationBarPlatterItemView>\n                                                                                                                        <\/_UINavigationBarPlatterSubviewContainerView>\n                                                                                                                    <\/_UINavigationBarPlatterGlassView>\n                                                                                                                <\/_UINavigationBarPlatterContentView>\n                                                                                                            <\/_UINavigationBarPlatterAnimationView>\n                                                                                                        <\/_UINavigationBarPlatterAnimationView>\n                                                                                                    <\/_UINavigationBarPlatterAnimationView>\n                                                                                                <\/_UINavigationBarPlatterAnimationView>\n                                                                                            <\/_UINavigationBarPlatterView>\n                                                                                        <\/UIKit.NavigationBarPlatterContainer>\n                                                                                    <\/UIKit.NavigationBarTransitionContainer>\n                                                                                <\/UIKit.NavigationBarContentView>\n                                                                                <_UIPointerInteractionAssistantEffectContainerView alpha=\"1.0\" class=\"_UIPointerInteractionAssistantEffectContainerView\" focused=\"false\" height=\"0\" ptr=\"0x1098a7480\" visibility=\"visible\" width=\"0\" x=\"0\" y=\"0\" \/>\n                                                                            <\/UINavigationBar>\n                                                                            <_UIFloatingBarContainerView alpha=\"1.0\" class=\"_UIFloatingBarContainerView\" focused=\"false\" height=\"795\" ptr=\"0x10af6b000\" visibility=\"visible\" width=\"402\" x=\"0\" y=\"0\">\n                                                                                <_TtGC5UIKitP10$186ea25a022FloatingBarHostingViewVS_20FloatingBarContainer_ alpha=\"1.0\" class=\"_TtGC5UIKitP10$186ea25a022FloatingBarHostingViewVS_20FloatingBarContainer_\" focused=\"false\" height=\"795\" ptr=\"0x10af6b800\" visibility=\"visible\" width=\"402\" x=\"0\" y=\"0\" \/>\n                                                                                <_UIPointerInteractionAssistantEffectContainerView alpha=\"1.0\" class=\"_UIPointerInteractionAssistantEffectContainerView\" focused=\"false\" height=\"0\" ptr=\"0x1098a6f40\" visibility=\"visible\" width=\"0\" x=\"0\" y=\"0\" \/>\n                                                                            <\/_UIFloatingBarContainerView>\n                                                                        <\/UILayoutContainerView>\n                                                                    <\/RNSScreenStackView>\n                                                                <\/RCTView>\n                                                            <\/RCTView>\n                                                        <\/RCTView>\n                                                    <\/RNSScreenView>\n                                                <\/UIViewControllerWrapperView>\n                                            <\/UINavigationTransitionView>\n                                            <UINavigationBar alpha=\"1.0\" class=\"UINavigationBar\" focused=\"false\" height=\"54\" id=\"RNSScreen\" ptr=\"0x1099a4600\" visibility=\"invisible\" width=\"402\" x=\"0\" y=\"-116\">\n                                                <_UIBarBackground alpha=\"1.0\" class=\"_UIBarBackground\" focused=\"false\" height=\"116\" ptr=\"0x10ac71900\" visibility=\"visible\" width=\"402\" x=\"0\" y=\"-62\" \/>\n                                                <_UIPointerInteractionAssistantEffectContainerView alpha=\"1.0\" class=\"_UIPointerInteractionAssistantEffectContainerView\" focused=\"false\" height=\"0\" ptr=\"0x109801dc0\" visibility=\"visible\" width=\"0\" x=\"0\" y=\"0\" \/>\n                                            <\/UINavigationBar>\n                                            <_UIFloatingBarContainerView alpha=\"1.0\" class=\"_UIFloatingBarContainerView\" focused=\"false\" height=\"795\" ptr=\"0x109a12200\" visibility=\"visible\" width=\"402\" x=\"0\" y=\"0\">\n                                                <_TtGC5UIKitP10$186ea25a022FloatingBarHostingViewVS_20FloatingBarContainer_ alpha=\"1.0\" class=\"_TtGC5UIKitP10$186ea25a022FloatingBarHostingViewVS_20FloatingBarContainer_\" focused=\"false\" height=\"795\" ptr=\"0x109a12a00\" visibility=\"visible\" width=\"402\" x=\"0\" y=\"0\" \/>\n                                                <_UIPointerInteractionAssistantEffectContainerView alpha=\"1.0\" class=\"_UIPointerInteractionAssistantEffectContainerView\" focused=\"false\" height=\"0\" ptr=\"0x1067e8a80\" visibility=\"visible\" width=\"0\" x=\"0\" y=\"0\" \/>\n                                            <\/_UIFloatingBarContainerView>\n                                        <\/UILayoutContainerView>\n                                    <\/RNSScreenNavigationContainerView>\n                                    <RCTView alpha=\"1.0\" class=\"RCTView\" focused=\"false\" height=\"79\" label=\"Home, tab, 1 of 3 Demos, tab, 2 of 3 Settings, tab, 3 of 3\" ptr=\"0x10add2d80\" visibility=\"visible\" width=\"402\" x=\"0\" y=\"795\">\n                                        <RCTView alpha=\"1.0\" class=\"RCTView\" focused=\"false\" height=\"78\" ptr=\"0x1065d3b80\" visibility=\"visible\" width=\"402\" x=\"0\" y=\"0\" \/>\n                                        <RCTView alpha=\"1.0\" class=\"RCTView\" focused=\"false\" height=\"48\" label=\"Home, tab, 1 of 3 Demos, tab, 2 of 3 Settings, tab, 3 of 3\" ptr=\"0x10add2a00\" visibility=\"visible\" width=\"402\" x=\"0\" y=\"0\">\n                                            <RCTView alpha=\"1.0\" class=\"RCTView\" focused=\"false\" height=\"48\" id=\"tab-home\" label=\"Home, tab, 1 of 3\" ptr=\"0x10add0a80\" visibility=\"visible\" width=\"134\" x=\"0\" y=\"0\">\n                                                <RCTView alpha=\"1.0\" class=\"RCTView\" focused=\"false\" height=\"34\" label=\"H H\" ptr=\"0x10add0700\" visibility=\"visible\" width=\"0\" x=\"67\" y=\"0\">\n                                                    <RCTView alpha=\"0.0\" class=\"RCTView\" focused=\"false\" height=\"34\" label=\"H\" ptr=\"0x10add0000\" visibility=\"visible\" width=\"134\" x=\"-67\" y=\"0\">\n                                                        <RCTTextView alpha=\"1.0\" class=\"RCTTextView\" focused=\"false\" height=\"22\" label=\"H\" ptr=\"0x109a12c00\" text=\"H\" visibility=\"visible\" width=\"13\" x=\"60\" y=\"6\" \/>\n                                                    <\/RCTView>\n                                                    <RCTView alpha=\"1.0\" class=\"RCTView\" focused=\"false\" height=\"34\" label=\"H\" ptr=\"0x10add0380\" visibility=\"visible\" width=\"134\" x=\"-67\" y=\"0\">\n                                                        <RCTTextView alpha=\"1.0\" class=\"RCTTextView\" focused=\"false\" height=\"22\" label=\"H\" ptr=\"0x109a12e00\" text=\"H\" visibility=\"visible\" width=\"13\" x=\"60\" y=\"6\" \/>\n                                                    <\/RCTView>\n                                                <\/RCTView>\n                                                <RCTTextView alpha=\"1.0\" class=\"RCTTextView\" focused=\"false\" height=\"14\" label=\"Home\" ptr=\"0x109a13000\" text=\"Home\" visibility=\"visible\" width=\"34\" x=\"50\" y=\"34\" \/>\n                                            <\/RCTView>\n                                            <RCTView alpha=\"1.0\" class=\"RCTView\" focused=\"false\" height=\"48\" id=\"tab-demos\" label=\"Demos, tab, 2 of 3\" ptr=\"0x10add1880\" visibility=\"visible\" width=\"134\" x=\"134\" y=\"0\">\n                                                <RCTView alpha=\"1.0\" class=\"RCTView\" focused=\"false\" height=\"34\" label=\"D D\" ptr=\"0x10add1500\" visibility=\"visible\" width=\"0\" x=\"67\" y=\"0\">\n                                                    <RCTView alpha=\"1.0\" class=\"RCTView\" focused=\"false\" height=\"34\" label=\"D\" ptr=\"0x10add0e00\" visibility=\"visible\" width=\"134\" x=\"-67\" y=\"0\">\n                                                        <RCTTextView alpha=\"1.0\" class=\"RCTTextView\" focused=\"false\" height=\"22\" label=\"D\" ptr=\"0x109a13200\" text=\"D\" visibility=\"visible\" width=\"13\" x=\"60\" y=\"6\" \/>\n                                                    <\/RCTView>\n                                                    <RCTView alpha=\"0.0\" class=\"RCTView\" focused=\"false\" height=\"34\" label=\"D\" ptr=\"0x10add1180\" visibility=\"visible\" width=\"134\" x=\"-67\" y=\"0\">\n                                                        <RCTTextView alpha=\"1.0\" class=\"RCTTextView\" focused=\"false\" height=\"22\" label=\"D\" ptr=\"0x109a13400\" text=\"D\" visibility=\"visible\" width=\"13\" x=\"60\" y=\"6\" \/>\n                                                    <\/RCTView>\n                                                <\/RCTView>\n                                                <RCTTextView alpha=\"1.0\" class=\"RCTTextView\" focused=\"false\" height=\"14\" label=\"Demos\" ptr=\"0x109a13600\" text=\"Demos\" visibility=\"visible\" width=\"40\" x=\"47\" y=\"34\" \/>\n                                            <\/RCTView>\n                                            <RCTView alpha=\"1.0\" class=\"RCTView\" focused=\"false\" height=\"48\" id=\"tab-settings\" label=\"Settings, tab, 3 of 3\" ptr=\"0x10add2680\" visibility=\"visible\" width=\"134\" x=\"268\" y=\"0\">\n                                                <RCTView alpha=\"1.0\" class=\"RCTView\" focused=\"false\" height=\"34\" label=\"S S\" ptr=\"0x10add2300\" visibility=\"visible\" width=\"0\" x=\"67\" y=\"0\">\n                                                    <RCTView alpha=\"0.0\" class=\"RCTView\" focused=\"false\" height=\"34\" label=\"S\" ptr=\"0x10add1c00\" visibility=\"visible\" width=\"134\" x=\"-67\" y=\"0\">\n                                                        <RCTTextView alpha=\"1.0\" class=\"RCTTextView\" focused=\"false\" height=\"22\" label=\"S\" ptr=\"0x109a13800\" text=\"S\" visibility=\"visible\" width=\"11\" x=\"61\" y=\"6\" \/>\n                                                    <\/RCTView>\n                                                    <RCTView alpha=\"1.0\" class=\"RCTView\" focused=\"false\" height=\"34\" label=\"S\" ptr=\"0x10add1f80\" visibility=\"visible\" width=\"134\" x=\"-67\" y=\"0\">\n                                                        <RCTTextView alpha=\"1.0\" class=\"RCTTextView\" focused=\"false\" height=\"22\" label=\"S\" ptr=\"0x109a13a00\" text=\"S\" visibility=\"visible\" width=\"11\" x=\"61\" y=\"6\" \/>\n                                                    <\/RCTView>\n                                                <\/RCTView>\n                                                <RCTTextView alpha=\"1.0\" class=\"RCTTextView\" focused=\"false\" height=\"14\" label=\"Settings\" ptr=\"0x109a13c00\" text=\"Settings\" visibility=\"visible\" width=\"47\" x=\"43\" y=\"34\" \/>\n                                            <\/RCTView>\n                                        <\/RCTView>\n                                    <\/RCTView>\n                                <\/RNCSafeAreaProvider>\n                            <\/RCTView>\n                        <\/RCTView>\n                    <\/RCTRootContentView>\n                <\/RCTRootView>\n            <\/UIDropShadowView>\n        <\/UITransitionView>\n    <\/UIWindow>\n<\/ViewHierarchy>","visibilityFailingRectsURL":"\/Users\/nonth\/Library\/Developer\/CoreSimulator\/Devices\/B7E9BAD6-0C0D-41EE-BE0C-D49BF485382E\/data\/Containers\/Data\/Application\/438DCEE1-3489-4DA1-B18D-63078973F5DB\/tmp\/visibilityFailingRects","details":"No elements found for “MATCHER(id == “demos-btn-metrics”)”","NSLocalizedDescription":"No elements found for “MATCHER(id == “demos-btn-metrics”)”","DetoxFailureInformation":{"lineNumber":50,"file":"\/Users\/builder\/uibuilder\/work\/detox\/ios\/Detox\/Invocation\/Element.swift","functionName":"views"},"visibilityFailingScreenshotsURL":"\/Users\/nonth\/Library\/Developer\/CoreSimulator\/Devices\/B7E9BAD6-0C0D-41EE-BE0C-D49BF485382E\/data\/Containers\/Data\/Application\/438DCEE1-3489-4DA1-B18D-63078973F5DB\/tmp\/visibilityFailingScreenshots","windows":["<UIWindow: 0x106598800; frame = (0 0; 402 874);>","<DTXTouchVisualizerWindow: 0x1064fc500; frame = (0 0; 402 874);>"]},"messageId":25}
23:22:44.053 detox[66324] i send
  data: {
    "type": "testFailed",
    "params": {
      "viewHierarchy": "<?xml version=\"1.0\" encoding=\"utf-8\"?>\n<ViewHierarchy>\n    <UIWindow alpha=\"1.0\" class=\"UIWindow\" focused=\"false\" height=\"874\" ptr=\"0x106598800\" visibility=\"visible\" width=\"402\">\n        <UITransitionView alpha=\"1.0\" class=\"UITransitionView\" focused=\"false\" height=\"874\" ptr=\"0x109a10000\" visibility=\"visible\" width=\"402\" x=\"0\" y=\"0\">\n            <UIDropShadowView alpha=\"1.0\" class=\"UIDropShadowView\" focused=\"false\" height=\"874\" ptr=\"0x10991db80\" visibility=\"visible\" width=\"402\" x=\"0\" y=\"0\">\n                <RCTRootView alpha=\"1.0\" class=\"RCTRootView\" focused=\"false\" height=\"874\" ptr=\"0x10991d400\" visibility=\"visible\" width=\"402\" x=\"0\" y=\"0\">\n                    <RCTRootContentView alpha=\"1.0\" class=\"RCTRootContentView\" focused=\"false\" height=\"874\" label=\"Network Demos All requests are auto-instrumented by the SDK Fetch Data Fetch Error Fetch Multiple (3) XHR Request Log: [23:22:42] XHR OK: Leanne Graham [23:22:42] XHR request... [23:22:41] Expected error: Network request failed [23:22:41] Fetching invalid URL... [23:22:41] OK: sunt aut facere repellat provident occae... [23:22:40] Fetching data... Vertical scroll bar, 1 page Horizontal scroll bar, 1 page Network Home, tab, 1 of 3 Demos, tab, 2 of 3 Settings, tab, 3 of 3\" ptr=\"0x106598400\" visibility=\"visible\" width=\"402\" x=\"0\" y=\"0\">\n                        <RCTView alpha=\"1.0\" class=\"RCTView\" focused=\"false\" height=\"874\" label=\"Network Demos All requests are auto-instrumented by the SDK Fetch Data Fetch Error Fetch Multiple (3) XHR Request Log: [23:22:42] XHR OK: Leanne Graham [23:22:42] XHR request... [23:22:41] Expected error: Network request failed [23:22:41] Fetching invalid URL... [23:22:41] OK: sunt aut facere repellat provident occae... [23:22:40] Fetching data... Vertical scroll bar, 1 page Horizontal scroll bar, 1 page Network Home, tab, 1 of 3 Demos, tab, 2 of 3 Settings, tab, 3 of 3\" ptr=\"0x10add3480\" visibility=\"visible\" width=\"402\" x=\"0\" y=\"0\">\n                            <RCTView alpha=\"1.0\" class=\"RCTView\" focused=\"false\" height=\"874\" label=\"Network Demos All requests are auto-instrumented by the SDK Fetch Data Fetch Error Fetch Multiple (3) XHR Request Log: [23:22:42] XHR OK: Leanne Graham [23:22:42] XHR request... [23:22:41] Expected error: Network request failed [23:22:41] Fetching invalid URL... [23:22:41] OK: sunt aut facere repellat provident occae... [23:22:40] Fetching data... Vertical scroll bar, 1 page Horizontal scroll bar, 1 page Network Home, tab, 1 of 3 Demos, tab, 2 of 3 Settings, tab, 3 of 3\" ptr=\"0x10add3100\" visibility=\"visible\" width=\"402\" x=\"0\" y=\"0\">\n                                <RNCSafeAreaProvider alpha=\"1.0\" class=\"RNCSafeAreaProvider\" focused=\"false\" height=\"874\" label=\"Network Demos All requests are auto-instrumented by the SDK Fetch Data Fetch Error Fetch Multiple (3) XHR Request Log: [23:22:42] XHR OK: Leanne Graham [23:22:42] XHR request... [23:22:41] Expected error: Network request failed [23:22:41] Fetching invalid URL... [23:22:41] OK: sunt aut facere repellat provident occae... [23:22:40] Fetching data... Vertical scroll bar, 1 page Horizontal scroll bar, 1 page Network Home, tab, 1 of 3 Demos, tab, 2 of 3 Settings, tab, 3 of 3\" ptr=\"0x106599800\" visibility=\"visible\" width=\"402\" x=\"0\" y=\"0\">\n                                    <RNSScreenNavigationContainerView alpha=\"1.0\" class=\"RNSScreenNavigationContainerView\" focused=\"false\" height=\"795\" ptr=\"0x1067c79c0\" visibility=\"visible\" width=\"402\" x=\"0\" y=\"0\">\n                                        <UILayoutContainerView alpha=\"1.0\" class=\"UILayoutContainerView\" focused=\"false\" height=\"795\" ptr=\"0x1067d9a40\" visibility=\"visible\" width=\"402\" x=\"0\" y=\"0\">\n                                            <UINavigationTransitionView alpha=\"1.0\" class=\"UINavigationTransitionView\" focused=\"false\" height=\"795\" ptr=\"0x1067daa00\" visibility=\"visible\" width=\"402\" x=\"0\" y=\"0\">\n                                                <UIViewControllerWrapperView alpha=\"1.0\" class=\"UIViewControllerWrapperView\" focused=\"false\" height=\"795\" ptr=\"0x1098baf40\" visibility=\"visible\" width=\"402\" x=\"0\" y=\"0\">\n                                                    <RNSScreenView alpha=\"1.0\" class=\"RNSScreenView\" focused=\"false\" height=\"795\" label=\"Network Demos All requests are auto-instrumented by the SDK Fetch Data Fetch Error Fetch Multiple (3) XHR Request Log: [23:22:42] XHR OK: Leanne Graham [23:22:42] XHR request... [23:22:41] Expected error: Network request failed [23:22:41] Fetching invalid URL... [23:22:41] OK: sunt aut facere repellat provident occae... [23:22:40] Fetching data... Vertical scroll bar, 1 page Horizontal scroll bar, 1 page Network\" ptr=\"0x1064fed00\" visibility=\"visible\" width=\"402\" x=\"0\" y=\"0\">\n                                                        <RCTView alpha=\"1.0\" class=\"RCTView\" focused=\"false\" height=\"795\" label=\"Network Demos All requests are auto-instrumented by the SDK Fetch Data Fetch Error Fetch Multiple (3) XHR Request Log: [23:22:42] XHR OK: Leanne Graham [23:22:42] XHR request... [23:22:41] Expected error: Network request failed [23:22:41] Fetching invalid URL... [23:22:41] OK: sunt aut facere repellat provident occae... [23:22:40] Fetching data... Vertical scroll bar, 1 page Horizontal scroll bar, 1 page Network\" ptr=\"0x10aeaa300\" visibility=\"visible\" width=\"402\" x=\"0\" y=\"0\">\n                                                            <RCTView alpha=\"1.0\" class=\"RCTView\" focused=\"false\" height=\"795\" label=\"Network Demos All requests are auto-instrumented by the SDK Fetch Data Fetch Error Fetch Multiple (3) XHR Request Log: [23:22:42] XHR OK: Leanne Graham [23:22:42] XHR request... [23:22:41] Expected error: Network request failed [23:22:41] Fetching invalid URL... [23:22:41] OK: sunt aut facere repellat provident occae... [23:22:40] Fetching data... Vertical scroll bar, 1 page Horizontal scroll bar, 1 page Network\" ptr=\"0x10aea9f80\" visibility=\"visible\" width=\"402\" x=\"0\" y=\"0\">\n                                                                <RCTView alpha=\"1.0\" class=\"RCTView\" focused=\"false\" height=\"795\" label=\"Network Demos All requests are auto-instrumented by the SDK Fetch Data Fetch Error Fetch Multiple (3) XHR Request Log: [23:22:42] XHR OK: Leanne Graham [23:22:42] XHR request... [23:22:41] Expected error: Network request failed [23:22:41] Fetching invalid URL... [23:22:41] OK: sunt aut facere repellat provident occae... [23:22:40] Fetching data... Vertical scroll bar, 1 page Horizontal scroll bar, 1 page Network\" ptr=\"0x10aea9c00\" visibility=\"visible\" width=\"402\" x=\"0\" y=\"0\">\n                                                                    <RNSScreenStackView alpha=\"1.0\" class=\"RNSScreenStackView\" focused=\"false\" height=\"795\" ptr=\"0x10af6a800\" visibility=\"visible\" width=\"402\" x=\"0\" y=\"0\">\n                                                                        <UILayoutContainerView alpha=\"1.0\" class=\"UILayoutContainerView\" focused=\"false\" height=\"795\" ptr=\"0x1098a5dc0\" visibility=\"visible\" width=\"402\" x=\"0\" y=\"0\">\n                                                                            <UINavigationTransitionView alpha=\"1.0\" class=\"UINavigationTransitionView\" focused=\"false\" height=\"795\" ptr=\"0x1098a6a00\" visibility=\"visible\" width=\"402\" x=\"0\" y=\"0\">\n                                                                                <UIViewControllerWrapperView alpha=\"1.0\" class=\"UIViewControllerWrapperView\" focused=\"false\" height=\"795\" ptr=\"0x1098a7b80\" visibility=\"visible\" width=\"402\" x=\"0\" y=\"0\">\n                                                                                    <RNSScreenView alpha=\"1.0\" class=\"RNSScreenView\" focused=\"false\" height=\"679\" label=\"Network Demos All requests are auto-instrumented by the SDK Fetch Data Fetch Error Fetch Multiple (3) XHR Request Log: [23:22:42] XHR OK: Leanne Graham [23:22:42] XHR request... [23:22:41] Expected error: Network request failed [23:22:41] Fetching invalid URL... [23:22:41] OK: sunt aut facere repellat provident occae... [23:22:40] Fetching data... Vertical scroll bar, 1 page Horizontal scroll bar, 1 page\" ptr=\"0x118ef9900\" visibility=\"visible\" width=\"402\" x=\"0\" y=\"116\">\n                                                                                        <RCTView alpha=\"1.0\" class=\"RCTView\" focused=\"false\" height=\"679\" label=\"Network Demos All requests are auto-instrumented by the SDK Fetch Data Fetch Error Fetch Multiple (3) XHR Request Log: [23:22:42] XHR OK: Leanne Graham [23:22:42] XHR request... [23:22:41] Expected error: Network request failed [23:22:41] Fetching invalid URL... [23:22:41] OK: sunt aut facere repellat provident occae... [23:22:40] Fetching data... Vertical scroll bar, 1 page Horizontal scroll bar, 1 page\" ptr=\"0x118ef7b80\" visibility=\"visible\" width=\"402\" x=\"0\" y=\"0\">\n                                                                                            <RCTView alpha=\"1.0\" class=\"RCTView\" focused=\"false\" height=\"679\" label=\"Network Demos All requests are auto-instrumented by the SDK Fetch Data Fetch Error Fetch Multiple (3) XHR Request Log: [23:22:42] XHR OK: Leanne Graham [23:22:42] XHR request... [23:22:41] Expected error: Network request failed [23:22:41] Fetching invalid URL... [23:22:41] OK: sunt aut facere repellat provident occae... [23:22:40] Fetching data... Vertical scroll bar, 1 page Horizontal scroll bar, 1 page\" ptr=\"0x118ef7800\" visibility=\"visible\" width=\"402\" x=\"0\" y=\"0\">\n                                                                                                <RCTSafeAreaView alpha=\"1.0\" class=\"RCTSafeAreaView\" focused=\"false\" height=\"679\" label=\"Network Demos All requests are auto-instrumented by the SDK Fetch Data Fetch Error Fetch Multiple (3) XHR Request Log: [23:22:42] XHR OK: Leanne Graham [23:22:42] XHR request... [23:22:41] Expected error: Network request failed [23:22:41] Fetching invalid URL... [23:22:41] OK: sunt aut facere repellat provident occae... [23:22:40] Fetching data... Vertical scroll bar, 1 page Horizontal scroll bar, 1 page\" ptr=\"0x10659ac00\" visibility=\"visible\" width=\"402\" x=\"0\" y=\"0\">\n                                                                                                    <RCTScrollView alpha=\"1.0\" class=\"RCTScrollView\" focused=\"false\" height=\"679\" label=\"Network Demos All requests are auto-instrumented by the SDK Fetch Data Fetch Error Fetch Multiple (3) XHR Request Log: [23:22:42] XHR OK: Leanne Graham [23:22:42] XHR request... [23:22:41] Expected error: Network request failed [23:22:41] Fetching invalid URL... [23:22:41] OK: sunt aut facere repellat provident occae... [23:22:40] Fetching data... Vertical scroll bar, 1 page Horizontal scroll bar, 1 page\" ptr=\"0x118ef9400\" visibility=\"visible\" width=\"402\" x=\"0\" y=\"0\">\n                                                                                                        <RCTCustomScrollView alpha=\"1.0\" class=\"RCTCustomScrollView\" focused=\"false\" height=\"679\" ptr=\"0x106589400\" visibility=\"visible\" width=\"402\" x=\"0\" y=\"0\">\n                                                                                                            <RCTScrollContentView alpha=\"1.0\" class=\"RCTScrollContentView\" focused=\"false\" height=\"302\" label=\"Network Demos All requests are auto-instrumented by the SDK Fetch Data Fetch Error Fetch Multiple (3) XHR Request Log: [23:22:42] XHR OK: Leanne Graham [23:22:42] XHR request... [23:22:41] Expected error: Network request failed [23:22:41] Fetching invalid URL... [23:22:41] OK: sunt aut facere repellat provident occae... [23:22:40] Fetching data...\" ptr=\"0x118ef7480\" visibility=\"visible\" width=\"370\" x=\"16\" y=\"16\">\n                                                                                                                <RCTTextView alpha=\"1.0\" class=\"RCTTextView\" focused=\"false\" height=\"26\" label=\"Network Demos\" ptr=\"0x118f58a00\" text=\"Network Demos\" visibility=\"visible\" width=\"370\" x=\"0\" y=\"0\" />\n                                                                                                                <RCTTextView alpha=\"1.0\" class=\"RCTTextView\" focused=\"false\" height=\"16\" label=\"All requests are auto-instrumented by the SDK\" ptr=\"0x118f58c00\" text=\"All requests are auto-instrumented by the SDK\" visibility=\"visible\" width=\"370\" x=\"0\" y=\"30\" />\n                                                                                                                <RCTView alpha=\"1.0\" class=\"RCTView\" focused=\"false\" height=\"71\" label=\"Fetch Data Fetch Error Fetch Multiple (3) XHR Request\" ptr=\"0x118ef6d80\" visibility=\"visible\" width=\"370\" x=\"0\" y=\"62\">\n                                                                                                                    <RCTView alpha=\"1.0\" class=\"RCTView\" focused=\"false\" height=\"31\" id=\"network-btn-fetch\" label=\"Fetch Data\" ptr=\"0x118ef5f80\" visibility=\"visible\" width=\"92\" x=\"0\" y=\"0\">\n                                                                                                                        <RCTTextView alpha=\"1.0\" class=\"RCTTextView\" focused=\"false\" height=\"16\" label=\"Fetch Data\" ptr=\"0x118f58e00\" text=\"Fetch Data\" visibility=\"visible\" width=\"68\" x=\"12\" y=\"8\" />\n                                                                                                                    </RCTView>\n                                                                                                                    <RCTView alpha=\"1.0\" class=\"RCTView\" focused=\"false\" height=\"31\" id=\"network-btn-fetch-error\" label=\"Fetch Error\" ptr=\"0x118ef6300\" visibility=\"visible\" width=\"94\" x=\"100\" y=\"0\">\n                                                                                                                        <RCTTextView alpha=\"1.0\" class=\"RCTTextView\" focused=\"false\" height=\"16\" label=\"Fetch Error\" ptr=\"0x118f59000\" text=\"Fetch Error\" visibility=\"visible\" width=\"71\" x=\"12\" y=\"8\" />\n                                                                                                                    </RCTView>\n                                                                                                                    <RCTView alpha=\"1.0\" class=\"RCTView\" focused=\"false\" height=\"31\" id=\"network-btn-fetch-multiple\" label=\"Fetch Multiple (3)\" ptr=\"0x118ef6680\" visibility=\"visible\" width=\"136\" x=\"203\" y=\"0\">\n                                                                                                                        <RCTTextView alpha=\"1.0\" class=\"RCTTextView\" focused=\"false\" height=\"16\" label=\"Fetch Multiple (3)\" ptr=\"0x118f59200\" text=\"Fetch Multiple (3)\" visibility=\"visible\" width=\"112\" x=\"12\" y=\"8\" />\n                                                                                                                    </RCTView>\n                                                                                                                    <RCTView alpha=\"1.0\" class=\"RCTView\" focused=\"false\" height=\"31\" id=\"network-btn-xhr\" label=\"XHR Request\" ptr=\"0x118ef6a00\" visibility=\"visible\" width=\"107\" x=\"0\" y=\"39\">\n                                                                                                                        <RCTTextView alpha=\"1.0\" class=\"RCTTextView\" focused=\"false\" height=\"16\" label=\"XHR Request\" ptr=\"0x118f59400\" text=\"XHR Request\" visibility=\"visible\" width=\"83\" x=\"12\" y=\"8\" />\n                                                                                                                    </RCTView>\n                                                                                                                </RCTView>\n                                                                                                                <RCTView alpha=\"1.0\" class=\"RCTView\" focused=\"false\" height=\"137\" id=\"network-result\" label=\"Log: [23:22:42] XHR OK: Leanne Graham [23:22:42] XHR request... [23:22:41] Expected error: Network request failed [23:22:41] Fetching invalid URL... [23:22:41] OK: sunt aut facere repellat provident occae... [23:22:40] Fetching data...\" ptr=\"0x118ef7100\" visibility=\"visible\" width=\"370\" x=\"0\" y=\"149\">\n                                                                                                                    <RCTTextView alpha=\"1.0\" class=\"RCTTextView\" focused=\"false\" height=\"17\" label=\"Log:\" ptr=\"0x118f59600\" text=\"Log:\" visibility=\"visible\" width=\"346\" x=\"12\" y=\"12\" />\n                                                                                                                    <RCTTextView alpha=\"1.0\" class=\"RCTTextView\" focused=\"false\" height=\"13\" label=\"[23:22:42] XHR OK: Leanne Graham\" ptr=\"0x117c98400\" text=\"[23:22:42] XHR OK: Leanne Graham\" visibility=\"visible\" width=\"346\" x=\"12\" y=\"35\" />\n                                                                                                                    <RCTTextView alpha=\"1.0\" class=\"RCTTextView\" focused=\"false\" height=\"13\" label=\"[23:22:42] XHR request...\" ptr=\"0x117c98600\" text=\"[23:22:42] XHR request...\" visibility=\"visible\" width=\"346\" x=\"12\" y=\"50\" />\n                                                                                                                    <RCTTextView alpha=\"1.0\" class=\"RCTTextView\" focused=\"false\" height=\"13\" label=\"[23:22:41] Expected error: Network request failed\" ptr=\"0x117c98800\" text=\"[23:22:41] Expected error: Network request failed\" visibility=\"visible\" width=\"346\" x=\"12\" y=\"65\" />\n                                                                                                                    <RCTTextView alpha=\"1.0\" class=\"RCTTextView\" focused=\"false\" height=\"13\" label=\"[23:22:41] Fetching invalid URL...\" ptr=\"0x117c98a00\" text=\"[23:22:41] Fetching invalid URL...\" visibility=\"visible\" width=\"346\" x=\"12\" y=\"81\" />\n                                                                                                                    <RCTTextView alpha=\"1.0\" class=\"RCTTextView\" focused=\"false\" height=\"13\" label=\"[23:22:41] OK: sunt aut facere repellat provident occae...\" ptr=\"0x117c98c00\" text=\"[23:22:41] OK: sunt aut facere repellat provident occae...\" visibility=\"visible\" width=\"346\" x=\"12\" y=\"96\" />\n                                                                                                                    <RCTTextView alpha=\"1.0\" class=\"RCTTextView\" focused=\"false\" height=\"13\" label=\"[23:22:40] Fetching data...\" ptr=\"0x117c98e00\" text=\"[23:22:40] Fetching data...\" visibility=\"visible\" width=\"346\" x=\"12\" y=\"111\" />\n                                                                                                                </RCTView>\n                                                                                                            </RCTScrollContentView>\n                                                                                                            <_UIScrollViewScrollIndicator alpha=\"0.0\" class=\"_UIScrollViewScrollIndicator\" focused=\"false\" height=\"265\" label=\"Vertical scroll bar, 1 page\" ptr=\"0x118f59e00\" value=\"0%\" visibility=\"visible\" width=\"3\" x=\"396\" y=\"410\">\n                                                                                                                <UIView alpha=\"1.0\" class=\"UIView\" focused=\"false\" height=\"265\" ptr=\"0x1098c7640\" visibility=\"visible\" width=\"3\" x=\"0\" y=\"0\" />\n                                                                                                            </_UIScrollViewScrollIndicator>\n                                                                                                            <_UIScrollViewScrollIndicator alpha=\"0.0\" class=\"_UIScrollViewScrollIndicator\" focused=\"false\" height=\"3\" label=\"Horizontal scroll bar, 1 page\" ptr=\"0x118f59c00\" value=\"0%\" visibility=\"visible\" width=\"364\" x=\"35\" y=\"673\">\n                                                                                                                <UIView alpha=\"1.0\" class=\"UIView\" focused=\"false\" height=\"3\" ptr=\"0x1098c72c0\" visibility=\"visible\" width=\"364\" x=\"0\" y=\"0\" />\n                                                                                                            </_UIScrollViewScrollIndicator>\n                                                                                                        </RCTCustomScrollView>\n                                                                                                    </RCTScrollView>\n                                                                                                </RCTSafeAreaView>\n                                                                                            </RCTView>\n                                                                                        </RCTView>\n                                                                                    </RNSScreenView>\n                                                                                </UIViewControllerWrapperView>\n                                                                            </UINavigationTransitionView>\n                                                                            <UINavigationBar alpha=\"1.0\" class=\"UINavigationBar\" focused=\"false\" height=\"54\" id=\"Network\" ptr=\"0x1099a6a00\" visibility=\"visible\" width=\"402\" x=\"0\" y=\"62\">\n                                                                                <_UIBarBackground alpha=\"1.0\" class=\"_UIBarBackground\" focused=\"false\" height=\"116\" ptr=\"0x118e5e800\" visibility=\"visible\" width=\"402\" x=\"0\" y=\"-62\">\n                                                                                    <UIImageView alpha=\"1.0\" class=\"UIImageView\" focused=\"false\" height=\"116\" ptr=\"0x10af6bc00\" visibility=\"visible\" width=\"402\" x=\"0\" y=\"0\" />\n                                                                                    <_UIBarBackgroundShadowView alpha=\"1.0\" class=\"_UIBarBackgroundShadowView\" focused=\"false\" height=\"0\" ptr=\"0x118e5f200\" visibility=\"visible\" width=\"402\" x=\"0\" y=\"116\">\n                                                                                        <_UIBarBackgroundShadowContentImageView alpha=\"1.0\" class=\"_UIBarBackgroundShadowContentImageView\" focused=\"false\" height=\"0\" ptr=\"0x118e5f480\" visibility=\"visible\" width=\"402\" x=\"0\" y=\"0\" />\n                                                                                    </_UIBarBackgroundShadowView>\n                                                                                </_UIBarBackground>\n                                                                                <UIKit.NavigationBarContentView alpha=\"1.0\" class=\"UIKit.NavigationBarContentView\" focused=\"false\" height=\"54\" ptr=\"0x106575000\" visibility=\"visible\" width=\"402\" x=\"0\" y=\"0\">\n                                                                                    <UIKit.NavigationBarTransitionContainer alpha=\"1.0\" class=\"UIKit.NavigationBarTransitionContainer\" focused=\"false\" height=\"54\" ptr=\"0x10af6ac00\" visibility=\"visible\" width=\"402\" x=\"0\" y=\"0\">\n                                                                                        <_UINavigationBarHostedViewContainer alpha=\"1.0\" class=\"_UINavigationBarHostedViewContainer\" focused=\"false\" height=\"54\" ptr=\"0x1098a6140\" visibility=\"visible\" width=\"402\" x=\"0\" y=\"0\">\n                                                                                            <_UINavigationBarHostedViewWrapper alpha=\"1.0\" class=\"_UINavigationBarHostedViewWrapper\" focused=\"false\" height=\"20\" ptr=\"0x118f5b200\" visibility=\"visible\" width=\"68\" x=\"167\" y=\"11\">\n                                                                                                <_UINavigationBarTitleControl alpha=\"1.0\" class=\"_UINavigationBarTitleControl\" focused=\"false\" height=\"20\" ptr=\"0x118f01200\" visibility=\"visible\" width=\"68\" x=\"0\" y=\"0\">\n                                                                                                    <_UIIntrinsicContentSizeInvalidationForwardingWrapperView alpha=\"1.0\" class=\"_UIIntrinsicContentSizeInvalidationForwardingWrapperView\" focused=\"false\" height=\"20\" ptr=\"0x1098d0a80\" visibility=\"visible\" width=\"68\" x=\"0\" y=\"0\">\n                                                                                                        <UILabel alpha=\"1.0\" class=\"UILabel\" focused=\"false\" height=\"20\" label=\"Network\" ptr=\"0x118fe4380\" text=\"Network\" visibility=\"visible\" width=\"67\" x=\"0\" y=\"0\" />\n                                                                                                    </_UIIntrinsicContentSizeInvalidationForwardingWrapperView>\n                                                                                                </_UINavigationBarTitleControl>\n                                                                                            </_UINavigationBarHostedViewWrapper>\n                                                                                        </_UINavigationBarHostedViewContainer>\n                                                                                        <UIView alpha=\"1.0\" class=\"UIView\" focused=\"false\" height=\"54\" ptr=\"0x1098a5f80\" visibility=\"visible\" width=\"402\" x=\"0\" y=\"0\" />\n                                                                                        <UIKit.NavigationBarPlatterContainer alpha=\"1.0\" class=\"UIKit.NavigationBarPlatterContainer\" focused=\"false\" height=\"54\" ptr=\"0x1098a6300\" visibility=\"visible\" width=\"402\" x=\"0\" y=\"0\">\n                                                                                            <_UINavigationBarPlatterView alpha=\"1.0\" class=\"_UINavigationBarPlatterView\" focused=\"false\" height=\"44\" ptr=\"0x118f01800\" visibility=\"visible\" width=\"44\" x=\"16\" y=\"0\">\n                                                                                                <_UINavigationBarPlatterAnimationView alpha=\"1.0\" class=\"_UINavigationBarPlatterAnimationView\" focused=\"false\" height=\"44\" ptr=\"0x1098d1dc0\" visibility=\"visible\" width=\"44\" x=\"0\" y=\"0\">\n                                                                                                    <_UINavigationBarPlatterAnimationView alpha=\"1.0\" class=\"_UINavigationBarPlatterAnimationView\" focused=\"false\" height=\"44\" ptr=\"0x1098d2140\" visibility=\"visible\" width=\"44\" x=\"0\" y=\"0\">\n                                                                                                        <_UINavigationBarPlatterAnimationView alpha=\"1.0\" class=\"_UINavigationBarPlatterAnimationView\" focused=\"false\" height=\"48\" ptr=\"0x1098d2300\" visibility=\"visible\" width=\"48\" x=\"-2\" y=\"-2\">\n                                                                                                            <_UINavigationBarPlatterAnimationView alpha=\"1.0\" class=\"_UINavigationBarPlatterAnimationView\" focused=\"false\" height=\"40\" ptr=\"0x1098d24c0\" visibility=\"visible\" width=\"40\" x=\"1\" y=\"1\">\n                                                                                                                <_UINavigationBarPlatterContentView alpha=\"1.0\" class=\"_UINavigationBarPlatterContentView\" focused=\"false\" height=\"44\" ptr=\"0x1098d2680\" visibility=\"visible\" width=\"44\" x=\"0\" y=\"0\">\n                                                                                                                    <_UINavigationBarPlatterGlassView alpha=\"1.0\" class=\"_UINavigationBarPlatterGlassView\" focused=\"false\" height=\"44\" ptr=\"0x1098d2840\" visibility=\"visible\" width=\"44\" x=\"0\" y=\"0\">\n                                                                                                                        <_UINavigationBarPlatterSubviewContainerView alpha=\"1.0\" class=\"_UINavigationBarPlatterSubviewContainerView\" focused=\"false\" height=\"44\" ptr=\"0x1098d2a00\" visibility=\"visible\" width=\"44\" x=\"0\" y=\"0\">\n                                                                                                                            <_UINavigationBarPlatterItemView alpha=\"1.0\" class=\"_UINavigationBarPlatterItemView\" focused=\"false\" height=\"44\" ptr=\"0x118fcef80\" visibility=\"visible\" width=\"44\" x=\"0\" y=\"0\">\n                                                                                                                                <_UIButtonBarButton alpha=\"1.0\" class=\"_UIButtonBarButton\" focused=\"false\" height=\"44\" id=\"BackButton\" ptr=\"0x118fce800\" visibility=\"visible\" width=\"44\" x=\"0\" y=\"0\">\n                                                                                                                                    <_TtCC5UIKit29ButtonBarButtonVisualProviderP33_A98CD29F4F6ECA17AFECE41BBB264E5918BackButtonMaskView alpha=\"1.0\" class=\"_TtCC5UIKit29ButtonBarButtonVisualProviderP33_A98CD29F4F6ECA17AFECE41BBB264E5918BackButtonMaskView\" focused=\"false\" height=\"44\" ptr=\"0x1098d0540\" visibility=\"invisible\" width=\"44\" x=\"0\" y=\"0\">\n                                                                                                                                        <UIImageView alpha=\"1.0\" class=\"UIImageView\" focused=\"false\" height=\"28\" id=\"UINavigationBarTitleTransitionBackIndicatorMaskSymbol\" ptr=\"0x118f5a800\" visibility=\"visible\" width=\"19\" x=\"0\" y=\"8\" />\n                                                                                                                                        <UIView alpha=\"1.0\" class=\"UIView\" focused=\"false\" height=\"44\" ptr=\"0x1098d0700\" visibility=\"visible\" width=\"0\" x=\"44\" y=\"0\" />\n                                                                                                                                    </_TtCC5UIKit29ButtonBarButtonVisualProviderP33_A98CD29F4F6ECA17AFECE41BBB264E5918BackButtonMaskView>\n                                                                                                                                    <_TtCC5UIKit29ButtonBarButtonVisualProviderP33_A98CD29F4F6ECA17AFECE41BBB264E596Button alpha=\"1.0\" class=\"_TtCC5UIKit29ButtonBarButtonVisualProviderP33_A98CD29F4F6ECA17AFECE41BBB264E596Button\" focused=\"false\" height=\"23\" label=\"Back\" ptr=\"0x118fe4000\" visibility=\"visible\" width=\"44\" x=\"0\" y=\"10\">\n                                                                                                                                        <UIImageView alpha=\"1.0\" class=\"UIImageView\" focused=\"false\" height=\"23\" id=\"chevron.backward\" label=\"Back\" ptr=\"0x118f5aa00\" visibility=\"visible\" width=\"16\" x=\"13\" y=\"0\" />\n                                                                                                                                    </_TtCC5UIKit29ButtonBarButtonVisualProviderP33_A98CD29F4F6ECA17AFECE41BBB264E596Button>\n                                                                                                                                </_UIButtonBarButton>\n                                                                                                                            </_UINavigationBarPlatterItemView>\n                                                                                                                        </_UINavigationBarPlatterSubviewContainerView>\n                                                                                                                    </_UINavigationBarPlatterGlassView>\n                                                                                                                </_UINavigationBarPlatterContentView>\n                                                                                                            </_UINavigationBarPlatterAnimationView>\n                                                                                                        </_UINavigationBarPlatterAnimationView>\n                                                                                                    </_UINavigationBarPlatterAnimationView>\n                                                                                                </_UINavigationBarPlatterAnimationView>\n                                                                                            </_UINavigationBarPlatterView>\n                                                                                        </UIKit.NavigationBarPlatterContainer>\n                                                                                    </UIKit.NavigationBarTransitionContainer>\n                                                                                </UIKit.NavigationBarContentView>\n                                                                                <_UIPointerInteractionAssistantEffectContainerView alpha=\"1.0\" class=\"_UIPointerInteractionAssistantEffectContainerView\" focused=\"false\" height=\"0\" ptr=\"0x1098a7480\" visibility=\"visible\" width=\"0\" x=\"0\" y=\"0\" />\n                                                                            </UINavigationBar>\n                                                                            <_UIFloatingBarContainerView alpha=\"1.0\" class=\"_UIFloatingBarContainerView\" focused=\"false\" height=\"795\" ptr=\"0x10af6b000\" visibility=\"visible\" width=\"402\" x=\"0\" y=\"0\">\n                                                                                <_TtGC5UIKitP10$186ea25a022FloatingBarHostingViewVS_20FloatingBarContainer_ alpha=\"1.0\" class=\"_TtGC5UIKitP10$186ea25a022FloatingBarHostingViewVS_20FloatingBarContainer_\" focused=\"false\" height=\"795\" ptr=\"0x10af6b800\" visibility=\"visible\" width=\"402\" x=\"0\" y=\"0\" />\n                                                                                <_UIPointerInteractionAssistantEffectContainerView alpha=\"1.0\" class=\"_UIPointerInteractionAssistantEffectContainerView\" focused=\"false\" height=\"0\" ptr=\"0x1098a6f40\" visibility=\"visible\" width=\"0\" x=\"0\" y=\"0\" />\n                                                                            </_UIFloatingBarContainerView>\n                                                                        </UILayoutContainerView>\n                                                                    </RNSScreenStackView>\n                                                                </RCTView>\n                                                            </RCTView>\n                                                        </RCTView>\n                                                    </RNSScreenView>\n                                                </UIViewControllerWrapperView>\n                                            </UINavigationTransitionView>\n                                            <UINavigationBar alpha=\"1.0\" class=\"UINavigationBar\" focused=\"false\" height=\"54\" id=\"RNSScreen\" ptr=\"0x1099a4600\" visibility=\"invisible\" width=\"402\" x=\"0\" y=\"-116\">\n                                                <_UIBarBackground alpha=\"1.0\" class=\"_UIBarBackground\" focused=\"false\" height=\"116\" ptr=\"0x10ac71900\" visibility=\"visible\" width=\"402\" x=\"0\" y=\"-62\" />\n                                                <_UIPointerInteractionAssistantEffectContainerView alpha=\"1.0\" class=\"_UIPointerInteractionAssistantEffectContainerView\" focused=\"false\" height=\"0\" ptr=\"0x109801dc0\" visibility=\"visible\" width=\"0\" x=\"0\" y=\"0\" />\n                                            </UINavigationBar>\n                                            <_UIFloatingBarContainerView alpha=\"1.0\" class=\"_UIFloatingBarContainerView\" focused=\"false\" height=\"795\" ptr=\"0x109a12200\" visibility=\"visible\" width=\"402\" x=\"0\" y=\"0\">\n                                                <_TtGC5UIKitP10$186ea25a022FloatingBarHostingViewVS_20FloatingBarContainer_ alpha=\"1.0\" class=\"_TtGC5UIKitP10$186ea25a022FloatingBarHostingViewVS_20FloatingBarContainer_\" focused=\"false\" height=\"795\" ptr=\"0x109a12a00\" visibility=\"visible\" width=\"402\" x=\"0\" y=\"0\" />\n                                                <_UIPointerInteractionAssistantEffectContainerView alpha=\"1.0\" class=\"_UIPointerInteractionAssistantEffectContainerView\" focused=\"false\" height=\"0\" ptr=\"0x1067e8a80\" visibility=\"visible\" width=\"0\" x=\"0\" y=\"0\" />\n                                            </_UIFloatingBarContainerView>\n                                        </UILayoutContainerView>\n                                    </RNSScreenNavigationContainerView>\n                                    <RCTView alpha=\"1.0\" class=\"RCTView\" focused=\"false\" height=\"79\" label=\"Home, tab, 1 of 3 Demos, tab, 2 of 3 Settings, tab, 3 of 3\" ptr=\"0x10add2d80\" visibility=\"visible\" width=\"402\" x=\"0\" y=\"795\">\n                                        <RCTView alpha=\"1.0\" class=\"RCTView\" focused=\"false\" height=\"78\" ptr=\"0x1065d3b80\" visibility=\"visible\" width=\"402\" x=\"0\" y=\"0\" />\n                                        <RCTView alpha=\"1.0\" class=\"RCTView\" focused=\"false\" height=\"48\" label=\"Home, tab, 1 of 3 Demos, tab, 2 of 3 Settings, tab, 3 of 3\" ptr=\"0x10add2a00\" visibility=\"visible\" width=\"402\" x=\"0\" y=\"0\">\n                                            <RCTView alpha=\"1.0\" class=\"RCTView\" focused=\"false\" height=\"48\" id=\"tab-home\" label=\"Home, tab, 1 of 3\" ptr=\"0x10add0a80\" visibility=\"visible\" width=\"134\" x=\"0\" y=\"0\">\n                                                <RCTView alpha=\"1.0\" class=\"RCTView\" focused=\"false\" height=\"34\" label=\"H H\" ptr=\"0x10add0700\" visibility=\"visible\" width=\"0\" x=\"67\" y=\"0\">\n                                                    <RCTView alpha=\"0.0\" class=\"RCTView\" focused=\"false\" height=\"34\" label=\"H\" ptr=\"0x10add0000\" visibility=\"visible\" width=\"134\" x=\"-67\" y=\"0\">\n                                                        <RCTTextView alpha=\"1.0\" class=\"RCTTextView\" focused=\"false\" height=\"22\" label=\"H\" ptr=\"0x109a12c00\" text=\"H\" visibility=\"visible\" width=\"13\" x=\"60\" y=\"6\" />\n                                                    </RCTView>\n                                                    <RCTView alpha=\"1.0\" class=\"RCTView\" focused=\"false\" height=\"34\" label=\"H\" ptr=\"0x10add0380\" visibility=\"visible\" width=\"134\" x=\"-67\" y=\"0\">\n                                                        <RCTTextView alpha=\"1.0\" class=\"RCTTextView\" focused=\"false\" height=\"22\" label=\"H\" ptr=\"0x109a12e00\" text=\"H\" visibility=\"visible\" width=\"13\" x=\"60\" y=\"6\" />\n                                                    </RCTView>\n                                                </RCTView>\n                                                <RCTTextView alpha=\"1.0\" class=\"RCTTextView\" focused=\"false\" height=\"14\" label=\"Home\" ptr=\"0x109a13000\" text=\"Home\" visibility=\"visible\" width=\"34\" x=\"50\" y=\"34\" />\n                                            </RCTView>\n                                            <RCTView alpha=\"1.0\" class=\"RCTView\" focused=\"false\" height=\"48\" id=\"tab-demos\" label=\"Demos, tab, 2 of 3\" ptr=\"0x10add1880\" visibility=\"visible\" width=\"134\" x=\"134\" y=\"0\">\n                                                <RCTView alpha=\"1.0\" class=\"RCTView\" focused=\"false\" height=\"34\" label=\"D D\" ptr=\"0x10add1500\" visibility=\"visible\" width=\"0\" x=\"67\" y=\"0\">\n                                                    <RCTView alpha=\"1.0\" class=\"RCTView\" focused=\"false\" height=\"34\" label=\"D\" ptr=\"0x10add0e00\" visibility=\"visible\" width=\"134\" x=\"-67\" y=\"0\">\n                                                        <RCTTextView alpha=\"1.0\" class=\"RCTTextView\" focused=\"false\" height=\"22\" label=\"D\" ptr=\"0x109a13200\" text=\"D\" visibility=\"visible\" width=\"13\" x=\"60\" y=\"6\" />\n                                                    </RCTView>\n                                                    <RCTView alpha=\"0.0\" class=\"RCTView\" focused=\"false\" height=\"34\" label=\"D\" ptr=\"0x10add1180\" visibility=\"visible\" width=\"134\" x=\"-67\" y=\"0\">\n                                                        <RCTTextView alpha=\"1.0\" class=\"RCTTextView\" focused=\"false\" height=\"22\" label=\"D\" ptr=\"0x109a13400\" text=\"D\" visibility=\"visible\" width=\"13\" x=\"60\" y=\"6\" />\n                                                    </RCTView>\n                                                </RCTView>\n                                                <RCTTextView alpha=\"1.0\" class=\"RCTTextView\" focused=\"false\" height=\"14\" label=\"Demos\" ptr=\"0x109a13600\" text=\"Demos\" visibility=\"visible\" width=\"40\" x=\"47\" y=\"34\" />\n                                            </RCTView>\n                                            <RCTView alpha=\"1.0\" class=\"RCTView\" focused=\"false\" height=\"48\" id=\"tab-settings\" label=\"Settings, tab, 3 of 3\" ptr=\"0x10add2680\" visibility=\"visible\" width=\"134\" x=\"268\" y=\"0\">\n                                                <RCTView alpha=\"1.0\" class=\"RCTView\" focused=\"false\" height=\"34\" label=\"S S\" ptr=\"0x10add2300\" visibility=\"visible\" width=\"0\" x=\"67\" y=\"0\">\n                                                    <RCTView alpha=\"0.0\" class=\"RCTView\" focused=\"false\" height=\"34\" label=\"S\" ptr=\"0x10add1c00\" visibility=\"visible\" width=\"134\" x=\"-67\" y=\"0\">\n                                                        <RCTTextView alpha=\"1.0\" class=\"RCTTextView\" focused=\"false\" height=\"22\" label=\"S\" ptr=\"0x109a13800\" text=\"S\" visibility=\"visible\" width=\"11\" x=\"61\" y=\"6\" />\n                                                    </RCTView>\n                                                    <RCTView alpha=\"1.0\" class=\"RCTView\" focused=\"false\" height=\"34\" label=\"S\" ptr=\"0x10add1f80\" visibility=\"visible\" width=\"134\" x=\"-67\" y=\"0\">\n                                                        <RCTTextView alpha=\"1.0\" class=\"RCTTextView\" focused=\"false\" height=\"22\" label=\"S\" ptr=\"0x109a13a00\" text=\"S\" visibility=\"visible\" width=\"11\" x=\"61\" y=\"6\" />\n                                                    </RCTView>\n                                                </RCTView>\n                                                <RCTTextView alpha=\"1.0\" class=\"RCTTextView\" focused=\"false\" height=\"14\" label=\"Settings\" ptr=\"0x109a13c00\" text=\"Settings\" visibility=\"visible\" width=\"47\" x=\"43\" y=\"34\" />\n                                            </RCTView>\n                                        </RCTView>\n                                    </RCTView>\n                                </RNCSafeAreaProvider>\n                            </RCTView>\n                        </RCTView>\n                    </RCTRootContentView>\n                </RCTRootView>\n            </UIDropShadowView>\n        </UITransitionView>\n    </UIWindow>\n</ViewHierarchy>",
      "visibilityFailingRectsURL": "/Users/nonth/Library/Developer/CoreSimulator/Devices/B7E9BAD6-0C0D-41EE-BE0C-D49BF485382E/data/Containers/Data/Application/438DCEE1-3489-4DA1-B18D-63078973F5DB/tmp/visibilityFailingRects",
      "details": "No elements found for “MATCHER(id == “demos-btn-metrics”)”",
      "NSLocalizedDescription": "No elements found for “MATCHER(id == “demos-btn-metrics”)”",
      "DetoxFailureInformation": {
        "lineNumber": 50,
        "file": "/Users/builder/uibuilder/work/detox/ios/Detox/Invocation/Element.swift",
        "functionName": "views"
      },
      "visibilityFailingScreenshotsURL": "/Users/nonth/Library/Developer/CoreSimulator/Devices/B7E9BAD6-0C0D-41EE-BE0C-D49BF485382E/data/Containers/Data/Application/438DCEE1-3489-4DA1-B18D-63078973F5DB/tmp/visibilityFailingScreenshots",
      "windows": [
        "<UIWindow: 0x106598800; frame = (0 0; 402 874);>",
        "<DTXTouchVisualizerWindow: 0x1064fc500; frame = (0 0; 402 874);>"
      ]
    },
    "messageId": 25
  }
23:22:44.054 detox[66325] i get message
  data: {"type":"testFailed","params":{"viewHierarchy":"<?xml version=\"1.0\" encoding=\"utf-8\"?>\n<ViewHierarchy>\n    <UIWindow alpha=\"1.0\" class=\"UIWindow\" focused=\"false\" height=\"874\" ptr=\"0x106598800\" visibility=\"visible\" width=\"402\">\n        <UITransitionView alpha=\"1.0\" class=\"UITransitionView\" focused=\"false\" height=\"874\" ptr=\"0x109a10000\" visibility=\"visible\" width=\"402\" x=\"0\" y=\"0\">\n            <UIDropShadowView alpha=\"1.0\" class=\"UIDropShadowView\" focused=\"false\" height=\"874\" ptr=\"0x10991db80\" visibility=\"visible\" width=\"402\" x=\"0\" y=\"0\">\n                <RCTRootView alpha=\"1.0\" class=\"RCTRootView\" focused=\"false\" height=\"874\" ptr=\"0x10991d400\" visibility=\"visible\" width=\"402\" x=\"0\" y=\"0\">\n                    <RCTRootContentView alpha=\"1.0\" class=\"RCTRootContentView\" focused=\"false\" height=\"874\" label=\"Network Demos All requests are auto-instrumented by the SDK Fetch Data Fetch Error Fetch Multiple (3) XHR Request Log: [23:22:42] XHR OK: Leanne Graham [23:22:42] XHR request... [23:22:41] Expected error: Network request failed [23:22:41] Fetching invalid URL... [23:22:41] OK: sunt aut facere repellat provident occae... [23:22:40] Fetching data... Vertical scroll bar, 1 page Horizontal scroll bar, 1 page Network Home, tab, 1 of 3 Demos, tab, 2 of 3 Settings, tab, 3 of 3\" ptr=\"0x106598400\" visibility=\"visible\" width=\"402\" x=\"0\" y=\"0\">\n                        <RCTView alpha=\"1.0\" class=\"RCTView\" focused=\"false\" height=\"874\" label=\"Network Demos All requests are auto-instrumented by the SDK Fetch Data Fetch Error Fetch Multiple (3) XHR Request Log: [23:22:42] XHR OK: Leanne Graham [23:22:42] XHR request... [23:22:41] Expected error: Network request failed [23:22:41] Fetching invalid URL... [23:22:41] OK: sunt aut facere repellat provident occae... [23:22:40] Fetching data... Vertical scroll bar, 1 page Horizontal scroll bar, 1 page Network Home, tab, 1 of 3 Demos, tab, 2 of 3 Settings, tab, 3 of 3\" ptr=\"0x10add3480\" visibility=\"visible\" width=\"402\" x=\"0\" y=\"0\">\n                            <RCTView alpha=\"1.0\" class=\"RCTView\" focused=\"false\" height=\"874\" label=\"Network Demos All requests are auto-instrumented by the SDK Fetch Data Fetch Error Fetch Multiple (3) XHR Request Log: [23:22:42] XHR OK: Leanne Graham [23:22:42] XHR request... [23:22:41] Expected error: Network request failed [23:22:41] Fetching invalid URL... [23:22:41] OK: sunt aut facere repellat provident occae... [23:22:40] Fetching data... Vertical scroll bar, 1 page Horizontal scroll bar, 1 page Network Home, tab, 1 of 3 Demos, tab, 2 of 3 Settings, tab, 3 of 3\" ptr=\"0x10add3100\" visibility=\"visible\" width=\"402\" x=\"0\" y=\"0\">\n                                <RNCSafeAreaProvider alpha=\"1.0\" class=\"RNCSafeAreaProvider\" focused=\"false\" height=\"874\" label=\"Network Demos All requests are auto-instrumented by the SDK Fetch Data Fetch Error Fetch Multiple (3) XHR Request Log: [23:22:42] XHR OK: Leanne Graham [23:22:42] XHR request... [23:22:41] Expected error: Network request failed [23:22:41] Fetching invalid URL... [23:22:41] OK: sunt aut facere repellat provident occae... [23:22:40] Fetching data... Vertical scroll bar, 1 page Horizontal scroll bar, 1 page Network Home, tab, 1 of 3 Demos, tab, 2 of 3 Settings, tab, 3 of 3\" ptr=\"0x106599800\" visibility=\"visible\" width=\"402\" x=\"0\" y=\"0\">\n                                    <RNSScreenNavigationContainerView alpha=\"1.0\" class=\"RNSScreenNavigationContainerView\" focused=\"false\" height=\"795\" ptr=\"0x1067c79c0\" visibility=\"visible\" width=\"402\" x=\"0\" y=\"0\">\n                                        <UILayoutContainerView alpha=\"1.0\" class=\"UILayoutContainerView\" focused=\"false\" height=\"795\" ptr=\"0x1067d9a40\" visibility=\"visible\" width=\"402\" x=\"0\" y=\"0\">\n                                            <UINavigationTransitionView alpha=\"1.0\" class=\"UINavigationTransitionView\" focused=\"false\" height=\"795\" ptr=\"0x1067daa00\" visibility=\"visible\" width=\"402\" x=\"0\" y=\"0\">\n                                                <UIViewControllerWrapperView alpha=\"1.0\" class=\"UIViewControllerWrapperView\" focused=\"false\" height=\"795\" ptr=\"0x1098baf40\" visibility=\"visible\" width=\"402\" x=\"0\" y=\"0\">\n                                                    <RNSScreenView alpha=\"1.0\" class=\"RNSScreenView\" focused=\"false\" height=\"795\" label=\"Network Demos All requests are auto-instrumented by the SDK Fetch Data Fetch Error Fetch Multiple (3) XHR Request Log: [23:22:42] XHR OK: Leanne Graham [23:22:42] XHR request... [23:22:41] Expected error: Network request failed [23:22:41] Fetching invalid URL... [23:22:41] OK: sunt aut facere repellat provident occae... [23:22:40] Fetching data... Vertical scroll bar, 1 page Horizontal scroll bar, 1 page Network\" ptr=\"0x1064fed00\" visibility=\"visible\" width=\"402\" x=\"0\" y=\"0\">\n                                                        <RCTView alpha=\"1.0\" class=\"RCTView\" focused=\"false\" height=\"795\" label=\"Network Demos All requests are auto-instrumented by the SDK Fetch Data Fetch Error Fetch Multiple (3) XHR Request Log: [23:22:42] XHR OK: Leanne Graham [23:22:42] XHR request... [23:22:41] Expected error: Network request failed [23:22:41] Fetching invalid URL... [23:22:41] OK: sunt aut facere repellat provident occae... [23:22:40] Fetching data... Vertical scroll bar, 1 page Horizontal scroll bar, 1 page Network\" ptr=\"0x10aeaa300\" visibility=\"visible\" width=\"402\" x=\"0\" y=\"0\">\n                                                            <RCTView alpha=\"1.0\" class=\"RCTView\" focused=\"false\" height=\"795\" label=\"Network Demos All requests are auto-instrumented by the SDK Fetch Data Fetch Error Fetch Multiple (3) XHR Request Log: [23:22:42] XHR OK: Leanne Graham [23:22:42] XHR request... [23:22:41] Expected error: Network request failed [23:22:41] Fetching invalid URL... [23:22:41] OK: sunt aut facere repellat provident occae... [23:22:40] Fetching data... Vertical scroll bar, 1 page Horizontal scroll bar, 1 page Network\" ptr=\"0x10aea9f80\" visibility=\"visible\" width=\"402\" x=\"0\" y=\"0\">\n                                                                <RCTView alpha=\"1.0\" class=\"RCTView\" focused=\"false\" height=\"795\" label=\"Network Demos All requests are auto-instrumented by the SDK Fetch Data Fetch Error Fetch Multiple (3) XHR Request Log: [23:22:42] XHR OK: Leanne Graham [23:22:42] XHR request... [23:22:41] Expected error: Network request failed [23:22:41] Fetching invalid URL... [23:22:41] OK: sunt aut facere repellat provident occae... [23:22:40] Fetching data... Vertical scroll bar, 1 page Horizontal scroll bar, 1 page Network\" ptr=\"0x10aea9c00\" visibility=\"visible\" width=\"402\" x=\"0\" y=\"0\">\n                                                                    <RNSScreenStackView alpha=\"1.0\" class=\"RNSScreenStackView\" focused=\"false\" height=\"795\" ptr=\"0x10af6a800\" visibility=\"visible\" width=\"402\" x=\"0\" y=\"0\">\n                                                                        <UILayoutContainerView alpha=\"1.0\" class=\"UILayoutContainerView\" focused=\"false\" height=\"795\" ptr=\"0x1098a5dc0\" visibility=\"visible\" width=\"402\" x=\"0\" y=\"0\">\n                                                                            <UINavigationTransitionView alpha=\"1.0\" class=\"UINavigationTransitionView\" focused=\"false\" height=\"795\" ptr=\"0x1098a6a00\" visibility=\"visible\" width=\"402\" x=\"0\" y=\"0\">\n                                                                                <UIViewControllerWrapperView alpha=\"1.0\" class=\"UIViewControllerWrapperView\" focused=\"false\" height=\"795\" ptr=\"0x1098a7b80\" visibility=\"visible\" width=\"402\" x=\"0\" y=\"0\">\n                                                                                    <RNSScreenView alpha=\"1.0\" class=\"RNSScreenView\" focused=\"false\" height=\"679\" label=\"Network Demos All requests are auto-instrumented by the SDK Fetch Data Fetch Error Fetch Multiple (3) XHR Request Log: [23:22:42] XHR OK: Leanne Graham [23:22:42] XHR request... [23:22:41] Expected error: Network request failed [23:22:41] Fetching invalid URL... [23:22:41] OK: sunt aut facere repellat provident occae... [23:22:40] Fetching data... Vertical scroll bar, 1 page Horizontal scroll bar, 1 page\" ptr=\"0x118ef9900\" visibility=\"visible\" width=\"402\" x=\"0\" y=\"116\">\n                                                                                        <RCTView alpha=\"1.0\" class=\"RCTView\" focused=\"false\" height=\"679\" label=\"Network Demos All requests are auto-instrumented by the SDK Fetch Data Fetch Error Fetch Multiple (3) XHR Request Log: [23:22:42] XHR OK: Leanne Graham [23:22:42] XHR request... [23:22:41] Expected error: Network request failed [23:22:41] Fetching invalid URL... [23:22:41] OK: sunt aut facere repellat provident occae... [23:22:40] Fetching data... Vertical scroll bar, 1 page Horizontal scroll bar, 1 page\" ptr=\"0x118ef7b80\" visibility=\"visible\" width=\"402\" x=\"0\" y=\"0\">\n                                                                                            <RCTView alpha=\"1.0\" class=\"RCTView\" focused=\"false\" height=\"679\" label=\"Network Demos All requests are auto-instrumented by the SDK Fetch Data Fetch Error Fetch Multiple (3) XHR Request Log: [23:22:42] XHR OK: Leanne Graham [23:22:42] XHR request... [23:22:41] Expected error: Network request failed [23:22:41] Fetching invalid URL... [23:22:41] OK: sunt aut facere repellat provident occae... [23:22:40] Fetching data... Vertical scroll bar, 1 page Horizontal scroll bar, 1 page\" ptr=\"0x118ef7800\" visibility=\"visible\" width=\"402\" x=\"0\" y=\"0\">\n                                                                                                <RCTSafeAreaView alpha=\"1.0\" class=\"RCTSafeAreaView\" focused=\"false\" height=\"679\" label=\"Network Demos All requests are auto-instrumented by the SDK Fetch Data Fetch Error Fetch Multiple (3) XHR Request Log: [23:22:42] XHR OK: Leanne Graham [23:22:42] XHR request... [23:22:41] Expected error: Network request failed [23:22:41] Fetching invalid URL... [23:22:41] OK: sunt aut facere repellat provident occae... [23:22:40] Fetching data... Vertical scroll bar, 1 page Horizontal scroll bar, 1 page\" ptr=\"0x10659ac00\" visibility=\"visible\" width=\"402\" x=\"0\" y=\"0\">\n                                                                                                    <RCTScrollView alpha=\"1.0\" class=\"RCTScrollView\" focused=\"false\" height=\"679\" label=\"Network Demos All requests are auto-instrumented by the SDK Fetch Data Fetch Error Fetch Multiple (3) XHR Request Log: [23:22:42] XHR OK: Leanne Graham [23:22:42] XHR request... [23:22:41] Expected error: Network request failed [23:22:41] Fetching invalid URL... [23:22:41] OK: sunt aut facere repellat provident occae... [23:22:40] Fetching data... Vertical scroll bar, 1 page Horizontal scroll bar, 1 page\" ptr=\"0x118ef9400\" visibility=\"visible\" width=\"402\" x=\"0\" y=\"0\">\n                                                                                                        <RCTCustomScrollView alpha=\"1.0\" class=\"RCTCustomScrollView\" focused=\"false\" height=\"679\" ptr=\"0x106589400\" visibility=\"visible\" width=\"402\" x=\"0\" y=\"0\">\n                                                                                                            <RCTScrollContentView alpha=\"1.0\" class=\"RCTScrollContentView\" focused=\"false\" height=\"302\" label=\"Network Demos All requests are auto-instrumented by the SDK Fetch Data Fetch Error Fetch Multiple (3) XHR Request Log: [23:22:42] XHR OK: Leanne Graham [23:22:42] XHR request... [23:22:41] Expected error: Network request failed [23:22:41] Fetching invalid URL... [23:22:41] OK: sunt aut facere repellat provident occae... [23:22:40] Fetching data...\" ptr=\"0x118ef7480\" visibility=\"visible\" width=\"370\" x=\"16\" y=\"16\">\n                                                                                                                <RCTTextView alpha=\"1.0\" class=\"RCTTextView\" focused=\"false\" height=\"26\" label=\"Network Demos\" ptr=\"0x118f58a00\" text=\"Network Demos\" visibility=\"visible\" width=\"370\" x=\"0\" y=\"0\" />\n                                                                                                                <RCTTextView alpha=\"1.0\" class=\"RCTTextView\" focused=\"false\" height=\"16\" label=\"All requests are auto-instrumented by the SDK\" ptr=\"0x118f58c00\" text=\"All requests are auto-instrumented by the SDK\" visibility=\"visible\" width=\"370\" x=\"0\" y=\"30\" />\n                                                                                                                <RCTView alpha=\"1.0\" class=\"RCTView\" focused=\"false\" height=\"71\" label=\"Fetch Data Fetch Error Fetch Multiple (3) XHR Request\" ptr=\"0x118ef6d80\" visibility=\"visible\" width=\"370\" x=\"0\" y=\"62\">\n                                                                                                                    <RCTView alpha=\"1.0\" class=\"RCTView\" focused=\"false\" height=\"31\" id=\"network-btn-fetch\" label=\"Fetch Data\" ptr=\"0x118ef5f80\" visibility=\"visible\" width=\"92\" x=\"0\" y=\"0\">\n                                                                                                                        <RCTTextView alpha=\"1.0\" class=\"RCTTextView\" focused=\"false\" height=\"16\" label=\"Fetch Data\" ptr=\"0x118f58e00\" text=\"Fetch Data\" visibility=\"visible\" width=\"68\" x=\"12\" y=\"8\" />\n                                                                                                                    </RCTView>\n                                                                                                                    <RCTView alpha=\"1.0\" class=\"RCTView\" focused=\"false\" height=\"31\" id=\"network-btn-fetch-error\" label=\"Fetch Error\" ptr=\"0x118ef6300\" visibility=\"visible\" width=\"94\" x=\"100\" y=\"0\">\n                                                                                                                        <RCTTextView alpha=\"1.0\" class=\"RCTTextView\" focused=\"false\" height=\"16\" label=\"Fetch Error\" ptr=\"0x118f59000\" text=\"Fetch Error\" visibility=\"visible\" width=\"71\" x=\"12\" y=\"8\" />\n                                                                                                                    </RCTView>\n                                                                                                                    <RCTView alpha=\"1.0\" class=\"RCTView\" focused=\"false\" height=\"31\" id=\"network-btn-fetch-multiple\" label=\"Fetch Multiple (3)\" ptr=\"0x118ef6680\" visibility=\"visible\" width=\"136\" x=\"203\" y=\"0\">\n                                                                                                                        <RCTTextView alpha=\"1.0\" class=\"RCTTextView\" focused=\"false\" height=\"16\" label=\"Fetch Multiple (3)\" ptr=\"0x118f59200\" text=\"Fetch Multiple (3)\" visibility=\"visible\" width=\"112\" x=\"12\" y=\"8\" />\n                                                                                                                    </RCTView>\n                                                                                                                    <RCTView alpha=\"1.0\" class=\"RCTView\" focused=\"false\" height=\"31\" id=\"network-btn-xhr\" label=\"XHR Request\" ptr=\"0x118ef6a00\" visibility=\"visible\" width=\"107\" x=\"0\" y=\"39\">\n                                                                                                                        <RCTTextView alpha=\"1.0\" class=\"RCTTextView\" focused=\"false\" height=\"16\" label=\"XHR Request\" ptr=\"0x118f59400\" text=\"XHR Request\" visibility=\"visible\" width=\"83\" x=\"12\" y=\"8\" />\n                                                                                                                    </RCTView>\n                                                                                                                </RCTView>\n                                                                                                                <RCTView alpha=\"1.0\" class=\"RCTView\" focused=\"false\" height=\"137\" id=\"network-result\" label=\"Log: [23:22:42] XHR OK: Leanne Graham [23:22:42] XHR request... [23:22:41] Expected error: Network request failed [23:22:41] Fetching invalid URL... [23:22:41] OK: sunt aut facere repellat provident occae... [23:22:40] Fetching data...\" ptr=\"0x118ef7100\" visibility=\"visible\" width=\"370\" x=\"0\" y=\"149\">\n                                                                                                                    <RCTTextView alpha=\"1.0\" class=\"RCTTextView\" focused=\"false\" height=\"17\" label=\"Log:\" ptr=\"0x118f59600\" text=\"Log:\" visibility=\"visible\" width=\"346\" x=\"12\" y=\"12\" />\n                                                                                                                    <RCTTextView alpha=\"1.0\" class=\"RCTTextView\" focused=\"false\" height=\"13\" label=\"[23:22:42] XHR OK: Leanne Graham\" ptr=\"0x117c98400\" text=\"[23:22:42] XHR OK: Leanne Graham\" visibility=\"visible\" width=\"346\" x=\"12\" y=\"35\" />\n                                                                                                                    <RCTTextView alpha=\"1.0\" class=\"RCTTextView\" focused=\"false\" height=\"13\" label=\"[23:22:42] XHR request...\" ptr=\"0x117c98600\" text=\"[23:22:42] XHR request...\" visibility=\"visible\" width=\"346\" x=\"12\" y=\"50\" />\n                                                                                                                    <RCTTextView alpha=\"1.0\" class=\"RCTTextView\" focused=\"false\" height=\"13\" label=\"[23:22:41] Expected error: Network request failed\" ptr=\"0x117c98800\" text=\"[23:22:41] Expected error: Network request failed\" visibility=\"visible\" width=\"346\" x=\"12\" y=\"65\" />\n                                                                                                                    <RCTTextView alpha=\"1.0\" class=\"RCTTextView\" focused=\"false\" height=\"13\" label=\"[23:22:41] Fetching invalid URL...\" ptr=\"0x117c98a00\" text=\"[23:22:41] Fetching invalid URL...\" visibility=\"visible\" width=\"346\" x=\"12\" y=\"81\" />\n                                                                                                                    <RCTTextView alpha=\"1.0\" class=\"RCTTextView\" focused=\"false\" height=\"13\" label=\"[23:22:41] OK: sunt aut facere repellat provident occae...\" ptr=\"0x117c98c00\" text=\"[23:22:41] OK: sunt aut facere repellat provident occae...\" visibility=\"visible\" width=\"346\" x=\"12\" y=\"96\" />\n                                                                                                                    <RCTTextView alpha=\"1.0\" class=\"RCTTextView\" focused=\"false\" height=\"13\" label=\"[23:22:40] Fetching data...\" ptr=\"0x117c98e00\" text=\"[23:22:40] Fetching data...\" visibility=\"visible\" width=\"346\" x=\"12\" y=\"111\" />\n                                                                                                                </RCTView>\n                                                                                                            </RCTScrollContentView>\n                                                                                                            <_UIScrollViewScrollIndicator alpha=\"0.0\" class=\"_UIScrollViewScrollIndicator\" focused=\"false\" height=\"265\" label=\"Vertical scroll bar, 1 page\" ptr=\"0x118f59e00\" value=\"0%\" visibility=\"visible\" width=\"3\" x=\"396\" y=\"410\">\n                                                                                                                <UIView alpha=\"1.0\" class=\"UIView\" focused=\"false\" height=\"265\" ptr=\"0x1098c7640\" visibility=\"visible\" width=\"3\" x=\"0\" y=\"0\" />\n                                                                                                            </_UIScrollViewScrollIndicator>\n                                                                                                            <_UIScrollViewScrollIndicator alpha=\"0.0\" class=\"_UIScrollViewScrollIndicator\" focused=\"false\" height=\"3\" label=\"Horizontal scroll bar, 1 page\" ptr=\"0x118f59c00\" value=\"0%\" visibility=\"visible\" width=\"364\" x=\"35\" y=\"673\">\n                                                                                                                <UIView alpha=\"1.0\" class=\"UIView\" focused=\"false\" height=\"3\" ptr=\"0x1098c72c0\" visibility=\"visible\" width=\"364\" x=\"0\" y=\"0\" />\n                                                                                                            </_UIScrollViewScrollIndicator>\n                                                                                                        </RCTCustomScrollView>\n                                                                                                    </RCTScrollView>\n                                                                                                </RCTSafeAreaView>\n                                                                                            </RCTView>\n                                                                                        </RCTView>\n                                                                                    </RNSScreenView>\n                                                                                </UIViewControllerWrapperView>\n                                                                            </UINavigationTransitionView>\n                                                                            <UINavigationBar alpha=\"1.0\" class=\"UINavigationBar\" focused=\"false\" height=\"54\" id=\"Network\" ptr=\"0x1099a6a00\" visibility=\"visible\" width=\"402\" x=\"0\" y=\"62\">\n                                                                                <_UIBarBackground alpha=\"1.0\" class=\"_UIBarBackground\" focused=\"false\" height=\"116\" ptr=\"0x118e5e800\" visibility=\"visible\" width=\"402\" x=\"0\" y=\"-62\">\n                                                                                    <UIImageView alpha=\"1.0\" class=\"UIImageView\" focused=\"false\" height=\"116\" ptr=\"0x10af6bc00\" visibility=\"visible\" width=\"402\" x=\"0\" y=\"0\" />\n                                                                                    <_UIBarBackgroundShadowView alpha=\"1.0\" class=\"_UIBarBackgroundShadowView\" focused=\"false\" height=\"0\" ptr=\"0x118e5f200\" visibility=\"visible\" width=\"402\" x=\"0\" y=\"116\">\n                                                                                        <_UIBarBackgroundShadowContentImageView alpha=\"1.0\" class=\"_UIBarBackgroundShadowContentImageView\" focused=\"false\" height=\"0\" ptr=\"0x118e5f480\" visibility=\"visible\" width=\"402\" x=\"0\" y=\"0\" />\n                                                                                    </_UIBarBackgroundShadowView>\n                                                                                </_UIBarBackground>\n                                                                                <UIKit.NavigationBarContentView alpha=\"1.0\" class=\"UIKit.NavigationBarContentView\" focused=\"false\" height=\"54\" ptr=\"0x106575000\" visibility=\"visible\" width=\"402\" x=\"0\" y=\"0\">\n                                                                                    <UIKit.NavigationBarTransitionContainer alpha=\"1.0\" class=\"UIKit.NavigationBarTransitionContainer\" focused=\"false\" height=\"54\" ptr=\"0x10af6ac00\" visibility=\"visible\" width=\"402\" x=\"0\" y=\"0\">\n                                                                                        <_UINavigationBarHostedViewContainer alpha=\"1.0\" class=\"_UINavigationBarHostedViewContainer\" focused=\"false\" height=\"54\" ptr=\"0x1098a6140\" visibility=\"visible\" width=\"402\" x=\"0\" y=\"0\">\n                                                                                            <_UINavigationBarHostedViewWrapper alpha=\"1.0\" class=\"_UINavigationBarHostedViewWrapper\" focused=\"false\" height=\"20\" ptr=\"0x118f5b200\" visibility=\"visible\" width=\"68\" x=\"167\" y=\"11\">\n                                                                                                <_UINavigationBarTitleControl alpha=\"1.0\" class=\"_UINavigationBarTitleControl\" focused=\"false\" height=\"20\" ptr=\"0x118f01200\" visibility=\"visible\" width=\"68\" x=\"0\" y=\"0\">\n                                                                                                    <_UIIntrinsicContentSizeInvalidationForwardingWrapperView alpha=\"1.0\" class=\"_UIIntrinsicContentSizeInvalidationForwardingWrapperView\" focused=\"false\" height=\"20\" ptr=\"0x1098d0a80\" visibility=\"visible\" width=\"68\" x=\"0\" y=\"0\">\n                                                                                                        <UILabel alpha=\"1.0\" class=\"UILabel\" focused=\"false\" height=\"20\" label=\"Network\" ptr=\"0x118fe4380\" text=\"Network\" visibility=\"visible\" width=\"67\" x=\"0\" y=\"0\" />\n                                                                                                    </_UIIntrinsicContentSizeInvalidationForwardingWrapperView>\n                                                                                                </_UINavigationBarTitleControl>\n                                                                                            </_UINavigationBarHostedViewWrapper>\n                                                                                        </_UINavigationBarHostedViewContainer>\n                                                                                        <UIView alpha=\"1.0\" class=\"UIView\" focused=\"false\" height=\"54\" ptr=\"0x1098a5f80\" visibility=\"visible\" width=\"402\" x=\"0\" y=\"0\" />\n                                                                                        <UIKit.NavigationBarPlatterContainer alpha=\"1.0\" class=\"UIKit.NavigationBarPlatterContainer\" focused=\"false\" height=\"54\" ptr=\"0x1098a6300\" visibility=\"visible\" width=\"402\" x=\"0\" y=\"0\">\n                                                                                            <_UINavigationBarPlatterView alpha=\"1.0\" class=\"_UINavigationBarPlatterView\" focused=\"false\" height=\"44\" ptr=\"0x118f01800\" visibility=\"visible\" width=\"44\" x=\"16\" y=\"0\">\n                                                                                                <_UINavigationBarPlatterAnimationView alpha=\"1.0\" class=\"_UINavigationBarPlatterAnimationView\" focused=\"false\" height=\"44\" ptr=\"0x1098d1dc0\" visibility=\"visible\" width=\"44\" x=\"0\" y=\"0\">\n                                                                                                    <_UINavigationBarPlatterAnimationView alpha=\"1.0\" class=\"_UINavigationBarPlatterAnimationView\" focused=\"false\" height=\"44\" ptr=\"0x1098d2140\" visibility=\"visible\" width=\"44\" x=\"0\" y=\"0\">\n                                                                                                        <_UINavigationBarPlatterAnimationView alpha=\"1.0\" class=\"_UINavigationBarPlatterAnimationView\" focused=\"false\" height=\"48\" ptr=\"0x1098d2300\" visibility=\"visible\" width=\"48\" x=\"-2\" y=\"-2\">\n                                                                                                            <_UINavigationBarPlatterAnimationView alpha=\"1.0\" class=\"_UINavigationBarPlatterAnimationView\" focused=\"false\" height=\"40\" ptr=\"0x1098d24c0\" visibility=\"visible\" width=\"40\" x=\"1\" y=\"1\">\n                                                                                                                <_UINavigationBarPlatterContentView alpha=\"1.0\" class=\"_UINavigationBarPlatterContentView\" focused=\"false\" height=\"44\" ptr=\"0x1098d2680\" visibility=\"visible\" width=\"44\" x=\"0\" y=\"0\">\n                                                                                                                    <_UINavigationBarPlatterGlassView alpha=\"1.0\" class=\"_UINavigationBarPlatterGlassView\" focused=\"false\" height=\"44\" ptr=\"0x1098d2840\" visibility=\"visible\" width=\"44\" x=\"0\" y=\"0\">\n                                                                                                                        <_UINavigationBarPlatterSubviewContainerView alpha=\"1.0\" class=\"_UINavigationBarPlatterSubviewContainerView\" focused=\"false\" height=\"44\" ptr=\"0x1098d2a00\" visibility=\"visible\" width=\"44\" x=\"0\" y=\"0\">\n                                                                                                                            <_UINavigationBarPlatterItemView alpha=\"1.0\" class=\"_UINavigationBarPlatterItemView\" focused=\"false\" height=\"44\" ptr=\"0x118fcef80\" visibility=\"visible\" width=\"44\" x=\"0\" y=\"0\">\n                                                                                                                                <_UIButtonBarButton alpha=\"1.0\" class=\"_UIButtonBarButton\" focused=\"false\" height=\"44\" id=\"BackButton\" ptr=\"0x118fce800\" visibility=\"visible\" width=\"44\" x=\"0\" y=\"0\">\n                                                                                                                                    <_TtCC5UIKit29ButtonBarButtonVisualProviderP33_A98CD29F4F6ECA17AFECE41BBB264E5918BackButtonMaskView alpha=\"1.0\" class=\"_TtCC5UIKit29ButtonBarButtonVisualProviderP33_A98CD29F4F6ECA17AFECE41BBB264E5918BackButtonMaskView\" focused=\"false\" height=\"44\" ptr=\"0x1098d0540\" visibility=\"invisible\" width=\"44\" x=\"0\" y=\"0\">\n                                                                                                                                        <UIImageView alpha=\"1.0\" class=\"UIImageView\" focused=\"false\" height=\"28\" id=\"UINavigationBarTitleTransitionBackIndicatorMaskSymbol\" ptr=\"0x118f5a800\" visibility=\"visible\" width=\"19\" x=\"0\" y=\"8\" />\n                                                                                                                                        <UIView alpha=\"1.0\" class=\"UIView\" focused=\"false\" height=\"44\" ptr=\"0x1098d0700\" visibility=\"visible\" width=\"0\" x=\"44\" y=\"0\" />\n                                                                                                                                    </_TtCC5UIKit29ButtonBarButtonVisualProviderP33_A98CD29F4F6ECA17AFECE41BBB264E5918BackButtonMaskView>\n                                                                                                                                    <_TtCC5UIKit29ButtonBarButtonVisualProviderP33_A98CD29F4F6ECA17AFECE41BBB264E596Button alpha=\"1.0\" class=\"_TtCC5UIKit29ButtonBarButtonVisualProviderP33_A98CD29F4F6ECA17AFECE41BBB264E596Button\" focused=\"false\" height=\"23\" label=\"Back\" ptr=\"0x118fe4000\" visibility=\"visible\" width=\"44\" x=\"0\" y=\"10\">\n                                                                                                                                        <UIImageView alpha=\"1.0\" class=\"UIImageView\" focused=\"false\" height=\"23\" id=\"chevron.backward\" label=\"Back\" ptr=\"0x118f5aa00\" visibility=\"visible\" width=\"16\" x=\"13\" y=\"0\" />\n                                                                                                                                    </_TtCC5UIKit29ButtonBarButtonVisualProviderP33_A98CD29F4F6ECA17AFECE41BBB264E596Button>\n                                                                                                                                </_UIButtonBarButton>\n                                                                                                                            </_UINavigationBarPlatterItemView>\n                                                                                                                        </_UINavigationBarPlatterSubviewContainerView>\n                                                                                                                    </_UINavigationBarPlatterGlassView>\n                                                                                                                </_UINavigationBarPlatterContentView>\n                                                                                                            </_UINavigationBarPlatterAnimationView>\n                                                                                                        </_UINavigationBarPlatterAnimationView>\n                                                                                                    </_UINavigationBarPlatterAnimationView>\n                                                                                                </_UINavigationBarPlatterAnimationView>\n                                                                                            </_UINavigationBarPlatterView>\n                                                                                        </UIKit.NavigationBarPlatterContainer>\n                                                                                    </UIKit.NavigationBarTransitionContainer>\n                                                                                </UIKit.NavigationBarContentView>\n                                                                                <_UIPointerInteractionAssistantEffectContainerView alpha=\"1.0\" class=\"_UIPointerInteractionAssistantEffectContainerView\" focused=\"false\" height=\"0\" ptr=\"0x1098a7480\" visibility=\"visible\" width=\"0\" x=\"0\" y=\"0\" />\n                                                                            </UINavigationBar>\n                                                                            <_UIFloatingBarContainerView alpha=\"1.0\" class=\"_UIFloatingBarContainerView\" focused=\"false\" height=\"795\" ptr=\"0x10af6b000\" visibility=\"visible\" width=\"402\" x=\"0\" y=\"0\">\n                                                                                <_TtGC5UIKitP10$186ea25a022FloatingBarHostingViewVS_20FloatingBarContainer_ alpha=\"1.0\" class=\"_TtGC5UIKitP10$186ea25a022FloatingBarHostingViewVS_20FloatingBarContainer_\" focused=\"false\" height=\"795\" ptr=\"0x10af6b800\" visibility=\"visible\" width=\"402\" x=\"0\" y=\"0\" />\n                                                                                <_UIPointerInteractionAssistantEffectContainerView alpha=\"1.0\" class=\"_UIPointerInteractionAssistantEffectContainerView\" focused=\"false\" height=\"0\" ptr=\"0x1098a6f40\" visibility=\"visible\" width=\"0\" x=\"0\" y=\"0\" />\n                                                                            </_UIFloatingBarContainerView>\n                                                                        </UILayoutContainerView>\n                                                                    </RNSScreenStackView>\n                                                                </RCTView>\n                                                            </RCTView>\n                                                        </RCTView>\n                                                    </RNSScreenView>\n                                                </UIViewControllerWrapperView>\n                                            </UINavigationTransitionView>\n                                            <UINavigationBar alpha=\"1.0\" class=\"UINavigationBar\" focused=\"false\" height=\"54\" id=\"RNSScreen\" ptr=\"0x1099a4600\" visibility=\"invisible\" width=\"402\" x=\"0\" y=\"-116\">\n                                                <_UIBarBackground alpha=\"1.0\" class=\"_UIBarBackground\" focused=\"false\" height=\"116\" ptr=\"0x10ac71900\" visibility=\"visible\" width=\"402\" x=\"0\" y=\"-62\" />\n                                                <_UIPointerInteractionAssistantEffectContainerView alpha=\"1.0\" class=\"_UIPointerInteractionAssistantEffectContainerView\" focused=\"false\" height=\"0\" ptr=\"0x109801dc0\" visibility=\"visible\" width=\"0\" x=\"0\" y=\"0\" />\n                                            </UINavigationBar>\n                                            <_UIFloatingBarContainerView alpha=\"1.0\" class=\"_UIFloatingBarContainerView\" focused=\"false\" height=\"795\" ptr=\"0x109a12200\" visibility=\"visible\" width=\"402\" x=\"0\" y=\"0\">\n                                                <_TtGC5UIKitP10$186ea25a022FloatingBarHostingViewVS_20FloatingBarContainer_ alpha=\"1.0\" class=\"_TtGC5UIKitP10$186ea25a022FloatingBarHostingViewVS_20FloatingBarContainer_\" focused=\"false\" height=\"795\" ptr=\"0x109a12a00\" visibility=\"visible\" width=\"402\" x=\"0\" y=\"0\" />\n                                                <_UIPointerInteractionAssistantEffectContainerView alpha=\"1.0\" class=\"_UIPointerInteractionAssistantEffectContainerView\" focused=\"false\" height=\"0\" ptr=\"0x1067e8a80\" visibility=\"visible\" width=\"0\" x=\"0\" y=\"0\" />\n                                            </_UIFloatingBarContainerView>\n                                        </UILayoutContainerView>\n                                    </RNSScreenNavigationContainerView>\n                                    <RCTView alpha=\"1.0\" class=\"RCTView\" focused=\"false\" height=\"79\" label=\"Home, tab, 1 of 3 Demos, tab, 2 of 3 Settings, tab, 3 of 3\" ptr=\"0x10add2d80\" visibility=\"visible\" width=\"402\" x=\"0\" y=\"795\">\n                                        <RCTView alpha=\"1.0\" class=\"RCTView\" focused=\"false\" height=\"78\" ptr=\"0x1065d3b80\" visibility=\"visible\" width=\"402\" x=\"0\" y=\"0\" />\n                                        <RCTView alpha=\"1.0\" class=\"RCTView\" focused=\"false\" height=\"48\" label=\"Home, tab, 1 of 3 Demos, tab, 2 of 3 Settings, tab, 3 of 3\" ptr=\"0x10add2a00\" visibility=\"visible\" width=\"402\" x=\"0\" y=\"0\">\n                                            <RCTView alpha=\"1.0\" class=\"RCTView\" focused=\"false\" height=\"48\" id=\"tab-home\" label=\"Home, tab, 1 of 3\" ptr=\"0x10add0a80\" visibility=\"visible\" width=\"134\" x=\"0\" y=\"0\">\n                                                <RCTView alpha=\"1.0\" class=\"RCTView\" focused=\"false\" height=\"34\" label=\"H H\" ptr=\"0x10add0700\" visibility=\"visible\" width=\"0\" x=\"67\" y=\"0\">\n                                                    <RCTView alpha=\"0.0\" class=\"RCTView\" focused=\"false\" height=\"34\" label=\"H\" ptr=\"0x10add0000\" visibility=\"visible\" width=\"134\" x=\"-67\" y=\"0\">\n                                                        <RCTTextView alpha=\"1.0\" class=\"RCTTextView\" focused=\"false\" height=\"22\" label=\"H\" ptr=\"0x109a12c00\" text=\"H\" visibility=\"visible\" width=\"13\" x=\"60\" y=\"6\" />\n                                                    </RCTView>\n                                                    <RCTView alpha=\"1.0\" class=\"RCTView\" focused=\"false\" height=\"34\" label=\"H\" ptr=\"0x10add0380\" visibility=\"visible\" width=\"134\" x=\"-67\" y=\"0\">\n                                                        <RCTTextView alpha=\"1.0\" class=\"RCTTextView\" focused=\"false\" height=\"22\" label=\"H\" ptr=\"0x109a12e00\" text=\"H\" visibility=\"visible\" width=\"13\" x=\"60\" y=\"6\" />\n                                                    </RCTView>\n                                                </RCTView>\n                                                <RCTTextView alpha=\"1.0\" class=\"RCTTextView\" focused=\"false\" height=\"14\" label=\"Home\" ptr=\"0x109a13000\" text=\"Home\" visibility=\"visible\" width=\"34\" x=\"50\" y=\"34\" />\n                                            </RCTView>\n                                            <RCTView alpha=\"1.0\" class=\"RCTView\" focused=\"false\" height=\"48\" id=\"tab-demos\" label=\"Demos, tab, 2 of 3\" ptr=\"0x10add1880\" visibility=\"visible\" width=\"134\" x=\"134\" y=\"0\">\n                                                <RCTView alpha=\"1.0\" class=\"RCTView\" focused=\"false\" height=\"34\" label=\"D D\" ptr=\"0x10add1500\" visibility=\"visible\" width=\"0\" x=\"67\" y=\"0\">\n                                                    <RCTView alpha=\"1.0\" class=\"RCTView\" focused=\"false\" height=\"34\" label=\"D\" ptr=\"0x10add0e00\" visibility=\"visible\" width=\"134\" x=\"-67\" y=\"0\">\n                                                        <RCTTextView alpha=\"1.0\" class=\"RCTTextView\" focused=\"false\" height=\"22\" label=\"D\" ptr=\"0x109a13200\" text=\"D\" visibility=\"visible\" width=\"13\" x=\"60\" y=\"6\" />\n                                                    </RCTView>\n                                                    <RCTView alpha=\"0.0\" class=\"RCTView\" focused=\"false\" height=\"34\" label=\"D\" ptr=\"0x10add1180\" visibility=\"visible\" width=\"134\" x=\"-67\" y=\"0\">\n                                                        <RCTTextView alpha=\"1.0\" class=\"RCTTextView\" focused=\"false\" height=\"22\" label=\"D\" ptr=\"0x109a13400\" text=\"D\" visibility=\"visible\" width=\"13\" x=\"60\" y=\"6\" />\n                                                    </RCTView>\n                                                </RCTView>\n                                                <RCTTextView alpha=\"1.0\" class=\"RCTTextView\" focused=\"false\" height=\"14\" label=\"Demos\" ptr=\"0x109a13600\" text=\"Demos\" visibility=\"visible\" width=\"40\" x=\"47\" y=\"34\" />\n                                            </RCTView>\n                                            <RCTView alpha=\"1.0\" class=\"RCTView\" focused=\"false\" height=\"48\" id=\"tab-settings\" label=\"Settings, tab, 3 of 3\" ptr=\"0x10add2680\" visibility=\"visible\" width=\"134\" x=\"268\" y=\"0\">\n                                                <RCTView alpha=\"1.0\" class=\"RCTView\" focused=\"false\" height=\"34\" label=\"S S\" ptr=\"0x10add2300\" visibility=\"visible\" width=\"0\" x=\"67\" y=\"0\">\n                                                    <RCTView alpha=\"0.0\" class=\"RCTView\" focused=\"false\" height=\"34\" label=\"S\" ptr=\"0x10add1c00\" visibility=\"visible\" width=\"134\" x=\"-67\" y=\"0\">\n                                                        <RCTTextView alpha=\"1.0\" class=\"RCTTextView\" focused=\"false\" height=\"22\" label=\"S\" ptr=\"0x109a13800\" text=\"S\" visibility=\"visible\" width=\"11\" x=\"61\" y=\"6\" />\n                                                    </RCTView>\n                                                    <RCTView alpha=\"1.0\" class=\"RCTView\" focused=\"false\" height=\"34\" label=\"S\" ptr=\"0x10add1f80\" visibility=\"visible\" width=\"134\" x=\"-67\" y=\"0\">\n                                                        <RCTTextView alpha=\"1.0\" class=\"RCTTextView\" focused=\"false\" height=\"22\" label=\"S\" ptr=\"0x109a13a00\" text=\"S\" visibility=\"visible\" width=\"11\" x=\"61\" y=\"6\" />\n                                                    </RCTView>\n                                                </RCTView>\n                                                <RCTTextView alpha=\"1.0\" class=\"RCTTextView\" focused=\"false\" height=\"14\" label=\"Settings\" ptr=\"0x109a13c00\" text=\"Settings\" visibility=\"visible\" width=\"47\" x=\"43\" y=\"34\" />\n                                            </RCTView>\n                                        </RCTView>\n                                    </RCTView>\n                                </RNCSafeAreaProvider>\n                            </RCTView>\n                        </RCTView>\n                    </RCTRootContentView>\n                </RCTRootView>\n            </UIDropShadowView>\n        </UITransitionView>\n    </UIWindow>\n</ViewHierarchy>","visibilityFailingRectsURL":"/Users/nonth/Library/Developer/CoreSimulator/Devices/B7E9BAD6-0C0D-41EE-BE0C-D49BF485382E/data/Containers/Data/Application/438DCEE1-3489-4DA1-B18D-63078973F5DB/tmp/visibilityFailingRects","details":"No elements found for “MATCHER(id == “demos-btn-metrics”)”","NSLocalizedDescription":"No elements found for “MATCHER(id == “demos-btn-metrics”)”","DetoxFailureInformation":{"lineNumber":50,"file":"/Users/builder/uibuilder/work/detox/ios/Detox/Invocation/Element.swift","functionName":"views"},"visibilityFailingScreenshotsURL":"/Users/nonth/Library/Developer/CoreSimulator/Devices/B7E9BAD6-0C0D-41EE-BE0C-D49BF485382E/data/Containers/Data/Application/438DCEE1-3489-4DA1-B18D-63078973F5DB/tmp/visibilityFailingScreenshots","windows":["<UIWindow: 0x106598800; frame = (0 0; 402 874);>","<DTXTouchVisualizerWindow: 0x1064fc500; frame = (0 0; 402 874);>"]},"messageId":25}
   
23:22:44.055 detox[66325] E tap
  error: Test Failed: No elements found for “MATCHER(id == “demos-btn-metrics”)”
  
  HINT: To print view hierarchy on failed actions/matches, use log-level verbose or higher.
23:22:44.055 detox[66325] B onTestFnFailure
  args: ({"error":{"name":"DetoxRuntimeError"}})
23:22:44.055 detox[66325] i starting SimulatorScreenshot
23:22:44.055 detox[66325] i /usr/bin/xcrun simctl io B7E9BAD6-0C0D-41EE-BE0C-D49BF485382E screenshot "/private/var/folders/nd/_cs61jn95mx_wzcmldgt15p00000gn/T/detox-66325-wHv6FU.detox.png"
23:22:44.226 detox[66325] i Detected file type from extension: PNG
Note: No display specified. Defaulting to display: 1CF89121-203F-41F0-8702-803F5499D5AE (screenID: 1, name: LCD)
Wrote screenshot to: /private/var/folders/nd/_cs61jn95mx_wzcmldgt15p00000gn/T/detox-66325-wHv6FU.detox.png

23:22:44.226 detox[66325] i stopping SimulatorScreenshot
23:22:44.226 detox[66325] E onTestFnFailure
23:22:44.226 detox[66325] E test_fn
  error: Test Failed: No elements found for “MATCHER(id == “demos-btn-metrics”)”
  
  HINT: To print view hierarchy on failed actions/matches, use log-level verbose or higher.
23:22:44.226 detox[66325] B onTestDone
  args: ({"title":"navigates to Metrics demo and interacts","fullName":"React Navigation Example Demo Screens navigates to Metrics demo and interacts","status":"failed","invocations":1,"timedOut":false})
23:22:44.227 detox[66325] i starting SimulatorScreenshot
23:22:44.227 detox[66325] i /usr/bin/xcrun simctl io B7E9BAD6-0C0D-41EE-BE0C-D49BF485382E screenshot "/private/var/folders/nd/_cs61jn95mx_wzcmldgt15p00000gn/T/detox-66325-mKmEnT.detox.png"
23:22:44.228 detox[66325] i stopping SimulatorVideoRecording
23:22:44.229 detox[66325] i sending SIGINT to: /usr/bin/xcrun simctl io B7E9BAD6-0C0D-41EE-BE0C-D49BF485382E recordVideo /private/var/folders/nd/_cs61jn95mx_wzcmldgt15p00000gn/T/detox-66325-cBnK2j.detox.mp4
23:22:44.237 detox[66325] i Recording completed. Writing to disk.

Wrote video to: /private/var/folders/nd/_cs61jn95mx_wzcmldgt15p00000gn/T/detox-66325-cBnK2j.detox.mp4

23:22:44.238 detox[66325] i /usr/bin/xcrun simctl io B7E9BAD6-0C0D-41EE-BE0C-D49BF485382E recordVideo /private/var/folders/nd/_cs61jn95mx_wzcmldgt15p00000gn/T/detox-66325-cBnK2j.detox.mp4 exited with code #0
23:22:44.238 detox[66325] i saving SimulatorVideoRecording to: artifacts/ios.sim.release.2026-04-10 16-22-19Z/✗ React Navigation Example Demo Screens navigates to Metrics demo and interacts/test.mp4
23:22:44.238 detox[66325] i moving "/private/var/folders/nd/_cs61jn95mx_wzcmldgt15p00000gn/T/detox-66325-cBnK2j.detox.mp4" to artifacts/ios.sim.release.2026-04-10 16-22-19Z/✗ React Navigation Example Demo Screens navigates to Metrics demo and interacts/test.mp4
23:22:44.395 detox[66325] i Detected file type from extension: PNG
Note: No display specified. Defaulting to display: 1CF89121-203F-41F0-8702-803F5499D5AE (screenID: 1, name: LCD)
Wrote screenshot to: /private/var/folders/nd/_cs61jn95mx_wzcmldgt15p00000gn/T/detox-66325-mKmEnT.detox.png

23:22:44.395 detox[66325] i stopping SimulatorScreenshot
23:22:44.395 detox[66325] i stopping SimulatorLogRecording
23:22:44.395 detox[66325] i saving SimulatorScreenshot to: artifacts/ios.sim.release.2026-04-10 16-22-19Z/✗ React Navigation Example Demo Screens navigates to Metrics demo and interacts/testStart.png
23:22:44.395 detox[66325] i moving "/private/var/folders/nd/_cs61jn95mx_wzcmldgt15p00000gn/T/detox-66325-C07Oag.detox.png" to artifacts/ios.sim.release.2026-04-10 16-22-19Z/✗ React Navigation Example Demo Screens navigates to Metrics demo and interacts/testStart.png
23:22:44.396 detox[66325] i saving SimulatorScreenshot to: artifacts/ios.sim.release.2026-04-10 16-22-19Z/✗ React Navigation Example Demo Screens navigates to Metrics demo and interacts/testFnFailure.png
23:22:44.396 detox[66325] i moving "/private/var/folders/nd/_cs61jn95mx_wzcmldgt15p00000gn/T/detox-66325-wHv6FU.detox.png" to artifacts/ios.sim.release.2026-04-10 16-22-19Z/✗ React Navigation Example Demo Screens navigates to Metrics demo and interacts/testFnFailure.png
23:22:44.397 detox[66325] i saving SimulatorScreenshot to: artifacts/ios.sim.release.2026-04-10 16-22-19Z/✗ React Navigation Example Demo Screens navigates to Metrics demo and interacts/testDone.png
23:22:44.397 detox[66325] i moving "/private/var/folders/nd/_cs61jn95mx_wzcmldgt15p00000gn/T/detox-66325-mKmEnT.detox.png" to artifacts/ios.sim.release.2026-04-10 16-22-19Z/✗ React Navigation Example Demo Screens navigates to Metrics demo and interacts/testDone.png
23:22:44.448 detox[66325] i sending SIGINT to: /usr/bin/xcrun simctl spawn B7E9BAD6-0C0D-41EE-BE0C-D49BF485382E log stream --level debug --style compact --predicate processImagePath beginsWith "/Users/nonth/Library/Developer/CoreSimulator/Devices/B7E9BAD6-0C0D-41EE-BE0C-D49BF485382E/data/Containers/Bundle/Application/A9D25B4E-FCD1-47CE-888B-F82CFEBC6D31/EdotReactNavExample.app"
23:22:44.454 detox[66325] i /usr/bin/xcrun simctl spawn B7E9BAD6-0C0D-41EE-BE0C-D49BF485382E log stream --level debug --style compact --predicate "processImagePath beginsWith \"/Users/nonth/Library/Developer/CoreSimulator/Devices/B7E9BAD6-0C0D-41EE-BE0C-D49BF485382E/data/Containers/Bundle/Application/A9D25B4E-FCD1-47CE-888B-F82CFEBC6D31/EdotReactNavExample.app\"" exited with code #0
23:22:44.454 detox[66325] E onTestDone
23:22:44.454 detox[66325] E navigates to Metrics demo and interacts
23:22:44.455 detox[66325] i React Navigation Example > Demo Screens: navigates to Metrics demo and interacts [FAIL]
23:22:44.455 detox[66325] B navigates to Logs demo and interacts
23:22:44.455 detox[66325] i React Navigation Example > Demo Screens: navigates to Logs demo and interacts
23:22:44.455 detox[66325] B onTestStart
  args: ({"title":"navigates to Logs demo and interacts","fullName":"React Navigation Example Demo Screens navigates to Logs demo and interacts","status":"running","invocations":1})
23:22:44.456 detox[66325] i starting SimulatorLogRecording
23:22:44.456 detox[66325] i saving SimulatorLogRecording to: artifacts/ios.sim.release.2026-04-10 16-22-19Z/✗ React Navigation Example Demo Screens navigates to Metrics demo and interacts/device.log
23:22:44.456 detox[66325] i moving "/private/var/folders/nd/_cs61jn95mx_wzcmldgt15p00000gn/T/detox-66325-lIu90q.detox.log" to artifacts/ios.sim.release.2026-04-10 16-22-19Z/✗ React Navigation Example Demo Screens navigates to Metrics demo and interacts/device.log
23:22:44.456 detox[66325] i /usr/bin/xcrun simctl get_app_container B7E9BAD6-0C0D-41EE-BE0C-D49BF485382E com.edot.reactnavexample
23:22:44.622 detox[66325] i /Users/nonth/Library/Developer/CoreSimulator/Devices/B7E9BAD6-0C0D-41EE-BE0C-D49BF485382E/data/Containers/Bundle/Application/A9D25B4E-FCD1-47CE-888B-F82CFEBC6D31/EdotReactNavExample.app

23:22:44.622 detox[66325] i /usr/bin/xcrun simctl spawn B7E9BAD6-0C0D-41EE-BE0C-D49BF485382E log stream --level debug --style compact --predicate "processImagePath beginsWith \"/Users/nonth/Library/Developer/CoreSimulator/Devices/B7E9BAD6-0C0D-41EE-BE0C-D49BF485382E/data/Containers/Bundle/Application/A9D25B4E-FCD1-47CE-888B-F82CFEBC6D31/EdotReactNavExample.app\""
23:22:44.674 detox[66325] i starting SimulatorScreenshot
23:22:44.674 detox[66325] i /usr/bin/xcrun simctl io B7E9BAD6-0C0D-41EE-BE0C-D49BF485382E screenshot "/private/var/folders/nd/_cs61jn95mx_wzcmldgt15p00000gn/T/detox-66325-dzRHiM.detox.png"
23:22:44.675 detox[66325] i starting SimulatorVideoRecording
23:22:44.675 detox[66325] i /usr/bin/xcrun simctl io B7E9BAD6-0C0D-41EE-BE0C-D49BF485382E recordVideo /private/var/folders/nd/_cs61jn95mx_wzcmldgt15p00000gn/T/detox-66325-4tF9bw.detox.mp4
23:22:44.832 detox[66325] i Note: No display specified. Defaulting to display: 1CF89121-203F-41F0-8702-803F5499D5AE (screenID: 1, name: LCD)

23:22:44.850 detox[66325] i Recording started

23:22:44.889 detox[66325] i Detected file type from extension: PNG
Note: No display specified. Defaulting to display: 1CF89121-203F-41F0-8702-803F5499D5AE (screenID: 1, name: LCD)
Wrote screenshot to: /private/var/folders/nd/_cs61jn95mx_wzcmldgt15p00000gn/T/detox-66325-dzRHiM.detox.png

23:22:44.889 detox[66325] i stopping SimulatorScreenshot
23:22:44.889 detox[66325] E onTestStart
23:22:44.889 detox[66325] B beforeEach
23:22:44.889 detox[66325] E beforeEach
23:22:44.889 detox[66325] B test_fn
23:22:44.889 detox[66325] i send message
  data: {"type":"invoke","params":{"type":"action","action":"tap","predicate":{"type":"id","value":"demos-btn-logs","isRegex":false}},"messageId":26}
23:22:44.890 detox[66324] i get
  data: {"type":"invoke","params":{"type":"action","action":"tap","predicate":{"type":"id","value":"demos-btn-logs","isRegex":false}},"messageId":26}
23:22:44.890 detox[66324] i send
  data: {
    "type": "invoke",
    "params": {
      "type": "action",
      "action": "tap",
      "predicate": {
        "type": "id",
        "value": "demos-btn-logs",
        "isRegex": false
      }
    },
    "messageId": 26
  }
23:22:44.890 detox[66325] B tap
  data: {
    "type": "action",
    "action": "tap",
    "predicate": {
      "type": "id",
      "value": "demos-btn-logs",
      "isRegex": false
    }
  }
23:22:44.907 detox[66324] i get
  data: {"params":{"viewHierarchy":"<?xml version=\"1.0\" encoding=\"utf-8\"?>\n<ViewHierarchy>\n    <UIWindow alpha=\"1.0\" class=\"UIWindow\" focused=\"false\" height=\"874\" ptr=\"0x106598800\" visibility=\"visible\" width=\"402\">\n        <UITransitionView alpha=\"1.0\" class=\"UITransitionView\" focused=\"false\" height=\"874\" ptr=\"0x109a10000\" visibility=\"visible\" width=\"402\" x=\"0\" y=\"0\">\n            <UIDropShadowView alpha=\"1.0\" class=\"UIDropShadowView\" focused=\"false\" height=\"874\" ptr=\"0x10991db80\" visibility=\"visible\" width=\"402\" x=\"0\" y=\"0\">\n                <RCTRootView alpha=\"1.0\" class=\"RCTRootView\" focused=\"false\" height=\"874\" ptr=\"0x10991d400\" visibility=\"visible\" width=\"402\" x=\"0\" y=\"0\">\n                    <RCTRootContentView alpha=\"1.0\" class=\"RCTRootContentView\" focused=\"false\" height=\"874\" label=\"Network Demos All requests are auto-instrumented by the SDK Fetch Data Fetch Error Fetch Multiple (3) XHR Request Log: [23:22:42] XHR OK: Leanne Graham [23:22:42] XHR request... [23:22:41] Expected error: Network request failed [23:22:41] Fetching invalid URL... [23:22:41] OK: sunt aut facere repellat provident occae... [23:22:40] Fetching data... Vertical scroll bar, 1 page Horizontal scroll bar, 1 page Network Home, tab, 1 of 3 Demos, tab, 2 of 3 Settings, tab, 3 of 3\" ptr=\"0x106598400\" visibility=\"visible\" width=\"402\" x=\"0\" y=\"0\">\n                        <RCTView alpha=\"1.0\" class=\"RCTView\" focused=\"false\" height=\"874\" label=\"Network Demos All requests are auto-instrumented by the SDK Fetch Data Fetch Error Fetch Multiple (3) XHR Request Log: [23:22:42] XHR OK: Leanne Graham [23:22:42] XHR request... [23:22:41] Expected error: Network request failed [23:22:41] Fetching invalid URL... [23:22:41] OK: sunt aut facere repellat provident occae... [23:22:40] Fetching data... Vertical scroll bar, 1 page Horizontal scroll bar, 1 page Network Home, tab, 1 of 3 Demos, tab, 2 of 3 Settings, tab, 3 of 3\" ptr=\"0x10add3480\" visibility=\"visible\" width=\"402\" x=\"0\" y=\"0\">\n                            <RCTView alpha=\"1.0\" class=\"RCTView\" focused=\"false\" height=\"874\" label=\"Network Demos All requests are auto-instrumented by the SDK Fetch Data Fetch Error Fetch Multiple (3) XHR Request Log: [23:22:42] XHR OK: Leanne Graham [23:22:42] XHR request... [23:22:41] Expected error: Network request failed [23:22:41] Fetching invalid URL... [23:22:41] OK: sunt aut facere repellat provident occae... [23:22:40] Fetching data... Vertical scroll bar, 1 page Horizontal scroll bar, 1 page Network Home, tab, 1 of 3 Demos, tab, 2 of 3 Settings, tab, 3 of 3\" ptr=\"0x10add3100\" visibility=\"visible\" width=\"402\" x=\"0\" y=\"0\">\n                                <RNCSafeAreaProvider alpha=\"1.0\" class=\"RNCSafeAreaProvider\" focused=\"false\" height=\"874\" label=\"Network Demos All requests are auto-instrumented by the SDK Fetch Data Fetch Error Fetch Multiple (3) XHR Request Log: [23:22:42] XHR OK: Leanne Graham [23:22:42] XHR request... [23:22:41] Expected error: Network request failed [23:22:41] Fetching invalid URL... [23:22:41] OK: sunt aut facere repellat provident occae... [23:22:40] Fetching data... Vertical scroll bar, 1 page Horizontal scroll bar, 1 page Network Home, tab, 1 of 3 Demos, tab, 2 of 3 Settings, tab, 3 of 3\" ptr=\"0x106599800\" visibility=\"visible\" width=\"402\" x=\"0\" y=\"0\">\n                                    <RNSScreenNavigationContainerView alpha=\"1.0\" class=\"RNSScreenNavigationContainerView\" focused=\"false\" height=\"795\" ptr=\"0x1067c79c0\" visibility=\"visible\" width=\"402\" x=\"0\" y=\"0\">\n                                        <UILayoutContainerView alpha=\"1.0\" class=\"UILayoutContainerView\" focused=\"false\" height=\"795\" ptr=\"0x1067d9a40\" visibility=\"visible\" width=\"402\" x=\"0\" y=\"0\">\n                                            <UINavigationTransitionView alpha=\"1.0\" class=\"UINavigationTransitionView\" focused=\"false\" height=\"795\" ptr=\"0x1067daa00\" visibility=\"visible\" width=\"402\" x=\"0\" y=\"0\">\n                                                <UIViewControllerWrapperView alpha=\"1.0\" class=\"UIViewControllerWrapperView\" focused=\"false\" height=\"795\" ptr=\"0x1098baf40\" visibility=\"visible\" width=\"402\" x=\"0\" y=\"0\">\n                                                    <RNSScreenView alpha=\"1.0\" class=\"RNSScreenView\" focused=\"false\" height=\"795\" label=\"Network Demos All requests are auto-instrumented by the SDK Fetch Data Fetch Error Fetch Multiple (3) XHR Request Log: [23:22:42] XHR OK: Leanne Graham [23:22:42] XHR request... [23:22:41] Expected error: Network request failed [23:22:41] Fetching invalid URL... [23:22:41] OK: sunt aut facere repellat provident occae... [23:22:40] Fetching data... Vertical scroll bar, 1 page Horizontal scroll bar, 1 page Network\" ptr=\"0x1064fed00\" visibility=\"visible\" width=\"402\" x=\"0\" y=\"0\">\n                                                        <RCTView alpha=\"1.0\" class=\"RCTView\" focused=\"false\" height=\"795\" label=\"Network Demos All requests are auto-instrumented by the SDK Fetch Data Fetch Error Fetch Multiple (3) XHR Request Log: [23:22:42] XHR OK: Leanne Graham [23:22:42] XHR request... [23:22:41] Expected error: Network request failed [23:22:41] Fetching invalid URL... [23:22:41] OK: sunt aut facere repellat provident occae... [23:22:40] Fetching data... Vertical scroll bar, 1 page Horizontal scroll bar, 1 page Network\" ptr=\"0x10aeaa300\" visibility=\"visible\" width=\"402\" x=\"0\" y=\"0\">\n                                                            <RCTView alpha=\"1.0\" class=\"RCTView\" focused=\"false\" height=\"795\" label=\"Network Demos All requests are auto-instrumented by the SDK Fetch Data Fetch Error Fetch Multiple (3) XHR Request Log: [23:22:42] XHR OK: Leanne Graham [23:22:42] XHR request... [23:22:41] Expected error: Network request failed [23:22:41] Fetching invalid URL... [23:22:41] OK: sunt aut facere repellat provident occae... [23:22:40] Fetching data... Vertical scroll bar, 1 page Horizontal scroll bar, 1 page Network\" ptr=\"0x10aea9f80\" visibility=\"visible\" width=\"402\" x=\"0\" y=\"0\">\n                                                                <RCTView alpha=\"1.0\" class=\"RCTView\" focused=\"false\" height=\"795\" label=\"Network Demos All requests are auto-instrumented by the SDK Fetch Data Fetch Error Fetch Multiple (3) XHR Request Log: [23:22:42] XHR OK: Leanne Graham [23:22:42] XHR request... [23:22:41] Expected error: Network request failed [23:22:41] Fetching invalid URL... [23:22:41] OK: sunt aut facere repellat provident occae... [23:22:40] Fetching data... Vertical scroll bar, 1 page Horizontal scroll bar, 1 page Network\" ptr=\"0x10aea9c00\" visibility=\"visible\" width=\"402\" x=\"0\" y=\"0\">\n                                                                    <RNSScreenStackView alpha=\"1.0\" class=\"RNSScreenStackView\" focused=\"false\" height=\"795\" ptr=\"0x10af6a800\" visibility=\"visible\" width=\"402\" x=\"0\" y=\"0\">\n                                                                        <UILayoutContainerView alpha=\"1.0\" class=\"UILayoutContainerView\" focused=\"false\" height=\"795\" ptr=\"0x1098a5dc0\" visibility=\"visible\" width=\"402\" x=\"0\" y=\"0\">\n                                                                            <UINavigationTransitionView alpha=\"1.0\" class=\"UINavigationTransitionView\" focused=\"false\" height=\"795\" ptr=\"0x1098a6a00\" visibility=\"visible\" width=\"402\" x=\"0\" y=\"0\">\n                                                                                <UIViewControllerWrapperView alpha=\"1.0\" class=\"UIViewControllerWrapperView\" focused=\"false\" height=\"795\" ptr=\"0x1098a7b80\" visibility=\"visible\" width=\"402\" x=\"0\" y=\"0\">\n                                                                                    <RNSScreenView alpha=\"1.0\" class=\"RNSScreenView\" focused=\"false\" height=\"679\" label=\"Network Demos All requests are auto-instrumented by the SDK Fetch Data Fetch Error Fetch Multiple (3) XHR Request Log: [23:22:42] XHR OK: Leanne Graham [23:22:42] XHR request... [23:22:41] Expected error: Network request failed [23:22:41] Fetching invalid URL... [23:22:41] OK: sunt aut facere repellat provident occae... [23:22:40] Fetching data... Vertical scroll bar, 1 page Horizontal scroll bar, 1 page\" ptr=\"0x118ef9900\" visibility=\"visible\" width=\"402\" x=\"0\" y=\"116\">\n                                                                                        <RCTView alpha=\"1.0\" class=\"RCTView\" focused=\"false\" height=\"679\" label=\"Network Demos All requests are auto-instrumented by the SDK Fetch Data Fetch Error Fetch Multiple (3) XHR Request Log: [23:22:42] XHR OK: Leanne Graham [23:22:42] XHR request... [23:22:41] Expected error: Network request failed [23:22:41] Fetching invalid URL... [23:22:41] OK: sunt aut facere repellat provident occae... [23:22:40] Fetching data... Vertical scroll bar, 1 page Horizontal scroll bar, 1 page\" ptr=\"0x118ef7b80\" visibility=\"visible\" width=\"402\" x=\"0\" y=\"0\">\n                                                                                            <RCTView alpha=\"1.0\" class=\"RCTView\" focused=\"false\" height=\"679\" label=\"Network Demos All requests are auto-instrumented by the SDK Fetch Data Fetch Error Fetch Multiple (3) XHR Request Log: [23:22:42] XHR OK: Leanne Graham [23:22:42] XHR request... [23:22:41] Expected error: Network request failed [23:22:41] Fetching invalid URL... [23:22:41] OK: sunt aut facere repellat provident occae... [23:22:40] Fetching data... Vertical scroll bar, 1 page Horizontal scroll bar, 1 page\" ptr=\"0x118ef7800\" visibility=\"visible\" width=\"402\" x=\"0\" y=\"0\">\n                                                                                                <RCTSafeAreaView alpha=\"1.0\" class=\"RCTSafeAreaView\" focused=\"false\" height=\"679\" label=\"Network Demos All requests are auto-instrumented by the SDK Fetch Data Fetch Error Fetch Multiple (3) XHR Request Log: [23:22:42] XHR OK: Leanne Graham [23:22:42] XHR request... [23:22:41] Expected error: Network request failed [23:22:41] Fetching invalid URL... [23:22:41] OK: sunt aut facere repellat provident occae... [23:22:40] Fetching data... Vertical scroll bar, 1 page Horizontal scroll bar, 1 page\" ptr=\"0x10659ac00\" visibility=\"visible\" width=\"402\" x=\"0\" y=\"0\">\n                                                                                                    <RCTScrollView alpha=\"1.0\" class=\"RCTScrollView\" focused=\"false\" height=\"679\" label=\"Network Demos All requests are auto-instrumented by the SDK Fetch Data Fetch Error Fetch Multiple (3) XHR Request Log: [23:22:42] XHR OK: Leanne Graham [23:22:42] XHR request... [23:22:41] Expected error: Network request failed [23:22:41] Fetching invalid URL... [23:22:41] OK: sunt aut facere repellat provident occae... [23:22:40] Fetching data... Vertical scroll bar, 1 page Horizontal scroll bar, 1 page\" ptr=\"0x118ef9400\" visibility=\"visible\" width=\"402\" x=\"0\" y=\"0\">\n                                                                                                        <RCTCustomScrollView alpha=\"1.0\" class=\"RCTCustomScrollView\" focused=\"false\" height=\"679\" ptr=\"0x106589400\" visibility=\"visible\" width=\"402\" x=\"0\" y=\"0\">\n                                                                                                            <RCTScrollContentView alpha=\"1.0\" class=\"RCTScrollContentView\" focused=\"false\" height=\"302\" label=\"Network Demos All requests are auto-instrumented by the SDK Fetch Data Fetch Error Fetch Multiple (3) XHR Request Log: [23:22:42] XHR OK: Leanne Graham [23:22:42] XHR request... [23:22:41] Expected error: Network request failed [23:22:41] Fetching invalid URL... [23:22:41] OK: sunt aut facere repellat provident occae... [23:22:40] Fetching data...\" ptr=\"0x118ef7480\" visibility=\"visible\" width=\"370\" x=\"16\" y=\"16\">\n                                                                                                                <RCTTextView alpha=\"1.0\" class=\"RCTTextView\" focused=\"false\" height=\"26\" label=\"Network Demos\" ptr=\"0x118f58a00\" text=\"Network Demos\" visibility=\"visible\" width=\"370\" x=\"0\" y=\"0\" \/>\n                                                                                                                <RCTTextView alpha=\"1.0\" class=\"RCTTextView\" focused=\"false\" height=\"16\" label=\"All requests are auto-instrumented by the SDK\" ptr=\"0x118f58c00\" text=\"All requests are auto-instrumented by the SDK\" visibility=\"visible\" width=\"370\" x=\"0\" y=\"30\" \/>\n                                                                                                                <RCTView alpha=\"1.0\" class=\"RCTView\" focused=\"false\" height=\"71\" label=\"Fetch Data Fetch Error Fetch Multiple (3) XHR Request\" ptr=\"0x118ef6d80\" visibility=\"visible\" width=\"370\" x=\"0\" y=\"62\">\n                                                                                                                    <RCTView alpha=\"1.0\" class=\"RCTView\" focused=\"false\" height=\"31\" id=\"network-btn-fetch\" label=\"Fetch Data\" ptr=\"0x118ef5f80\" visibility=\"visible\" width=\"92\" x=\"0\" y=\"0\">\n                                                                                                                        <RCTTextView alpha=\"1.0\" class=\"RCTTextView\" focused=\"false\" height=\"16\" label=\"Fetch Data\" ptr=\"0x118f58e00\" text=\"Fetch Data\" visibility=\"visible\" width=\"68\" x=\"12\" y=\"8\" \/>\n                                                                                                                    <\/RCTView>\n                                                                                                                    <RCTView alpha=\"1.0\" class=\"RCTView\" focused=\"false\" height=\"31\" id=\"network-btn-fetch-error\" label=\"Fetch Error\" ptr=\"0x118ef6300\" visibility=\"visible\" width=\"94\" x=\"100\" y=\"0\">\n                                                                                                                        <RCTTextView alpha=\"1.0\" class=\"RCTTextView\" focused=\"false\" height=\"16\" label=\"Fetch Error\" ptr=\"0x118f59000\" text=\"Fetch Error\" visibility=\"visible\" width=\"71\" x=\"12\" y=\"8\" \/>\n                                                                                                                    <\/RCTView>\n                                                                                                                    <RCTView alpha=\"1.0\" class=\"RCTView\" focused=\"false\" height=\"31\" id=\"network-btn-fetch-multiple\" label=\"Fetch Multiple (3)\" ptr=\"0x118ef6680\" visibility=\"visible\" width=\"136\" x=\"203\" y=\"0\">\n                                                                                                                        <RCTTextView alpha=\"1.0\" class=\"RCTTextView\" focused=\"false\" height=\"16\" label=\"Fetch Multiple (3)\" ptr=\"0x118f59200\" text=\"Fetch Multiple (3)\" visibility=\"visible\" width=\"112\" x=\"12\" y=\"8\" \/>\n                                                                                                                    <\/RCTView>\n                                                                                                                    <RCTView alpha=\"1.0\" class=\"RCTView\" focused=\"false\" height=\"31\" id=\"network-btn-xhr\" label=\"XHR Request\" ptr=\"0x118ef6a00\" visibility=\"visible\" width=\"107\" x=\"0\" y=\"39\">\n                                                                                                                        <RCTTextView alpha=\"1.0\" class=\"RCTTextView\" focused=\"false\" height=\"16\" label=\"XHR Request\" ptr=\"0x118f59400\" text=\"XHR Request\" visibility=\"visible\" width=\"83\" x=\"12\" y=\"8\" \/>\n                                                                                                                    <\/RCTView>\n                                                                                                                <\/RCTView>\n                                                                                                                <RCTView alpha=\"1.0\" class=\"RCTView\" focused=\"false\" height=\"137\" id=\"network-result\" label=\"Log: [23:22:42] XHR OK: Leanne Graham [23:22:42] XHR request... [23:22:41] Expected error: Network request failed [23:22:41] Fetching invalid URL... [23:22:41] OK: sunt aut facere repellat provident occae... [23:22:40] Fetching data...\" ptr=\"0x118ef7100\" visibility=\"visible\" width=\"370\" x=\"0\" y=\"149\">\n                                                                                                                    <RCTTextView alpha=\"1.0\" class=\"RCTTextView\" focused=\"false\" height=\"17\" label=\"Log:\" ptr=\"0x118f59600\" text=\"Log:\" visibility=\"visible\" width=\"346\" x=\"12\" y=\"12\" \/>\n                                                                                                                    <RCTTextView alpha=\"1.0\" class=\"RCTTextView\" focused=\"false\" height=\"13\" label=\"[23:22:42] XHR OK: Leanne Graham\" ptr=\"0x117c98400\" text=\"[23:22:42] XHR OK: Leanne Graham\" visibility=\"visible\" width=\"346\" x=\"12\" y=\"35\" \/>\n                                                                                                                    <RCTTextView alpha=\"1.0\" class=\"RCTTextView\" focused=\"false\" height=\"13\" label=\"[23:22:42] XHR request...\" ptr=\"0x117c98600\" text=\"[23:22:42] XHR request...\" visibility=\"visible\" width=\"346\" x=\"12\" y=\"50\" \/>\n                                                                                                                    <RCTTextView alpha=\"1.0\" class=\"RCTTextView\" focused=\"false\" height=\"13\" label=\"[23:22:41] Expected error: Network request failed\" ptr=\"0x117c98800\" text=\"[23:22:41] Expected error: Network request failed\" visibility=\"visible\" width=\"346\" x=\"12\" y=\"65\" \/>\n                                                                                                                    <RCTTextView alpha=\"1.0\" class=\"RCTTextView\" focused=\"false\" height=\"13\" label=\"[23:22:41] Fetching invalid URL...\" ptr=\"0x117c98a00\" text=\"[23:22:41] Fetching invalid URL...\" visibility=\"visible\" width=\"346\" x=\"12\" y=\"81\" \/>\n                                                                                                                    <RCTTextView alpha=\"1.0\" class=\"RCTTextView\" focused=\"false\" height=\"13\" label=\"[23:22:41] OK: sunt aut facere repellat provident occae...\" ptr=\"0x117c98c00\" text=\"[23:22:41] OK: sunt aut facere repellat provident occae...\" visibility=\"visible\" width=\"346\" x=\"12\" y=\"96\" \/>\n                                                                                                                    <RCTTextView alpha=\"1.0\" class=\"RCTTextView\" focused=\"false\" height=\"13\" label=\"[23:22:40] Fetching data...\" ptr=\"0x117c98e00\" text=\"[23:22:40] Fetching data...\" visibility=\"visible\" width=\"346\" x=\"12\" y=\"111\" \/>\n                                                                                                                <\/RCTView>\n                                                                                                            <\/RCTScrollContentView>\n                                                                                                            <_UIScrollViewScrollIndicator alpha=\"0.0\" class=\"_UIScrollViewScrollIndicator\" focused=\"false\" height=\"265\" label=\"Vertical scroll bar, 1 page\" ptr=\"0x118f59e00\" value=\"0%\" visibility=\"visible\" width=\"3\" x=\"396\" y=\"410\">\n                                                                                                                <UIView alpha=\"1.0\" class=\"UIView\" focused=\"false\" height=\"265\" ptr=\"0x1098c7640\" visibility=\"visible\" width=\"3\" x=\"0\" y=\"0\" \/>\n                                                                                                            <\/_UIScrollViewScrollIndicator>\n                                                                                                            <_UIScrollViewScrollIndicator alpha=\"0.0\" class=\"_UIScrollViewScrollIndicator\" focused=\"false\" height=\"3\" label=\"Horizontal scroll bar, 1 page\" ptr=\"0x118f59c00\" value=\"0%\" visibility=\"visible\" width=\"364\" x=\"35\" y=\"673\">\n                                                                                                                <UIView alpha=\"1.0\" class=\"UIView\" focused=\"false\" height=\"3\" ptr=\"0x1098c72c0\" visibility=\"visible\" width=\"364\" x=\"0\" y=\"0\" \/>\n                                                                                                            <\/_UIScrollViewScrollIndicator>\n                                                                                                        <\/RCTCustomScrollView>\n                                                                                                    <\/RCTScrollView>\n                                                                                                <\/RCTSafeAreaView>\n                                                                                            <\/RCTView>\n                                                                                        <\/RCTView>\n                                                                                    <\/RNSScreenView>\n                                                                                <\/UIViewControllerWrapperView>\n                                                                            <\/UINavigationTransitionView>\n                                                                            <UINavigationBar alpha=\"1.0\" class=\"UINavigationBar\" focused=\"false\" height=\"54\" id=\"Network\" ptr=\"0x1099a6a00\" visibility=\"visible\" width=\"402\" x=\"0\" y=\"62\">\n                                                                                <_UIBarBackground alpha=\"1.0\" class=\"_UIBarBackground\" focused=\"false\" height=\"116\" ptr=\"0x118e5e800\" visibility=\"visible\" width=\"402\" x=\"0\" y=\"-62\">\n                                                                                    <UIImageView alpha=\"1.0\" class=\"UIImageView\" focused=\"false\" height=\"116\" ptr=\"0x10af6bc00\" visibility=\"visible\" width=\"402\" x=\"0\" y=\"0\" \/>\n                                                                                    <_UIBarBackgroundShadowView alpha=\"1.0\" class=\"_UIBarBackgroundShadowView\" focused=\"false\" height=\"0\" ptr=\"0x118e5f200\" visibility=\"visible\" width=\"402\" x=\"0\" y=\"116\">\n                                                                                        <_UIBarBackgroundShadowContentImageView alpha=\"1.0\" class=\"_UIBarBackgroundShadowContentImageView\" focused=\"false\" height=\"0\" ptr=\"0x118e5f480\" visibility=\"visible\" width=\"402\" x=\"0\" y=\"0\" \/>\n                                                                                    <\/_UIBarBackgroundShadowView>\n                                                                                <\/_UIBarBackground>\n                                                                                <UIKit.NavigationBarContentView alpha=\"1.0\" class=\"UIKit.NavigationBarContentView\" focused=\"false\" height=\"54\" ptr=\"0x106575000\" visibility=\"visible\" width=\"402\" x=\"0\" y=\"0\">\n                                                                                    <UIKit.NavigationBarTransitionContainer alpha=\"1.0\" class=\"UIKit.NavigationBarTransitionContainer\" focused=\"false\" height=\"54\" ptr=\"0x10af6ac00\" visibility=\"visible\" width=\"402\" x=\"0\" y=\"0\">\n                                                                                        <_UINavigationBarHostedViewContainer alpha=\"1.0\" class=\"_UINavigationBarHostedViewContainer\" focused=\"false\" height=\"54\" ptr=\"0x1098a6140\" visibility=\"visible\" width=\"402\" x=\"0\" y=\"0\">\n                                                                                            <_UINavigationBarHostedViewWrapper alpha=\"1.0\" class=\"_UINavigationBarHostedViewWrapper\" focused=\"false\" height=\"20\" ptr=\"0x118f5b200\" visibility=\"visible\" width=\"68\" x=\"167\" y=\"11\">\n                                                                                                <_UINavigationBarTitleControl alpha=\"1.0\" class=\"_UINavigationBarTitleControl\" focused=\"false\" height=\"20\" ptr=\"0x118f01200\" visibility=\"visible\" width=\"68\" x=\"0\" y=\"0\">\n                                                                                                    <_UIIntrinsicContentSizeInvalidationForwardingWrapperView alpha=\"1.0\" class=\"_UIIntrinsicContentSizeInvalidationForwardingWrapperView\" focused=\"false\" height=\"20\" ptr=\"0x1098d0a80\" visibility=\"visible\" width=\"68\" x=\"0\" y=\"0\">\n                                                                                                        <UILabel alpha=\"1.0\" class=\"UILabel\" focused=\"false\" height=\"20\" label=\"Network\" ptr=\"0x118fe4380\" text=\"Network\" visibility=\"visible\" width=\"67\" x=\"0\" y=\"0\" \/>\n                                                                                                    <\/_UIIntrinsicContentSizeInvalidationForwardingWrapperView>\n                                                                                                <\/_UINavigationBarTitleControl>\n                                                                                            <\/_UINavigationBarHostedViewWrapper>\n                                                                                        <\/_UINavigationBarHostedViewContainer>\n                                                                                        <UIView alpha=\"1.0\" class=\"UIView\" focused=\"false\" height=\"54\" ptr=\"0x1098a5f80\" visibility=\"visible\" width=\"402\" x=\"0\" y=\"0\" \/>\n                                                                                        <UIKit.NavigationBarPlatterContainer alpha=\"1.0\" class=\"UIKit.NavigationBarPlatterContainer\" focused=\"false\" height=\"54\" ptr=\"0x1098a6300\" visibility=\"visible\" width=\"402\" x=\"0\" y=\"0\">\n                                                                                            <_UINavigationBarPlatterView alpha=\"1.0\" class=\"_UINavigationBarPlatterView\" focused=\"false\" height=\"44\" ptr=\"0x118f01800\" visibility=\"visible\" width=\"44\" x=\"16\" y=\"0\">\n                                                                                                <_UINavigationBarPlatterAnimationView alpha=\"1.0\" class=\"_UINavigationBarPlatterAnimationView\" focused=\"false\" height=\"44\" ptr=\"0x1098d1dc0\" visibility=\"visible\" width=\"44\" x=\"0\" y=\"0\">\n                                                                                                    <_UINavigationBarPlatterAnimationView alpha=\"1.0\" class=\"_UINavigationBarPlatterAnimationView\" focused=\"false\" height=\"44\" ptr=\"0x1098d2140\" visibility=\"visible\" width=\"44\" x=\"0\" y=\"0\">\n                                                                                                        <_UINavigationBarPlatterAnimationView alpha=\"1.0\" class=\"_UINavigationBarPlatterAnimationView\" focused=\"false\" height=\"48\" ptr=\"0x1098d2300\" visibility=\"visible\" width=\"48\" x=\"-2\" y=\"-2\">\n                                                                                                            <_UINavigationBarPlatterAnimationView alpha=\"1.0\" class=\"_UINavigationBarPlatterAnimationView\" focused=\"false\" height=\"40\" ptr=\"0x1098d24c0\" visibility=\"visible\" width=\"40\" x=\"1\" y=\"1\">\n                                                                                                                <_UINavigationBarPlatterContentView alpha=\"1.0\" class=\"_UINavigationBarPlatterContentView\" focused=\"false\" height=\"44\" ptr=\"0x1098d2680\" visibility=\"visible\" width=\"44\" x=\"0\" y=\"0\">\n                                                                                                                    <_UINavigationBarPlatterGlassView alpha=\"1.0\" class=\"_UINavigationBarPlatterGlassView\" focused=\"false\" height=\"44\" ptr=\"0x1098d2840\" visibility=\"visible\" width=\"44\" x=\"0\" y=\"0\">\n                                                                                                                        <_UINavigationBarPlatterSubviewContainerView alpha=\"1.0\" class=\"_UINavigationBarPlatterSubviewContainerView\" focused=\"false\" height=\"44\" ptr=\"0x1098d2a00\" visibility=\"visible\" width=\"44\" x=\"0\" y=\"0\">\n                                                                                                                            <_UINavigationBarPlatterItemView alpha=\"1.0\" class=\"_UINavigationBarPlatterItemView\" focused=\"false\" height=\"44\" ptr=\"0x118fcef80\" visibility=\"visible\" width=\"44\" x=\"0\" y=\"0\">\n                                                                                                                                <_UIButtonBarButton alpha=\"1.0\" class=\"_UIButtonBarButton\" focused=\"false\" height=\"44\" id=\"BackButton\" ptr=\"0x118fce800\" visibility=\"visible\" width=\"44\" x=\"0\" y=\"0\">\n                                                                                                                                    <_TtCC5UIKit29ButtonBarButtonVisualProviderP33_A98CD29F4F6ECA17AFECE41BBB264E5918BackButtonMaskView alpha=\"1.0\" class=\"_TtCC5UIKit29ButtonBarButtonVisualProviderP33_A98CD29F4F6ECA17AFECE41BBB264E5918BackButtonMaskView\" focused=\"false\" height=\"44\" ptr=\"0x1098d0540\" visibility=\"invisible\" width=\"44\" x=\"0\" y=\"0\">\n                                                                                                                                        <UIImageView alpha=\"1.0\" class=\"UIImageView\" focused=\"false\" height=\"28\" id=\"UINavigationBarTitleTransitionBackIndicatorMaskSymbol\" ptr=\"0x118f5a800\" visibility=\"visible\" width=\"19\" x=\"0\" y=\"8\" \/>\n                                                                                                                                        <UIView alpha=\"1.0\" class=\"UIView\" focused=\"false\" height=\"44\" ptr=\"0x1098d0700\" visibility=\"visible\" width=\"0\" x=\"44\" y=\"0\" \/>\n                                                                                                                                    <\/_TtCC5UIKit29ButtonBarButtonVisualProviderP33_A98CD29F4F6ECA17AFECE41BBB264E5918BackButtonMaskView>\n                                                                                                                                    <_TtCC5UIKit29ButtonBarButtonVisualProviderP33_A98CD29F4F6ECA17AFECE41BBB264E596Button alpha=\"1.0\" class=\"_TtCC5UIKit29ButtonBarButtonVisualProviderP33_A98CD29F4F6ECA17AFECE41BBB264E596Button\" focused=\"false\" height=\"23\" label=\"Back\" ptr=\"0x118fe4000\" visibility=\"visible\" width=\"44\" x=\"0\" y=\"10\">\n                                                                                                                                        <UIImageView alpha=\"1.0\" class=\"UIImageView\" focused=\"false\" height=\"23\" id=\"chevron.backward\" label=\"Back\" ptr=\"0x118f5aa00\" visibility=\"visible\" width=\"16\" x=\"13\" y=\"0\" \/>\n                                                                                                                                    <\/_TtCC5UIKit29ButtonBarButtonVisualProviderP33_A98CD29F4F6ECA17AFECE41BBB264E596Button>\n                                                                                                                                <\/_UIButtonBarButton>\n                                                                                                                            <\/_UINavigationBarPlatterItemView>\n                                                                                                                        <\/_UINavigationBarPlatterSubviewContainerView>\n                                                                                                                    <\/_UINavigationBarPlatterGlassView>\n                                                                                                                <\/_UINavigationBarPlatterContentView>\n                                                                                                            <\/_UINavigationBarPlatterAnimationView>\n                                                                                                        <\/_UINavigationBarPlatterAnimationView>\n                                                                                                    <\/_UINavigationBarPlatterAnimationView>\n                                                                                                <\/_UINavigationBarPlatterAnimationView>\n                                                                                            <\/_UINavigationBarPlatterView>\n                                                                                        <\/UIKit.NavigationBarPlatterContainer>\n                                                                                    <\/UIKit.NavigationBarTransitionContainer>\n                                                                                <\/UIKit.NavigationBarContentView>\n                                                                                <_UIPointerInteractionAssistantEffectContainerView alpha=\"1.0\" class=\"_UIPointerInteractionAssistantEffectContainerView\" focused=\"false\" height=\"0\" ptr=\"0x1098a7480\" visibility=\"visible\" width=\"0\" x=\"0\" y=\"0\" \/>\n                                                                            <\/UINavigationBar>\n                                                                            <_UIFloatingBarContainerView alpha=\"1.0\" class=\"_UIFloatingBarContainerView\" focused=\"false\" height=\"795\" ptr=\"0x10af6b000\" visibility=\"visible\" width=\"402\" x=\"0\" y=\"0\">\n                                                                                <_TtGC5UIKitP10$186ea25a022FloatingBarHostingViewVS_20FloatingBarContainer_ alpha=\"1.0\" class=\"_TtGC5UIKitP10$186ea25a022FloatingBarHostingViewVS_20FloatingBarContainer_\" focused=\"false\" height=\"795\" ptr=\"0x10af6b800\" visibility=\"visible\" width=\"402\" x=\"0\" y=\"0\" \/>\n                                                                                <_UIPointerInteractionAssistantEffectContainerView alpha=\"1.0\" class=\"_UIPointerInteractionAssistantEffectContainerView\" focused=\"false\" height=\"0\" ptr=\"0x1098a6f40\" visibility=\"visible\" width=\"0\" x=\"0\" y=\"0\" \/>\n                                                                            <\/_UIFloatingBarContainerView>\n                                                                        <\/UILayoutContainerView>\n                                                                    <\/RNSScreenStackView>\n                                                                <\/RCTView>\n                                                            <\/RCTView>\n                                                        <\/RCTView>\n                                                    <\/RNSScreenView>\n                                                <\/UIViewControllerWrapperView>\n                                            <\/UINavigationTransitionView>\n                                            <UINavigationBar alpha=\"1.0\" class=\"UINavigationBar\" focused=\"false\" height=\"54\" id=\"RNSScreen\" ptr=\"0x1099a4600\" visibility=\"invisible\" width=\"402\" x=\"0\" y=\"-116\">\n                                                <_UIBarBackground alpha=\"1.0\" class=\"_UIBarBackground\" focused=\"false\" height=\"116\" ptr=\"0x10ac71900\" visibility=\"visible\" width=\"402\" x=\"0\" y=\"-62\" \/>\n                                                <_UIPointerInteractionAssistantEffectContainerView alpha=\"1.0\" class=\"_UIPointerInteractionAssistantEffectContainerView\" focused=\"false\" height=\"0\" ptr=\"0x109801dc0\" visibility=\"visible\" width=\"0\" x=\"0\" y=\"0\" \/>\n                                            <\/UINavigationBar>\n                                            <_UIFloatingBarContainerView alpha=\"1.0\" class=\"_UIFloatingBarContainerView\" focused=\"false\" height=\"795\" ptr=\"0x109a12200\" visibility=\"visible\" width=\"402\" x=\"0\" y=\"0\">\n                                                <_TtGC5UIKitP10$186ea25a022FloatingBarHostingViewVS_20FloatingBarContainer_ alpha=\"1.0\" class=\"_TtGC5UIKitP10$186ea25a022FloatingBarHostingViewVS_20FloatingBarContainer_\" focused=\"false\" height=\"795\" ptr=\"0x109a12a00\" visibility=\"visible\" width=\"402\" x=\"0\" y=\"0\" \/>\n                                                <_UIPointerInteractionAssistantEffectContainerView alpha=\"1.0\" class=\"_UIPointerInteractionAssistantEffectContainerView\" focused=\"false\" height=\"0\" ptr=\"0x1067e8a80\" visibility=\"visible\" width=\"0\" x=\"0\" y=\"0\" \/>\n                                            <\/_UIFloatingBarContainerView>\n                                        <\/UILayoutContainerView>\n                                    <\/RNSScreenNavigationContainerView>\n                                    <RCTView alpha=\"1.0\" class=\"RCTView\" focused=\"false\" height=\"79\" label=\"Home, tab, 1 of 3 Demos, tab, 2 of 3 Settings, tab, 3 of 3\" ptr=\"0x10add2d80\" visibility=\"visible\" width=\"402\" x=\"0\" y=\"795\">\n                                        <RCTView alpha=\"1.0\" class=\"RCTView\" focused=\"false\" height=\"78\" ptr=\"0x1065d3b80\" visibility=\"visible\" width=\"402\" x=\"0\" y=\"0\" \/>\n                                        <RCTView alpha=\"1.0\" class=\"RCTView\" focused=\"false\" height=\"48\" label=\"Home, tab, 1 of 3 Demos, tab, 2 of 3 Settings, tab, 3 of 3\" ptr=\"0x10add2a00\" visibility=\"visible\" width=\"402\" x=\"0\" y=\"0\">\n                                            <RCTView alpha=\"1.0\" class=\"RCTView\" focused=\"false\" height=\"48\" id=\"tab-home\" label=\"Home, tab, 1 of 3\" ptr=\"0x10add0a80\" visibility=\"visible\" width=\"134\" x=\"0\" y=\"0\">\n                                                <RCTView alpha=\"1.0\" class=\"RCTView\" focused=\"false\" height=\"34\" label=\"H H\" ptr=\"0x10add0700\" visibility=\"visible\" width=\"0\" x=\"67\" y=\"0\">\n                                                    <RCTView alpha=\"0.0\" class=\"RCTView\" focused=\"false\" height=\"34\" label=\"H\" ptr=\"0x10add0000\" visibility=\"visible\" width=\"134\" x=\"-67\" y=\"0\">\n                                                        <RCTTextView alpha=\"1.0\" class=\"RCTTextView\" focused=\"false\" height=\"22\" label=\"H\" ptr=\"0x109a12c00\" text=\"H\" visibility=\"visible\" width=\"13\" x=\"60\" y=\"6\" \/>\n                                                    <\/RCTView>\n                                                    <RCTView alpha=\"1.0\" class=\"RCTView\" focused=\"false\" height=\"34\" label=\"H\" ptr=\"0x10add0380\" visibility=\"visible\" width=\"134\" x=\"-67\" y=\"0\">\n                                                        <RCTTextView alpha=\"1.0\" class=\"RCTTextView\" focused=\"false\" height=\"22\" label=\"H\" ptr=\"0x109a12e00\" text=\"H\" visibility=\"visible\" width=\"13\" x=\"60\" y=\"6\" \/>\n                                                    <\/RCTView>\n                                                <\/RCTView>\n                                                <RCTTextView alpha=\"1.0\" class=\"RCTTextView\" focused=\"false\" height=\"14\" label=\"Home\" ptr=\"0x109a13000\" text=\"Home\" visibility=\"visible\" width=\"34\" x=\"50\" y=\"34\" \/>\n                                            <\/RCTView>\n                                            <RCTView alpha=\"1.0\" class=\"RCTView\" focused=\"false\" height=\"48\" id=\"tab-demos\" label=\"Demos, tab, 2 of 3\" ptr=\"0x10add1880\" visibility=\"visible\" width=\"134\" x=\"134\" y=\"0\">\n                                                <RCTView alpha=\"1.0\" class=\"RCTView\" focused=\"false\" height=\"34\" label=\"D D\" ptr=\"0x10add1500\" visibility=\"visible\" width=\"0\" x=\"67\" y=\"0\">\n                                                    <RCTView alpha=\"1.0\" class=\"RCTView\" focused=\"false\" height=\"34\" label=\"D\" ptr=\"0x10add0e00\" visibility=\"visible\" width=\"134\" x=\"-67\" y=\"0\">\n                                                        <RCTTextView alpha=\"1.0\" class=\"RCTTextView\" focused=\"false\" height=\"22\" label=\"D\" ptr=\"0x109a13200\" text=\"D\" visibility=\"visible\" width=\"13\" x=\"60\" y=\"6\" \/>\n                                                    <\/RCTView>\n                                                    <RCTView alpha=\"0.0\" class=\"RCTView\" focused=\"false\" height=\"34\" label=\"D\" ptr=\"0x10add1180\" visibility=\"visible\" width=\"134\" x=\"-67\" y=\"0\">\n                                                        <RCTTextView alpha=\"1.0\" class=\"RCTTextView\" focused=\"false\" height=\"22\" label=\"D\" ptr=\"0x109a13400\" text=\"D\" visibility=\"visible\" width=\"13\" x=\"60\" y=\"6\" \/>\n                                                    <\/RCTView>\n                                                <\/RCTView>\n                                                <RCTTextView alpha=\"1.0\" class=\"RCTTextView\" focused=\"false\" height=\"14\" label=\"Demos\" ptr=\"0x109a13600\" text=\"Demos\" visibility=\"visible\" width=\"40\" x=\"47\" y=\"34\" \/>\n                                            <\/RCTView>\n                                            <RCTView alpha=\"1.0\" class=\"RCTView\" focused=\"false\" height=\"48\" id=\"tab-settings\" label=\"Settings, tab, 3 of 3\" ptr=\"0x10add2680\" visibility=\"visible\" width=\"134\" x=\"268\" y=\"0\">\n                                                <RCTView alpha=\"1.0\" class=\"RCTView\" focused=\"false\" height=\"34\" label=\"S S\" ptr=\"0x10add2300\" visibility=\"visible\" width=\"0\" x=\"67\" y=\"0\">\n                                                    <RCTView alpha=\"0.0\" class=\"RCTView\" focused=\"false\" height=\"34\" label=\"S\" ptr=\"0x10add1c00\" visibility=\"visible\" width=\"134\" x=\"-67\" y=\"0\">\n                                                        <RCTTextView alpha=\"1.0\" class=\"RCTTextView\" focused=\"false\" height=\"22\" label=\"S\" ptr=\"0x109a13800\" text=\"S\" visibility=\"visible\" width=\"11\" x=\"61\" y=\"6\" \/>\n                                                    <\/RCTView>\n                                                    <RCTView alpha=\"1.0\" class=\"RCTView\" focused=\"false\" height=\"34\" label=\"S\" ptr=\"0x10add1f80\" visibility=\"visible\" width=\"134\" x=\"-67\" y=\"0\">\n                                                        <RCTTextView alpha=\"1.0\" class=\"RCTTextView\" focused=\"false\" height=\"22\" label=\"S\" ptr=\"0x109a13a00\" text=\"S\" visibility=\"visible\" width=\"11\" x=\"61\" y=\"6\" \/>\n                                                    <\/RCTView>\n                                                <\/RCTView>\n                                                <RCTTextView alpha=\"1.0\" class=\"RCTTextView\" focused=\"false\" height=\"14\" label=\"Settings\" ptr=\"0x109a13c00\" text=\"Settings\" visibility=\"visible\" width=\"47\" x=\"43\" y=\"34\" \/>\n                                            <\/RCTView>\n                                        <\/RCTView>\n                                    <\/RCTView>\n                                <\/RNCSafeAreaProvider>\n                            <\/RCTView>\n                        <\/RCTView>\n                    <\/RCTRootContentView>\n                <\/RCTRootView>\n            <\/UIDropShadowView>\n        <\/UITransitionView>\n    <\/UIWindow>\n<\/ViewHierarchy>","visibilityFailingRectsURL":"\/Users\/nonth\/Library\/Developer\/CoreSimulator\/Devices\/B7E9BAD6-0C0D-41EE-BE0C-D49BF485382E\/data\/Containers\/Data\/Application\/438DCEE1-3489-4DA1-B18D-63078973F5DB\/tmp\/visibilityFailingRects","details":"No elements found for “MATCHER(id == “demos-btn-logs”)”","NSLocalizedDescription":"No elements found for “MATCHER(id == “demos-btn-logs”)”","DetoxFailureInformation":{"lineNumber":50,"file":"\/Users\/builder\/uibuilder\/work\/detox\/ios\/Detox\/Invocation\/Element.swift","functionName":"views"},"visibilityFailingScreenshotsURL":"\/Users\/nonth\/Library\/Developer\/CoreSimulator\/Devices\/B7E9BAD6-0C0D-41EE-BE0C-D49BF485382E\/data\/Containers\/Data\/Application\/438DCEE1-3489-4DA1-B18D-63078973F5DB\/tmp\/visibilityFailingScreenshots","windows":["<UIWindow: 0x106598800; frame = (0 0; 402 874);>","<DTXTouchVisualizerWindow: 0x1064fc500; frame = (0 0; 402 874);>"]},"messageId":26,"type":"testFailed"}
23:22:44.908 detox[66324] i send
  data: {
    "params": {
      "viewHierarchy": "<?xml version=\"1.0\" encoding=\"utf-8\"?>\n<ViewHierarchy>\n    <UIWindow alpha=\"1.0\" class=\"UIWindow\" focused=\"false\" height=\"874\" ptr=\"0x106598800\" visibility=\"visible\" width=\"402\">\n        <UITransitionView alpha=\"1.0\" class=\"UITransitionView\" focused=\"false\" height=\"874\" ptr=\"0x109a10000\" visibility=\"visible\" width=\"402\" x=\"0\" y=\"0\">\n            <UIDropShadowView alpha=\"1.0\" class=\"UIDropShadowView\" focused=\"false\" height=\"874\" ptr=\"0x10991db80\" visibility=\"visible\" width=\"402\" x=\"0\" y=\"0\">\n                <RCTRootView alpha=\"1.0\" class=\"RCTRootView\" focused=\"false\" height=\"874\" ptr=\"0x10991d400\" visibility=\"visible\" width=\"402\" x=\"0\" y=\"0\">\n                    <RCTRootContentView alpha=\"1.0\" class=\"RCTRootContentView\" focused=\"false\" height=\"874\" label=\"Network Demos All requests are auto-instrumented by the SDK Fetch Data Fetch Error Fetch Multiple (3) XHR Request Log: [23:22:42] XHR OK: Leanne Graham [23:22:42] XHR request... [23:22:41] Expected error: Network request failed [23:22:41] Fetching invalid URL... [23:22:41] OK: sunt aut facere repellat provident occae... [23:22:40] Fetching data... Vertical scroll bar, 1 page Horizontal scroll bar, 1 page Network Home, tab, 1 of 3 Demos, tab, 2 of 3 Settings, tab, 3 of 3\" ptr=\"0x106598400\" visibility=\"visible\" width=\"402\" x=\"0\" y=\"0\">\n                        <RCTView alpha=\"1.0\" class=\"RCTView\" focused=\"false\" height=\"874\" label=\"Network Demos All requests are auto-instrumented by the SDK Fetch Data Fetch Error Fetch Multiple (3) XHR Request Log: [23:22:42] XHR OK: Leanne Graham [23:22:42] XHR request... [23:22:41] Expected error: Network request failed [23:22:41] Fetching invalid URL... [23:22:41] OK: sunt aut facere repellat provident occae... [23:22:40] Fetching data... Vertical scroll bar, 1 page Horizontal scroll bar, 1 page Network Home, tab, 1 of 3 Demos, tab, 2 of 3 Settings, tab, 3 of 3\" ptr=\"0x10add3480\" visibility=\"visible\" width=\"402\" x=\"0\" y=\"0\">\n                            <RCTView alpha=\"1.0\" class=\"RCTView\" focused=\"false\" height=\"874\" label=\"Network Demos All requests are auto-instrumented by the SDK Fetch Data Fetch Error Fetch Multiple (3) XHR Request Log: [23:22:42] XHR OK: Leanne Graham [23:22:42] XHR request... [23:22:41] Expected error: Network request failed [23:22:41] Fetching invalid URL... [23:22:41] OK: sunt aut facere repellat provident occae... [23:22:40] Fetching data... Vertical scroll bar, 1 page Horizontal scroll bar, 1 page Network Home, tab, 1 of 3 Demos, tab, 2 of 3 Settings, tab, 3 of 3\" ptr=\"0x10add3100\" visibility=\"visible\" width=\"402\" x=\"0\" y=\"0\">\n                                <RNCSafeAreaProvider alpha=\"1.0\" class=\"RNCSafeAreaProvider\" focused=\"false\" height=\"874\" label=\"Network Demos All requests are auto-instrumented by the SDK Fetch Data Fetch Error Fetch Multiple (3) XHR Request Log: [23:22:42] XHR OK: Leanne Graham [23:22:42] XHR request... [23:22:41] Expected error: Network request failed [23:22:41] Fetching invalid URL... [23:22:41] OK: sunt aut facere repellat provident occae... [23:22:40] Fetching data... Vertical scroll bar, 1 page Horizontal scroll bar, 1 page Network Home, tab, 1 of 3 Demos, tab, 2 of 3 Settings, tab, 3 of 3\" ptr=\"0x106599800\" visibility=\"visible\" width=\"402\" x=\"0\" y=\"0\">\n                                    <RNSScreenNavigationContainerView alpha=\"1.0\" class=\"RNSScreenNavigationContainerView\" focused=\"false\" height=\"795\" ptr=\"0x1067c79c0\" visibility=\"visible\" width=\"402\" x=\"0\" y=\"0\">\n                                        <UILayoutContainerView alpha=\"1.0\" class=\"UILayoutContainerView\" focused=\"false\" height=\"795\" ptr=\"0x1067d9a40\" visibility=\"visible\" width=\"402\" x=\"0\" y=\"0\">\n                                            <UINavigationTransitionView alpha=\"1.0\" class=\"UINavigationTransitionView\" focused=\"false\" height=\"795\" ptr=\"0x1067daa00\" visibility=\"visible\" width=\"402\" x=\"0\" y=\"0\">\n                                                <UIViewControllerWrapperView alpha=\"1.0\" class=\"UIViewControllerWrapperView\" focused=\"false\" height=\"795\" ptr=\"0x1098baf40\" visibility=\"visible\" width=\"402\" x=\"0\" y=\"0\">\n                                                    <RNSScreenView alpha=\"1.0\" class=\"RNSScreenView\" focused=\"false\" height=\"795\" label=\"Network Demos All requests are auto-instrumented by the SDK Fetch Data Fetch Error Fetch Multiple (3) XHR Request Log: [23:22:42] XHR OK: Leanne Graham [23:22:42] XHR request... [23:22:41] Expected error: Network request failed [23:22:41] Fetching invalid URL... [23:22:41] OK: sunt aut facere repellat provident occae... [23:22:40] Fetching data... Vertical scroll bar, 1 page Horizontal scroll bar, 1 page Network\" ptr=\"0x1064fed00\" visibility=\"visible\" width=\"402\" x=\"0\" y=\"0\">\n                                                        <RCTView alpha=\"1.0\" class=\"RCTView\" focused=\"false\" height=\"795\" label=\"Network Demos All requests are auto-instrumented by the SDK Fetch Data Fetch Error Fetch Multiple (3) XHR Request Log: [23:22:42] XHR OK: Leanne Graham [23:22:42] XHR request... [23:22:41] Expected error: Network request failed [23:22:41] Fetching invalid URL... [23:22:41] OK: sunt aut facere repellat provident occae... [23:22:40] Fetching data... Vertical scroll bar, 1 page Horizontal scroll bar, 1 page Network\" ptr=\"0x10aeaa300\" visibility=\"visible\" width=\"402\" x=\"0\" y=\"0\">\n                                                            <RCTView alpha=\"1.0\" class=\"RCTView\" focused=\"false\" height=\"795\" label=\"Network Demos All requests are auto-instrumented by the SDK Fetch Data Fetch Error Fetch Multiple (3) XHR Request Log: [23:22:42] XHR OK: Leanne Graham [23:22:42] XHR request... [23:22:41] Expected error: Network request failed [23:22:41] Fetching invalid URL... [23:22:41] OK: sunt aut facere repellat provident occae... [23:22:40] Fetching data... Vertical scroll bar, 1 page Horizontal scroll bar, 1 page Network\" ptr=\"0x10aea9f80\" visibility=\"visible\" width=\"402\" x=\"0\" y=\"0\">\n                                                                <RCTView alpha=\"1.0\" class=\"RCTView\" focused=\"false\" height=\"795\" label=\"Network Demos All requests are auto-instrumented by the SDK Fetch Data Fetch Error Fetch Multiple (3) XHR Request Log: [23:22:42] XHR OK: Leanne Graham [23:22:42] XHR request... [23:22:41] Expected error: Network request failed [23:22:41] Fetching invalid URL... [23:22:41] OK: sunt aut facere repellat provident occae... [23:22:40] Fetching data... Vertical scroll bar, 1 page Horizontal scroll bar, 1 page Network\" ptr=\"0x10aea9c00\" visibility=\"visible\" width=\"402\" x=\"0\" y=\"0\">\n                                                                    <RNSScreenStackView alpha=\"1.0\" class=\"RNSScreenStackView\" focused=\"false\" height=\"795\" ptr=\"0x10af6a800\" visibility=\"visible\" width=\"402\" x=\"0\" y=\"0\">\n                                                                        <UILayoutContainerView alpha=\"1.0\" class=\"UILayoutContainerView\" focused=\"false\" height=\"795\" ptr=\"0x1098a5dc0\" visibility=\"visible\" width=\"402\" x=\"0\" y=\"0\">\n                                                                            <UINavigationTransitionView alpha=\"1.0\" class=\"UINavigationTransitionView\" focused=\"false\" height=\"795\" ptr=\"0x1098a6a00\" visibility=\"visible\" width=\"402\" x=\"0\" y=\"0\">\n                                                                                <UIViewControllerWrapperView alpha=\"1.0\" class=\"UIViewControllerWrapperView\" focused=\"false\" height=\"795\" ptr=\"0x1098a7b80\" visibility=\"visible\" width=\"402\" x=\"0\" y=\"0\">\n                                                                                    <RNSScreenView alpha=\"1.0\" class=\"RNSScreenView\" focused=\"false\" height=\"679\" label=\"Network Demos All requests are auto-instrumented by the SDK Fetch Data Fetch Error Fetch Multiple (3) XHR Request Log: [23:22:42] XHR OK: Leanne Graham [23:22:42] XHR request... [23:22:41] Expected error: Network request failed [23:22:41] Fetching invalid URL... [23:22:41] OK: sunt aut facere repellat provident occae... [23:22:40] Fetching data... Vertical scroll bar, 1 page Horizontal scroll bar, 1 page\" ptr=\"0x118ef9900\" visibility=\"visible\" width=\"402\" x=\"0\" y=\"116\">\n                                                                                        <RCTView alpha=\"1.0\" class=\"RCTView\" focused=\"false\" height=\"679\" label=\"Network Demos All requests are auto-instrumented by the SDK Fetch Data Fetch Error Fetch Multiple (3) XHR Request Log: [23:22:42] XHR OK: Leanne Graham [23:22:42] XHR request... [23:22:41] Expected error: Network request failed [23:22:41] Fetching invalid URL... [23:22:41] OK: sunt aut facere repellat provident occae... [23:22:40] Fetching data... Vertical scroll bar, 1 page Horizontal scroll bar, 1 page\" ptr=\"0x118ef7b80\" visibility=\"visible\" width=\"402\" x=\"0\" y=\"0\">\n                                                                                            <RCTView alpha=\"1.0\" class=\"RCTView\" focused=\"false\" height=\"679\" label=\"Network Demos All requests are auto-instrumented by the SDK Fetch Data Fetch Error Fetch Multiple (3) XHR Request Log: [23:22:42] XHR OK: Leanne Graham [23:22:42] XHR request... [23:22:41] Expected error: Network request failed [23:22:41] Fetching invalid URL... [23:22:41] OK: sunt aut facere repellat provident occae... [23:22:40] Fetching data... Vertical scroll bar, 1 page Horizontal scroll bar, 1 page\" ptr=\"0x118ef7800\" visibility=\"visible\" width=\"402\" x=\"0\" y=\"0\">\n                                                                                                <RCTSafeAreaView alpha=\"1.0\" class=\"RCTSafeAreaView\" focused=\"false\" height=\"679\" label=\"Network Demos All requests are auto-instrumented by the SDK Fetch Data Fetch Error Fetch Multiple (3) XHR Request Log: [23:22:42] XHR OK: Leanne Graham [23:22:42] XHR request... [23:22:41] Expected error: Network request failed [23:22:41] Fetching invalid URL... [23:22:41] OK: sunt aut facere repellat provident occae... [23:22:40] Fetching data... Vertical scroll bar, 1 page Horizontal scroll bar, 1 page\" ptr=\"0x10659ac00\" visibility=\"visible\" width=\"402\" x=\"0\" y=\"0\">\n                                                                                                    <RCTScrollView alpha=\"1.0\" class=\"RCTScrollView\" focused=\"false\" height=\"679\" label=\"Network Demos All requests are auto-instrumented by the SDK Fetch Data Fetch Error Fetch Multiple (3) XHR Request Log: [23:22:42] XHR OK: Leanne Graham [23:22:42] XHR request... [23:22:41] Expected error: Network request failed [23:22:41] Fetching invalid URL... [23:22:41] OK: sunt aut facere repellat provident occae... [23:22:40] Fetching data... Vertical scroll bar, 1 page Horizontal scroll bar, 1 page\" ptr=\"0x118ef9400\" visibility=\"visible\" width=\"402\" x=\"0\" y=\"0\">\n                                                                                                        <RCTCustomScrollView alpha=\"1.0\" class=\"RCTCustomScrollView\" focused=\"false\" height=\"679\" ptr=\"0x106589400\" visibility=\"visible\" width=\"402\" x=\"0\" y=\"0\">\n                                                                                                            <RCTScrollContentView alpha=\"1.0\" class=\"RCTScrollContentView\" focused=\"false\" height=\"302\" label=\"Network Demos All requests are auto-instrumented by the SDK Fetch Data Fetch Error Fetch Multiple (3) XHR Request Log: [23:22:42] XHR OK: Leanne Graham [23:22:42] XHR request... [23:22:41] Expected error: Network request failed [23:22:41] Fetching invalid URL... [23:22:41] OK: sunt aut facere repellat provident occae... [23:22:40] Fetching data...\" ptr=\"0x118ef7480\" visibility=\"visible\" width=\"370\" x=\"16\" y=\"16\">\n                                                                                                                <RCTTextView alpha=\"1.0\" class=\"RCTTextView\" focused=\"false\" height=\"26\" label=\"Network Demos\" ptr=\"0x118f58a00\" text=\"Network Demos\" visibility=\"visible\" width=\"370\" x=\"0\" y=\"0\" />\n                                                                                                                <RCTTextView alpha=\"1.0\" class=\"RCTTextView\" focused=\"false\" height=\"16\" label=\"All requests are auto-instrumented by the SDK\" ptr=\"0x118f58c00\" text=\"All requests are auto-instrumented by the SDK\" visibility=\"visible\" width=\"370\" x=\"0\" y=\"30\" />\n                                                                                                                <RCTView alpha=\"1.0\" class=\"RCTView\" focused=\"false\" height=\"71\" label=\"Fetch Data Fetch Error Fetch Multiple (3) XHR Request\" ptr=\"0x118ef6d80\" visibility=\"visible\" width=\"370\" x=\"0\" y=\"62\">\n                                                                                                                    <RCTView alpha=\"1.0\" class=\"RCTView\" focused=\"false\" height=\"31\" id=\"network-btn-fetch\" label=\"Fetch Data\" ptr=\"0x118ef5f80\" visibility=\"visible\" width=\"92\" x=\"0\" y=\"0\">\n                                                                                                                        <RCTTextView alpha=\"1.0\" class=\"RCTTextView\" focused=\"false\" height=\"16\" label=\"Fetch Data\" ptr=\"0x118f58e00\" text=\"Fetch Data\" visibility=\"visible\" width=\"68\" x=\"12\" y=\"8\" />\n                                                                                                                    </RCTView>\n                                                                                                                    <RCTView alpha=\"1.0\" class=\"RCTView\" focused=\"false\" height=\"31\" id=\"network-btn-fetch-error\" label=\"Fetch Error\" ptr=\"0x118ef6300\" visibility=\"visible\" width=\"94\" x=\"100\" y=\"0\">\n                                                                                                                        <RCTTextView alpha=\"1.0\" class=\"RCTTextView\" focused=\"false\" height=\"16\" label=\"Fetch Error\" ptr=\"0x118f59000\" text=\"Fetch Error\" visibility=\"visible\" width=\"71\" x=\"12\" y=\"8\" />\n                                                                                                                    </RCTView>\n                                                                                                                    <RCTView alpha=\"1.0\" class=\"RCTView\" focused=\"false\" height=\"31\" id=\"network-btn-fetch-multiple\" label=\"Fetch Multiple (3)\" ptr=\"0x118ef6680\" visibility=\"visible\" width=\"136\" x=\"203\" y=\"0\">\n                                                                                                                        <RCTTextView alpha=\"1.0\" class=\"RCTTextView\" focused=\"false\" height=\"16\" label=\"Fetch Multiple (3)\" ptr=\"0x118f59200\" text=\"Fetch Multiple (3)\" visibility=\"visible\" width=\"112\" x=\"12\" y=\"8\" />\n                                                                                                                    </RCTView>\n                                                                                                                    <RCTView alpha=\"1.0\" class=\"RCTView\" focused=\"false\" height=\"31\" id=\"network-btn-xhr\" label=\"XHR Request\" ptr=\"0x118ef6a00\" visibility=\"visible\" width=\"107\" x=\"0\" y=\"39\">\n                                                                                                                        <RCTTextView alpha=\"1.0\" class=\"RCTTextView\" focused=\"false\" height=\"16\" label=\"XHR Request\" ptr=\"0x118f59400\" text=\"XHR Request\" visibility=\"visible\" width=\"83\" x=\"12\" y=\"8\" />\n                                                                                                                    </RCTView>\n                                                                                                                </RCTView>\n                                                                                                                <RCTView alpha=\"1.0\" class=\"RCTView\" focused=\"false\" height=\"137\" id=\"network-result\" label=\"Log: [23:22:42] XHR OK: Leanne Graham [23:22:42] XHR request... [23:22:41] Expected error: Network request failed [23:22:41] Fetching invalid URL... [23:22:41] OK: sunt aut facere repellat provident occae... [23:22:40] Fetching data...\" ptr=\"0x118ef7100\" visibility=\"visible\" width=\"370\" x=\"0\" y=\"149\">\n                                                                                                                    <RCTTextView alpha=\"1.0\" class=\"RCTTextView\" focused=\"false\" height=\"17\" label=\"Log:\" ptr=\"0x118f59600\" text=\"Log:\" visibility=\"visible\" width=\"346\" x=\"12\" y=\"12\" />\n                                                                                                                    <RCTTextView alpha=\"1.0\" class=\"RCTTextView\" focused=\"false\" height=\"13\" label=\"[23:22:42] XHR OK: Leanne Graham\" ptr=\"0x117c98400\" text=\"[23:22:42] XHR OK: Leanne Graham\" visibility=\"visible\" width=\"346\" x=\"12\" y=\"35\" />\n                                                                                                                    <RCTTextView alpha=\"1.0\" class=\"RCTTextView\" focused=\"false\" height=\"13\" label=\"[23:22:42] XHR request...\" ptr=\"0x117c98600\" text=\"[23:22:42] XHR request...\" visibility=\"visible\" width=\"346\" x=\"12\" y=\"50\" />\n                                                                                                                    <RCTTextView alpha=\"1.0\" class=\"RCTTextView\" focused=\"false\" height=\"13\" label=\"[23:22:41] Expected error: Network request failed\" ptr=\"0x117c98800\" text=\"[23:22:41] Expected error: Network request failed\" visibility=\"visible\" width=\"346\" x=\"12\" y=\"65\" />\n                                                                                                                    <RCTTextView alpha=\"1.0\" class=\"RCTTextView\" focused=\"false\" height=\"13\" label=\"[23:22:41] Fetching invalid URL...\" ptr=\"0x117c98a00\" text=\"[23:22:41] Fetching invalid URL...\" visibility=\"visible\" width=\"346\" x=\"12\" y=\"81\" />\n                                                                                                                    <RCTTextView alpha=\"1.0\" class=\"RCTTextView\" focused=\"false\" height=\"13\" label=\"[23:22:41] OK: sunt aut facere repellat provident occae...\" ptr=\"0x117c98c00\" text=\"[23:22:41] OK: sunt aut facere repellat provident occae...\" visibility=\"visible\" width=\"346\" x=\"12\" y=\"96\" />\n                                                                                                                    <RCTTextView alpha=\"1.0\" class=\"RCTTextView\" focused=\"false\" height=\"13\" label=\"[23:22:40] Fetching data...\" ptr=\"0x117c98e00\" text=\"[23:22:40] Fetching data...\" visibility=\"visible\" width=\"346\" x=\"12\" y=\"111\" />\n                                                                                                                </RCTView>\n                                                                                                            </RCTScrollContentView>\n                                                                                                            <_UIScrollViewScrollIndicator alpha=\"0.0\" class=\"_UIScrollViewScrollIndicator\" focused=\"false\" height=\"265\" label=\"Vertical scroll bar, 1 page\" ptr=\"0x118f59e00\" value=\"0%\" visibility=\"visible\" width=\"3\" x=\"396\" y=\"410\">\n                                                                                                                <UIView alpha=\"1.0\" class=\"UIView\" focused=\"false\" height=\"265\" ptr=\"0x1098c7640\" visibility=\"visible\" width=\"3\" x=\"0\" y=\"0\" />\n                                                                                                            </_UIScrollViewScrollIndicator>\n                                                                                                            <_UIScrollViewScrollIndicator alpha=\"0.0\" class=\"_UIScrollViewScrollIndicator\" focused=\"false\" height=\"3\" label=\"Horizontal scroll bar, 1 page\" ptr=\"0x118f59c00\" value=\"0%\" visibility=\"visible\" width=\"364\" x=\"35\" y=\"673\">\n                                                                                                                <UIView alpha=\"1.0\" class=\"UIView\" focused=\"false\" height=\"3\" ptr=\"0x1098c72c0\" visibility=\"visible\" width=\"364\" x=\"0\" y=\"0\" />\n                                                                                                            </_UIScrollViewScrollIndicator>\n                                                                                                        </RCTCustomScrollView>\n                                                                                                    </RCTScrollView>\n                                                                                                </RCTSafeAreaView>\n                                                                                            </RCTView>\n                                                                                        </RCTView>\n                                                                                    </RNSScreenView>\n                                                                                </UIViewControllerWrapperView>\n                                                                            </UINavigationTransitionView>\n                                                                            <UINavigationBar alpha=\"1.0\" class=\"UINavigationBar\" focused=\"false\" height=\"54\" id=\"Network\" ptr=\"0x1099a6a00\" visibility=\"visible\" width=\"402\" x=\"0\" y=\"62\">\n                                                                                <_UIBarBackground alpha=\"1.0\" class=\"_UIBarBackground\" focused=\"false\" height=\"116\" ptr=\"0x118e5e800\" visibility=\"visible\" width=\"402\" x=\"0\" y=\"-62\">\n                                                                                    <UIImageView alpha=\"1.0\" class=\"UIImageView\" focused=\"false\" height=\"116\" ptr=\"0x10af6bc00\" visibility=\"visible\" width=\"402\" x=\"0\" y=\"0\" />\n                                                                                    <_UIBarBackgroundShadowView alpha=\"1.0\" class=\"_UIBarBackgroundShadowView\" focused=\"false\" height=\"0\" ptr=\"0x118e5f200\" visibility=\"visible\" width=\"402\" x=\"0\" y=\"116\">\n                                                                                        <_UIBarBackgroundShadowContentImageView alpha=\"1.0\" class=\"_UIBarBackgroundShadowContentImageView\" focused=\"false\" height=\"0\" ptr=\"0x118e5f480\" visibility=\"visible\" width=\"402\" x=\"0\" y=\"0\" />\n                                                                                    </_UIBarBackgroundShadowView>\n                                                                                </_UIBarBackground>\n                                                                                <UIKit.NavigationBarContentView alpha=\"1.0\" class=\"UIKit.NavigationBarContentView\" focused=\"false\" height=\"54\" ptr=\"0x106575000\" visibility=\"visible\" width=\"402\" x=\"0\" y=\"0\">\n                                                                                    <UIKit.NavigationBarTransitionContainer alpha=\"1.0\" class=\"UIKit.NavigationBarTransitionContainer\" focused=\"false\" height=\"54\" ptr=\"0x10af6ac00\" visibility=\"visible\" width=\"402\" x=\"0\" y=\"0\">\n                                                                                        <_UINavigationBarHostedViewContainer alpha=\"1.0\" class=\"_UINavigationBarHostedViewContainer\" focused=\"false\" height=\"54\" ptr=\"0x1098a6140\" visibility=\"visible\" width=\"402\" x=\"0\" y=\"0\">\n                                                                                            <_UINavigationBarHostedViewWrapper alpha=\"1.0\" class=\"_UINavigationBarHostedViewWrapper\" focused=\"false\" height=\"20\" ptr=\"0x118f5b200\" visibility=\"visible\" width=\"68\" x=\"167\" y=\"11\">\n                                                                                                <_UINavigationBarTitleControl alpha=\"1.0\" class=\"_UINavigationBarTitleControl\" focused=\"false\" height=\"20\" ptr=\"0x118f01200\" visibility=\"visible\" width=\"68\" x=\"0\" y=\"0\">\n                                                                                                    <_UIIntrinsicContentSizeInvalidationForwardingWrapperView alpha=\"1.0\" class=\"_UIIntrinsicContentSizeInvalidationForwardingWrapperView\" focused=\"false\" height=\"20\" ptr=\"0x1098d0a80\" visibility=\"visible\" width=\"68\" x=\"0\" y=\"0\">\n                                                                                                        <UILabel alpha=\"1.0\" class=\"UILabel\" focused=\"false\" height=\"20\" label=\"Network\" ptr=\"0x118fe4380\" text=\"Network\" visibility=\"visible\" width=\"67\" x=\"0\" y=\"0\" />\n                                                                                                    </_UIIntrinsicContentSizeInvalidationForwardingWrapperView>\n                                                                                                </_UINavigationBarTitleControl>\n                                                                                            </_UINavigationBarHostedViewWrapper>\n                                                                                        </_UINavigationBarHostedViewContainer>\n                                                                                        <UIView alpha=\"1.0\" class=\"UIView\" focused=\"false\" height=\"54\" ptr=\"0x1098a5f80\" visibility=\"visible\" width=\"402\" x=\"0\" y=\"0\" />\n                                                                                        <UIKit.NavigationBarPlatterContainer alpha=\"1.0\" class=\"UIKit.NavigationBarPlatterContainer\" focused=\"false\" height=\"54\" ptr=\"0x1098a6300\" visibility=\"visible\" width=\"402\" x=\"0\" y=\"0\">\n                                                                                            <_UINavigationBarPlatterView alpha=\"1.0\" class=\"_UINavigationBarPlatterView\" focused=\"false\" height=\"44\" ptr=\"0x118f01800\" visibility=\"visible\" width=\"44\" x=\"16\" y=\"0\">\n                                                                                                <_UINavigationBarPlatterAnimationView alpha=\"1.0\" class=\"_UINavigationBarPlatterAnimationView\" focused=\"false\" height=\"44\" ptr=\"0x1098d1dc0\" visibility=\"visible\" width=\"44\" x=\"0\" y=\"0\">\n                                                                                                    <_UINavigationBarPlatterAnimationView alpha=\"1.0\" class=\"_UINavigationBarPlatterAnimationView\" focused=\"false\" height=\"44\" ptr=\"0x1098d2140\" visibility=\"visible\" width=\"44\" x=\"0\" y=\"0\">\n                                                                                                        <_UINavigationBarPlatterAnimationView alpha=\"1.0\" class=\"_UINavigationBarPlatterAnimationView\" focused=\"false\" height=\"48\" ptr=\"0x1098d2300\" visibility=\"visible\" width=\"48\" x=\"-2\" y=\"-2\">\n                                                                                                            <_UINavigationBarPlatterAnimationView alpha=\"1.0\" class=\"_UINavigationBarPlatterAnimationView\" focused=\"false\" height=\"40\" ptr=\"0x1098d24c0\" visibility=\"visible\" width=\"40\" x=\"1\" y=\"1\">\n                                                                                                                <_UINavigationBarPlatterContentView alpha=\"1.0\" class=\"_UINavigationBarPlatterContentView\" focused=\"false\" height=\"44\" ptr=\"0x1098d2680\" visibility=\"visible\" width=\"44\" x=\"0\" y=\"0\">\n                                                                                                                    <_UINavigationBarPlatterGlassView alpha=\"1.0\" class=\"_UINavigationBarPlatterGlassView\" focused=\"false\" height=\"44\" ptr=\"0x1098d2840\" visibility=\"visible\" width=\"44\" x=\"0\" y=\"0\">\n                                                                                                                        <_UINavigationBarPlatterSubviewContainerView alpha=\"1.0\" class=\"_UINavigationBarPlatterSubviewContainerView\" focused=\"false\" height=\"44\" ptr=\"0x1098d2a00\" visibility=\"visible\" width=\"44\" x=\"0\" y=\"0\">\n                                                                                                                            <_UINavigationBarPlatterItemView alpha=\"1.0\" class=\"_UINavigationBarPlatterItemView\" focused=\"false\" height=\"44\" ptr=\"0x118fcef80\" visibility=\"visible\" width=\"44\" x=\"0\" y=\"0\">\n                                                                                                                                <_UIButtonBarButton alpha=\"1.0\" class=\"_UIButtonBarButton\" focused=\"false\" height=\"44\" id=\"BackButton\" ptr=\"0x118fce800\" visibility=\"visible\" width=\"44\" x=\"0\" y=\"0\">\n                                                                                                                                    <_TtCC5UIKit29ButtonBarButtonVisualProviderP33_A98CD29F4F6ECA17AFECE41BBB264E5918BackButtonMaskView alpha=\"1.0\" class=\"_TtCC5UIKit29ButtonBarButtonVisualProviderP33_A98CD29F4F6ECA17AFECE41BBB264E5918BackButtonMaskView\" focused=\"false\" height=\"44\" ptr=\"0x1098d0540\" visibility=\"invisible\" width=\"44\" x=\"0\" y=\"0\">\n                                                                                                                                        <UIImageView alpha=\"1.0\" class=\"UIImageView\" focused=\"false\" height=\"28\" id=\"UINavigationBarTitleTransitionBackIndicatorMaskSymbol\" ptr=\"0x118f5a800\" visibility=\"visible\" width=\"19\" x=\"0\" y=\"8\" />\n                                                                                                                                        <UIView alpha=\"1.0\" class=\"UIView\" focused=\"false\" height=\"44\" ptr=\"0x1098d0700\" visibility=\"visible\" width=\"0\" x=\"44\" y=\"0\" />\n                                                                                                                                    </_TtCC5UIKit29ButtonBarButtonVisualProviderP33_A98CD29F4F6ECA17AFECE41BBB264E5918BackButtonMaskView>\n                                                                                                                                    <_TtCC5UIKit29ButtonBarButtonVisualProviderP33_A98CD29F4F6ECA17AFECE41BBB264E596Button alpha=\"1.0\" class=\"_TtCC5UIKit29ButtonBarButtonVisualProviderP33_A98CD29F4F6ECA17AFECE41BBB264E596Button\" focused=\"false\" height=\"23\" label=\"Back\" ptr=\"0x118fe4000\" visibility=\"visible\" width=\"44\" x=\"0\" y=\"10\">\n                                                                                                                                        <UIImageView alpha=\"1.0\" class=\"UIImageView\" focused=\"false\" height=\"23\" id=\"chevron.backward\" label=\"Back\" ptr=\"0x118f5aa00\" visibility=\"visible\" width=\"16\" x=\"13\" y=\"0\" />\n                                                                                                                                    </_TtCC5UIKit29ButtonBarButtonVisualProviderP33_A98CD29F4F6ECA17AFECE41BBB264E596Button>\n                                                                                                                                </_UIButtonBarButton>\n                                                                                                                            </_UINavigationBarPlatterItemView>\n                                                                                                                        </_UINavigationBarPlatterSubviewContainerView>\n                                                                                                                    </_UINavigationBarPlatterGlassView>\n                                                                                                                </_UINavigationBarPlatterContentView>\n                                                                                                            </_UINavigationBarPlatterAnimationView>\n                                                                                                        </_UINavigationBarPlatterAnimationView>\n                                                                                                    </_UINavigationBarPlatterAnimationView>\n                                                                                                </_UINavigationBarPlatterAnimationView>\n                                                                                            </_UINavigationBarPlatterView>\n                                                                                        </UIKit.NavigationBarPlatterContainer>\n                                                                                    </UIKit.NavigationBarTransitionContainer>\n                                                                                </UIKit.NavigationBarContentView>\n                                                                                <_UIPointerInteractionAssistantEffectContainerView alpha=\"1.0\" class=\"_UIPointerInteractionAssistantEffectContainerView\" focused=\"false\" height=\"0\" ptr=\"0x1098a7480\" visibility=\"visible\" width=\"0\" x=\"0\" y=\"0\" />\n                                                                            </UINavigationBar>\n                                                                            <_UIFloatingBarContainerView alpha=\"1.0\" class=\"_UIFloatingBarContainerView\" focused=\"false\" height=\"795\" ptr=\"0x10af6b000\" visibility=\"visible\" width=\"402\" x=\"0\" y=\"0\">\n                                                                                <_TtGC5UIKitP10$186ea25a022FloatingBarHostingViewVS_20FloatingBarContainer_ alpha=\"1.0\" class=\"_TtGC5UIKitP10$186ea25a022FloatingBarHostingViewVS_20FloatingBarContainer_\" focused=\"false\" height=\"795\" ptr=\"0x10af6b800\" visibility=\"visible\" width=\"402\" x=\"0\" y=\"0\" />\n                                                                                <_UIPointerInteractionAssistantEffectContainerView alpha=\"1.0\" class=\"_UIPointerInteractionAssistantEffectContainerView\" focused=\"false\" height=\"0\" ptr=\"0x1098a6f40\" visibility=\"visible\" width=\"0\" x=\"0\" y=\"0\" />\n                                                                            </_UIFloatingBarContainerView>\n                                                                        </UILayoutContainerView>\n                                                                    </RNSScreenStackView>\n                                                                </RCTView>\n                                                            </RCTView>\n                                                        </RCTView>\n                                                    </RNSScreenView>\n                                                </UIViewControllerWrapperView>\n                                            </UINavigationTransitionView>\n                                            <UINavigationBar alpha=\"1.0\" class=\"UINavigationBar\" focused=\"false\" height=\"54\" id=\"RNSScreen\" ptr=\"0x1099a4600\" visibility=\"invisible\" width=\"402\" x=\"0\" y=\"-116\">\n                                                <_UIBarBackground alpha=\"1.0\" class=\"_UIBarBackground\" focused=\"false\" height=\"116\" ptr=\"0x10ac71900\" visibility=\"visible\" width=\"402\" x=\"0\" y=\"-62\" />\n                                                <_UIPointerInteractionAssistantEffectContainerView alpha=\"1.0\" class=\"_UIPointerInteractionAssistantEffectContainerView\" focused=\"false\" height=\"0\" ptr=\"0x109801dc0\" visibility=\"visible\" width=\"0\" x=\"0\" y=\"0\" />\n                                            </UINavigationBar>\n                                            <_UIFloatingBarContainerView alpha=\"1.0\" class=\"_UIFloatingBarContainerView\" focused=\"false\" height=\"795\" ptr=\"0x109a12200\" visibility=\"visible\" width=\"402\" x=\"0\" y=\"0\">\n                                                <_TtGC5UIKitP10$186ea25a022FloatingBarHostingViewVS_20FloatingBarContainer_ alpha=\"1.0\" class=\"_TtGC5UIKitP10$186ea25a022FloatingBarHostingViewVS_20FloatingBarContainer_\" focused=\"false\" height=\"795\" ptr=\"0x109a12a00\" visibility=\"visible\" width=\"402\" x=\"0\" y=\"0\" />\n                                                <_UIPointerInteractionAssistantEffectContainerView alpha=\"1.0\" class=\"_UIPointerInteractionAssistantEffectContainerView\" focused=\"false\" height=\"0\" ptr=\"0x1067e8a80\" visibility=\"visible\" width=\"0\" x=\"0\" y=\"0\" />\n                                            </_UIFloatingBarContainerView>\n                                        </UILayoutContainerView>\n                                    </RNSScreenNavigationContainerView>\n                                    <RCTView alpha=\"1.0\" class=\"RCTView\" focused=\"false\" height=\"79\" label=\"Home, tab, 1 of 3 Demos, tab, 2 of 3 Settings, tab, 3 of 3\" ptr=\"0x10add2d80\" visibility=\"visible\" width=\"402\" x=\"0\" y=\"795\">\n                                        <RCTView alpha=\"1.0\" class=\"RCTView\" focused=\"false\" height=\"78\" ptr=\"0x1065d3b80\" visibility=\"visible\" width=\"402\" x=\"0\" y=\"0\" />\n                                        <RCTView alpha=\"1.0\" class=\"RCTView\" focused=\"false\" height=\"48\" label=\"Home, tab, 1 of 3 Demos, tab, 2 of 3 Settings, tab, 3 of 3\" ptr=\"0x10add2a00\" visibility=\"visible\" width=\"402\" x=\"0\" y=\"0\">\n                                            <RCTView alpha=\"1.0\" class=\"RCTView\" focused=\"false\" height=\"48\" id=\"tab-home\" label=\"Home, tab, 1 of 3\" ptr=\"0x10add0a80\" visibility=\"visible\" width=\"134\" x=\"0\" y=\"0\">\n                                                <RCTView alpha=\"1.0\" class=\"RCTView\" focused=\"false\" height=\"34\" label=\"H H\" ptr=\"0x10add0700\" visibility=\"visible\" width=\"0\" x=\"67\" y=\"0\">\n                                                    <RCTView alpha=\"0.0\" class=\"RCTView\" focused=\"false\" height=\"34\" label=\"H\" ptr=\"0x10add0000\" visibility=\"visible\" width=\"134\" x=\"-67\" y=\"0\">\n                                                        <RCTTextView alpha=\"1.0\" class=\"RCTTextView\" focused=\"false\" height=\"22\" label=\"H\" ptr=\"0x109a12c00\" text=\"H\" visibility=\"visible\" width=\"13\" x=\"60\" y=\"6\" />\n                                                    </RCTView>\n                                                    <RCTView alpha=\"1.0\" class=\"RCTView\" focused=\"false\" height=\"34\" label=\"H\" ptr=\"0x10add0380\" visibility=\"visible\" width=\"134\" x=\"-67\" y=\"0\">\n                                                        <RCTTextView alpha=\"1.0\" class=\"RCTTextView\" focused=\"false\" height=\"22\" label=\"H\" ptr=\"0x109a12e00\" text=\"H\" visibility=\"visible\" width=\"13\" x=\"60\" y=\"6\" />\n                                                    </RCTView>\n                                                </RCTView>\n                                                <RCTTextView alpha=\"1.0\" class=\"RCTTextView\" focused=\"false\" height=\"14\" label=\"Home\" ptr=\"0x109a13000\" text=\"Home\" visibility=\"visible\" width=\"34\" x=\"50\" y=\"34\" />\n                                            </RCTView>\n                                            <RCTView alpha=\"1.0\" class=\"RCTView\" focused=\"false\" height=\"48\" id=\"tab-demos\" label=\"Demos, tab, 2 of 3\" ptr=\"0x10add1880\" visibility=\"visible\" width=\"134\" x=\"134\" y=\"0\">\n                                                <RCTView alpha=\"1.0\" class=\"RCTView\" focused=\"false\" height=\"34\" label=\"D D\" ptr=\"0x10add1500\" visibility=\"visible\" width=\"0\" x=\"67\" y=\"0\">\n                                                    <RCTView alpha=\"1.0\" class=\"RCTView\" focused=\"false\" height=\"34\" label=\"D\" ptr=\"0x10add0e00\" visibility=\"visible\" width=\"134\" x=\"-67\" y=\"0\">\n                                                        <RCTTextView alpha=\"1.0\" class=\"RCTTextView\" focused=\"false\" height=\"22\" label=\"D\" ptr=\"0x109a13200\" text=\"D\" visibility=\"visible\" width=\"13\" x=\"60\" y=\"6\" />\n                                                    </RCTView>\n                                                    <RCTView alpha=\"0.0\" class=\"RCTView\" focused=\"false\" height=\"34\" label=\"D\" ptr=\"0x10add1180\" visibility=\"visible\" width=\"134\" x=\"-67\" y=\"0\">\n                                                        <RCTTextView alpha=\"1.0\" class=\"RCTTextView\" focused=\"false\" height=\"22\" label=\"D\" ptr=\"0x109a13400\" text=\"D\" visibility=\"visible\" width=\"13\" x=\"60\" y=\"6\" />\n                                                    </RCTView>\n                                                </RCTView>\n                                                <RCTTextView alpha=\"1.0\" class=\"RCTTextView\" focused=\"false\" height=\"14\" label=\"Demos\" ptr=\"0x109a13600\" text=\"Demos\" visibility=\"visible\" width=\"40\" x=\"47\" y=\"34\" />\n                                            </RCTView>\n                                            <RCTView alpha=\"1.0\" class=\"RCTView\" focused=\"false\" height=\"48\" id=\"tab-settings\" label=\"Settings, tab, 3 of 3\" ptr=\"0x10add2680\" visibility=\"visible\" width=\"134\" x=\"268\" y=\"0\">\n                                                <RCTView alpha=\"1.0\" class=\"RCTView\" focused=\"false\" height=\"34\" label=\"S S\" ptr=\"0x10add2300\" visibility=\"visible\" width=\"0\" x=\"67\" y=\"0\">\n                                                    <RCTView alpha=\"0.0\" class=\"RCTView\" focused=\"false\" height=\"34\" label=\"S\" ptr=\"0x10add1c00\" visibility=\"visible\" width=\"134\" x=\"-67\" y=\"0\">\n                                                        <RCTTextView alpha=\"1.0\" class=\"RCTTextView\" focused=\"false\" height=\"22\" label=\"S\" ptr=\"0x109a13800\" text=\"S\" visibility=\"visible\" width=\"11\" x=\"61\" y=\"6\" />\n                                                    </RCTView>\n                                                    <RCTView alpha=\"1.0\" class=\"RCTView\" focused=\"false\" height=\"34\" label=\"S\" ptr=\"0x10add1f80\" visibility=\"visible\" width=\"134\" x=\"-67\" y=\"0\">\n                                                        <RCTTextView alpha=\"1.0\" class=\"RCTTextView\" focused=\"false\" height=\"22\" label=\"S\" ptr=\"0x109a13a00\" text=\"S\" visibility=\"visible\" width=\"11\" x=\"61\" y=\"6\" />\n                                                    </RCTView>\n                                                </RCTView>\n                                                <RCTTextView alpha=\"1.0\" class=\"RCTTextView\" focused=\"false\" height=\"14\" label=\"Settings\" ptr=\"0x109a13c00\" text=\"Settings\" visibility=\"visible\" width=\"47\" x=\"43\" y=\"34\" />\n                                            </RCTView>\n                                        </RCTView>\n                                    </RCTView>\n                                </RNCSafeAreaProvider>\n                            </RCTView>\n                        </RCTView>\n                    </RCTRootContentView>\n                </RCTRootView>\n            </UIDropShadowView>\n        </UITransitionView>\n    </UIWindow>\n</ViewHierarchy>",
      "visibilityFailingRectsURL": "/Users/nonth/Library/Developer/CoreSimulator/Devices/B7E9BAD6-0C0D-41EE-BE0C-D49BF485382E/data/Containers/Data/Application/438DCEE1-3489-4DA1-B18D-63078973F5DB/tmp/visibilityFailingRects",
      "details": "No elements found for “MATCHER(id == “demos-btn-logs”)”",
      "NSLocalizedDescription": "No elements found for “MATCHER(id == “demos-btn-logs”)”",
      "DetoxFailureInformation": {
        "lineNumber": 50,
        "file": "/Users/builder/uibuilder/work/detox/ios/Detox/Invocation/Element.swift",
        "functionName": "views"
      },
      "visibilityFailingScreenshotsURL": "/Users/nonth/Library/Developer/CoreSimulator/Devices/B7E9BAD6-0C0D-41EE-BE0C-D49BF485382E/data/Containers/Data/Application/438DCEE1-3489-4DA1-B18D-63078973F5DB/tmp/visibilityFailingScreenshots",
      "windows": [
        "<UIWindow: 0x106598800; frame = (0 0; 402 874);>",
        "<DTXTouchVisualizerWindow: 0x1064fc500; frame = (0 0; 402 874);>"
      ]
    },
    "messageId": 26,
    "type": "testFailed"
  }
23:22:44.909 detox[66325] i get message
  data: {"params":{"viewHierarchy":"<?xml version=\"1.0\" encoding=\"utf-8\"?>\n<ViewHierarchy>\n    <UIWindow alpha=\"1.0\" class=\"UIWindow\" focused=\"false\" height=\"874\" ptr=\"0x106598800\" visibility=\"visible\" width=\"402\">\n        <UITransitionView alpha=\"1.0\" class=\"UITransitionView\" focused=\"false\" height=\"874\" ptr=\"0x109a10000\" visibility=\"visible\" width=\"402\" x=\"0\" y=\"0\">\n            <UIDropShadowView alpha=\"1.0\" class=\"UIDropShadowView\" focused=\"false\" height=\"874\" ptr=\"0x10991db80\" visibility=\"visible\" width=\"402\" x=\"0\" y=\"0\">\n                <RCTRootView alpha=\"1.0\" class=\"RCTRootView\" focused=\"false\" height=\"874\" ptr=\"0x10991d400\" visibility=\"visible\" width=\"402\" x=\"0\" y=\"0\">\n                    <RCTRootContentView alpha=\"1.0\" class=\"RCTRootContentView\" focused=\"false\" height=\"874\" label=\"Network Demos All requests are auto-instrumented by the SDK Fetch Data Fetch Error Fetch Multiple (3) XHR Request Log: [23:22:42] XHR OK: Leanne Graham [23:22:42] XHR request... [23:22:41] Expected error: Network request failed [23:22:41] Fetching invalid URL... [23:22:41] OK: sunt aut facere repellat provident occae... [23:22:40] Fetching data... Vertical scroll bar, 1 page Horizontal scroll bar, 1 page Network Home, tab, 1 of 3 Demos, tab, 2 of 3 Settings, tab, 3 of 3\" ptr=\"0x106598400\" visibility=\"visible\" width=\"402\" x=\"0\" y=\"0\">\n                        <RCTView alpha=\"1.0\" class=\"RCTView\" focused=\"false\" height=\"874\" label=\"Network Demos All requests are auto-instrumented by the SDK Fetch Data Fetch Error Fetch Multiple (3) XHR Request Log: [23:22:42] XHR OK: Leanne Graham [23:22:42] XHR request... [23:22:41] Expected error: Network request failed [23:22:41] Fetching invalid URL... [23:22:41] OK: sunt aut facere repellat provident occae... [23:22:40] Fetching data... Vertical scroll bar, 1 page Horizontal scroll bar, 1 page Network Home, tab, 1 of 3 Demos, tab, 2 of 3 Settings, tab, 3 of 3\" ptr=\"0x10add3480\" visibility=\"visible\" width=\"402\" x=\"0\" y=\"0\">\n                            <RCTView alpha=\"1.0\" class=\"RCTView\" focused=\"false\" height=\"874\" label=\"Network Demos All requests are auto-instrumented by the SDK Fetch Data Fetch Error Fetch Multiple (3) XHR Request Log: [23:22:42] XHR OK: Leanne Graham [23:22:42] XHR request... [23:22:41] Expected error: Network request failed [23:22:41] Fetching invalid URL... [23:22:41] OK: sunt aut facere repellat provident occae... [23:22:40] Fetching data... Vertical scroll bar, 1 page Horizontal scroll bar, 1 page Network Home, tab, 1 of 3 Demos, tab, 2 of 3 Settings, tab, 3 of 3\" ptr=\"0x10add3100\" visibility=\"visible\" width=\"402\" x=\"0\" y=\"0\">\n                                <RNCSafeAreaProvider alpha=\"1.0\" class=\"RNCSafeAreaProvider\" focused=\"false\" height=\"874\" label=\"Network Demos All requests are auto-instrumented by the SDK Fetch Data Fetch Error Fetch Multiple (3) XHR Request Log: [23:22:42] XHR OK: Leanne Graham [23:22:42] XHR request... [23:22:41] Expected error: Network request failed [23:22:41] Fetching invalid URL... [23:22:41] OK: sunt aut facere repellat provident occae... [23:22:40] Fetching data... Vertical scroll bar, 1 page Horizontal scroll bar, 1 page Network Home, tab, 1 of 3 Demos, tab, 2 of 3 Settings, tab, 3 of 3\" ptr=\"0x106599800\" visibility=\"visible\" width=\"402\" x=\"0\" y=\"0\">\n                                    <RNSScreenNavigationContainerView alpha=\"1.0\" class=\"RNSScreenNavigationContainerView\" focused=\"false\" height=\"795\" ptr=\"0x1067c79c0\" visibility=\"visible\" width=\"402\" x=\"0\" y=\"0\">\n                                        <UILayoutContainerView alpha=\"1.0\" class=\"UILayoutContainerView\" focused=\"false\" height=\"795\" ptr=\"0x1067d9a40\" visibility=\"visible\" width=\"402\" x=\"0\" y=\"0\">\n                                            <UINavigationTransitionView alpha=\"1.0\" class=\"UINavigationTransitionView\" focused=\"false\" height=\"795\" ptr=\"0x1067daa00\" visibility=\"visible\" width=\"402\" x=\"0\" y=\"0\">\n                                                <UIViewControllerWrapperView alpha=\"1.0\" class=\"UIViewControllerWrapperView\" focused=\"false\" height=\"795\" ptr=\"0x1098baf40\" visibility=\"visible\" width=\"402\" x=\"0\" y=\"0\">\n                                                    <RNSScreenView alpha=\"1.0\" class=\"RNSScreenView\" focused=\"false\" height=\"795\" label=\"Network Demos All requests are auto-instrumented by the SDK Fetch Data Fetch Error Fetch Multiple (3) XHR Request Log: [23:22:42] XHR OK: Leanne Graham [23:22:42] XHR request... [23:22:41] Expected error: Network request failed [23:22:41] Fetching invalid URL... [23:22:41] OK: sunt aut facere repellat provident occae... [23:22:40] Fetching data... Vertical scroll bar, 1 page Horizontal scroll bar, 1 page Network\" ptr=\"0x1064fed00\" visibility=\"visible\" width=\"402\" x=\"0\" y=\"0\">\n                                                        <RCTView alpha=\"1.0\" class=\"RCTView\" focused=\"false\" height=\"795\" label=\"Network Demos All requests are auto-instrumented by the SDK Fetch Data Fetch Error Fetch Multiple (3) XHR Request Log: [23:22:42] XHR OK: Leanne Graham [23:22:42] XHR request... [23:22:41] Expected error: Network request failed [23:22:41] Fetching invalid URL... [23:22:41] OK: sunt aut facere repellat provident occae... [23:22:40] Fetching data... Vertical scroll bar, 1 page Horizontal scroll bar, 1 page Network\" ptr=\"0x10aeaa300\" visibility=\"visible\" width=\"402\" x=\"0\" y=\"0\">\n                                                            <RCTView alpha=\"1.0\" class=\"RCTView\" focused=\"false\" height=\"795\" label=\"Network Demos All requests are auto-instrumented by the SDK Fetch Data Fetch Error Fetch Multiple (3) XHR Request Log: [23:22:42] XHR OK: Leanne Graham [23:22:42] XHR request... [23:22:41] Expected error: Network request failed [23:22:41] Fetching invalid URL... [23:22:41] OK: sunt aut facere repellat provident occae... [23:22:40] Fetching data... Vertical scroll bar, 1 page Horizontal scroll bar, 1 page Network\" ptr=\"0x10aea9f80\" visibility=\"visible\" width=\"402\" x=\"0\" y=\"0\">\n                                                                <RCTView alpha=\"1.0\" class=\"RCTView\" focused=\"false\" height=\"795\" label=\"Network Demos All requests are auto-instrumented by the SDK Fetch Data Fetch Error Fetch Multiple (3) XHR Request Log: [23:22:42] XHR OK: Leanne Graham [23:22:42] XHR request... [23:22:41] Expected error: Network request failed [23:22:41] Fetching invalid URL... [23:22:41] OK: sunt aut facere repellat provident occae... [23:22:40] Fetching data... Vertical scroll bar, 1 page Horizontal scroll bar, 1 page Network\" ptr=\"0x10aea9c00\" visibility=\"visible\" width=\"402\" x=\"0\" y=\"0\">\n                                                                    <RNSScreenStackView alpha=\"1.0\" class=\"RNSScreenStackView\" focused=\"false\" height=\"795\" ptr=\"0x10af6a800\" visibility=\"visible\" width=\"402\" x=\"0\" y=\"0\">\n                                                                        <UILayoutContainerView alpha=\"1.0\" class=\"UILayoutContainerView\" focused=\"false\" height=\"795\" ptr=\"0x1098a5dc0\" visibility=\"visible\" width=\"402\" x=\"0\" y=\"0\">\n                                                                            <UINavigationTransitionView alpha=\"1.0\" class=\"UINavigationTransitionView\" focused=\"false\" height=\"795\" ptr=\"0x1098a6a00\" visibility=\"visible\" width=\"402\" x=\"0\" y=\"0\">\n                                                                                <UIViewControllerWrapperView alpha=\"1.0\" class=\"UIViewControllerWrapperView\" focused=\"false\" height=\"795\" ptr=\"0x1098a7b80\" visibility=\"visible\" width=\"402\" x=\"0\" y=\"0\">\n                                                                                    <RNSScreenView alpha=\"1.0\" class=\"RNSScreenView\" focused=\"false\" height=\"679\" label=\"Network Demos All requests are auto-instrumented by the SDK Fetch Data Fetch Error Fetch Multiple (3) XHR Request Log: [23:22:42] XHR OK: Leanne Graham [23:22:42] XHR request... [23:22:41] Expected error: Network request failed [23:22:41] Fetching invalid URL... [23:22:41] OK: sunt aut facere repellat provident occae... [23:22:40] Fetching data... Vertical scroll bar, 1 page Horizontal scroll bar, 1 page\" ptr=\"0x118ef9900\" visibility=\"visible\" width=\"402\" x=\"0\" y=\"116\">\n                                                                                        <RCTView alpha=\"1.0\" class=\"RCTView\" focused=\"false\" height=\"679\" label=\"Network Demos All requests are auto-instrumented by the SDK Fetch Data Fetch Error Fetch Multiple (3) XHR Request Log: [23:22:42] XHR OK: Leanne Graham [23:22:42] XHR request... [23:22:41] Expected error: Network request failed [23:22:41] Fetching invalid URL... [23:22:41] OK: sunt aut facere repellat provident occae... [23:22:40] Fetching data... Vertical scroll bar, 1 page Horizontal scroll bar, 1 page\" ptr=\"0x118ef7b80\" visibility=\"visible\" width=\"402\" x=\"0\" y=\"0\">\n                                                                                            <RCTView alpha=\"1.0\" class=\"RCTView\" focused=\"false\" height=\"679\" label=\"Network Demos All requests are auto-instrumented by the SDK Fetch Data Fetch Error Fetch Multiple (3) XHR Request Log: [23:22:42] XHR OK: Leanne Graham [23:22:42] XHR request... [23:22:41] Expected error: Network request failed [23:22:41] Fetching invalid URL... [23:22:41] OK: sunt aut facere repellat provident occae... [23:22:40] Fetching data... Vertical scroll bar, 1 page Horizontal scroll bar, 1 page\" ptr=\"0x118ef7800\" visibility=\"visible\" width=\"402\" x=\"0\" y=\"0\">\n                                                                                                <RCTSafeAreaView alpha=\"1.0\" class=\"RCTSafeAreaView\" focused=\"false\" height=\"679\" label=\"Network Demos All requests are auto-instrumented by the SDK Fetch Data Fetch Error Fetch Multiple (3) XHR Request Log: [23:22:42] XHR OK: Leanne Graham [23:22:42] XHR request... [23:22:41] Expected error: Network request failed [23:22:41] Fetching invalid URL... [23:22:41] OK: sunt aut facere repellat provident occae... [23:22:40] Fetching data... Vertical scroll bar, 1 page Horizontal scroll bar, 1 page\" ptr=\"0x10659ac00\" visibility=\"visible\" width=\"402\" x=\"0\" y=\"0\">\n                                                                                                    <RCTScrollView alpha=\"1.0\" class=\"RCTScrollView\" focused=\"false\" height=\"679\" label=\"Network Demos All requests are auto-instrumented by the SDK Fetch Data Fetch Error Fetch Multiple (3) XHR Request Log: [23:22:42] XHR OK: Leanne Graham [23:22:42] XHR request... [23:22:41] Expected error: Network request failed [23:22:41] Fetching invalid URL... [23:22:41] OK: sunt aut facere repellat provident occae... [23:22:40] Fetching data... Vertical scroll bar, 1 page Horizontal scroll bar, 1 page\" ptr=\"0x118ef9400\" visibility=\"visible\" width=\"402\" x=\"0\" y=\"0\">\n                                                                                                        <RCTCustomScrollView alpha=\"1.0\" class=\"RCTCustomScrollView\" focused=\"false\" height=\"679\" ptr=\"0x106589400\" visibility=\"visible\" width=\"402\" x=\"0\" y=\"0\">\n                                                                                                            <RCTScrollContentView alpha=\"1.0\" class=\"RCTScrollContentView\" focused=\"false\" height=\"302\" label=\"Network Demos All requests are auto-instrumented by the SDK Fetch Data Fetch Error Fetch Multiple (3) XHR Request Log: [23:22:42] XHR OK: Leanne Graham [23:22:42] XHR request... [23:22:41] Expected error: Network request failed [23:22:41] Fetching invalid URL... [23:22:41] OK: sunt aut facere repellat provident occae... [23:22:40] Fetching data...\" ptr=\"0x118ef7480\" visibility=\"visible\" width=\"370\" x=\"16\" y=\"16\">\n                                                                                                                <RCTTextView alpha=\"1.0\" class=\"RCTTextView\" focused=\"false\" height=\"26\" label=\"Network Demos\" ptr=\"0x118f58a00\" text=\"Network Demos\" visibility=\"visible\" width=\"370\" x=\"0\" y=\"0\" />\n                                                                                                                <RCTTextView alpha=\"1.0\" class=\"RCTTextView\" focused=\"false\" height=\"16\" label=\"All requests are auto-instrumented by the SDK\" ptr=\"0x118f58c00\" text=\"All requests are auto-instrumented by the SDK\" visibility=\"visible\" width=\"370\" x=\"0\" y=\"30\" />\n                                                                                                                <RCTView alpha=\"1.0\" class=\"RCTView\" focused=\"false\" height=\"71\" label=\"Fetch Data Fetch Error Fetch Multiple (3) XHR Request\" ptr=\"0x118ef6d80\" visibility=\"visible\" width=\"370\" x=\"0\" y=\"62\">\n                                                                                                                    <RCTView alpha=\"1.0\" class=\"RCTView\" focused=\"false\" height=\"31\" id=\"network-btn-fetch\" label=\"Fetch Data\" ptr=\"0x118ef5f80\" visibility=\"visible\" width=\"92\" x=\"0\" y=\"0\">\n                                                                                                                        <RCTTextView alpha=\"1.0\" class=\"RCTTextView\" focused=\"false\" height=\"16\" label=\"Fetch Data\" ptr=\"0x118f58e00\" text=\"Fetch Data\" visibility=\"visible\" width=\"68\" x=\"12\" y=\"8\" />\n                                                                                                                    </RCTView>\n                                                                                                                    <RCTView alpha=\"1.0\" class=\"RCTView\" focused=\"false\" height=\"31\" id=\"network-btn-fetch-error\" label=\"Fetch Error\" ptr=\"0x118ef6300\" visibility=\"visible\" width=\"94\" x=\"100\" y=\"0\">\n                                                                                                                        <RCTTextView alpha=\"1.0\" class=\"RCTTextView\" focused=\"false\" height=\"16\" label=\"Fetch Error\" ptr=\"0x118f59000\" text=\"Fetch Error\" visibility=\"visible\" width=\"71\" x=\"12\" y=\"8\" />\n                                                                                                                    </RCTView>\n                                                                                                                    <RCTView alpha=\"1.0\" class=\"RCTView\" focused=\"false\" height=\"31\" id=\"network-btn-fetch-multiple\" label=\"Fetch Multiple (3)\" ptr=\"0x118ef6680\" visibility=\"visible\" width=\"136\" x=\"203\" y=\"0\">\n                                                                                                                        <RCTTextView alpha=\"1.0\" class=\"RCTTextView\" focused=\"false\" height=\"16\" label=\"Fetch Multiple (3)\" ptr=\"0x118f59200\" text=\"Fetch Multiple (3)\" visibility=\"visible\" width=\"112\" x=\"12\" y=\"8\" />\n                                                                                                                    </RCTView>\n                                                                                                                    <RCTView alpha=\"1.0\" class=\"RCTView\" focused=\"false\" height=\"31\" id=\"network-btn-xhr\" label=\"XHR Request\" ptr=\"0x118ef6a00\" visibility=\"visible\" width=\"107\" x=\"0\" y=\"39\">\n                                                                                                                        <RCTTextView alpha=\"1.0\" class=\"RCTTextView\" focused=\"false\" height=\"16\" label=\"XHR Request\" ptr=\"0x118f59400\" text=\"XHR Request\" visibility=\"visible\" width=\"83\" x=\"12\" y=\"8\" />\n                                                                                                                    </RCTView>\n                                                                                                                </RCTView>\n                                                                                                                <RCTView alpha=\"1.0\" class=\"RCTView\" focused=\"false\" height=\"137\" id=\"network-result\" label=\"Log: [23:22:42] XHR OK: Leanne Graham [23:22:42] XHR request... [23:22:41] Expected error: Network request failed [23:22:41] Fetching invalid URL... [23:22:41] OK: sunt aut facere repellat provident occae... [23:22:40] Fetching data...\" ptr=\"0x118ef7100\" visibility=\"visible\" width=\"370\" x=\"0\" y=\"149\">\n                                                                                                                    <RCTTextView alpha=\"1.0\" class=\"RCTTextView\" focused=\"false\" height=\"17\" label=\"Log:\" ptr=\"0x118f59600\" text=\"Log:\" visibility=\"visible\" width=\"346\" x=\"12\" y=\"12\" />\n                                                                                                                    <RCTTextView alpha=\"1.0\" class=\"RCTTextView\" focused=\"false\" height=\"13\" label=\"[23:22:42] XHR OK: Leanne Graham\" ptr=\"0x117c98400\" text=\"[23:22:42] XHR OK: Leanne Graham\" visibility=\"visible\" width=\"346\" x=\"12\" y=\"35\" />\n                                                                                                                    <RCTTextView alpha=\"1.0\" class=\"RCTTextView\" focused=\"false\" height=\"13\" label=\"[23:22:42] XHR request...\" ptr=\"0x117c98600\" text=\"[23:22:42] XHR request...\" visibility=\"visible\" width=\"346\" x=\"12\" y=\"50\" />\n                                                                                                                    <RCTTextView alpha=\"1.0\" class=\"RCTTextView\" focused=\"false\" height=\"13\" label=\"[23:22:41] Expected error: Network request failed\" ptr=\"0x117c98800\" text=\"[23:22:41] Expected error: Network request failed\" visibility=\"visible\" width=\"346\" x=\"12\" y=\"65\" />\n                                                                                                                    <RCTTextView alpha=\"1.0\" class=\"RCTTextView\" focused=\"false\" height=\"13\" label=\"[23:22:41] Fetching invalid URL...\" ptr=\"0x117c98a00\" text=\"[23:22:41] Fetching invalid URL...\" visibility=\"visible\" width=\"346\" x=\"12\" y=\"81\" />\n                                                                                                                    <RCTTextView alpha=\"1.0\" class=\"RCTTextView\" focused=\"false\" height=\"13\" label=\"[23:22:41] OK: sunt aut facere repellat provident occae...\" ptr=\"0x117c98c00\" text=\"[23:22:41] OK: sunt aut facere repellat provident occae...\" visibility=\"visible\" width=\"346\" x=\"12\" y=\"96\" />\n                                                                                                                    <RCTTextView alpha=\"1.0\" class=\"RCTTextView\" focused=\"false\" height=\"13\" label=\"[23:22:40] Fetching data...\" ptr=\"0x117c98e00\" text=\"[23:22:40] Fetching data...\" visibility=\"visible\" width=\"346\" x=\"12\" y=\"111\" />\n                                                                                                                </RCTView>\n                                                                                                            </RCTScrollContentView>\n                                                                                                            <_UIScrollViewScrollIndicator alpha=\"0.0\" class=\"_UIScrollViewScrollIndicator\" focused=\"false\" height=\"265\" label=\"Vertical scroll bar, 1 page\" ptr=\"0x118f59e00\" value=\"0%\" visibility=\"visible\" width=\"3\" x=\"396\" y=\"410\">\n                                                                                                                <UIView alpha=\"1.0\" class=\"UIView\" focused=\"false\" height=\"265\" ptr=\"0x1098c7640\" visibility=\"visible\" width=\"3\" x=\"0\" y=\"0\" />\n                                                                                                            </_UIScrollViewScrollIndicator>\n                                                                                                            <_UIScrollViewScrollIndicator alpha=\"0.0\" class=\"_UIScrollViewScrollIndicator\" focused=\"false\" height=\"3\" label=\"Horizontal scroll bar, 1 page\" ptr=\"0x118f59c00\" value=\"0%\" visibility=\"visible\" width=\"364\" x=\"35\" y=\"673\">\n                                                                                                                <UIView alpha=\"1.0\" class=\"UIView\" focused=\"false\" height=\"3\" ptr=\"0x1098c72c0\" visibility=\"visible\" width=\"364\" x=\"0\" y=\"0\" />\n                                                                                                            </_UIScrollViewScrollIndicator>\n                                                                                                        </RCTCustomScrollView>\n                                                                                                    </RCTScrollView>\n                                                                                                </RCTSafeAreaView>\n                                                                                            </RCTView>\n                                                                                        </RCTView>\n                                                                                    </RNSScreenView>\n                                                                                </UIViewControllerWrapperView>\n                                                                            </UINavigationTransitionView>\n                                                                            <UINavigationBar alpha=\"1.0\" class=\"UINavigationBar\" focused=\"false\" height=\"54\" id=\"Network\" ptr=\"0x1099a6a00\" visibility=\"visible\" width=\"402\" x=\"0\" y=\"62\">\n                                                                                <_UIBarBackground alpha=\"1.0\" class=\"_UIBarBackground\" focused=\"false\" height=\"116\" ptr=\"0x118e5e800\" visibility=\"visible\" width=\"402\" x=\"0\" y=\"-62\">\n                                                                                    <UIImageView alpha=\"1.0\" class=\"UIImageView\" focused=\"false\" height=\"116\" ptr=\"0x10af6bc00\" visibility=\"visible\" width=\"402\" x=\"0\" y=\"0\" />\n                                                                                    <_UIBarBackgroundShadowView alpha=\"1.0\" class=\"_UIBarBackgroundShadowView\" focused=\"false\" height=\"0\" ptr=\"0x118e5f200\" visibility=\"visible\" width=\"402\" x=\"0\" y=\"116\">\n                                                                                        <_UIBarBackgroundShadowContentImageView alpha=\"1.0\" class=\"_UIBarBackgroundShadowContentImageView\" focused=\"false\" height=\"0\" ptr=\"0x118e5f480\" visibility=\"visible\" width=\"402\" x=\"0\" y=\"0\" />\n                                                                                    </_UIBarBackgroundShadowView>\n                                                                                </_UIBarBackground>\n                                                                                <UIKit.NavigationBarContentView alpha=\"1.0\" class=\"UIKit.NavigationBarContentView\" focused=\"false\" height=\"54\" ptr=\"0x106575000\" visibility=\"visible\" width=\"402\" x=\"0\" y=\"0\">\n                                                                                    <UIKit.NavigationBarTransitionContainer alpha=\"1.0\" class=\"UIKit.NavigationBarTransitionContainer\" focused=\"false\" height=\"54\" ptr=\"0x10af6ac00\" visibility=\"visible\" width=\"402\" x=\"0\" y=\"0\">\n                                                                                        <_UINavigationBarHostedViewContainer alpha=\"1.0\" class=\"_UINavigationBarHostedViewContainer\" focused=\"false\" height=\"54\" ptr=\"0x1098a6140\" visibility=\"visible\" width=\"402\" x=\"0\" y=\"0\">\n                                                                                            <_UINavigationBarHostedViewWrapper alpha=\"1.0\" class=\"_UINavigationBarHostedViewWrapper\" focused=\"false\" height=\"20\" ptr=\"0x118f5b200\" visibility=\"visible\" width=\"68\" x=\"167\" y=\"11\">\n                                                                                                <_UINavigationBarTitleControl alpha=\"1.0\" class=\"_UINavigationBarTitleControl\" focused=\"false\" height=\"20\" ptr=\"0x118f01200\" visibility=\"visible\" width=\"68\" x=\"0\" y=\"0\">\n                                                                                                    <_UIIntrinsicContentSizeInvalidationForwardingWrapperView alpha=\"1.0\" class=\"_UIIntrinsicContentSizeInvalidationForwardingWrapperView\" focused=\"false\" height=\"20\" ptr=\"0x1098d0a80\" visibility=\"visible\" width=\"68\" x=\"0\" y=\"0\">\n                                                                                                        <UILabel alpha=\"1.0\" class=\"UILabel\" focused=\"false\" height=\"20\" label=\"Network\" ptr=\"0x118fe4380\" text=\"Network\" visibility=\"visible\" width=\"67\" x=\"0\" y=\"0\" />\n                                                                                                    </_UIIntrinsicContentSizeInvalidationForwardingWrapperView>\n                                                                                                </_UINavigationBarTitleControl>\n                                                                                            </_UINavigationBarHostedViewWrapper>\n                                                                                        </_UINavigationBarHostedViewContainer>\n                                                                                        <UIView alpha=\"1.0\" class=\"UIView\" focused=\"false\" height=\"54\" ptr=\"0x1098a5f80\" visibility=\"visible\" width=\"402\" x=\"0\" y=\"0\" />\n                                                                                        <UIKit.NavigationBarPlatterContainer alpha=\"1.0\" class=\"UIKit.NavigationBarPlatterContainer\" focused=\"false\" height=\"54\" ptr=\"0x1098a6300\" visibility=\"visible\" width=\"402\" x=\"0\" y=\"0\">\n                                                                                            <_UINavigationBarPlatterView alpha=\"1.0\" class=\"_UINavigationBarPlatterView\" focused=\"false\" height=\"44\" ptr=\"0x118f01800\" visibility=\"visible\" width=\"44\" x=\"16\" y=\"0\">\n                                                                                                <_UINavigationBarPlatterAnimationView alpha=\"1.0\" class=\"_UINavigationBarPlatterAnimationView\" focused=\"false\" height=\"44\" ptr=\"0x1098d1dc0\" visibility=\"visible\" width=\"44\" x=\"0\" y=\"0\">\n                                                                                                    <_UINavigationBarPlatterAnimationView alpha=\"1.0\" class=\"_UINavigationBarPlatterAnimationView\" focused=\"false\" height=\"44\" ptr=\"0x1098d2140\" visibility=\"visible\" width=\"44\" x=\"0\" y=\"0\">\n                                                                                                        <_UINavigationBarPlatterAnimationView alpha=\"1.0\" class=\"_UINavigationBarPlatterAnimationView\" focused=\"false\" height=\"48\" ptr=\"0x1098d2300\" visibility=\"visible\" width=\"48\" x=\"-2\" y=\"-2\">\n                                                                                                            <_UINavigationBarPlatterAnimationView alpha=\"1.0\" class=\"_UINavigationBarPlatterAnimationView\" focused=\"false\" height=\"40\" ptr=\"0x1098d24c0\" visibility=\"visible\" width=\"40\" x=\"1\" y=\"1\">\n                                                                                                                <_UINavigationBarPlatterContentView alpha=\"1.0\" class=\"_UINavigationBarPlatterContentView\" focused=\"false\" height=\"44\" ptr=\"0x1098d2680\" visibility=\"visible\" width=\"44\" x=\"0\" y=\"0\">\n                                                                                                                    <_UINavigationBarPlatterGlassView alpha=\"1.0\" class=\"_UINavigationBarPlatterGlassView\" focused=\"false\" height=\"44\" ptr=\"0x1098d2840\" visibility=\"visible\" width=\"44\" x=\"0\" y=\"0\">\n                                                                                                                        <_UINavigationBarPlatterSubviewContainerView alpha=\"1.0\" class=\"_UINavigationBarPlatterSubviewContainerView\" focused=\"false\" height=\"44\" ptr=\"0x1098d2a00\" visibility=\"visible\" width=\"44\" x=\"0\" y=\"0\">\n                                                                                                                            <_UINavigationBarPlatterItemView alpha=\"1.0\" class=\"_UINavigationBarPlatterItemView\" focused=\"false\" height=\"44\" ptr=\"0x118fcef80\" visibility=\"visible\" width=\"44\" x=\"0\" y=\"0\">\n                                                                                                                                <_UIButtonBarButton alpha=\"1.0\" class=\"_UIButtonBarButton\" focused=\"false\" height=\"44\" id=\"BackButton\" ptr=\"0x118fce800\" visibility=\"visible\" width=\"44\" x=\"0\" y=\"0\">\n                                                                                                                                    <_TtCC5UIKit29ButtonBarButtonVisualProviderP33_A98CD29F4F6ECA17AFECE41BBB264E5918BackButtonMaskView alpha=\"1.0\" class=\"_TtCC5UIKit29ButtonBarButtonVisualProviderP33_A98CD29F4F6ECA17AFECE41BBB264E5918BackButtonMaskView\" focused=\"false\" height=\"44\" ptr=\"0x1098d0540\" visibility=\"invisible\" width=\"44\" x=\"0\" y=\"0\">\n                                                                                                                                        <UIImageView alpha=\"1.0\" class=\"UIImageView\" focused=\"false\" height=\"28\" id=\"UINavigationBarTitleTransitionBackIndicatorMaskSymbol\" ptr=\"0x118f5a800\" visibility=\"visible\" width=\"19\" x=\"0\" y=\"8\" />\n                                                                                                                                        <UIView alpha=\"1.0\" class=\"UIView\" focused=\"false\" height=\"44\" ptr=\"0x1098d0700\" visibility=\"visible\" width=\"0\" x=\"44\" y=\"0\" />\n                                                                                                                                    </_TtCC5UIKit29ButtonBarButtonVisualProviderP33_A98CD29F4F6ECA17AFECE41BBB264E5918BackButtonMaskView>\n                                                                                                                                    <_TtCC5UIKit29ButtonBarButtonVisualProviderP33_A98CD29F4F6ECA17AFECE41BBB264E596Button alpha=\"1.0\" class=\"_TtCC5UIKit29ButtonBarButtonVisualProviderP33_A98CD29F4F6ECA17AFECE41BBB264E596Button\" focused=\"false\" height=\"23\" label=\"Back\" ptr=\"0x118fe4000\" visibility=\"visible\" width=\"44\" x=\"0\" y=\"10\">\n                                                                                                                                        <UIImageView alpha=\"1.0\" class=\"UIImageView\" focused=\"false\" height=\"23\" id=\"chevron.backward\" label=\"Back\" ptr=\"0x118f5aa00\" visibility=\"visible\" width=\"16\" x=\"13\" y=\"0\" />\n                                                                                                                                    </_TtCC5UIKit29ButtonBarButtonVisualProviderP33_A98CD29F4F6ECA17AFECE41BBB264E596Button>\n                                                                                                                                </_UIButtonBarButton>\n                                                                                                                            </_UINavigationBarPlatterItemView>\n                                                                                                                        </_UINavigationBarPlatterSubviewContainerView>\n                                                                                                                    </_UINavigationBarPlatterGlassView>\n                                                                                                                </_UINavigationBarPlatterContentView>\n                                                                                                            </_UINavigationBarPlatterAnimationView>\n                                                                                                        </_UINavigationBarPlatterAnimationView>\n                                                                                                    </_UINavigationBarPlatterAnimationView>\n                                                                                                </_UINavigationBarPlatterAnimationView>\n                                                                                            </_UINavigationBarPlatterView>\n                                                                                        </UIKit.NavigationBarPlatterContainer>\n                                                                                    </UIKit.NavigationBarTransitionContainer>\n                                                                                </UIKit.NavigationBarContentView>\n                                                                                <_UIPointerInteractionAssistantEffectContainerView alpha=\"1.0\" class=\"_UIPointerInteractionAssistantEffectContainerView\" focused=\"false\" height=\"0\" ptr=\"0x1098a7480\" visibility=\"visible\" width=\"0\" x=\"0\" y=\"0\" />\n                                                                            </UINavigationBar>\n                                                                            <_UIFloatingBarContainerView alpha=\"1.0\" class=\"_UIFloatingBarContainerView\" focused=\"false\" height=\"795\" ptr=\"0x10af6b000\" visibility=\"visible\" width=\"402\" x=\"0\" y=\"0\">\n                                                                                <_TtGC5UIKitP10$186ea25a022FloatingBarHostingViewVS_20FloatingBarContainer_ alpha=\"1.0\" class=\"_TtGC5UIKitP10$186ea25a022FloatingBarHostingViewVS_20FloatingBarContainer_\" focused=\"false\" height=\"795\" ptr=\"0x10af6b800\" visibility=\"visible\" width=\"402\" x=\"0\" y=\"0\" />\n                                                                                <_UIPointerInteractionAssistantEffectContainerView alpha=\"1.0\" class=\"_UIPointerInteractionAssistantEffectContainerView\" focused=\"false\" height=\"0\" ptr=\"0x1098a6f40\" visibility=\"visible\" width=\"0\" x=\"0\" y=\"0\" />\n                                                                            </_UIFloatingBarContainerView>\n                                                                        </UILayoutContainerView>\n                                                                    </RNSScreenStackView>\n                                                                </RCTView>\n                                                            </RCTView>\n                                                        </RCTView>\n                                                    </RNSScreenView>\n                                                </UIViewControllerWrapperView>\n                                            </UINavigationTransitionView>\n                                            <UINavigationBar alpha=\"1.0\" class=\"UINavigationBar\" focused=\"false\" height=\"54\" id=\"RNSScreen\" ptr=\"0x1099a4600\" visibility=\"invisible\" width=\"402\" x=\"0\" y=\"-116\">\n                                                <_UIBarBackground alpha=\"1.0\" class=\"_UIBarBackground\" focused=\"false\" height=\"116\" ptr=\"0x10ac71900\" visibility=\"visible\" width=\"402\" x=\"0\" y=\"-62\" />\n                                                <_UIPointerInteractionAssistantEffectContainerView alpha=\"1.0\" class=\"_UIPointerInteractionAssistantEffectContainerView\" focused=\"false\" height=\"0\" ptr=\"0x109801dc0\" visibility=\"visible\" width=\"0\" x=\"0\" y=\"0\" />\n                                            </UINavigationBar>\n                                            <_UIFloatingBarContainerView alpha=\"1.0\" class=\"_UIFloatingBarContainerView\" focused=\"false\" height=\"795\" ptr=\"0x109a12200\" visibility=\"visible\" width=\"402\" x=\"0\" y=\"0\">\n                                                <_TtGC5UIKitP10$186ea25a022FloatingBarHostingViewVS_20FloatingBarContainer_ alpha=\"1.0\" class=\"_TtGC5UIKitP10$186ea25a022FloatingBarHostingViewVS_20FloatingBarContainer_\" focused=\"false\" height=\"795\" ptr=\"0x109a12a00\" visibility=\"visible\" width=\"402\" x=\"0\" y=\"0\" />\n                                                <_UIPointerInteractionAssistantEffectContainerView alpha=\"1.0\" class=\"_UIPointerInteractionAssistantEffectContainerView\" focused=\"false\" height=\"0\" ptr=\"0x1067e8a80\" visibility=\"visible\" width=\"0\" x=\"0\" y=\"0\" />\n                                            </_UIFloatingBarContainerView>\n                                        </UILayoutContainerView>\n                                    </RNSScreenNavigationContainerView>\n                                    <RCTView alpha=\"1.0\" class=\"RCTView\" focused=\"false\" height=\"79\" label=\"Home, tab, 1 of 3 Demos, tab, 2 of 3 Settings, tab, 3 of 3\" ptr=\"0x10add2d80\" visibility=\"visible\" width=\"402\" x=\"0\" y=\"795\">\n                                        <RCTView alpha=\"1.0\" class=\"RCTView\" focused=\"false\" height=\"78\" ptr=\"0x1065d3b80\" visibility=\"visible\" width=\"402\" x=\"0\" y=\"0\" />\n                                        <RCTView alpha=\"1.0\" class=\"RCTView\" focused=\"false\" height=\"48\" label=\"Home, tab, 1 of 3 Demos, tab, 2 of 3 Settings, tab, 3 of 3\" ptr=\"0x10add2a00\" visibility=\"visible\" width=\"402\" x=\"0\" y=\"0\">\n                                            <RCTView alpha=\"1.0\" class=\"RCTView\" focused=\"false\" height=\"48\" id=\"tab-home\" label=\"Home, tab, 1 of 3\" ptr=\"0x10add0a80\" visibility=\"visible\" width=\"134\" x=\"0\" y=\"0\">\n                                                <RCTView alpha=\"1.0\" class=\"RCTView\" focused=\"false\" height=\"34\" label=\"H H\" ptr=\"0x10add0700\" visibility=\"visible\" width=\"0\" x=\"67\" y=\"0\">\n                                                    <RCTView alpha=\"0.0\" class=\"RCTView\" focused=\"false\" height=\"34\" label=\"H\" ptr=\"0x10add0000\" visibility=\"visible\" width=\"134\" x=\"-67\" y=\"0\">\n                                                        <RCTTextView alpha=\"1.0\" class=\"RCTTextView\" focused=\"false\" height=\"22\" label=\"H\" ptr=\"0x109a12c00\" text=\"H\" visibility=\"visible\" width=\"13\" x=\"60\" y=\"6\" />\n                                                    </RCTView>\n                                                    <RCTView alpha=\"1.0\" class=\"RCTView\" focused=\"false\" height=\"34\" label=\"H\" ptr=\"0x10add0380\" visibility=\"visible\" width=\"134\" x=\"-67\" y=\"0\">\n                                                        <RCTTextView alpha=\"1.0\" class=\"RCTTextView\" focused=\"false\" height=\"22\" label=\"H\" ptr=\"0x109a12e00\" text=\"H\" visibility=\"visible\" width=\"13\" x=\"60\" y=\"6\" />\n                                                    </RCTView>\n                                                </RCTView>\n                                                <RCTTextView alpha=\"1.0\" class=\"RCTTextView\" focused=\"false\" height=\"14\" label=\"Home\" ptr=\"0x109a13000\" text=\"Home\" visibility=\"visible\" width=\"34\" x=\"50\" y=\"34\" />\n                                            </RCTView>\n                                            <RCTView alpha=\"1.0\" class=\"RCTView\" focused=\"false\" height=\"48\" id=\"tab-demos\" label=\"Demos, tab, 2 of 3\" ptr=\"0x10add1880\" visibility=\"visible\" width=\"134\" x=\"134\" y=\"0\">\n                                                <RCTView alpha=\"1.0\" class=\"RCTView\" focused=\"false\" height=\"34\" label=\"D D\" ptr=\"0x10add1500\" visibility=\"visible\" width=\"0\" x=\"67\" y=\"0\">\n                                                    <RCTView alpha=\"1.0\" class=\"RCTView\" focused=\"false\" height=\"34\" label=\"D\" ptr=\"0x10add0e00\" visibility=\"visible\" width=\"134\" x=\"-67\" y=\"0\">\n                                                        <RCTTextView alpha=\"1.0\" class=\"RCTTextView\" focused=\"false\" height=\"22\" label=\"D\" ptr=\"0x109a13200\" text=\"D\" visibility=\"visible\" width=\"13\" x=\"60\" y=\"6\" />\n                                                    </RCTView>\n                                                    <RCTView alpha=\"0.0\" class=\"RCTView\" focused=\"false\" height=\"34\" label=\"D\" ptr=\"0x10add1180\" visibility=\"visible\" width=\"134\" x=\"-67\" y=\"0\">\n                                                        <RCTTextView alpha=\"1.0\" class=\"RCTTextView\" focused=\"false\" height=\"22\" label=\"D\" ptr=\"0x109a13400\" text=\"D\" visibility=\"visible\" width=\"13\" x=\"60\" y=\"6\" />\n                                                    </RCTView>\n                                                </RCTView>\n                                                <RCTTextView alpha=\"1.0\" class=\"RCTTextView\" focused=\"false\" height=\"14\" label=\"Demos\" ptr=\"0x109a13600\" text=\"Demos\" visibility=\"visible\" width=\"40\" x=\"47\" y=\"34\" />\n                                            </RCTView>\n                                            <RCTView alpha=\"1.0\" class=\"RCTView\" focused=\"false\" height=\"48\" id=\"tab-settings\" label=\"Settings, tab, 3 of 3\" ptr=\"0x10add2680\" visibility=\"visible\" width=\"134\" x=\"268\" y=\"0\">\n                                                <RCTView alpha=\"1.0\" class=\"RCTView\" focused=\"false\" height=\"34\" label=\"S S\" ptr=\"0x10add2300\" visibility=\"visible\" width=\"0\" x=\"67\" y=\"0\">\n                                                    <RCTView alpha=\"0.0\" class=\"RCTView\" focused=\"false\" height=\"34\" label=\"S\" ptr=\"0x10add1c00\" visibility=\"visible\" width=\"134\" x=\"-67\" y=\"0\">\n                                                        <RCTTextView alpha=\"1.0\" class=\"RCTTextView\" focused=\"false\" height=\"22\" label=\"S\" ptr=\"0x109a13800\" text=\"S\" visibility=\"visible\" width=\"11\" x=\"61\" y=\"6\" />\n                                                    </RCTView>\n                                                    <RCTView alpha=\"1.0\" class=\"RCTView\" focused=\"false\" height=\"34\" label=\"S\" ptr=\"0x10add1f80\" visibility=\"visible\" width=\"134\" x=\"-67\" y=\"0\">\n                                                        <RCTTextView alpha=\"1.0\" class=\"RCTTextView\" focused=\"false\" height=\"22\" label=\"S\" ptr=\"0x109a13a00\" text=\"S\" visibility=\"visible\" width=\"11\" x=\"61\" y=\"6\" />\n                                                    </RCTView>\n                                                </RCTView>\n                                                <RCTTextView alpha=\"1.0\" class=\"RCTTextView\" focused=\"false\" height=\"14\" label=\"Settings\" ptr=\"0x109a13c00\" text=\"Settings\" visibility=\"visible\" width=\"47\" x=\"43\" y=\"34\" />\n                                            </RCTView>\n                                        </RCTView>\n                                    </RCTView>\n                                </RNCSafeAreaProvider>\n                            </RCTView>\n                        </RCTView>\n                    </RCTRootContentView>\n                </RCTRootView>\n            </UIDropShadowView>\n        </UITransitionView>\n    </UIWindow>\n</ViewHierarchy>","visibilityFailingRectsURL":"/Users/nonth/Library/Developer/CoreSimulator/Devices/B7E9BAD6-0C0D-41EE-BE0C-D49BF485382E/data/Containers/Data/Application/438DCEE1-3489-4DA1-B18D-63078973F5DB/tmp/visibilityFailingRects","details":"No elements found for “MATCHER(id == “demos-btn-logs”)”","NSLocalizedDescription":"No elements found for “MATCHER(id == “demos-btn-logs”)”","DetoxFailureInformation":{"lineNumber":50,"file":"/Users/builder/uibuilder/work/detox/ios/Detox/Invocation/Element.swift","functionName":"views"},"visibilityFailingScreenshotsURL":"/Users/nonth/Library/Developer/CoreSimulator/Devices/B7E9BAD6-0C0D-41EE-BE0C-D49BF485382E/data/Containers/Data/Application/438DCEE1-3489-4DA1-B18D-63078973F5DB/tmp/visibilityFailingScreenshots","windows":["<UIWindow: 0x106598800; frame = (0 0; 402 874);>","<DTXTouchVisualizerWindow: 0x1064fc500; frame = (0 0; 402 874);>"]},"messageId":26,"type":"testFailed"}
   
23:22:44.909 detox[66325] E tap
  error: Test Failed: No elements found for “MATCHER(id == “demos-btn-logs”)”
  
  HINT: To print view hierarchy on failed actions/matches, use log-level verbose or higher.
23:22:44.910 detox[66325] B onTestFnFailure
  args: ({"error":{"name":"DetoxRuntimeError"}})
23:22:44.910 detox[66325] i starting SimulatorScreenshot
23:22:44.910 detox[66325] i /usr/bin/xcrun simctl io B7E9BAD6-0C0D-41EE-BE0C-D49BF485382E screenshot "/private/var/folders/nd/_cs61jn95mx_wzcmldgt15p00000gn/T/detox-66325-rJVTc1.detox.png"
23:22:45.078 detox[66325] i Detected file type from extension: PNG
Note: No display specified. Defaulting to display: 1CF89121-203F-41F0-8702-803F5499D5AE (screenID: 1, name: LCD)
Wrote screenshot to: /private/var/folders/nd/_cs61jn95mx_wzcmldgt15p00000gn/T/detox-66325-rJVTc1.detox.png

23:22:45.078 detox[66325] i stopping SimulatorScreenshot
23:22:45.078 detox[66325] E onTestFnFailure
23:22:45.078 detox[66325] E test_fn
  error: Test Failed: No elements found for “MATCHER(id == “demos-btn-logs”)”
  
  HINT: To print view hierarchy on failed actions/matches, use log-level verbose or higher.
23:22:45.079 detox[66325] B onTestDone
  args: ({"title":"navigates to Logs demo and interacts","fullName":"React Navigation Example Demo Screens navigates to Logs demo and interacts","status":"failed","invocations":1,"timedOut":false})
23:22:45.079 detox[66325] i starting SimulatorScreenshot
23:22:45.079 detox[66325] i /usr/bin/xcrun simctl io B7E9BAD6-0C0D-41EE-BE0C-D49BF485382E screenshot "/private/var/folders/nd/_cs61jn95mx_wzcmldgt15p00000gn/T/detox-66325-OevNYB.detox.png"
23:22:45.080 detox[66325] i stopping SimulatorVideoRecording
23:22:45.081 detox[66325] i sending SIGINT to: /usr/bin/xcrun simctl io B7E9BAD6-0C0D-41EE-BE0C-D49BF485382E recordVideo /private/var/folders/nd/_cs61jn95mx_wzcmldgt15p00000gn/T/detox-66325-4tF9bw.detox.mp4
23:22:45.089 detox[66325] i Recording completed. Writing to disk.

Wrote video to: /private/var/folders/nd/_cs61jn95mx_wzcmldgt15p00000gn/T/detox-66325-4tF9bw.detox.mp4

23:22:45.090 detox[66325] i /usr/bin/xcrun simctl io B7E9BAD6-0C0D-41EE-BE0C-D49BF485382E recordVideo /private/var/folders/nd/_cs61jn95mx_wzcmldgt15p00000gn/T/detox-66325-4tF9bw.detox.mp4 exited with code #0
23:22:45.090 detox[66325] i saving SimulatorVideoRecording to: artifacts/ios.sim.release.2026-04-10 16-22-19Z/✗ React Navigation Example Demo Screens navigates to Logs demo and interacts/test.mp4
23:22:45.090 detox[66325] i moving "/private/var/folders/nd/_cs61jn95mx_wzcmldgt15p00000gn/T/detox-66325-4tF9bw.detox.mp4" to artifacts/ios.sim.release.2026-04-10 16-22-19Z/✗ React Navigation Example Demo Screens navigates to Logs demo and interacts/test.mp4
23:22:45.250 detox[66325] i Detected file type from extension: PNG
Note: No display specified. Defaulting to display: 1CF89121-203F-41F0-8702-803F5499D5AE (screenID: 1, name: LCD)
Wrote screenshot to: /private/var/folders/nd/_cs61jn95mx_wzcmldgt15p00000gn/T/detox-66325-OevNYB.detox.png

23:22:45.250 detox[66325] i stopping SimulatorScreenshot
23:22:45.250 detox[66325] i stopping SimulatorLogRecording
23:22:45.250 detox[66325] i saving SimulatorScreenshot to: artifacts/ios.sim.release.2026-04-10 16-22-19Z/✗ React Navigation Example Demo Screens navigates to Logs demo and interacts/testStart.png
23:22:45.250 detox[66325] i moving "/private/var/folders/nd/_cs61jn95mx_wzcmldgt15p00000gn/T/detox-66325-dzRHiM.detox.png" to artifacts/ios.sim.release.2026-04-10 16-22-19Z/✗ React Navigation Example Demo Screens navigates to Logs demo and interacts/testStart.png
23:22:45.251 detox[66325] i saving SimulatorScreenshot to: artifacts/ios.sim.release.2026-04-10 16-22-19Z/✗ React Navigation Example Demo Screens navigates to Logs demo and interacts/testFnFailure.png
23:22:45.251 detox[66325] i moving "/private/var/folders/nd/_cs61jn95mx_wzcmldgt15p00000gn/T/detox-66325-rJVTc1.detox.png" to artifacts/ios.sim.release.2026-04-10 16-22-19Z/✗ React Navigation Example Demo Screens navigates to Logs demo and interacts/testFnFailure.png
23:22:45.251 detox[66325] i saving SimulatorScreenshot to: artifacts/ios.sim.release.2026-04-10 16-22-19Z/✗ React Navigation Example Demo Screens navigates to Logs demo and interacts/testDone.png
23:22:45.251 detox[66325] i moving "/private/var/folders/nd/_cs61jn95mx_wzcmldgt15p00000gn/T/detox-66325-OevNYB.detox.png" to artifacts/ios.sim.release.2026-04-10 16-22-19Z/✗ React Navigation Example Demo Screens navigates to Logs demo and interacts/testDone.png
23:22:45.303 detox[66325] i sending SIGINT to: /usr/bin/xcrun simctl spawn B7E9BAD6-0C0D-41EE-BE0C-D49BF485382E log stream --level debug --style compact --predicate processImagePath beginsWith "/Users/nonth/Library/Developer/CoreSimulator/Devices/B7E9BAD6-0C0D-41EE-BE0C-D49BF485382E/data/Containers/Bundle/Application/A9D25B4E-FCD1-47CE-888B-F82CFEBC6D31/EdotReactNavExample.app"
23:22:45.311 detox[66325] i /usr/bin/xcrun simctl spawn B7E9BAD6-0C0D-41EE-BE0C-D49BF485382E log stream --level debug --style compact --predicate "processImagePath beginsWith \"/Users/nonth/Library/Developer/CoreSimulator/Devices/B7E9BAD6-0C0D-41EE-BE0C-D49BF485382E/data/Containers/Bundle/Application/A9D25B4E-FCD1-47CE-888B-F82CFEBC6D31/EdotReactNavExample.app\"" exited with code #0
23:22:45.312 detox[66325] E onTestDone
23:22:45.312 detox[66325] E navigates to Logs demo and interacts
23:22:45.312 detox[66325] i React Navigation Example > Demo Screens: navigates to Logs demo and interacts [FAIL]
23:22:45.312 detox[66325] B navigates to Error demo and interacts
23:22:45.312 detox[66325] i React Navigation Example > Demo Screens: navigates to Error demo and interacts
23:22:45.312 detox[66325] B onTestStart
  args: ({"title":"navigates to Error demo and interacts","fullName":"React Navigation Example Demo Screens navigates to Error demo and interacts","status":"running","invocations":1})
23:22:45.313 detox[66325] i starting SimulatorLogRecording
23:22:45.313 detox[66325] i saving SimulatorLogRecording to: artifacts/ios.sim.release.2026-04-10 16-22-19Z/✗ React Navigation Example Demo Screens navigates to Logs demo and interacts/device.log
23:22:45.313 detox[66325] i moving "/private/var/folders/nd/_cs61jn95mx_wzcmldgt15p00000gn/T/detox-66325-EiFAdV.detox.log" to artifacts/ios.sim.release.2026-04-10 16-22-19Z/✗ React Navigation Example Demo Screens navigates to Logs demo and interacts/device.log
23:22:45.314 detox[66325] i /usr/bin/xcrun simctl get_app_container B7E9BAD6-0C0D-41EE-BE0C-D49BF485382E com.edot.reactnavexample
23:22:45.479 detox[66325] i /Users/nonth/Library/Developer/CoreSimulator/Devices/B7E9BAD6-0C0D-41EE-BE0C-D49BF485382E/data/Containers/Bundle/Application/A9D25B4E-FCD1-47CE-888B-F82CFEBC6D31/EdotReactNavExample.app

23:22:45.480 detox[66325] i /usr/bin/xcrun simctl spawn B7E9BAD6-0C0D-41EE-BE0C-D49BF485382E log stream --level debug --style compact --predicate "processImagePath beginsWith \"/Users/nonth/Library/Developer/CoreSimulator/Devices/B7E9BAD6-0C0D-41EE-BE0C-D49BF485382E/data/Containers/Bundle/Application/A9D25B4E-FCD1-47CE-888B-F82CFEBC6D31/EdotReactNavExample.app\""
23:22:45.532 detox[66325] i starting SimulatorScreenshot
23:22:45.532 detox[66325] i /usr/bin/xcrun simctl io B7E9BAD6-0C0D-41EE-BE0C-D49BF485382E screenshot "/private/var/folders/nd/_cs61jn95mx_wzcmldgt15p00000gn/T/detox-66325-6sXOsx.detox.png"
23:22:45.533 detox[66325] i starting SimulatorVideoRecording
23:22:45.533 detox[66325] i /usr/bin/xcrun simctl io B7E9BAD6-0C0D-41EE-BE0C-D49BF485382E recordVideo /private/var/folders/nd/_cs61jn95mx_wzcmldgt15p00000gn/T/detox-66325-g313nf.detox.mp4
23:22:45.698 detox[66325] i Note: No display specified. Defaulting to display: 1CF89121-203F-41F0-8702-803F5499D5AE (screenID: 1, name: LCD)

23:22:45.711 detox[66325] i Recording started

23:22:45.750 detox[66325] i Detected file type from extension: PNG
Note: No display specified. Defaulting to display: 1CF89121-203F-41F0-8702-803F5499D5AE (screenID: 1, name: LCD)
Wrote screenshot to: /private/var/folders/nd/_cs61jn95mx_wzcmldgt15p00000gn/T/detox-66325-6sXOsx.detox.png

23:22:45.750 detox[66325] i stopping SimulatorScreenshot
23:22:45.750 detox[66325] E onTestStart
23:22:45.750 detox[66325] B beforeEach
23:22:45.750 detox[66325] E beforeEach
23:22:45.750 detox[66325] B test_fn
23:22:45.750 detox[66325] i send message
  data: {"type":"invoke","params":{"type":"action","action":"tap","predicate":{"type":"id","value":"demos-btn-errors","isRegex":false}},"messageId":27}
23:22:45.751 detox[66324] i get
  data: {"type":"invoke","params":{"type":"action","action":"tap","predicate":{"type":"id","value":"demos-btn-errors","isRegex":false}},"messageId":27}
23:22:45.751 detox[66324] i send
  data: {
    "type": "invoke",
    "params": {
      "type": "action",
      "action": "tap",
      "predicate": {
        "type": "id",
        "value": "demos-btn-errors",
        "isRegex": false
      }
    },
    "messageId": 27
  }
23:22:45.751 detox[66325] B tap
  data: {
    "type": "action",
    "action": "tap",
    "predicate": {
      "type": "id",
      "value": "demos-btn-errors",
      "isRegex": false
    }
  }
23:22:45.768 detox[66324] i get
  data: {"messageId":27,"params":{"viewHierarchy":"<?xml version=\"1.0\" encoding=\"utf-8\"?>\n<ViewHierarchy>\n    <UIWindow alpha=\"1.0\" class=\"UIWindow\" focused=\"false\" height=\"874\" ptr=\"0x106598800\" visibility=\"visible\" width=\"402\">\n        <UITransitionView alpha=\"1.0\" class=\"UITransitionView\" focused=\"false\" height=\"874\" ptr=\"0x109a10000\" visibility=\"visible\" width=\"402\" x=\"0\" y=\"0\">\n            <UIDropShadowView alpha=\"1.0\" class=\"UIDropShadowView\" focused=\"false\" height=\"874\" ptr=\"0x10991db80\" visibility=\"visible\" width=\"402\" x=\"0\" y=\"0\">\n                <RCTRootView alpha=\"1.0\" class=\"RCTRootView\" focused=\"false\" height=\"874\" ptr=\"0x10991d400\" visibility=\"visible\" width=\"402\" x=\"0\" y=\"0\">\n                    <RCTRootContentView alpha=\"1.0\" class=\"RCTRootContentView\" focused=\"false\" height=\"874\" label=\"Network Demos All requests are auto-instrumented by the SDK Fetch Data Fetch Error Fetch Multiple (3) XHR Request Log: [23:22:42] XHR OK: Leanne Graham [23:22:42] XHR request... [23:22:41] Expected error: Network request failed [23:22:41] Fetching invalid URL... [23:22:41] OK: sunt aut facere repellat provident occae... [23:22:40] Fetching data... Vertical scroll bar, 1 page Horizontal scroll bar, 1 page Network Home, tab, 1 of 3 Demos, tab, 2 of 3 Settings, tab, 3 of 3\" ptr=\"0x106598400\" visibility=\"visible\" width=\"402\" x=\"0\" y=\"0\">\n                        <RCTView alpha=\"1.0\" class=\"RCTView\" focused=\"false\" height=\"874\" label=\"Network Demos All requests are auto-instrumented by the SDK Fetch Data Fetch Error Fetch Multiple (3) XHR Request Log: [23:22:42] XHR OK: Leanne Graham [23:22:42] XHR request... [23:22:41] Expected error: Network request failed [23:22:41] Fetching invalid URL... [23:22:41] OK: sunt aut facere repellat provident occae... [23:22:40] Fetching data... Vertical scroll bar, 1 page Horizontal scroll bar, 1 page Network Home, tab, 1 of 3 Demos, tab, 2 of 3 Settings, tab, 3 of 3\" ptr=\"0x10add3480\" visibility=\"visible\" width=\"402\" x=\"0\" y=\"0\">\n                            <RCTView alpha=\"1.0\" class=\"RCTView\" focused=\"false\" height=\"874\" label=\"Network Demos All requests are auto-instrumented by the SDK Fetch Data Fetch Error Fetch Multiple (3) XHR Request Log: [23:22:42] XHR OK: Leanne Graham [23:22:42] XHR request... [23:22:41] Expected error: Network request failed [23:22:41] Fetching invalid URL... [23:22:41] OK: sunt aut facere repellat provident occae... [23:22:40] Fetching data... Vertical scroll bar, 1 page Horizontal scroll bar, 1 page Network Home, tab, 1 of 3 Demos, tab, 2 of 3 Settings, tab, 3 of 3\" ptr=\"0x10add3100\" visibility=\"visible\" width=\"402\" x=\"0\" y=\"0\">\n                                <RNCSafeAreaProvider alpha=\"1.0\" class=\"RNCSafeAreaProvider\" focused=\"false\" height=\"874\" label=\"Network Demos All requests are auto-instrumented by the SDK Fetch Data Fetch Error Fetch Multiple (3) XHR Request Log: [23:22:42] XHR OK: Leanne Graham [23:22:42] XHR request... [23:22:41] Expected error: Network request failed [23:22:41] Fetching invalid URL... [23:22:41] OK: sunt aut facere repellat provident occae... [23:22:40] Fetching data... Vertical scroll bar, 1 page Horizontal scroll bar, 1 page Network Home, tab, 1 of 3 Demos, tab, 2 of 3 Settings, tab, 3 of 3\" ptr=\"0x106599800\" visibility=\"visible\" width=\"402\" x=\"0\" y=\"0\">\n                                    <RNSScreenNavigationContainerView alpha=\"1.0\" class=\"RNSScreenNavigationContainerView\" focused=\"false\" height=\"795\" ptr=\"0x1067c79c0\" visibility=\"visible\" width=\"402\" x=\"0\" y=\"0\">\n                                        <UILayoutContainerView alpha=\"1.0\" class=\"UILayoutContainerView\" focused=\"false\" height=\"795\" ptr=\"0x1067d9a40\" visibility=\"visible\" width=\"402\" x=\"0\" y=\"0\">\n                                            <UINavigationTransitionView alpha=\"1.0\" class=\"UINavigationTransitionView\" focused=\"false\" height=\"795\" ptr=\"0x1067daa00\" visibility=\"visible\" width=\"402\" x=\"0\" y=\"0\">\n                                                <UIViewControllerWrapperView alpha=\"1.0\" class=\"UIViewControllerWrapperView\" focused=\"false\" height=\"795\" ptr=\"0x1098baf40\" visibility=\"visible\" width=\"402\" x=\"0\" y=\"0\">\n                                                    <RNSScreenView alpha=\"1.0\" class=\"RNSScreenView\" focused=\"false\" height=\"795\" label=\"Network Demos All requests are auto-instrumented by the SDK Fetch Data Fetch Error Fetch Multiple (3) XHR Request Log: [23:22:42] XHR OK: Leanne Graham [23:22:42] XHR request... [23:22:41] Expected error: Network request failed [23:22:41] Fetching invalid URL... [23:22:41] OK: sunt aut facere repellat provident occae... [23:22:40] Fetching data... Vertical scroll bar, 1 page Horizontal scroll bar, 1 page Network\" ptr=\"0x1064fed00\" visibility=\"visible\" width=\"402\" x=\"0\" y=\"0\">\n                                                        <RCTView alpha=\"1.0\" class=\"RCTView\" focused=\"false\" height=\"795\" label=\"Network Demos All requests are auto-instrumented by the SDK Fetch Data Fetch Error Fetch Multiple (3) XHR Request Log: [23:22:42] XHR OK: Leanne Graham [23:22:42] XHR request... [23:22:41] Expected error: Network request failed [23:22:41] Fetching invalid URL... [23:22:41] OK: sunt aut facere repellat provident occae... [23:22:40] Fetching data... Vertical scroll bar, 1 page Horizontal scroll bar, 1 page Network\" ptr=\"0x10aeaa300\" visibility=\"visible\" width=\"402\" x=\"0\" y=\"0\">\n                                                            <RCTView alpha=\"1.0\" class=\"RCTView\" focused=\"false\" height=\"795\" label=\"Network Demos All requests are auto-instrumented by the SDK Fetch Data Fetch Error Fetch Multiple (3) XHR Request Log: [23:22:42] XHR OK: Leanne Graham [23:22:42] XHR request... [23:22:41] Expected error: Network request failed [23:22:41] Fetching invalid URL... [23:22:41] OK: sunt aut facere repellat provident occae... [23:22:40] Fetching data... Vertical scroll bar, 1 page Horizontal scroll bar, 1 page Network\" ptr=\"0x10aea9f80\" visibility=\"visible\" width=\"402\" x=\"0\" y=\"0\">\n                                                                <RCTView alpha=\"1.0\" class=\"RCTView\" focused=\"false\" height=\"795\" label=\"Network Demos All requests are auto-instrumented by the SDK Fetch Data Fetch Error Fetch Multiple (3) XHR Request Log: [23:22:42] XHR OK: Leanne Graham [23:22:42] XHR request... [23:22:41] Expected error: Network request failed [23:22:41] Fetching invalid URL... [23:22:41] OK: sunt aut facere repellat provident occae... [23:22:40] Fetching data... Vertical scroll bar, 1 page Horizontal scroll bar, 1 page Network\" ptr=\"0x10aea9c00\" visibility=\"visible\" width=\"402\" x=\"0\" y=\"0\">\n                                                                    <RNSScreenStackView alpha=\"1.0\" class=\"RNSScreenStackView\" focused=\"false\" height=\"795\" ptr=\"0x10af6a800\" visibility=\"visible\" width=\"402\" x=\"0\" y=\"0\">\n                                                                        <UILayoutContainerView alpha=\"1.0\" class=\"UILayoutContainerView\" focused=\"false\" height=\"795\" ptr=\"0x1098a5dc0\" visibility=\"visible\" width=\"402\" x=\"0\" y=\"0\">\n                                                                            <UINavigationTransitionView alpha=\"1.0\" class=\"UINavigationTransitionView\" focused=\"false\" height=\"795\" ptr=\"0x1098a6a00\" visibility=\"visible\" width=\"402\" x=\"0\" y=\"0\">\n                                                                                <UIViewControllerWrapperView alpha=\"1.0\" class=\"UIViewControllerWrapperView\" focused=\"false\" height=\"795\" ptr=\"0x1098a7b80\" visibility=\"visible\" width=\"402\" x=\"0\" y=\"0\">\n                                                                                    <RNSScreenView alpha=\"1.0\" class=\"RNSScreenView\" focused=\"false\" height=\"679\" label=\"Network Demos All requests are auto-instrumented by the SDK Fetch Data Fetch Error Fetch Multiple (3) XHR Request Log: [23:22:42] XHR OK: Leanne Graham [23:22:42] XHR request... [23:22:41] Expected error: Network request failed [23:22:41] Fetching invalid URL... [23:22:41] OK: sunt aut facere repellat provident occae... [23:22:40] Fetching data... Vertical scroll bar, 1 page Horizontal scroll bar, 1 page\" ptr=\"0x118ef9900\" visibility=\"visible\" width=\"402\" x=\"0\" y=\"116\">\n                                                                                        <RCTView alpha=\"1.0\" class=\"RCTView\" focused=\"false\" height=\"679\" label=\"Network Demos All requests are auto-instrumented by the SDK Fetch Data Fetch Error Fetch Multiple (3) XHR Request Log: [23:22:42] XHR OK: Leanne Graham [23:22:42] XHR request... [23:22:41] Expected error: Network request failed [23:22:41] Fetching invalid URL... [23:22:41] OK: sunt aut facere repellat provident occae... [23:22:40] Fetching data... Vertical scroll bar, 1 page Horizontal scroll bar, 1 page\" ptr=\"0x118ef7b80\" visibility=\"visible\" width=\"402\" x=\"0\" y=\"0\">\n                                                                                            <RCTView alpha=\"1.0\" class=\"RCTView\" focused=\"false\" height=\"679\" label=\"Network Demos All requests are auto-instrumented by the SDK Fetch Data Fetch Error Fetch Multiple (3) XHR Request Log: [23:22:42] XHR OK: Leanne Graham [23:22:42] XHR request... [23:22:41] Expected error: Network request failed [23:22:41] Fetching invalid URL... [23:22:41] OK: sunt aut facere repellat provident occae... [23:22:40] Fetching data... Vertical scroll bar, 1 page Horizontal scroll bar, 1 page\" ptr=\"0x118ef7800\" visibility=\"visible\" width=\"402\" x=\"0\" y=\"0\">\n                                                                                                <RCTSafeAreaView alpha=\"1.0\" class=\"RCTSafeAreaView\" focused=\"false\" height=\"679\" label=\"Network Demos All requests are auto-instrumented by the SDK Fetch Data Fetch Error Fetch Multiple (3) XHR Request Log: [23:22:42] XHR OK: Leanne Graham [23:22:42] XHR request... [23:22:41] Expected error: Network request failed [23:22:41] Fetching invalid URL... [23:22:41] OK: sunt aut facere repellat provident occae... [23:22:40] Fetching data... Vertical scroll bar, 1 page Horizontal scroll bar, 1 page\" ptr=\"0x10659ac00\" visibility=\"visible\" width=\"402\" x=\"0\" y=\"0\">\n                                                                                                    <RCTScrollView alpha=\"1.0\" class=\"RCTScrollView\" focused=\"false\" height=\"679\" label=\"Network Demos All requests are auto-instrumented by the SDK Fetch Data Fetch Error Fetch Multiple (3) XHR Request Log: [23:22:42] XHR OK: Leanne Graham [23:22:42] XHR request... [23:22:41] Expected error: Network request failed [23:22:41] Fetching invalid URL... [23:22:41] OK: sunt aut facere repellat provident occae... [23:22:40] Fetching data... Vertical scroll bar, 1 page Horizontal scroll bar, 1 page\" ptr=\"0x118ef9400\" visibility=\"visible\" width=\"402\" x=\"0\" y=\"0\">\n                                                                                                        <RCTCustomScrollView alpha=\"1.0\" class=\"RCTCustomScrollView\" focused=\"false\" height=\"679\" ptr=\"0x106589400\" visibility=\"visible\" width=\"402\" x=\"0\" y=\"0\">\n                                                                                                            <RCTScrollContentView alpha=\"1.0\" class=\"RCTScrollContentView\" focused=\"false\" height=\"302\" label=\"Network Demos All requests are auto-instrumented by the SDK Fetch Data Fetch Error Fetch Multiple (3) XHR Request Log: [23:22:42] XHR OK: Leanne Graham [23:22:42] XHR request... [23:22:41] Expected error: Network request failed [23:22:41] Fetching invalid URL... [23:22:41] OK: sunt aut facere repellat provident occae... [23:22:40] Fetching data...\" ptr=\"0x118ef7480\" visibility=\"visible\" width=\"370\" x=\"16\" y=\"16\">\n                                                                                                                <RCTTextView alpha=\"1.0\" class=\"RCTTextView\" focused=\"false\" height=\"26\" label=\"Network Demos\" ptr=\"0x118f58a00\" text=\"Network Demos\" visibility=\"visible\" width=\"370\" x=\"0\" y=\"0\" \/>\n                                                                                                                <RCTTextView alpha=\"1.0\" class=\"RCTTextView\" focused=\"false\" height=\"16\" label=\"All requests are auto-instrumented by the SDK\" ptr=\"0x118f58c00\" text=\"All requests are auto-instrumented by the SDK\" visibility=\"visible\" width=\"370\" x=\"0\" y=\"30\" \/>\n                                                                                                                <RCTView alpha=\"1.0\" class=\"RCTView\" focused=\"false\" height=\"71\" label=\"Fetch Data Fetch Error Fetch Multiple (3) XHR Request\" ptr=\"0x118ef6d80\" visibility=\"visible\" width=\"370\" x=\"0\" y=\"62\">\n                                                                                                                    <RCTView alpha=\"1.0\" class=\"RCTView\" focused=\"false\" height=\"31\" id=\"network-btn-fetch\" label=\"Fetch Data\" ptr=\"0x118ef5f80\" visibility=\"visible\" width=\"92\" x=\"0\" y=\"0\">\n                                                                                                                        <RCTTextView alpha=\"1.0\" class=\"RCTTextView\" focused=\"false\" height=\"16\" label=\"Fetch Data\" ptr=\"0x118f58e00\" text=\"Fetch Data\" visibility=\"visible\" width=\"68\" x=\"12\" y=\"8\" \/>\n                                                                                                                    <\/RCTView>\n                                                                                                                    <RCTView alpha=\"1.0\" class=\"RCTView\" focused=\"false\" height=\"31\" id=\"network-btn-fetch-error\" label=\"Fetch Error\" ptr=\"0x118ef6300\" visibility=\"visible\" width=\"94\" x=\"100\" y=\"0\">\n                                                                                                                        <RCTTextView alpha=\"1.0\" class=\"RCTTextView\" focused=\"false\" height=\"16\" label=\"Fetch Error\" ptr=\"0x118f59000\" text=\"Fetch Error\" visibility=\"visible\" width=\"71\" x=\"12\" y=\"8\" \/>\n                                                                                                                    <\/RCTView>\n                                                                                                                    <RCTView alpha=\"1.0\" class=\"RCTView\" focused=\"false\" height=\"31\" id=\"network-btn-fetch-multiple\" label=\"Fetch Multiple (3)\" ptr=\"0x118ef6680\" visibility=\"visible\" width=\"136\" x=\"203\" y=\"0\">\n                                                                                                                        <RCTTextView alpha=\"1.0\" class=\"RCTTextView\" focused=\"false\" height=\"16\" label=\"Fetch Multiple (3)\" ptr=\"0x118f59200\" text=\"Fetch Multiple (3)\" visibility=\"visible\" width=\"112\" x=\"12\" y=\"8\" \/>\n                                                                                                                    <\/RCTView>\n                                                                                                                    <RCTView alpha=\"1.0\" class=\"RCTView\" focused=\"false\" height=\"31\" id=\"network-btn-xhr\" label=\"XHR Request\" ptr=\"0x118ef6a00\" visibility=\"visible\" width=\"107\" x=\"0\" y=\"39\">\n                                                                                                                        <RCTTextView alpha=\"1.0\" class=\"RCTTextView\" focused=\"false\" height=\"16\" label=\"XHR Request\" ptr=\"0x118f59400\" text=\"XHR Request\" visibility=\"visible\" width=\"83\" x=\"12\" y=\"8\" \/>\n                                                                                                                    <\/RCTView>\n                                                                                                                <\/RCTView>\n                                                                                                                <RCTView alpha=\"1.0\" class=\"RCTView\" focused=\"false\" height=\"137\" id=\"network-result\" label=\"Log: [23:22:42] XHR OK: Leanne Graham [23:22:42] XHR request... [23:22:41] Expected error: Network request failed [23:22:41] Fetching invalid URL... [23:22:41] OK: sunt aut facere repellat provident occae... [23:22:40] Fetching data...\" ptr=\"0x118ef7100\" visibility=\"visible\" width=\"370\" x=\"0\" y=\"149\">\n                                                                                                                    <RCTTextView alpha=\"1.0\" class=\"RCTTextView\" focused=\"false\" height=\"17\" label=\"Log:\" ptr=\"0x118f59600\" text=\"Log:\" visibility=\"visible\" width=\"346\" x=\"12\" y=\"12\" \/>\n                                                                                                                    <RCTTextView alpha=\"1.0\" class=\"RCTTextView\" focused=\"false\" height=\"13\" label=\"[23:22:42] XHR OK: Leanne Graham\" ptr=\"0x117c98400\" text=\"[23:22:42] XHR OK: Leanne Graham\" visibility=\"visible\" width=\"346\" x=\"12\" y=\"35\" \/>\n                                                                                                                    <RCTTextView alpha=\"1.0\" class=\"RCTTextView\" focused=\"false\" height=\"13\" label=\"[23:22:42] XHR request...\" ptr=\"0x117c98600\" text=\"[23:22:42] XHR request...\" visibility=\"visible\" width=\"346\" x=\"12\" y=\"50\" \/>\n                                                                                                                    <RCTTextView alpha=\"1.0\" class=\"RCTTextView\" focused=\"false\" height=\"13\" label=\"[23:22:41] Expected error: Network request failed\" ptr=\"0x117c98800\" text=\"[23:22:41] Expected error: Network request failed\" visibility=\"visible\" width=\"346\" x=\"12\" y=\"65\" \/>\n                                                                                                                    <RCTTextView alpha=\"1.0\" class=\"RCTTextView\" focused=\"false\" height=\"13\" label=\"[23:22:41] Fetching invalid URL...\" ptr=\"0x117c98a00\" text=\"[23:22:41] Fetching invalid URL...\" visibility=\"visible\" width=\"346\" x=\"12\" y=\"81\" \/>\n                                                                                                                    <RCTTextView alpha=\"1.0\" class=\"RCTTextView\" focused=\"false\" height=\"13\" label=\"[23:22:41] OK: sunt aut facere repellat provident occae...\" ptr=\"0x117c98c00\" text=\"[23:22:41] OK: sunt aut facere repellat provident occae...\" visibility=\"visible\" width=\"346\" x=\"12\" y=\"96\" \/>\n                                                                                                                    <RCTTextView alpha=\"1.0\" class=\"RCTTextView\" focused=\"false\" height=\"13\" label=\"[23:22:40] Fetching data...\" ptr=\"0x117c98e00\" text=\"[23:22:40] Fetching data...\" visibility=\"visible\" width=\"346\" x=\"12\" y=\"111\" \/>\n                                                                                                                <\/RCTView>\n                                                                                                            <\/RCTScrollContentView>\n                                                                                                            <_UIScrollViewScrollIndicator alpha=\"0.0\" class=\"_UIScrollViewScrollIndicator\" focused=\"false\" height=\"265\" label=\"Vertical scroll bar, 1 page\" ptr=\"0x118f59e00\" value=\"0%\" visibility=\"visible\" width=\"3\" x=\"396\" y=\"410\">\n                                                                                                                <UIView alpha=\"1.0\" class=\"UIView\" focused=\"false\" height=\"265\" ptr=\"0x1098c7640\" visibility=\"visible\" width=\"3\" x=\"0\" y=\"0\" \/>\n                                                                                                            <\/_UIScrollViewScrollIndicator>\n                                                                                                            <_UIScrollViewScrollIndicator alpha=\"0.0\" class=\"_UIScrollViewScrollIndicator\" focused=\"false\" height=\"3\" label=\"Horizontal scroll bar, 1 page\" ptr=\"0x118f59c00\" value=\"0%\" visibility=\"visible\" width=\"364\" x=\"35\" y=\"673\">\n                                                                                                                <UIView alpha=\"1.0\" class=\"UIView\" focused=\"false\" height=\"3\" ptr=\"0x1098c72c0\" visibility=\"visible\" width=\"364\" x=\"0\" y=\"0\" \/>\n                                                                                                            <\/_UIScrollViewScrollIndicator>\n                                                                                                        <\/RCTCustomScrollView>\n                                                                                                    <\/RCTScrollView>\n                                                                                                <\/RCTSafeAreaView>\n                                                                                            <\/RCTView>\n                                                                                        <\/RCTView>\n                                                                                    <\/RNSScreenView>\n                                                                                <\/UIViewControllerWrapperView>\n                                                                            <\/UINavigationTransitionView>\n                                                                            <UINavigationBar alpha=\"1.0\" class=\"UINavigationBar\" focused=\"false\" height=\"54\" id=\"Network\" ptr=\"0x1099a6a00\" visibility=\"visible\" width=\"402\" x=\"0\" y=\"62\">\n                                                                                <_UIBarBackground alpha=\"1.0\" class=\"_UIBarBackground\" focused=\"false\" height=\"116\" ptr=\"0x118e5e800\" visibility=\"visible\" width=\"402\" x=\"0\" y=\"-62\">\n                                                                                    <UIImageView alpha=\"1.0\" class=\"UIImageView\" focused=\"false\" height=\"116\" ptr=\"0x10af6bc00\" visibility=\"visible\" width=\"402\" x=\"0\" y=\"0\" \/>\n                                                                                    <_UIBarBackgroundShadowView alpha=\"1.0\" class=\"_UIBarBackgroundShadowView\" focused=\"false\" height=\"0\" ptr=\"0x118e5f200\" visibility=\"visible\" width=\"402\" x=\"0\" y=\"116\">\n                                                                                        <_UIBarBackgroundShadowContentImageView alpha=\"1.0\" class=\"_UIBarBackgroundShadowContentImageView\" focused=\"false\" height=\"0\" ptr=\"0x118e5f480\" visibility=\"visible\" width=\"402\" x=\"0\" y=\"0\" \/>\n                                                                                    <\/_UIBarBackgroundShadowView>\n                                                                                <\/_UIBarBackground>\n                                                                                <UIKit.NavigationBarContentView alpha=\"1.0\" class=\"UIKit.NavigationBarContentView\" focused=\"false\" height=\"54\" ptr=\"0x106575000\" visibility=\"visible\" width=\"402\" x=\"0\" y=\"0\">\n                                                                                    <UIKit.NavigationBarTransitionContainer alpha=\"1.0\" class=\"UIKit.NavigationBarTransitionContainer\" focused=\"false\" height=\"54\" ptr=\"0x10af6ac00\" visibility=\"visible\" width=\"402\" x=\"0\" y=\"0\">\n                                                                                        <_UINavigationBarHostedViewContainer alpha=\"1.0\" class=\"_UINavigationBarHostedViewContainer\" focused=\"false\" height=\"54\" ptr=\"0x1098a6140\" visibility=\"visible\" width=\"402\" x=\"0\" y=\"0\">\n                                                                                            <_UINavigationBarHostedViewWrapper alpha=\"1.0\" class=\"_UINavigationBarHostedViewWrapper\" focused=\"false\" height=\"20\" ptr=\"0x118f5b200\" visibility=\"visible\" width=\"68\" x=\"167\" y=\"11\">\n                                                                                                <_UINavigationBarTitleControl alpha=\"1.0\" class=\"_UINavigationBarTitleControl\" focused=\"false\" height=\"20\" ptr=\"0x118f01200\" visibility=\"visible\" width=\"68\" x=\"0\" y=\"0\">\n                                                                                                    <_UIIntrinsicContentSizeInvalidationForwardingWrapperView alpha=\"1.0\" class=\"_UIIntrinsicContentSizeInvalidationForwardingWrapperView\" focused=\"false\" height=\"20\" ptr=\"0x1098d0a80\" visibility=\"visible\" width=\"68\" x=\"0\" y=\"0\">\n                                                                                                        <UILabel alpha=\"1.0\" class=\"UILabel\" focused=\"false\" height=\"20\" label=\"Network\" ptr=\"0x118fe4380\" text=\"Network\" visibility=\"visible\" width=\"67\" x=\"0\" y=\"0\" \/>\n                                                                                                    <\/_UIIntrinsicContentSizeInvalidationForwardingWrapperView>\n                                                                                                <\/_UINavigationBarTitleControl>\n                                                                                            <\/_UINavigationBarHostedViewWrapper>\n                                                                                        <\/_UINavigationBarHostedViewContainer>\n                                                                                        <UIView alpha=\"1.0\" class=\"UIView\" focused=\"false\" height=\"54\" ptr=\"0x1098a5f80\" visibility=\"visible\" width=\"402\" x=\"0\" y=\"0\" \/>\n                                                                                        <UIKit.NavigationBarPlatterContainer alpha=\"1.0\" class=\"UIKit.NavigationBarPlatterContainer\" focused=\"false\" height=\"54\" ptr=\"0x1098a6300\" visibility=\"visible\" width=\"402\" x=\"0\" y=\"0\">\n                                                                                            <_UINavigationBarPlatterView alpha=\"1.0\" class=\"_UINavigationBarPlatterView\" focused=\"false\" height=\"44\" ptr=\"0x118f01800\" visibility=\"visible\" width=\"44\" x=\"16\" y=\"0\">\n                                                                                                <_UINavigationBarPlatterAnimationView alpha=\"1.0\" class=\"_UINavigationBarPlatterAnimationView\" focused=\"false\" height=\"44\" ptr=\"0x1098d1dc0\" visibility=\"visible\" width=\"44\" x=\"0\" y=\"0\">\n                                                                                                    <_UINavigationBarPlatterAnimationView alpha=\"1.0\" class=\"_UINavigationBarPlatterAnimationView\" focused=\"false\" height=\"44\" ptr=\"0x1098d2140\" visibility=\"visible\" width=\"44\" x=\"0\" y=\"0\">\n                                                                                                        <_UINavigationBarPlatterAnimationView alpha=\"1.0\" class=\"_UINavigationBarPlatterAnimationView\" focused=\"false\" height=\"48\" ptr=\"0x1098d2300\" visibility=\"visible\" width=\"48\" x=\"-2\" y=\"-2\">\n                                                                                                            <_UINavigationBarPlatterAnimationView alpha=\"1.0\" class=\"_UINavigationBarPlatterAnimationView\" focused=\"false\" height=\"40\" ptr=\"0x1098d24c0\" visibility=\"visible\" width=\"40\" x=\"1\" y=\"1\">\n                                                                                                                <_UINavigationBarPlatterContentView alpha=\"1.0\" class=\"_UINavigationBarPlatterContentView\" focused=\"false\" height=\"44\" ptr=\"0x1098d2680\" visibility=\"visible\" width=\"44\" x=\"0\" y=\"0\">\n                                                                                                                    <_UINavigationBarPlatterGlassView alpha=\"1.0\" class=\"_UINavigationBarPlatterGlassView\" focused=\"false\" height=\"44\" ptr=\"0x1098d2840\" visibility=\"visible\" width=\"44\" x=\"0\" y=\"0\">\n                                                                                                                        <_UINavigationBarPlatterSubviewContainerView alpha=\"1.0\" class=\"_UINavigationBarPlatterSubviewContainerView\" focused=\"false\" height=\"44\" ptr=\"0x1098d2a00\" visibility=\"visible\" width=\"44\" x=\"0\" y=\"0\">\n                                                                                                                            <_UINavigationBarPlatterItemView alpha=\"1.0\" class=\"_UINavigationBarPlatterItemView\" focused=\"false\" height=\"44\" ptr=\"0x118fcef80\" visibility=\"visible\" width=\"44\" x=\"0\" y=\"0\">\n                                                                                                                                <_UIButtonBarButton alpha=\"1.0\" class=\"_UIButtonBarButton\" focused=\"false\" height=\"44\" id=\"BackButton\" ptr=\"0x118fce800\" visibility=\"visible\" width=\"44\" x=\"0\" y=\"0\">\n                                                                                                                                    <_TtCC5UIKit29ButtonBarButtonVisualProviderP33_A98CD29F4F6ECA17AFECE41BBB264E5918BackButtonMaskView alpha=\"1.0\" class=\"_TtCC5UIKit29ButtonBarButtonVisualProviderP33_A98CD29F4F6ECA17AFECE41BBB264E5918BackButtonMaskView\" focused=\"false\" height=\"44\" ptr=\"0x1098d0540\" visibility=\"invisible\" width=\"44\" x=\"0\" y=\"0\">\n                                                                                                                                        <UIImageView alpha=\"1.0\" class=\"UIImageView\" focused=\"false\" height=\"28\" id=\"UINavigationBarTitleTransitionBackIndicatorMaskSymbol\" ptr=\"0x118f5a800\" visibility=\"visible\" width=\"19\" x=\"0\" y=\"8\" \/>\n                                                                                                                                        <UIView alpha=\"1.0\" class=\"UIView\" focused=\"false\" height=\"44\" ptr=\"0x1098d0700\" visibility=\"visible\" width=\"0\" x=\"44\" y=\"0\" \/>\n                                                                                                                                    <\/_TtCC5UIKit29ButtonBarButtonVisualProviderP33_A98CD29F4F6ECA17AFECE41BBB264E5918BackButtonMaskView>\n                                                                                                                                    <_TtCC5UIKit29ButtonBarButtonVisualProviderP33_A98CD29F4F6ECA17AFECE41BBB264E596Button alpha=\"1.0\" class=\"_TtCC5UIKit29ButtonBarButtonVisualProviderP33_A98CD29F4F6ECA17AFECE41BBB264E596Button\" focused=\"false\" height=\"23\" label=\"Back\" ptr=\"0x118fe4000\" visibility=\"visible\" width=\"44\" x=\"0\" y=\"10\">\n                                                                                                                                        <UIImageView alpha=\"1.0\" class=\"UIImageView\" focused=\"false\" height=\"23\" id=\"chevron.backward\" label=\"Back\" ptr=\"0x118f5aa00\" visibility=\"visible\" width=\"16\" x=\"13\" y=\"0\" \/>\n                                                                                                                                    <\/_TtCC5UIKit29ButtonBarButtonVisualProviderP33_A98CD29F4F6ECA17AFECE41BBB264E596Button>\n                                                                                                                                <\/_UIButtonBarButton>\n                                                                                                                            <\/_UINavigationBarPlatterItemView>\n                                                                                                                        <\/_UINavigationBarPlatterSubviewContainerView>\n                                                                                                                    <\/_UINavigationBarPlatterGlassView>\n                                                                                                                <\/_UINavigationBarPlatterContentView>\n                                                                                                            <\/_UINavigationBarPlatterAnimationView>\n                                                                                                        <\/_UINavigationBarPlatterAnimationView>\n                                                                                                    <\/_UINavigationBarPlatterAnimationView>\n                                                                                                <\/_UINavigationBarPlatterAnimationView>\n                                                                                            <\/_UINavigationBarPlatterView>\n                                                                                        <\/UIKit.NavigationBarPlatterContainer>\n                                                                                    <\/UIKit.NavigationBarTransitionContainer>\n                                                                                <\/UIKit.NavigationBarContentView>\n                                                                                <_UIPointerInteractionAssistantEffectContainerView alpha=\"1.0\" class=\"_UIPointerInteractionAssistantEffectContainerView\" focused=\"false\" height=\"0\" ptr=\"0x1098a7480\" visibility=\"visible\" width=\"0\" x=\"0\" y=\"0\" \/>\n                                                                            <\/UINavigationBar>\n                                                                            <_UIFloatingBarContainerView alpha=\"1.0\" class=\"_UIFloatingBarContainerView\" focused=\"false\" height=\"795\" ptr=\"0x10af6b000\" visibility=\"visible\" width=\"402\" x=\"0\" y=\"0\">\n                                                                                <_TtGC5UIKitP10$186ea25a022FloatingBarHostingViewVS_20FloatingBarContainer_ alpha=\"1.0\" class=\"_TtGC5UIKitP10$186ea25a022FloatingBarHostingViewVS_20FloatingBarContainer_\" focused=\"false\" height=\"795\" ptr=\"0x10af6b800\" visibility=\"visible\" width=\"402\" x=\"0\" y=\"0\" \/>\n                                                                                <_UIPointerInteractionAssistantEffectContainerView alpha=\"1.0\" class=\"_UIPointerInteractionAssistantEffectContainerView\" focused=\"false\" height=\"0\" ptr=\"0x1098a6f40\" visibility=\"visible\" width=\"0\" x=\"0\" y=\"0\" \/>\n                                                                            <\/_UIFloatingBarContainerView>\n                                                                        <\/UILayoutContainerView>\n                                                                    <\/RNSScreenStackView>\n                                                                <\/RCTView>\n                                                            <\/RCTView>\n                                                        <\/RCTView>\n                                                    <\/RNSScreenView>\n                                                <\/UIViewControllerWrapperView>\n                                            <\/UINavigationTransitionView>\n                                            <UINavigationBar alpha=\"1.0\" class=\"UINavigationBar\" focused=\"false\" height=\"54\" id=\"RNSScreen\" ptr=\"0x1099a4600\" visibility=\"invisible\" width=\"402\" x=\"0\" y=\"-116\">\n                                                <_UIBarBackground alpha=\"1.0\" class=\"_UIBarBackground\" focused=\"false\" height=\"116\" ptr=\"0x10ac71900\" visibility=\"visible\" width=\"402\" x=\"0\" y=\"-62\" \/>\n                                                <_UIPointerInteractionAssistantEffectContainerView alpha=\"1.0\" class=\"_UIPointerInteractionAssistantEffectContainerView\" focused=\"false\" height=\"0\" ptr=\"0x109801dc0\" visibility=\"visible\" width=\"0\" x=\"0\" y=\"0\" \/>\n                                            <\/UINavigationBar>\n                                            <_UIFloatingBarContainerView alpha=\"1.0\" class=\"_UIFloatingBarContainerView\" focused=\"false\" height=\"795\" ptr=\"0x109a12200\" visibility=\"visible\" width=\"402\" x=\"0\" y=\"0\">\n                                                <_TtGC5UIKitP10$186ea25a022FloatingBarHostingViewVS_20FloatingBarContainer_ alpha=\"1.0\" class=\"_TtGC5UIKitP10$186ea25a022FloatingBarHostingViewVS_20FloatingBarContainer_\" focused=\"false\" height=\"795\" ptr=\"0x109a12a00\" visibility=\"visible\" width=\"402\" x=\"0\" y=\"0\" \/>\n                                                <_UIPointerInteractionAssistantEffectContainerView alpha=\"1.0\" class=\"_UIPointerInteractionAssistantEffectContainerView\" focused=\"false\" height=\"0\" ptr=\"0x1067e8a80\" visibility=\"visible\" width=\"0\" x=\"0\" y=\"0\" \/>\n                                            <\/_UIFloatingBarContainerView>\n                                        <\/UILayoutContainerView>\n                                    <\/RNSScreenNavigationContainerView>\n                                    <RCTView alpha=\"1.0\" class=\"RCTView\" focused=\"false\" height=\"79\" label=\"Home, tab, 1 of 3 Demos, tab, 2 of 3 Settings, tab, 3 of 3\" ptr=\"0x10add2d80\" visibility=\"visible\" width=\"402\" x=\"0\" y=\"795\">\n                                        <RCTView alpha=\"1.0\" class=\"RCTView\" focused=\"false\" height=\"78\" ptr=\"0x1065d3b80\" visibility=\"visible\" width=\"402\" x=\"0\" y=\"0\" \/>\n                                        <RCTView alpha=\"1.0\" class=\"RCTView\" focused=\"false\" height=\"48\" label=\"Home, tab, 1 of 3 Demos, tab, 2 of 3 Settings, tab, 3 of 3\" ptr=\"0x10add2a00\" visibility=\"visible\" width=\"402\" x=\"0\" y=\"0\">\n                                            <RCTView alpha=\"1.0\" class=\"RCTView\" focused=\"false\" height=\"48\" id=\"tab-home\" label=\"Home, tab, 1 of 3\" ptr=\"0x10add0a80\" visibility=\"visible\" width=\"134\" x=\"0\" y=\"0\">\n                                                <RCTView alpha=\"1.0\" class=\"RCTView\" focused=\"false\" height=\"34\" label=\"H H\" ptr=\"0x10add0700\" visibility=\"visible\" width=\"0\" x=\"67\" y=\"0\">\n                                                    <RCTView alpha=\"0.0\" class=\"RCTView\" focused=\"false\" height=\"34\" label=\"H\" ptr=\"0x10add0000\" visibility=\"visible\" width=\"134\" x=\"-67\" y=\"0\">\n                                                        <RCTTextView alpha=\"1.0\" class=\"RCTTextView\" focused=\"false\" height=\"22\" label=\"H\" ptr=\"0x109a12c00\" text=\"H\" visibility=\"visible\" width=\"13\" x=\"60\" y=\"6\" \/>\n                                                    <\/RCTView>\n                                                    <RCTView alpha=\"1.0\" class=\"RCTView\" focused=\"false\" height=\"34\" label=\"H\" ptr=\"0x10add0380\" visibility=\"visible\" width=\"134\" x=\"-67\" y=\"0\">\n                                                        <RCTTextView alpha=\"1.0\" class=\"RCTTextView\" focused=\"false\" height=\"22\" label=\"H\" ptr=\"0x109a12e00\" text=\"H\" visibility=\"visible\" width=\"13\" x=\"60\" y=\"6\" \/>\n                                                    <\/RCTView>\n                                                <\/RCTView>\n                                                <RCTTextView alpha=\"1.0\" class=\"RCTTextView\" focused=\"false\" height=\"14\" label=\"Home\" ptr=\"0x109a13000\" text=\"Home\" visibility=\"visible\" width=\"34\" x=\"50\" y=\"34\" \/>\n                                            <\/RCTView>\n                                            <RCTView alpha=\"1.0\" class=\"RCTView\" focused=\"false\" height=\"48\" id=\"tab-demos\" label=\"Demos, tab, 2 of 3\" ptr=\"0x10add1880\" visibility=\"visible\" width=\"134\" x=\"134\" y=\"0\">\n                                                <RCTView alpha=\"1.0\" class=\"RCTView\" focused=\"false\" height=\"34\" label=\"D D\" ptr=\"0x10add1500\" visibility=\"visible\" width=\"0\" x=\"67\" y=\"0\">\n                                                    <RCTView alpha=\"1.0\" class=\"RCTView\" focused=\"false\" height=\"34\" label=\"D\" ptr=\"0x10add0e00\" visibility=\"visible\" width=\"134\" x=\"-67\" y=\"0\">\n                                                        <RCTTextView alpha=\"1.0\" class=\"RCTTextView\" focused=\"false\" height=\"22\" label=\"D\" ptr=\"0x109a13200\" text=\"D\" visibility=\"visible\" width=\"13\" x=\"60\" y=\"6\" \/>\n                                                    <\/RCTView>\n                                                    <RCTView alpha=\"0.0\" class=\"RCTView\" focused=\"false\" height=\"34\" label=\"D\" ptr=\"0x10add1180\" visibility=\"visible\" width=\"134\" x=\"-67\" y=\"0\">\n                                                        <RCTTextView alpha=\"1.0\" class=\"RCTTextView\" focused=\"false\" height=\"22\" label=\"D\" ptr=\"0x109a13400\" text=\"D\" visibility=\"visible\" width=\"13\" x=\"60\" y=\"6\" \/>\n                                                    <\/RCTView>\n                                                <\/RCTView>\n                                                <RCTTextView alpha=\"1.0\" class=\"RCTTextView\" focused=\"false\" height=\"14\" label=\"Demos\" ptr=\"0x109a13600\" text=\"Demos\" visibility=\"visible\" width=\"40\" x=\"47\" y=\"34\" \/>\n                                            <\/RCTView>\n                                            <RCTView alpha=\"1.0\" class=\"RCTView\" focused=\"false\" height=\"48\" id=\"tab-settings\" label=\"Settings, tab, 3 of 3\" ptr=\"0x10add2680\" visibility=\"visible\" width=\"134\" x=\"268\" y=\"0\">\n                                                <RCTView alpha=\"1.0\" class=\"RCTView\" focused=\"false\" height=\"34\" label=\"S S\" ptr=\"0x10add2300\" visibility=\"visible\" width=\"0\" x=\"67\" y=\"0\">\n                                                    <RCTView alpha=\"0.0\" class=\"RCTView\" focused=\"false\" height=\"34\" label=\"S\" ptr=\"0x10add1c00\" visibility=\"visible\" width=\"134\" x=\"-67\" y=\"0\">\n                                                        <RCTTextView alpha=\"1.0\" class=\"RCTTextView\" focused=\"false\" height=\"22\" label=\"S\" ptr=\"0x109a13800\" text=\"S\" visibility=\"visible\" width=\"11\" x=\"61\" y=\"6\" \/>\n                                                    <\/RCTView>\n                                                    <RCTView alpha=\"1.0\" class=\"RCTView\" focused=\"false\" height=\"34\" label=\"S\" ptr=\"0x10add1f80\" visibility=\"visible\" width=\"134\" x=\"-67\" y=\"0\">\n                                                        <RCTTextView alpha=\"1.0\" class=\"RCTTextView\" focused=\"false\" height=\"22\" label=\"S\" ptr=\"0x109a13a00\" text=\"S\" visibility=\"visible\" width=\"11\" x=\"61\" y=\"6\" \/>\n                                                    <\/RCTView>\n                                                <\/RCTView>\n                                                <RCTTextView alpha=\"1.0\" class=\"RCTTextView\" focused=\"false\" height=\"14\" label=\"Settings\" ptr=\"0x109a13c00\" text=\"Settings\" visibility=\"visible\" width=\"47\" x=\"43\" y=\"34\" \/>\n                                            <\/RCTView>\n                                        <\/RCTView>\n                                    <\/RCTView>\n                                <\/RNCSafeAreaProvider>\n                            <\/RCTView>\n                        <\/RCTView>\n                    <\/RCTRootContentView>\n                <\/RCTRootView>\n            <\/UIDropShadowView>\n        <\/UITransitionView>\n    <\/UIWindow>\n<\/ViewHierarchy>","visibilityFailingRectsURL":"\/Users\/nonth\/Library\/Developer\/CoreSimulator\/Devices\/B7E9BAD6-0C0D-41EE-BE0C-D49BF485382E\/data\/Containers\/Data\/Application\/438DCEE1-3489-4DA1-B18D-63078973F5DB\/tmp\/visibilityFailingRects","details":"No elements found for “MATCHER(id == “demos-btn-errors”)”","NSLocalizedDescription":"No elements found for “MATCHER(id == “demos-btn-errors”)”","DetoxFailureInformation":{"lineNumber":50,"file":"\/Users\/builder\/uibuilder\/work\/detox\/ios\/Detox\/Invocation\/Element.swift","functionName":"views"},"visibilityFailingScreenshotsURL":"\/Users\/nonth\/Library\/Developer\/CoreSimulator\/Devices\/B7E9BAD6-0C0D-41EE-BE0C-D49BF485382E\/data\/Containers\/Data\/Application\/438DCEE1-3489-4DA1-B18D-63078973F5DB\/tmp\/visibilityFailingScreenshots","windows":["<UIWindow: 0x106598800; frame = (0 0; 402 874);>","<DTXTouchVisualizerWindow: 0x1064fc500; frame = (0 0; 402 874);>"]},"type":"testFailed"}
23:22:45.768 detox[66324] i send
  data: {
    "messageId": 27,
    "params": {
      "viewHierarchy": "<?xml version=\"1.0\" encoding=\"utf-8\"?>\n<ViewHierarchy>\n    <UIWindow alpha=\"1.0\" class=\"UIWindow\" focused=\"false\" height=\"874\" ptr=\"0x106598800\" visibility=\"visible\" width=\"402\">\n        <UITransitionView alpha=\"1.0\" class=\"UITransitionView\" focused=\"false\" height=\"874\" ptr=\"0x109a10000\" visibility=\"visible\" width=\"402\" x=\"0\" y=\"0\">\n            <UIDropShadowView alpha=\"1.0\" class=\"UIDropShadowView\" focused=\"false\" height=\"874\" ptr=\"0x10991db80\" visibility=\"visible\" width=\"402\" x=\"0\" y=\"0\">\n                <RCTRootView alpha=\"1.0\" class=\"RCTRootView\" focused=\"false\" height=\"874\" ptr=\"0x10991d400\" visibility=\"visible\" width=\"402\" x=\"0\" y=\"0\">\n                    <RCTRootContentView alpha=\"1.0\" class=\"RCTRootContentView\" focused=\"false\" height=\"874\" label=\"Network Demos All requests are auto-instrumented by the SDK Fetch Data Fetch Error Fetch Multiple (3) XHR Request Log: [23:22:42] XHR OK: Leanne Graham [23:22:42] XHR request... [23:22:41] Expected error: Network request failed [23:22:41] Fetching invalid URL... [23:22:41] OK: sunt aut facere repellat provident occae... [23:22:40] Fetching data... Vertical scroll bar, 1 page Horizontal scroll bar, 1 page Network Home, tab, 1 of 3 Demos, tab, 2 of 3 Settings, tab, 3 of 3\" ptr=\"0x106598400\" visibility=\"visible\" width=\"402\" x=\"0\" y=\"0\">\n                        <RCTView alpha=\"1.0\" class=\"RCTView\" focused=\"false\" height=\"874\" label=\"Network Demos All requests are auto-instrumented by the SDK Fetch Data Fetch Error Fetch Multiple (3) XHR Request Log: [23:22:42] XHR OK: Leanne Graham [23:22:42] XHR request... [23:22:41] Expected error: Network request failed [23:22:41] Fetching invalid URL... [23:22:41] OK: sunt aut facere repellat provident occae... [23:22:40] Fetching data... Vertical scroll bar, 1 page Horizontal scroll bar, 1 page Network Home, tab, 1 of 3 Demos, tab, 2 of 3 Settings, tab, 3 of 3\" ptr=\"0x10add3480\" visibility=\"visible\" width=\"402\" x=\"0\" y=\"0\">\n                            <RCTView alpha=\"1.0\" class=\"RCTView\" focused=\"false\" height=\"874\" label=\"Network Demos All requests are auto-instrumented by the SDK Fetch Data Fetch Error Fetch Multiple (3) XHR Request Log: [23:22:42] XHR OK: Leanne Graham [23:22:42] XHR request... [23:22:41] Expected error: Network request failed [23:22:41] Fetching invalid URL... [23:22:41] OK: sunt aut facere repellat provident occae... [23:22:40] Fetching data... Vertical scroll bar, 1 page Horizontal scroll bar, 1 page Network Home, tab, 1 of 3 Demos, tab, 2 of 3 Settings, tab, 3 of 3\" ptr=\"0x10add3100\" visibility=\"visible\" width=\"402\" x=\"0\" y=\"0\">\n                                <RNCSafeAreaProvider alpha=\"1.0\" class=\"RNCSafeAreaProvider\" focused=\"false\" height=\"874\" label=\"Network Demos All requests are auto-instrumented by the SDK Fetch Data Fetch Error Fetch Multiple (3) XHR Request Log: [23:22:42] XHR OK: Leanne Graham [23:22:42] XHR request... [23:22:41] Expected error: Network request failed [23:22:41] Fetching invalid URL... [23:22:41] OK: sunt aut facere repellat provident occae... [23:22:40] Fetching data... Vertical scroll bar, 1 page Horizontal scroll bar, 1 page Network Home, tab, 1 of 3 Demos, tab, 2 of 3 Settings, tab, 3 of 3\" ptr=\"0x106599800\" visibility=\"visible\" width=\"402\" x=\"0\" y=\"0\">\n                                    <RNSScreenNavigationContainerView alpha=\"1.0\" class=\"RNSScreenNavigationContainerView\" focused=\"false\" height=\"795\" ptr=\"0x1067c79c0\" visibility=\"visible\" width=\"402\" x=\"0\" y=\"0\">\n                                        <UILayoutContainerView alpha=\"1.0\" class=\"UILayoutContainerView\" focused=\"false\" height=\"795\" ptr=\"0x1067d9a40\" visibility=\"visible\" width=\"402\" x=\"0\" y=\"0\">\n                                            <UINavigationTransitionView alpha=\"1.0\" class=\"UINavigationTransitionView\" focused=\"false\" height=\"795\" ptr=\"0x1067daa00\" visibility=\"visible\" width=\"402\" x=\"0\" y=\"0\">\n                                                <UIViewControllerWrapperView alpha=\"1.0\" class=\"UIViewControllerWrapperView\" focused=\"false\" height=\"795\" ptr=\"0x1098baf40\" visibility=\"visible\" width=\"402\" x=\"0\" y=\"0\">\n                                                    <RNSScreenView alpha=\"1.0\" class=\"RNSScreenView\" focused=\"false\" height=\"795\" label=\"Network Demos All requests are auto-instrumented by the SDK Fetch Data Fetch Error Fetch Multiple (3) XHR Request Log: [23:22:42] XHR OK: Leanne Graham [23:22:42] XHR request... [23:22:41] Expected error: Network request failed [23:22:41] Fetching invalid URL... [23:22:41] OK: sunt aut facere repellat provident occae... [23:22:40] Fetching data... Vertical scroll bar, 1 page Horizontal scroll bar, 1 page Network\" ptr=\"0x1064fed00\" visibility=\"visible\" width=\"402\" x=\"0\" y=\"0\">\n                                                        <RCTView alpha=\"1.0\" class=\"RCTView\" focused=\"false\" height=\"795\" label=\"Network Demos All requests are auto-instrumented by the SDK Fetch Data Fetch Error Fetch Multiple (3) XHR Request Log: [23:22:42] XHR OK: Leanne Graham [23:22:42] XHR request... [23:22:41] Expected error: Network request failed [23:22:41] Fetching invalid URL... [23:22:41] OK: sunt aut facere repellat provident occae... [23:22:40] Fetching data... Vertical scroll bar, 1 page Horizontal scroll bar, 1 page Network\" ptr=\"0x10aeaa300\" visibility=\"visible\" width=\"402\" x=\"0\" y=\"0\">\n                                                            <RCTView alpha=\"1.0\" class=\"RCTView\" focused=\"false\" height=\"795\" label=\"Network Demos All requests are auto-instrumented by the SDK Fetch Data Fetch Error Fetch Multiple (3) XHR Request Log: [23:22:42] XHR OK: Leanne Graham [23:22:42] XHR request... [23:22:41] Expected error: Network request failed [23:22:41] Fetching invalid URL... [23:22:41] OK: sunt aut facere repellat provident occae... [23:22:40] Fetching data... Vertical scroll bar, 1 page Horizontal scroll bar, 1 page Network\" ptr=\"0x10aea9f80\" visibility=\"visible\" width=\"402\" x=\"0\" y=\"0\">\n                                                                <RCTView alpha=\"1.0\" class=\"RCTView\" focused=\"false\" height=\"795\" label=\"Network Demos All requests are auto-instrumented by the SDK Fetch Data Fetch Error Fetch Multiple (3) XHR Request Log: [23:22:42] XHR OK: Leanne Graham [23:22:42] XHR request... [23:22:41] Expected error: Network request failed [23:22:41] Fetching invalid URL... [23:22:41] OK: sunt aut facere repellat provident occae... [23:22:40] Fetching data... Vertical scroll bar, 1 page Horizontal scroll bar, 1 page Network\" ptr=\"0x10aea9c00\" visibility=\"visible\" width=\"402\" x=\"0\" y=\"0\">\n                                                                    <RNSScreenStackView alpha=\"1.0\" class=\"RNSScreenStackView\" focused=\"false\" height=\"795\" ptr=\"0x10af6a800\" visibility=\"visible\" width=\"402\" x=\"0\" y=\"0\">\n                                                                        <UILayoutContainerView alpha=\"1.0\" class=\"UILayoutContainerView\" focused=\"false\" height=\"795\" ptr=\"0x1098a5dc0\" visibility=\"visible\" width=\"402\" x=\"0\" y=\"0\">\n                                                                            <UINavigationTransitionView alpha=\"1.0\" class=\"UINavigationTransitionView\" focused=\"false\" height=\"795\" ptr=\"0x1098a6a00\" visibility=\"visible\" width=\"402\" x=\"0\" y=\"0\">\n                                                                                <UIViewControllerWrapperView alpha=\"1.0\" class=\"UIViewControllerWrapperView\" focused=\"false\" height=\"795\" ptr=\"0x1098a7b80\" visibility=\"visible\" width=\"402\" x=\"0\" y=\"0\">\n                                                                                    <RNSScreenView alpha=\"1.0\" class=\"RNSScreenView\" focused=\"false\" height=\"679\" label=\"Network Demos All requests are auto-instrumented by the SDK Fetch Data Fetch Error Fetch Multiple (3) XHR Request Log: [23:22:42] XHR OK: Leanne Graham [23:22:42] XHR request... [23:22:41] Expected error: Network request failed [23:22:41] Fetching invalid URL... [23:22:41] OK: sunt aut facere repellat provident occae... [23:22:40] Fetching data... Vertical scroll bar, 1 page Horizontal scroll bar, 1 page\" ptr=\"0x118ef9900\" visibility=\"visible\" width=\"402\" x=\"0\" y=\"116\">\n                                                                                        <RCTView alpha=\"1.0\" class=\"RCTView\" focused=\"false\" height=\"679\" label=\"Network Demos All requests are auto-instrumented by the SDK Fetch Data Fetch Error Fetch Multiple (3) XHR Request Log: [23:22:42] XHR OK: Leanne Graham [23:22:42] XHR request... [23:22:41] Expected error: Network request failed [23:22:41] Fetching invalid URL... [23:22:41] OK: sunt aut facere repellat provident occae... [23:22:40] Fetching data... Vertical scroll bar, 1 page Horizontal scroll bar, 1 page\" ptr=\"0x118ef7b80\" visibility=\"visible\" width=\"402\" x=\"0\" y=\"0\">\n                                                                                            <RCTView alpha=\"1.0\" class=\"RCTView\" focused=\"false\" height=\"679\" label=\"Network Demos All requests are auto-instrumented by the SDK Fetch Data Fetch Error Fetch Multiple (3) XHR Request Log: [23:22:42] XHR OK: Leanne Graham [23:22:42] XHR request... [23:22:41] Expected error: Network request failed [23:22:41] Fetching invalid URL... [23:22:41] OK: sunt aut facere repellat provident occae... [23:22:40] Fetching data... Vertical scroll bar, 1 page Horizontal scroll bar, 1 page\" ptr=\"0x118ef7800\" visibility=\"visible\" width=\"402\" x=\"0\" y=\"0\">\n                                                                                                <RCTSafeAreaView alpha=\"1.0\" class=\"RCTSafeAreaView\" focused=\"false\" height=\"679\" label=\"Network Demos All requests are auto-instrumented by the SDK Fetch Data Fetch Error Fetch Multiple (3) XHR Request Log: [23:22:42] XHR OK: Leanne Graham [23:22:42] XHR request... [23:22:41] Expected error: Network request failed [23:22:41] Fetching invalid URL... [23:22:41] OK: sunt aut facere repellat provident occae... [23:22:40] Fetching data... Vertical scroll bar, 1 page Horizontal scroll bar, 1 page\" ptr=\"0x10659ac00\" visibility=\"visible\" width=\"402\" x=\"0\" y=\"0\">\n                                                                                                    <RCTScrollView alpha=\"1.0\" class=\"RCTScrollView\" focused=\"false\" height=\"679\" label=\"Network Demos All requests are auto-instrumented by the SDK Fetch Data Fetch Error Fetch Multiple (3) XHR Request Log: [23:22:42] XHR OK: Leanne Graham [23:22:42] XHR request... [23:22:41] Expected error: Network request failed [23:22:41] Fetching invalid URL... [23:22:41] OK: sunt aut facere repellat provident occae... [23:22:40] Fetching data... Vertical scroll bar, 1 page Horizontal scroll bar, 1 page\" ptr=\"0x118ef9400\" visibility=\"visible\" width=\"402\" x=\"0\" y=\"0\">\n                                                                                                        <RCTCustomScrollView alpha=\"1.0\" class=\"RCTCustomScrollView\" focused=\"false\" height=\"679\" ptr=\"0x106589400\" visibility=\"visible\" width=\"402\" x=\"0\" y=\"0\">\n                                                                                                            <RCTScrollContentView alpha=\"1.0\" class=\"RCTScrollContentView\" focused=\"false\" height=\"302\" label=\"Network Demos All requests are auto-instrumented by the SDK Fetch Data Fetch Error Fetch Multiple (3) XHR Request Log: [23:22:42] XHR OK: Leanne Graham [23:22:42] XHR request... [23:22:41] Expected error: Network request failed [23:22:41] Fetching invalid URL... [23:22:41] OK: sunt aut facere repellat provident occae... [23:22:40] Fetching data...\" ptr=\"0x118ef7480\" visibility=\"visible\" width=\"370\" x=\"16\" y=\"16\">\n                                                                                                                <RCTTextView alpha=\"1.0\" class=\"RCTTextView\" focused=\"false\" height=\"26\" label=\"Network Demos\" ptr=\"0x118f58a00\" text=\"Network Demos\" visibility=\"visible\" width=\"370\" x=\"0\" y=\"0\" />\n                                                                                                                <RCTTextView alpha=\"1.0\" class=\"RCTTextView\" focused=\"false\" height=\"16\" label=\"All requests are auto-instrumented by the SDK\" ptr=\"0x118f58c00\" text=\"All requests are auto-instrumented by the SDK\" visibility=\"visible\" width=\"370\" x=\"0\" y=\"30\" />\n                                                                                                                <RCTView alpha=\"1.0\" class=\"RCTView\" focused=\"false\" height=\"71\" label=\"Fetch Data Fetch Error Fetch Multiple (3) XHR Request\" ptr=\"0x118ef6d80\" visibility=\"visible\" width=\"370\" x=\"0\" y=\"62\">\n                                                                                                                    <RCTView alpha=\"1.0\" class=\"RCTView\" focused=\"false\" height=\"31\" id=\"network-btn-fetch\" label=\"Fetch Data\" ptr=\"0x118ef5f80\" visibility=\"visible\" width=\"92\" x=\"0\" y=\"0\">\n                                                                                                                        <RCTTextView alpha=\"1.0\" class=\"RCTTextView\" focused=\"false\" height=\"16\" label=\"Fetch Data\" ptr=\"0x118f58e00\" text=\"Fetch Data\" visibility=\"visible\" width=\"68\" x=\"12\" y=\"8\" />\n                                                                                                                    </RCTView>\n                                                                                                                    <RCTView alpha=\"1.0\" class=\"RCTView\" focused=\"false\" height=\"31\" id=\"network-btn-fetch-error\" label=\"Fetch Error\" ptr=\"0x118ef6300\" visibility=\"visible\" width=\"94\" x=\"100\" y=\"0\">\n                                                                                                                        <RCTTextView alpha=\"1.0\" class=\"RCTTextView\" focused=\"false\" height=\"16\" label=\"Fetch Error\" ptr=\"0x118f59000\" text=\"Fetch Error\" visibility=\"visible\" width=\"71\" x=\"12\" y=\"8\" />\n                                                                                                                    </RCTView>\n                                                                                                                    <RCTView alpha=\"1.0\" class=\"RCTView\" focused=\"false\" height=\"31\" id=\"network-btn-fetch-multiple\" label=\"Fetch Multiple (3)\" ptr=\"0x118ef6680\" visibility=\"visible\" width=\"136\" x=\"203\" y=\"0\">\n                                                                                                                        <RCTTextView alpha=\"1.0\" class=\"RCTTextView\" focused=\"false\" height=\"16\" label=\"Fetch Multiple (3)\" ptr=\"0x118f59200\" text=\"Fetch Multiple (3)\" visibility=\"visible\" width=\"112\" x=\"12\" y=\"8\" />\n                                                                                                                    </RCTView>\n                                                                                                                    <RCTView alpha=\"1.0\" class=\"RCTView\" focused=\"false\" height=\"31\" id=\"network-btn-xhr\" label=\"XHR Request\" ptr=\"0x118ef6a00\" visibility=\"visible\" width=\"107\" x=\"0\" y=\"39\">\n                                                                                                                        <RCTTextView alpha=\"1.0\" class=\"RCTTextView\" focused=\"false\" height=\"16\" label=\"XHR Request\" ptr=\"0x118f59400\" text=\"XHR Request\" visibility=\"visible\" width=\"83\" x=\"12\" y=\"8\" />\n                                                                                                                    </RCTView>\n                                                                                                                </RCTView>\n                                                                                                                <RCTView alpha=\"1.0\" class=\"RCTView\" focused=\"false\" height=\"137\" id=\"network-result\" label=\"Log: [23:22:42] XHR OK: Leanne Graham [23:22:42] XHR request... [23:22:41] Expected error: Network request failed [23:22:41] Fetching invalid URL... [23:22:41] OK: sunt aut facere repellat provident occae... [23:22:40] Fetching data...\" ptr=\"0x118ef7100\" visibility=\"visible\" width=\"370\" x=\"0\" y=\"149\">\n                                                                                                                    <RCTTextView alpha=\"1.0\" class=\"RCTTextView\" focused=\"false\" height=\"17\" label=\"Log:\" ptr=\"0x118f59600\" text=\"Log:\" visibility=\"visible\" width=\"346\" x=\"12\" y=\"12\" />\n                                                                                                                    <RCTTextView alpha=\"1.0\" class=\"RCTTextView\" focused=\"false\" height=\"13\" label=\"[23:22:42] XHR OK: Leanne Graham\" ptr=\"0x117c98400\" text=\"[23:22:42] XHR OK: Leanne Graham\" visibility=\"visible\" width=\"346\" x=\"12\" y=\"35\" />\n                                                                                                                    <RCTTextView alpha=\"1.0\" class=\"RCTTextView\" focused=\"false\" height=\"13\" label=\"[23:22:42] XHR request...\" ptr=\"0x117c98600\" text=\"[23:22:42] XHR request...\" visibility=\"visible\" width=\"346\" x=\"12\" y=\"50\" />\n                                                                                                                    <RCTTextView alpha=\"1.0\" class=\"RCTTextView\" focused=\"false\" height=\"13\" label=\"[23:22:41] Expected error: Network request failed\" ptr=\"0x117c98800\" text=\"[23:22:41] Expected error: Network request failed\" visibility=\"visible\" width=\"346\" x=\"12\" y=\"65\" />\n                                                                                                                    <RCTTextView alpha=\"1.0\" class=\"RCTTextView\" focused=\"false\" height=\"13\" label=\"[23:22:41] Fetching invalid URL...\" ptr=\"0x117c98a00\" text=\"[23:22:41] Fetching invalid URL...\" visibility=\"visible\" width=\"346\" x=\"12\" y=\"81\" />\n                                                                                                                    <RCTTextView alpha=\"1.0\" class=\"RCTTextView\" focused=\"false\" height=\"13\" label=\"[23:22:41] OK: sunt aut facere repellat provident occae...\" ptr=\"0x117c98c00\" text=\"[23:22:41] OK: sunt aut facere repellat provident occae...\" visibility=\"visible\" width=\"346\" x=\"12\" y=\"96\" />\n                                                                                                                    <RCTTextView alpha=\"1.0\" class=\"RCTTextView\" focused=\"false\" height=\"13\" label=\"[23:22:40] Fetching data...\" ptr=\"0x117c98e00\" text=\"[23:22:40] Fetching data...\" visibility=\"visible\" width=\"346\" x=\"12\" y=\"111\" />\n                                                                                                                </RCTView>\n                                                                                                            </RCTScrollContentView>\n                                                                                                            <_UIScrollViewScrollIndicator alpha=\"0.0\" class=\"_UIScrollViewScrollIndicator\" focused=\"false\" height=\"265\" label=\"Vertical scroll bar, 1 page\" ptr=\"0x118f59e00\" value=\"0%\" visibility=\"visible\" width=\"3\" x=\"396\" y=\"410\">\n                                                                                                                <UIView alpha=\"1.0\" class=\"UIView\" focused=\"false\" height=\"265\" ptr=\"0x1098c7640\" visibility=\"visible\" width=\"3\" x=\"0\" y=\"0\" />\n                                                                                                            </_UIScrollViewScrollIndicator>\n                                                                                                            <_UIScrollViewScrollIndicator alpha=\"0.0\" class=\"_UIScrollViewScrollIndicator\" focused=\"false\" height=\"3\" label=\"Horizontal scroll bar, 1 page\" ptr=\"0x118f59c00\" value=\"0%\" visibility=\"visible\" width=\"364\" x=\"35\" y=\"673\">\n                                                                                                                <UIView alpha=\"1.0\" class=\"UIView\" focused=\"false\" height=\"3\" ptr=\"0x1098c72c0\" visibility=\"visible\" width=\"364\" x=\"0\" y=\"0\" />\n                                                                                                            </_UIScrollViewScrollIndicator>\n                                                                                                        </RCTCustomScrollView>\n                                                                                                    </RCTScrollView>\n                                                                                                </RCTSafeAreaView>\n                                                                                            </RCTView>\n                                                                                        </RCTView>\n                                                                                    </RNSScreenView>\n                                                                                </UIViewControllerWrapperView>\n                                                                            </UINavigationTransitionView>\n                                                                            <UINavigationBar alpha=\"1.0\" class=\"UINavigationBar\" focused=\"false\" height=\"54\" id=\"Network\" ptr=\"0x1099a6a00\" visibility=\"visible\" width=\"402\" x=\"0\" y=\"62\">\n                                                                                <_UIBarBackground alpha=\"1.0\" class=\"_UIBarBackground\" focused=\"false\" height=\"116\" ptr=\"0x118e5e800\" visibility=\"visible\" width=\"402\" x=\"0\" y=\"-62\">\n                                                                                    <UIImageView alpha=\"1.0\" class=\"UIImageView\" focused=\"false\" height=\"116\" ptr=\"0x10af6bc00\" visibility=\"visible\" width=\"402\" x=\"0\" y=\"0\" />\n                                                                                    <_UIBarBackgroundShadowView alpha=\"1.0\" class=\"_UIBarBackgroundShadowView\" focused=\"false\" height=\"0\" ptr=\"0x118e5f200\" visibility=\"visible\" width=\"402\" x=\"0\" y=\"116\">\n                                                                                        <_UIBarBackgroundShadowContentImageView alpha=\"1.0\" class=\"_UIBarBackgroundShadowContentImageView\" focused=\"false\" height=\"0\" ptr=\"0x118e5f480\" visibility=\"visible\" width=\"402\" x=\"0\" y=\"0\" />\n                                                                                    </_UIBarBackgroundShadowView>\n                                                                                </_UIBarBackground>\n                                                                                <UIKit.NavigationBarContentView alpha=\"1.0\" class=\"UIKit.NavigationBarContentView\" focused=\"false\" height=\"54\" ptr=\"0x106575000\" visibility=\"visible\" width=\"402\" x=\"0\" y=\"0\">\n                                                                                    <UIKit.NavigationBarTransitionContainer alpha=\"1.0\" class=\"UIKit.NavigationBarTransitionContainer\" focused=\"false\" height=\"54\" ptr=\"0x10af6ac00\" visibility=\"visible\" width=\"402\" x=\"0\" y=\"0\">\n                                                                                        <_UINavigationBarHostedViewContainer alpha=\"1.0\" class=\"_UINavigationBarHostedViewContainer\" focused=\"false\" height=\"54\" ptr=\"0x1098a6140\" visibility=\"visible\" width=\"402\" x=\"0\" y=\"0\">\n                                                                                            <_UINavigationBarHostedViewWrapper alpha=\"1.0\" class=\"_UINavigationBarHostedViewWrapper\" focused=\"false\" height=\"20\" ptr=\"0x118f5b200\" visibility=\"visible\" width=\"68\" x=\"167\" y=\"11\">\n                                                                                                <_UINavigationBarTitleControl alpha=\"1.0\" class=\"_UINavigationBarTitleControl\" focused=\"false\" height=\"20\" ptr=\"0x118f01200\" visibility=\"visible\" width=\"68\" x=\"0\" y=\"0\">\n                                                                                                    <_UIIntrinsicContentSizeInvalidationForwardingWrapperView alpha=\"1.0\" class=\"_UIIntrinsicContentSizeInvalidationForwardingWrapperView\" focused=\"false\" height=\"20\" ptr=\"0x1098d0a80\" visibility=\"visible\" width=\"68\" x=\"0\" y=\"0\">\n                                                                                                        <UILabel alpha=\"1.0\" class=\"UILabel\" focused=\"false\" height=\"20\" label=\"Network\" ptr=\"0x118fe4380\" text=\"Network\" visibility=\"visible\" width=\"67\" x=\"0\" y=\"0\" />\n                                                                                                    </_UIIntrinsicContentSizeInvalidationForwardingWrapperView>\n                                                                                                </_UINavigationBarTitleControl>\n                                                                                            </_UINavigationBarHostedViewWrapper>\n                                                                                        </_UINavigationBarHostedViewContainer>\n                                                                                        <UIView alpha=\"1.0\" class=\"UIView\" focused=\"false\" height=\"54\" ptr=\"0x1098a5f80\" visibility=\"visible\" width=\"402\" x=\"0\" y=\"0\" />\n                                                                                        <UIKit.NavigationBarPlatterContainer alpha=\"1.0\" class=\"UIKit.NavigationBarPlatterContainer\" focused=\"false\" height=\"54\" ptr=\"0x1098a6300\" visibility=\"visible\" width=\"402\" x=\"0\" y=\"0\">\n                                                                                            <_UINavigationBarPlatterView alpha=\"1.0\" class=\"_UINavigationBarPlatterView\" focused=\"false\" height=\"44\" ptr=\"0x118f01800\" visibility=\"visible\" width=\"44\" x=\"16\" y=\"0\">\n                                                                                                <_UINavigationBarPlatterAnimationView alpha=\"1.0\" class=\"_UINavigationBarPlatterAnimationView\" focused=\"false\" height=\"44\" ptr=\"0x1098d1dc0\" visibility=\"visible\" width=\"44\" x=\"0\" y=\"0\">\n                                                                                                    <_UINavigationBarPlatterAnimationView alpha=\"1.0\" class=\"_UINavigationBarPlatterAnimationView\" focused=\"false\" height=\"44\" ptr=\"0x1098d2140\" visibility=\"visible\" width=\"44\" x=\"0\" y=\"0\">\n                                                                                                        <_UINavigationBarPlatterAnimationView alpha=\"1.0\" class=\"_UINavigationBarPlatterAnimationView\" focused=\"false\" height=\"48\" ptr=\"0x1098d2300\" visibility=\"visible\" width=\"48\" x=\"-2\" y=\"-2\">\n                                                                                                            <_UINavigationBarPlatterAnimationView alpha=\"1.0\" class=\"_UINavigationBarPlatterAnimationView\" focused=\"false\" height=\"40\" ptr=\"0x1098d24c0\" visibility=\"visible\" width=\"40\" x=\"1\" y=\"1\">\n                                                                                                                <_UINavigationBarPlatterContentView alpha=\"1.0\" class=\"_UINavigationBarPlatterContentView\" focused=\"false\" height=\"44\" ptr=\"0x1098d2680\" visibility=\"visible\" width=\"44\" x=\"0\" y=\"0\">\n                                                                                                                    <_UINavigationBarPlatterGlassView alpha=\"1.0\" class=\"_UINavigationBarPlatterGlassView\" focused=\"false\" height=\"44\" ptr=\"0x1098d2840\" visibility=\"visible\" width=\"44\" x=\"0\" y=\"0\">\n                                                                                                                        <_UINavigationBarPlatterSubviewContainerView alpha=\"1.0\" class=\"_UINavigationBarPlatterSubviewContainerView\" focused=\"false\" height=\"44\" ptr=\"0x1098d2a00\" visibility=\"visible\" width=\"44\" x=\"0\" y=\"0\">\n                                                                                                                            <_UINavigationBarPlatterItemView alpha=\"1.0\" class=\"_UINavigationBarPlatterItemView\" focused=\"false\" height=\"44\" ptr=\"0x118fcef80\" visibility=\"visible\" width=\"44\" x=\"0\" y=\"0\">\n                                                                                                                                <_UIButtonBarButton alpha=\"1.0\" class=\"_UIButtonBarButton\" focused=\"false\" height=\"44\" id=\"BackButton\" ptr=\"0x118fce800\" visibility=\"visible\" width=\"44\" x=\"0\" y=\"0\">\n                                                                                                                                    <_TtCC5UIKit29ButtonBarButtonVisualProviderP33_A98CD29F4F6ECA17AFECE41BBB264E5918BackButtonMaskView alpha=\"1.0\" class=\"_TtCC5UIKit29ButtonBarButtonVisualProviderP33_A98CD29F4F6ECA17AFECE41BBB264E5918BackButtonMaskView\" focused=\"false\" height=\"44\" ptr=\"0x1098d0540\" visibility=\"invisible\" width=\"44\" x=\"0\" y=\"0\">\n                                                                                                                                        <UIImageView alpha=\"1.0\" class=\"UIImageView\" focused=\"false\" height=\"28\" id=\"UINavigationBarTitleTransitionBackIndicatorMaskSymbol\" ptr=\"0x118f5a800\" visibility=\"visible\" width=\"19\" x=\"0\" y=\"8\" />\n                                                                                                                                        <UIView alpha=\"1.0\" class=\"UIView\" focused=\"false\" height=\"44\" ptr=\"0x1098d0700\" visibility=\"visible\" width=\"0\" x=\"44\" y=\"0\" />\n                                                                                                                                    </_TtCC5UIKit29ButtonBarButtonVisualProviderP33_A98CD29F4F6ECA17AFECE41BBB264E5918BackButtonMaskView>\n                                                                                                                                    <_TtCC5UIKit29ButtonBarButtonVisualProviderP33_A98CD29F4F6ECA17AFECE41BBB264E596Button alpha=\"1.0\" class=\"_TtCC5UIKit29ButtonBarButtonVisualProviderP33_A98CD29F4F6ECA17AFECE41BBB264E596Button\" focused=\"false\" height=\"23\" label=\"Back\" ptr=\"0x118fe4000\" visibility=\"visible\" width=\"44\" x=\"0\" y=\"10\">\n                                                                                                                                        <UIImageView alpha=\"1.0\" class=\"UIImageView\" focused=\"false\" height=\"23\" id=\"chevron.backward\" label=\"Back\" ptr=\"0x118f5aa00\" visibility=\"visible\" width=\"16\" x=\"13\" y=\"0\" />\n                                                                                                                                    </_TtCC5UIKit29ButtonBarButtonVisualProviderP33_A98CD29F4F6ECA17AFECE41BBB264E596Button>\n                                                                                                                                </_UIButtonBarButton>\n                                                                                                                            </_UINavigationBarPlatterItemView>\n                                                                                                                        </_UINavigationBarPlatterSubviewContainerView>\n                                                                                                                    </_UINavigationBarPlatterGlassView>\n                                                                                                                </_UINavigationBarPlatterContentView>\n                                                                                                            </_UINavigationBarPlatterAnimationView>\n                                                                                                        </_UINavigationBarPlatterAnimationView>\n                                                                                                    </_UINavigationBarPlatterAnimationView>\n                                                                                                </_UINavigationBarPlatterAnimationView>\n                                                                                            </_UINavigationBarPlatterView>\n                                                                                        </UIKit.NavigationBarPlatterContainer>\n                                                                                    </UIKit.NavigationBarTransitionContainer>\n                                                                                </UIKit.NavigationBarContentView>\n                                                                                <_UIPointerInteractionAssistantEffectContainerView alpha=\"1.0\" class=\"_UIPointerInteractionAssistantEffectContainerView\" focused=\"false\" height=\"0\" ptr=\"0x1098a7480\" visibility=\"visible\" width=\"0\" x=\"0\" y=\"0\" />\n                                                                            </UINavigationBar>\n                                                                            <_UIFloatingBarContainerView alpha=\"1.0\" class=\"_UIFloatingBarContainerView\" focused=\"false\" height=\"795\" ptr=\"0x10af6b000\" visibility=\"visible\" width=\"402\" x=\"0\" y=\"0\">\n                                                                                <_TtGC5UIKitP10$186ea25a022FloatingBarHostingViewVS_20FloatingBarContainer_ alpha=\"1.0\" class=\"_TtGC5UIKitP10$186ea25a022FloatingBarHostingViewVS_20FloatingBarContainer_\" focused=\"false\" height=\"795\" ptr=\"0x10af6b800\" visibility=\"visible\" width=\"402\" x=\"0\" y=\"0\" />\n                                                                                <_UIPointerInteractionAssistantEffectContainerView alpha=\"1.0\" class=\"_UIPointerInteractionAssistantEffectContainerView\" focused=\"false\" height=\"0\" ptr=\"0x1098a6f40\" visibility=\"visible\" width=\"0\" x=\"0\" y=\"0\" />\n                                                                            </_UIFloatingBarContainerView>\n                                                                        </UILayoutContainerView>\n                                                                    </RNSScreenStackView>\n                                                                </RCTView>\n                                                            </RCTView>\n                                                        </RCTView>\n                                                    </RNSScreenView>\n                                                </UIViewControllerWrapperView>\n                                            </UINavigationTransitionView>\n                                            <UINavigationBar alpha=\"1.0\" class=\"UINavigationBar\" focused=\"false\" height=\"54\" id=\"RNSScreen\" ptr=\"0x1099a4600\" visibility=\"invisible\" width=\"402\" x=\"0\" y=\"-116\">\n                                                <_UIBarBackground alpha=\"1.0\" class=\"_UIBarBackground\" focused=\"false\" height=\"116\" ptr=\"0x10ac71900\" visibility=\"visible\" width=\"402\" x=\"0\" y=\"-62\" />\n                                                <_UIPointerInteractionAssistantEffectContainerView alpha=\"1.0\" class=\"_UIPointerInteractionAssistantEffectContainerView\" focused=\"false\" height=\"0\" ptr=\"0x109801dc0\" visibility=\"visible\" width=\"0\" x=\"0\" y=\"0\" />\n                                            </UINavigationBar>\n                                            <_UIFloatingBarContainerView alpha=\"1.0\" class=\"_UIFloatingBarContainerView\" focused=\"false\" height=\"795\" ptr=\"0x109a12200\" visibility=\"visible\" width=\"402\" x=\"0\" y=\"0\">\n                                                <_TtGC5UIKitP10$186ea25a022FloatingBarHostingViewVS_20FloatingBarContainer_ alpha=\"1.0\" class=\"_TtGC5UIKitP10$186ea25a022FloatingBarHostingViewVS_20FloatingBarContainer_\" focused=\"false\" height=\"795\" ptr=\"0x109a12a00\" visibility=\"visible\" width=\"402\" x=\"0\" y=\"0\" />\n                                                <_UIPointerInteractionAssistantEffectContainerView alpha=\"1.0\" class=\"_UIPointerInteractionAssistantEffectContainerView\" focused=\"false\" height=\"0\" ptr=\"0x1067e8a80\" visibility=\"visible\" width=\"0\" x=\"0\" y=\"0\" />\n                                            </_UIFloatingBarContainerView>\n                                        </UILayoutContainerView>\n                                    </RNSScreenNavigationContainerView>\n                                    <RCTView alpha=\"1.0\" class=\"RCTView\" focused=\"false\" height=\"79\" label=\"Home, tab, 1 of 3 Demos, tab, 2 of 3 Settings, tab, 3 of 3\" ptr=\"0x10add2d80\" visibility=\"visible\" width=\"402\" x=\"0\" y=\"795\">\n                                        <RCTView alpha=\"1.0\" class=\"RCTView\" focused=\"false\" height=\"78\" ptr=\"0x1065d3b80\" visibility=\"visible\" width=\"402\" x=\"0\" y=\"0\" />\n                                        <RCTView alpha=\"1.0\" class=\"RCTView\" focused=\"false\" height=\"48\" label=\"Home, tab, 1 of 3 Demos, tab, 2 of 3 Settings, tab, 3 of 3\" ptr=\"0x10add2a00\" visibility=\"visible\" width=\"402\" x=\"0\" y=\"0\">\n                                            <RCTView alpha=\"1.0\" class=\"RCTView\" focused=\"false\" height=\"48\" id=\"tab-home\" label=\"Home, tab, 1 of 3\" ptr=\"0x10add0a80\" visibility=\"visible\" width=\"134\" x=\"0\" y=\"0\">\n                                                <RCTView alpha=\"1.0\" class=\"RCTView\" focused=\"false\" height=\"34\" label=\"H H\" ptr=\"0x10add0700\" visibility=\"visible\" width=\"0\" x=\"67\" y=\"0\">\n                                                    <RCTView alpha=\"0.0\" class=\"RCTView\" focused=\"false\" height=\"34\" label=\"H\" ptr=\"0x10add0000\" visibility=\"visible\" width=\"134\" x=\"-67\" y=\"0\">\n                                                        <RCTTextView alpha=\"1.0\" class=\"RCTTextView\" focused=\"false\" height=\"22\" label=\"H\" ptr=\"0x109a12c00\" text=\"H\" visibility=\"visible\" width=\"13\" x=\"60\" y=\"6\" />\n                                                    </RCTView>\n                                                    <RCTView alpha=\"1.0\" class=\"RCTView\" focused=\"false\" height=\"34\" label=\"H\" ptr=\"0x10add0380\" visibility=\"visible\" width=\"134\" x=\"-67\" y=\"0\">\n                                                        <RCTTextView alpha=\"1.0\" class=\"RCTTextView\" focused=\"false\" height=\"22\" label=\"H\" ptr=\"0x109a12e00\" text=\"H\" visibility=\"visible\" width=\"13\" x=\"60\" y=\"6\" />\n                                                    </RCTView>\n                                                </RCTView>\n                                                <RCTTextView alpha=\"1.0\" class=\"RCTTextView\" focused=\"false\" height=\"14\" label=\"Home\" ptr=\"0x109a13000\" text=\"Home\" visibility=\"visible\" width=\"34\" x=\"50\" y=\"34\" />\n                                            </RCTView>\n                                            <RCTView alpha=\"1.0\" class=\"RCTView\" focused=\"false\" height=\"48\" id=\"tab-demos\" label=\"Demos, tab, 2 of 3\" ptr=\"0x10add1880\" visibility=\"visible\" width=\"134\" x=\"134\" y=\"0\">\n                                                <RCTView alpha=\"1.0\" class=\"RCTView\" focused=\"false\" height=\"34\" label=\"D D\" ptr=\"0x10add1500\" visibility=\"visible\" width=\"0\" x=\"67\" y=\"0\">\n                                                    <RCTView alpha=\"1.0\" class=\"RCTView\" focused=\"false\" height=\"34\" label=\"D\" ptr=\"0x10add0e00\" visibility=\"visible\" width=\"134\" x=\"-67\" y=\"0\">\n                                                        <RCTTextView alpha=\"1.0\" class=\"RCTTextView\" focused=\"false\" height=\"22\" label=\"D\" ptr=\"0x109a13200\" text=\"D\" visibility=\"visible\" width=\"13\" x=\"60\" y=\"6\" />\n                                                    </RCTView>\n                                                    <RCTView alpha=\"0.0\" class=\"RCTView\" focused=\"false\" height=\"34\" label=\"D\" ptr=\"0x10add1180\" visibility=\"visible\" width=\"134\" x=\"-67\" y=\"0\">\n                                                        <RCTTextView alpha=\"1.0\" class=\"RCTTextView\" focused=\"false\" height=\"22\" label=\"D\" ptr=\"0x109a13400\" text=\"D\" visibility=\"visible\" width=\"13\" x=\"60\" y=\"6\" />\n                                                    </RCTView>\n                                                </RCTView>\n                                                <RCTTextView alpha=\"1.0\" class=\"RCTTextView\" focused=\"false\" height=\"14\" label=\"Demos\" ptr=\"0x109a13600\" text=\"Demos\" visibility=\"visible\" width=\"40\" x=\"47\" y=\"34\" />\n                                            </RCTView>\n                                            <RCTView alpha=\"1.0\" class=\"RCTView\" focused=\"false\" height=\"48\" id=\"tab-settings\" label=\"Settings, tab, 3 of 3\" ptr=\"0x10add2680\" visibility=\"visible\" width=\"134\" x=\"268\" y=\"0\">\n                                                <RCTView alpha=\"1.0\" class=\"RCTView\" focused=\"false\" height=\"34\" label=\"S S\" ptr=\"0x10add2300\" visibility=\"visible\" width=\"0\" x=\"67\" y=\"0\">\n                                                    <RCTView alpha=\"0.0\" class=\"RCTView\" focused=\"false\" height=\"34\" label=\"S\" ptr=\"0x10add1c00\" visibility=\"visible\" width=\"134\" x=\"-67\" y=\"0\">\n                                                        <RCTTextView alpha=\"1.0\" class=\"RCTTextView\" focused=\"false\" height=\"22\" label=\"S\" ptr=\"0x109a13800\" text=\"S\" visibility=\"visible\" width=\"11\" x=\"61\" y=\"6\" />\n                                                    </RCTView>\n                                                    <RCTView alpha=\"1.0\" class=\"RCTView\" focused=\"false\" height=\"34\" label=\"S\" ptr=\"0x10add1f80\" visibility=\"visible\" width=\"134\" x=\"-67\" y=\"0\">\n                                                        <RCTTextView alpha=\"1.0\" class=\"RCTTextView\" focused=\"false\" height=\"22\" label=\"S\" ptr=\"0x109a13a00\" text=\"S\" visibility=\"visible\" width=\"11\" x=\"61\" y=\"6\" />\n                                                    </RCTView>\n                                                </RCTView>\n                                                <RCTTextView alpha=\"1.0\" class=\"RCTTextView\" focused=\"false\" height=\"14\" label=\"Settings\" ptr=\"0x109a13c00\" text=\"Settings\" visibility=\"visible\" width=\"47\" x=\"43\" y=\"34\" />\n                                            </RCTView>\n                                        </RCTView>\n                                    </RCTView>\n                                </RNCSafeAreaProvider>\n                            </RCTView>\n                        </RCTView>\n                    </RCTRootContentView>\n                </RCTRootView>\n            </UIDropShadowView>\n        </UITransitionView>\n    </UIWindow>\n</ViewHierarchy>",
      "visibilityFailingRectsURL": "/Users/nonth/Library/Developer/CoreSimulator/Devices/B7E9BAD6-0C0D-41EE-BE0C-D49BF485382E/data/Containers/Data/Application/438DCEE1-3489-4DA1-B18D-63078973F5DB/tmp/visibilityFailingRects",
      "details": "No elements found for “MATCHER(id == “demos-btn-errors”)”",
      "NSLocalizedDescription": "No elements found for “MATCHER(id == “demos-btn-errors”)”",
      "DetoxFailureInformation": {
        "lineNumber": 50,
        "file": "/Users/builder/uibuilder/work/detox/ios/Detox/Invocation/Element.swift",
        "functionName": "views"
      },
      "visibilityFailingScreenshotsURL": "/Users/nonth/Library/Developer/CoreSimulator/Devices/B7E9BAD6-0C0D-41EE-BE0C-D49BF485382E/data/Containers/Data/Application/438DCEE1-3489-4DA1-B18D-63078973F5DB/tmp/visibilityFailingScreenshots",
      "windows": [
        "<UIWindow: 0x106598800; frame = (0 0; 402 874);>",
        "<DTXTouchVisualizerWindow: 0x1064fc500; frame = (0 0; 402 874);>"
      ]
    },
    "type": "testFailed"
  }
23:22:45.769 detox[66325] i get message
  data: {"messageId":27,"params":{"viewHierarchy":"<?xml version=\"1.0\" encoding=\"utf-8\"?>\n<ViewHierarchy>\n    <UIWindow alpha=\"1.0\" class=\"UIWindow\" focused=\"false\" height=\"874\" ptr=\"0x106598800\" visibility=\"visible\" width=\"402\">\n        <UITransitionView alpha=\"1.0\" class=\"UITransitionView\" focused=\"false\" height=\"874\" ptr=\"0x109a10000\" visibility=\"visible\" width=\"402\" x=\"0\" y=\"0\">\n            <UIDropShadowView alpha=\"1.0\" class=\"UIDropShadowView\" focused=\"false\" height=\"874\" ptr=\"0x10991db80\" visibility=\"visible\" width=\"402\" x=\"0\" y=\"0\">\n                <RCTRootView alpha=\"1.0\" class=\"RCTRootView\" focused=\"false\" height=\"874\" ptr=\"0x10991d400\" visibility=\"visible\" width=\"402\" x=\"0\" y=\"0\">\n                    <RCTRootContentView alpha=\"1.0\" class=\"RCTRootContentView\" focused=\"false\" height=\"874\" label=\"Network Demos All requests are auto-instrumented by the SDK Fetch Data Fetch Error Fetch Multiple (3) XHR Request Log: [23:22:42] XHR OK: Leanne Graham [23:22:42] XHR request... [23:22:41] Expected error: Network request failed [23:22:41] Fetching invalid URL... [23:22:41] OK: sunt aut facere repellat provident occae... [23:22:40] Fetching data... Vertical scroll bar, 1 page Horizontal scroll bar, 1 page Network Home, tab, 1 of 3 Demos, tab, 2 of 3 Settings, tab, 3 of 3\" ptr=\"0x106598400\" visibility=\"visible\" width=\"402\" x=\"0\" y=\"0\">\n                        <RCTView alpha=\"1.0\" class=\"RCTView\" focused=\"false\" height=\"874\" label=\"Network Demos All requests are auto-instrumented by the SDK Fetch Data Fetch Error Fetch Multiple (3) XHR Request Log: [23:22:42] XHR OK: Leanne Graham [23:22:42] XHR request... [23:22:41] Expected error: Network request failed [23:22:41] Fetching invalid URL... [23:22:41] OK: sunt aut facere repellat provident occae... [23:22:40] Fetching data... Vertical scroll bar, 1 page Horizontal scroll bar, 1 page Network Home, tab, 1 of 3 Demos, tab, 2 of 3 Settings, tab, 3 of 3\" ptr=\"0x10add3480\" visibility=\"visible\" width=\"402\" x=\"0\" y=\"0\">\n                            <RCTView alpha=\"1.0\" class=\"RCTView\" focused=\"false\" height=\"874\" label=\"Network Demos All requests are auto-instrumented by the SDK Fetch Data Fetch Error Fetch Multiple (3) XHR Request Log: [23:22:42] XHR OK: Leanne Graham [23:22:42] XHR request... [23:22:41] Expected error: Network request failed [23:22:41] Fetching invalid URL... [23:22:41] OK: sunt aut facere repellat provident occae... [23:22:40] Fetching data... Vertical scroll bar, 1 page Horizontal scroll bar, 1 page Network Home, tab, 1 of 3 Demos, tab, 2 of 3 Settings, tab, 3 of 3\" ptr=\"0x10add3100\" visibility=\"visible\" width=\"402\" x=\"0\" y=\"0\">\n                                <RNCSafeAreaProvider alpha=\"1.0\" class=\"RNCSafeAreaProvider\" focused=\"false\" height=\"874\" label=\"Network Demos All requests are auto-instrumented by the SDK Fetch Data Fetch Error Fetch Multiple (3) XHR Request Log: [23:22:42] XHR OK: Leanne Graham [23:22:42] XHR request... [23:22:41] Expected error: Network request failed [23:22:41] Fetching invalid URL... [23:22:41] OK: sunt aut facere repellat provident occae... [23:22:40] Fetching data... Vertical scroll bar, 1 page Horizontal scroll bar, 1 page Network Home, tab, 1 of 3 Demos, tab, 2 of 3 Settings, tab, 3 of 3\" ptr=\"0x106599800\" visibility=\"visible\" width=\"402\" x=\"0\" y=\"0\">\n                                    <RNSScreenNavigationContainerView alpha=\"1.0\" class=\"RNSScreenNavigationContainerView\" focused=\"false\" height=\"795\" ptr=\"0x1067c79c0\" visibility=\"visible\" width=\"402\" x=\"0\" y=\"0\">\n                                        <UILayoutContainerView alpha=\"1.0\" class=\"UILayoutContainerView\" focused=\"false\" height=\"795\" ptr=\"0x1067d9a40\" visibility=\"visible\" width=\"402\" x=\"0\" y=\"0\">\n                                            <UINavigationTransitionView alpha=\"1.0\" class=\"UINavigationTransitionView\" focused=\"false\" height=\"795\" ptr=\"0x1067daa00\" visibility=\"visible\" width=\"402\" x=\"0\" y=\"0\">\n                                                <UIViewControllerWrapperView alpha=\"1.0\" class=\"UIViewControllerWrapperView\" focused=\"false\" height=\"795\" ptr=\"0x1098baf40\" visibility=\"visible\" width=\"402\" x=\"0\" y=\"0\">\n                                                    <RNSScreenView alpha=\"1.0\" class=\"RNSScreenView\" focused=\"false\" height=\"795\" label=\"Network Demos All requests are auto-instrumented by the SDK Fetch Data Fetch Error Fetch Multiple (3) XHR Request Log: [23:22:42] XHR OK: Leanne Graham [23:22:42] XHR request... [23:22:41] Expected error: Network request failed [23:22:41] Fetching invalid URL... [23:22:41] OK: sunt aut facere repellat provident occae... [23:22:40] Fetching data... Vertical scroll bar, 1 page Horizontal scroll bar, 1 page Network\" ptr=\"0x1064fed00\" visibility=\"visible\" width=\"402\" x=\"0\" y=\"0\">\n                                                        <RCTView alpha=\"1.0\" class=\"RCTView\" focused=\"false\" height=\"795\" label=\"Network Demos All requests are auto-instrumented by the SDK Fetch Data Fetch Error Fetch Multiple (3) XHR Request Log: [23:22:42] XHR OK: Leanne Graham [23:22:42] XHR request... [23:22:41] Expected error: Network request failed [23:22:41] Fetching invalid URL... [23:22:41] OK: sunt aut facere repellat provident occae... [23:22:40] Fetching data... Vertical scroll bar, 1 page Horizontal scroll bar, 1 page Network\" ptr=\"0x10aeaa300\" visibility=\"visible\" width=\"402\" x=\"0\" y=\"0\">\n                                                            <RCTView alpha=\"1.0\" class=\"RCTView\" focused=\"false\" height=\"795\" label=\"Network Demos All requests are auto-instrumented by the SDK Fetch Data Fetch Error Fetch Multiple (3) XHR Request Log: [23:22:42] XHR OK: Leanne Graham [23:22:42] XHR request... [23:22:41] Expected error: Network request failed [23:22:41] Fetching invalid URL... [23:22:41] OK: sunt aut facere repellat provident occae... [23:22:40] Fetching data... Vertical scroll bar, 1 page Horizontal scroll bar, 1 page Network\" ptr=\"0x10aea9f80\" visibility=\"visible\" width=\"402\" x=\"0\" y=\"0\">\n                                                                <RCTView alpha=\"1.0\" class=\"RCTView\" focused=\"false\" height=\"795\" label=\"Network Demos All requests are auto-instrumented by the SDK Fetch Data Fetch Error Fetch Multiple (3) XHR Request Log: [23:22:42] XHR OK: Leanne Graham [23:22:42] XHR request... [23:22:41] Expected error: Network request failed [23:22:41] Fetching invalid URL... [23:22:41] OK: sunt aut facere repellat provident occae... [23:22:40] Fetching data... Vertical scroll bar, 1 page Horizontal scroll bar, 1 page Network\" ptr=\"0x10aea9c00\" visibility=\"visible\" width=\"402\" x=\"0\" y=\"0\">\n                                                                    <RNSScreenStackView alpha=\"1.0\" class=\"RNSScreenStackView\" focused=\"false\" height=\"795\" ptr=\"0x10af6a800\" visibility=\"visible\" width=\"402\" x=\"0\" y=\"0\">\n                                                                        <UILayoutContainerView alpha=\"1.0\" class=\"UILayoutContainerView\" focused=\"false\" height=\"795\" ptr=\"0x1098a5dc0\" visibility=\"visible\" width=\"402\" x=\"0\" y=\"0\">\n                                                                            <UINavigationTransitionView alpha=\"1.0\" class=\"UINavigationTransitionView\" focused=\"false\" height=\"795\" ptr=\"0x1098a6a00\" visibility=\"visible\" width=\"402\" x=\"0\" y=\"0\">\n                                                                                <UIViewControllerWrapperView alpha=\"1.0\" class=\"UIViewControllerWrapperView\" focused=\"false\" height=\"795\" ptr=\"0x1098a7b80\" visibility=\"visible\" width=\"402\" x=\"0\" y=\"0\">\n                                                                                    <RNSScreenView alpha=\"1.0\" class=\"RNSScreenView\" focused=\"false\" height=\"679\" label=\"Network Demos All requests are auto-instrumented by the SDK Fetch Data Fetch Error Fetch Multiple (3) XHR Request Log: [23:22:42] XHR OK: Leanne Graham [23:22:42] XHR request... [23:22:41] Expected error: Network request failed [23:22:41] Fetching invalid URL... [23:22:41] OK: sunt aut facere repellat provident occae... [23:22:40] Fetching data... Vertical scroll bar, 1 page Horizontal scroll bar, 1 page\" ptr=\"0x118ef9900\" visibility=\"visible\" width=\"402\" x=\"0\" y=\"116\">\n                                                                                        <RCTView alpha=\"1.0\" class=\"RCTView\" focused=\"false\" height=\"679\" label=\"Network Demos All requests are auto-instrumented by the SDK Fetch Data Fetch Error Fetch Multiple (3) XHR Request Log: [23:22:42] XHR OK: Leanne Graham [23:22:42] XHR request... [23:22:41] Expected error: Network request failed [23:22:41] Fetching invalid URL... [23:22:41] OK: sunt aut facere repellat provident occae... [23:22:40] Fetching data... Vertical scroll bar, 1 page Horizontal scroll bar, 1 page\" ptr=\"0x118ef7b80\" visibility=\"visible\" width=\"402\" x=\"0\" y=\"0\">\n                                                                                            <RCTView alpha=\"1.0\" class=\"RCTView\" focused=\"false\" height=\"679\" label=\"Network Demos All requests are auto-instrumented by the SDK Fetch Data Fetch Error Fetch Multiple (3) XHR Request Log: [23:22:42] XHR OK: Leanne Graham [23:22:42] XHR request... [23:22:41] Expected error: Network request failed [23:22:41] Fetching invalid URL... [23:22:41] OK: sunt aut facere repellat provident occae... [23:22:40] Fetching data... Vertical scroll bar, 1 page Horizontal scroll bar, 1 page\" ptr=\"0x118ef7800\" visibility=\"visible\" width=\"402\" x=\"0\" y=\"0\">\n                                                                                                <RCTSafeAreaView alpha=\"1.0\" class=\"RCTSafeAreaView\" focused=\"false\" height=\"679\" label=\"Network Demos All requests are auto-instrumented by the SDK Fetch Data Fetch Error Fetch Multiple (3) XHR Request Log: [23:22:42] XHR OK: Leanne Graham [23:22:42] XHR request... [23:22:41] Expected error: Network request failed [23:22:41] Fetching invalid URL... [23:22:41] OK: sunt aut facere repellat provident occae... [23:22:40] Fetching data... Vertical scroll bar, 1 page Horizontal scroll bar, 1 page\" ptr=\"0x10659ac00\" visibility=\"visible\" width=\"402\" x=\"0\" y=\"0\">\n                                                                                                    <RCTScrollView alpha=\"1.0\" class=\"RCTScrollView\" focused=\"false\" height=\"679\" label=\"Network Demos All requests are auto-instrumented by the SDK Fetch Data Fetch Error Fetch Multiple (3) XHR Request Log: [23:22:42] XHR OK: Leanne Graham [23:22:42] XHR request... [23:22:41] Expected error: Network request failed [23:22:41] Fetching invalid URL... [23:22:41] OK: sunt aut facere repellat provident occae... [23:22:40] Fetching data... Vertical scroll bar, 1 page Horizontal scroll bar, 1 page\" ptr=\"0x118ef9400\" visibility=\"visible\" width=\"402\" x=\"0\" y=\"0\">\n                                                                                                        <RCTCustomScrollView alpha=\"1.0\" class=\"RCTCustomScrollView\" focused=\"false\" height=\"679\" ptr=\"0x106589400\" visibility=\"visible\" width=\"402\" x=\"0\" y=\"0\">\n                                                                                                            <RCTScrollContentView alpha=\"1.0\" class=\"RCTScrollContentView\" focused=\"false\" height=\"302\" label=\"Network Demos All requests are auto-instrumented by the SDK Fetch Data Fetch Error Fetch Multiple (3) XHR Request Log: [23:22:42] XHR OK: Leanne Graham [23:22:42] XHR request... [23:22:41] Expected error: Network request failed [23:22:41] Fetching invalid URL... [23:22:41] OK: sunt aut facere repellat provident occae... [23:22:40] Fetching data...\" ptr=\"0x118ef7480\" visibility=\"visible\" width=\"370\" x=\"16\" y=\"16\">\n                                                                                                                <RCTTextView alpha=\"1.0\" class=\"RCTTextView\" focused=\"false\" height=\"26\" label=\"Network Demos\" ptr=\"0x118f58a00\" text=\"Network Demos\" visibility=\"visible\" width=\"370\" x=\"0\" y=\"0\" />\n                                                                                                                <RCTTextView alpha=\"1.0\" class=\"RCTTextView\" focused=\"false\" height=\"16\" label=\"All requests are auto-instrumented by the SDK\" ptr=\"0x118f58c00\" text=\"All requests are auto-instrumented by the SDK\" visibility=\"visible\" width=\"370\" x=\"0\" y=\"30\" />\n                                                                                                                <RCTView alpha=\"1.0\" class=\"RCTView\" focused=\"false\" height=\"71\" label=\"Fetch Data Fetch Error Fetch Multiple (3) XHR Request\" ptr=\"0x118ef6d80\" visibility=\"visible\" width=\"370\" x=\"0\" y=\"62\">\n                                                                                                                    <RCTView alpha=\"1.0\" class=\"RCTView\" focused=\"false\" height=\"31\" id=\"network-btn-fetch\" label=\"Fetch Data\" ptr=\"0x118ef5f80\" visibility=\"visible\" width=\"92\" x=\"0\" y=\"0\">\n                                                                                                                        <RCTTextView alpha=\"1.0\" class=\"RCTTextView\" focused=\"false\" height=\"16\" label=\"Fetch Data\" ptr=\"0x118f58e00\" text=\"Fetch Data\" visibility=\"visible\" width=\"68\" x=\"12\" y=\"8\" />\n                                                                                                                    </RCTView>\n                                                                                                                    <RCTView alpha=\"1.0\" class=\"RCTView\" focused=\"false\" height=\"31\" id=\"network-btn-fetch-error\" label=\"Fetch Error\" ptr=\"0x118ef6300\" visibility=\"visible\" width=\"94\" x=\"100\" y=\"0\">\n                                                                                                                        <RCTTextView alpha=\"1.0\" class=\"RCTTextView\" focused=\"false\" height=\"16\" label=\"Fetch Error\" ptr=\"0x118f59000\" text=\"Fetch Error\" visibility=\"visible\" width=\"71\" x=\"12\" y=\"8\" />\n                                                                                                                    </RCTView>\n                                                                                                                    <RCTView alpha=\"1.0\" class=\"RCTView\" focused=\"false\" height=\"31\" id=\"network-btn-fetch-multiple\" label=\"Fetch Multiple (3)\" ptr=\"0x118ef6680\" visibility=\"visible\" width=\"136\" x=\"203\" y=\"0\">\n                                                                                                                        <RCTTextView alpha=\"1.0\" class=\"RCTTextView\" focused=\"false\" height=\"16\" label=\"Fetch Multiple (3)\" ptr=\"0x118f59200\" text=\"Fetch Multiple (3)\" visibility=\"visible\" width=\"112\" x=\"12\" y=\"8\" />\n                                                                                                                    </RCTView>\n                                                                                                                    <RCTView alpha=\"1.0\" class=\"RCTView\" focused=\"false\" height=\"31\" id=\"network-btn-xhr\" label=\"XHR Request\" ptr=\"0x118ef6a00\" visibility=\"visible\" width=\"107\" x=\"0\" y=\"39\">\n                                                                                                                        <RCTTextView alpha=\"1.0\" class=\"RCTTextView\" focused=\"false\" height=\"16\" label=\"XHR Request\" ptr=\"0x118f59400\" text=\"XHR Request\" visibility=\"visible\" width=\"83\" x=\"12\" y=\"8\" />\n                                                                                                                    </RCTView>\n                                                                                                                </RCTView>\n                                                                                                                <RCTView alpha=\"1.0\" class=\"RCTView\" focused=\"false\" height=\"137\" id=\"network-result\" label=\"Log: [23:22:42] XHR OK: Leanne Graham [23:22:42] XHR request... [23:22:41] Expected error: Network request failed [23:22:41] Fetching invalid URL... [23:22:41] OK: sunt aut facere repellat provident occae... [23:22:40] Fetching data...\" ptr=\"0x118ef7100\" visibility=\"visible\" width=\"370\" x=\"0\" y=\"149\">\n                                                                                                                    <RCTTextView alpha=\"1.0\" class=\"RCTTextView\" focused=\"false\" height=\"17\" label=\"Log:\" ptr=\"0x118f59600\" text=\"Log:\" visibility=\"visible\" width=\"346\" x=\"12\" y=\"12\" />\n                                                                                                                    <RCTTextView alpha=\"1.0\" class=\"RCTTextView\" focused=\"false\" height=\"13\" label=\"[23:22:42] XHR OK: Leanne Graham\" ptr=\"0x117c98400\" text=\"[23:22:42] XHR OK: Leanne Graham\" visibility=\"visible\" width=\"346\" x=\"12\" y=\"35\" />\n                                                                                                                    <RCTTextView alpha=\"1.0\" class=\"RCTTextView\" focused=\"false\" height=\"13\" label=\"[23:22:42] XHR request...\" ptr=\"0x117c98600\" text=\"[23:22:42] XHR request...\" visibility=\"visible\" width=\"346\" x=\"12\" y=\"50\" />\n                                                                                                                    <RCTTextView alpha=\"1.0\" class=\"RCTTextView\" focused=\"false\" height=\"13\" label=\"[23:22:41] Expected error: Network request failed\" ptr=\"0x117c98800\" text=\"[23:22:41] Expected error: Network request failed\" visibility=\"visible\" width=\"346\" x=\"12\" y=\"65\" />\n                                                                                                                    <RCTTextView alpha=\"1.0\" class=\"RCTTextView\" focused=\"false\" height=\"13\" label=\"[23:22:41] Fetching invalid URL...\" ptr=\"0x117c98a00\" text=\"[23:22:41] Fetching invalid URL...\" visibility=\"visible\" width=\"346\" x=\"12\" y=\"81\" />\n                                                                                                                    <RCTTextView alpha=\"1.0\" class=\"RCTTextView\" focused=\"false\" height=\"13\" label=\"[23:22:41] OK: sunt aut facere repellat provident occae...\" ptr=\"0x117c98c00\" text=\"[23:22:41] OK: sunt aut facere repellat provident occae...\" visibility=\"visible\" width=\"346\" x=\"12\" y=\"96\" />\n                                                                                                                    <RCTTextView alpha=\"1.0\" class=\"RCTTextView\" focused=\"false\" height=\"13\" label=\"[23:22:40] Fetching data...\" ptr=\"0x117c98e00\" text=\"[23:22:40] Fetching data...\" visibility=\"visible\" width=\"346\" x=\"12\" y=\"111\" />\n                                                                                                                </RCTView>\n                                                                                                            </RCTScrollContentView>\n                                                                                                            <_UIScrollViewScrollIndicator alpha=\"0.0\" class=\"_UIScrollViewScrollIndicator\" focused=\"false\" height=\"265\" label=\"Vertical scroll bar, 1 page\" ptr=\"0x118f59e00\" value=\"0%\" visibility=\"visible\" width=\"3\" x=\"396\" y=\"410\">\n                                                                                                                <UIView alpha=\"1.0\" class=\"UIView\" focused=\"false\" height=\"265\" ptr=\"0x1098c7640\" visibility=\"visible\" width=\"3\" x=\"0\" y=\"0\" />\n                                                                                                            </_UIScrollViewScrollIndicator>\n                                                                                                            <_UIScrollViewScrollIndicator alpha=\"0.0\" class=\"_UIScrollViewScrollIndicator\" focused=\"false\" height=\"3\" label=\"Horizontal scroll bar, 1 page\" ptr=\"0x118f59c00\" value=\"0%\" visibility=\"visible\" width=\"364\" x=\"35\" y=\"673\">\n                                                                                                                <UIView alpha=\"1.0\" class=\"UIView\" focused=\"false\" height=\"3\" ptr=\"0x1098c72c0\" visibility=\"visible\" width=\"364\" x=\"0\" y=\"0\" />\n                                                                                                            </_UIScrollViewScrollIndicator>\n                                                                                                        </RCTCustomScrollView>\n                                                                                                    </RCTScrollView>\n                                                                                                </RCTSafeAreaView>\n                                                                                            </RCTView>\n                                                                                        </RCTView>\n                                                                                    </RNSScreenView>\n                                                                                </UIViewControllerWrapperView>\n                                                                            </UINavigationTransitionView>\n                                                                            <UINavigationBar alpha=\"1.0\" class=\"UINavigationBar\" focused=\"false\" height=\"54\" id=\"Network\" ptr=\"0x1099a6a00\" visibility=\"visible\" width=\"402\" x=\"0\" y=\"62\">\n                                                                                <_UIBarBackground alpha=\"1.0\" class=\"_UIBarBackground\" focused=\"false\" height=\"116\" ptr=\"0x118e5e800\" visibility=\"visible\" width=\"402\" x=\"0\" y=\"-62\">\n                                                                                    <UIImageView alpha=\"1.0\" class=\"UIImageView\" focused=\"false\" height=\"116\" ptr=\"0x10af6bc00\" visibility=\"visible\" width=\"402\" x=\"0\" y=\"0\" />\n                                                                                    <_UIBarBackgroundShadowView alpha=\"1.0\" class=\"_UIBarBackgroundShadowView\" focused=\"false\" height=\"0\" ptr=\"0x118e5f200\" visibility=\"visible\" width=\"402\" x=\"0\" y=\"116\">\n                                                                                        <_UIBarBackgroundShadowContentImageView alpha=\"1.0\" class=\"_UIBarBackgroundShadowContentImageView\" focused=\"false\" height=\"0\" ptr=\"0x118e5f480\" visibility=\"visible\" width=\"402\" x=\"0\" y=\"0\" />\n                                                                                    </_UIBarBackgroundShadowView>\n                                                                                </_UIBarBackground>\n                                                                                <UIKit.NavigationBarContentView alpha=\"1.0\" class=\"UIKit.NavigationBarContentView\" focused=\"false\" height=\"54\" ptr=\"0x106575000\" visibility=\"visible\" width=\"402\" x=\"0\" y=\"0\">\n                                                                                    <UIKit.NavigationBarTransitionContainer alpha=\"1.0\" class=\"UIKit.NavigationBarTransitionContainer\" focused=\"false\" height=\"54\" ptr=\"0x10af6ac00\" visibility=\"visible\" width=\"402\" x=\"0\" y=\"0\">\n                                                                                        <_UINavigationBarHostedViewContainer alpha=\"1.0\" class=\"_UINavigationBarHostedViewContainer\" focused=\"false\" height=\"54\" ptr=\"0x1098a6140\" visibility=\"visible\" width=\"402\" x=\"0\" y=\"0\">\n                                                                                            <_UINavigationBarHostedViewWrapper alpha=\"1.0\" class=\"_UINavigationBarHostedViewWrapper\" focused=\"false\" height=\"20\" ptr=\"0x118f5b200\" visibility=\"visible\" width=\"68\" x=\"167\" y=\"11\">\n                                                                                                <_UINavigationBarTitleControl alpha=\"1.0\" class=\"_UINavigationBarTitleControl\" focused=\"false\" height=\"20\" ptr=\"0x118f01200\" visibility=\"visible\" width=\"68\" x=\"0\" y=\"0\">\n                                                                                                    <_UIIntrinsicContentSizeInvalidationForwardingWrapperView alpha=\"1.0\" class=\"_UIIntrinsicContentSizeInvalidationForwardingWrapperView\" focused=\"false\" height=\"20\" ptr=\"0x1098d0a80\" visibility=\"visible\" width=\"68\" x=\"0\" y=\"0\">\n                                                                                                        <UILabel alpha=\"1.0\" class=\"UILabel\" focused=\"false\" height=\"20\" label=\"Network\" ptr=\"0x118fe4380\" text=\"Network\" visibility=\"visible\" width=\"67\" x=\"0\" y=\"0\" />\n                                                                                                    </_UIIntrinsicContentSizeInvalidationForwardingWrapperView>\n                                                                                                </_UINavigationBarTitleControl>\n                                                                                            </_UINavigationBarHostedViewWrapper>\n                                                                                        </_UINavigationBarHostedViewContainer>\n                                                                                        <UIView alpha=\"1.0\" class=\"UIView\" focused=\"false\" height=\"54\" ptr=\"0x1098a5f80\" visibility=\"visible\" width=\"402\" x=\"0\" y=\"0\" />\n                                                                                        <UIKit.NavigationBarPlatterContainer alpha=\"1.0\" class=\"UIKit.NavigationBarPlatterContainer\" focused=\"false\" height=\"54\" ptr=\"0x1098a6300\" visibility=\"visible\" width=\"402\" x=\"0\" y=\"0\">\n                                                                                            <_UINavigationBarPlatterView alpha=\"1.0\" class=\"_UINavigationBarPlatterView\" focused=\"false\" height=\"44\" ptr=\"0x118f01800\" visibility=\"visible\" width=\"44\" x=\"16\" y=\"0\">\n                                                                                                <_UINavigationBarPlatterAnimationView alpha=\"1.0\" class=\"_UINavigationBarPlatterAnimationView\" focused=\"false\" height=\"44\" ptr=\"0x1098d1dc0\" visibility=\"visible\" width=\"44\" x=\"0\" y=\"0\">\n                                                                                                    <_UINavigationBarPlatterAnimationView alpha=\"1.0\" class=\"_UINavigationBarPlatterAnimationView\" focused=\"false\" height=\"44\" ptr=\"0x1098d2140\" visibility=\"visible\" width=\"44\" x=\"0\" y=\"0\">\n                                                                                                        <_UINavigationBarPlatterAnimationView alpha=\"1.0\" class=\"_UINavigationBarPlatterAnimationView\" focused=\"false\" height=\"48\" ptr=\"0x1098d2300\" visibility=\"visible\" width=\"48\" x=\"-2\" y=\"-2\">\n                                                                                                            <_UINavigationBarPlatterAnimationView alpha=\"1.0\" class=\"_UINavigationBarPlatterAnimationView\" focused=\"false\" height=\"40\" ptr=\"0x1098d24c0\" visibility=\"visible\" width=\"40\" x=\"1\" y=\"1\">\n                                                                                                                <_UINavigationBarPlatterContentView alpha=\"1.0\" class=\"_UINavigationBarPlatterContentView\" focused=\"false\" height=\"44\" ptr=\"0x1098d2680\" visibility=\"visible\" width=\"44\" x=\"0\" y=\"0\">\n                                                                                                                    <_UINavigationBarPlatterGlassView alpha=\"1.0\" class=\"_UINavigationBarPlatterGlassView\" focused=\"false\" height=\"44\" ptr=\"0x1098d2840\" visibility=\"visible\" width=\"44\" x=\"0\" y=\"0\">\n                                                                                                                        <_UINavigationBarPlatterSubviewContainerView alpha=\"1.0\" class=\"_UINavigationBarPlatterSubviewContainerView\" focused=\"false\" height=\"44\" ptr=\"0x1098d2a00\" visibility=\"visible\" width=\"44\" x=\"0\" y=\"0\">\n                                                                                                                            <_UINavigationBarPlatterItemView alpha=\"1.0\" class=\"_UINavigationBarPlatterItemView\" focused=\"false\" height=\"44\" ptr=\"0x118fcef80\" visibility=\"visible\" width=\"44\" x=\"0\" y=\"0\">\n                                                                                                                                <_UIButtonBarButton alpha=\"1.0\" class=\"_UIButtonBarButton\" focused=\"false\" height=\"44\" id=\"BackButton\" ptr=\"0x118fce800\" visibility=\"visible\" width=\"44\" x=\"0\" y=\"0\">\n                                                                                                                                    <_TtCC5UIKit29ButtonBarButtonVisualProviderP33_A98CD29F4F6ECA17AFECE41BBB264E5918BackButtonMaskView alpha=\"1.0\" class=\"_TtCC5UIKit29ButtonBarButtonVisualProviderP33_A98CD29F4F6ECA17AFECE41BBB264E5918BackButtonMaskView\" focused=\"false\" height=\"44\" ptr=\"0x1098d0540\" visibility=\"invisible\" width=\"44\" x=\"0\" y=\"0\">\n                                                                                                                                        <UIImageView alpha=\"1.0\" class=\"UIImageView\" focused=\"false\" height=\"28\" id=\"UINavigationBarTitleTransitionBackIndicatorMaskSymbol\" ptr=\"0x118f5a800\" visibility=\"visible\" width=\"19\" x=\"0\" y=\"8\" />\n                                                                                                                                        <UIView alpha=\"1.0\" class=\"UIView\" focused=\"false\" height=\"44\" ptr=\"0x1098d0700\" visibility=\"visible\" width=\"0\" x=\"44\" y=\"0\" />\n                                                                                                                                    </_TtCC5UIKit29ButtonBarButtonVisualProviderP33_A98CD29F4F6ECA17AFECE41BBB264E5918BackButtonMaskView>\n                                                                                                                                    <_TtCC5UIKit29ButtonBarButtonVisualProviderP33_A98CD29F4F6ECA17AFECE41BBB264E596Button alpha=\"1.0\" class=\"_TtCC5UIKit29ButtonBarButtonVisualProviderP33_A98CD29F4F6ECA17AFECE41BBB264E596Button\" focused=\"false\" height=\"23\" label=\"Back\" ptr=\"0x118fe4000\" visibility=\"visible\" width=\"44\" x=\"0\" y=\"10\">\n                                                                                                                                        <UIImageView alpha=\"1.0\" class=\"UIImageView\" focused=\"false\" height=\"23\" id=\"chevron.backward\" label=\"Back\" ptr=\"0x118f5aa00\" visibility=\"visible\" width=\"16\" x=\"13\" y=\"0\" />\n                                                                                                                                    </_TtCC5UIKit29ButtonBarButtonVisualProviderP33_A98CD29F4F6ECA17AFECE41BBB264E596Button>\n                                                                                                                                </_UIButtonBarButton>\n                                                                                                                            </_UINavigationBarPlatterItemView>\n                                                                                                                        </_UINavigationBarPlatterSubviewContainerView>\n                                                                                                                    </_UINavigationBarPlatterGlassView>\n                                                                                                                </_UINavigationBarPlatterContentView>\n                                                                                                            </_UINavigationBarPlatterAnimationView>\n                                                                                                        </_UINavigationBarPlatterAnimationView>\n                                                                                                    </_UINavigationBarPlatterAnimationView>\n                                                                                                </_UINavigationBarPlatterAnimationView>\n                                                                                            </_UINavigationBarPlatterView>\n                                                                                        </UIKit.NavigationBarPlatterContainer>\n                                                                                    </UIKit.NavigationBarTransitionContainer>\n                                                                                </UIKit.NavigationBarContentView>\n                                                                                <_UIPointerInteractionAssistantEffectContainerView alpha=\"1.0\" class=\"_UIPointerInteractionAssistantEffectContainerView\" focused=\"false\" height=\"0\" ptr=\"0x1098a7480\" visibility=\"visible\" width=\"0\" x=\"0\" y=\"0\" />\n                                                                            </UINavigationBar>\n                                                                            <_UIFloatingBarContainerView alpha=\"1.0\" class=\"_UIFloatingBarContainerView\" focused=\"false\" height=\"795\" ptr=\"0x10af6b000\" visibility=\"visible\" width=\"402\" x=\"0\" y=\"0\">\n                                                                                <_TtGC5UIKitP10$186ea25a022FloatingBarHostingViewVS_20FloatingBarContainer_ alpha=\"1.0\" class=\"_TtGC5UIKitP10$186ea25a022FloatingBarHostingViewVS_20FloatingBarContainer_\" focused=\"false\" height=\"795\" ptr=\"0x10af6b800\" visibility=\"visible\" width=\"402\" x=\"0\" y=\"0\" />\n                                                                                <_UIPointerInteractionAssistantEffectContainerView alpha=\"1.0\" class=\"_UIPointerInteractionAssistantEffectContainerView\" focused=\"false\" height=\"0\" ptr=\"0x1098a6f40\" visibility=\"visible\" width=\"0\" x=\"0\" y=\"0\" />\n                                                                            </_UIFloatingBarContainerView>\n                                                                        </UILayoutContainerView>\n                                                                    </RNSScreenStackView>\n                                                                </RCTView>\n                                                            </RCTView>\n                                                        </RCTView>\n                                                    </RNSScreenView>\n                                                </UIViewControllerWrapperView>\n                                            </UINavigationTransitionView>\n                                            <UINavigationBar alpha=\"1.0\" class=\"UINavigationBar\" focused=\"false\" height=\"54\" id=\"RNSScreen\" ptr=\"0x1099a4600\" visibility=\"invisible\" width=\"402\" x=\"0\" y=\"-116\">\n                                                <_UIBarBackground alpha=\"1.0\" class=\"_UIBarBackground\" focused=\"false\" height=\"116\" ptr=\"0x10ac71900\" visibility=\"visible\" width=\"402\" x=\"0\" y=\"-62\" />\n                                                <_UIPointerInteractionAssistantEffectContainerView alpha=\"1.0\" class=\"_UIPointerInteractionAssistantEffectContainerView\" focused=\"false\" height=\"0\" ptr=\"0x109801dc0\" visibility=\"visible\" width=\"0\" x=\"0\" y=\"0\" />\n                                            </UINavigationBar>\n                                            <_UIFloatingBarContainerView alpha=\"1.0\" class=\"_UIFloatingBarContainerView\" focused=\"false\" height=\"795\" ptr=\"0x109a12200\" visibility=\"visible\" width=\"402\" x=\"0\" y=\"0\">\n                                                <_TtGC5UIKitP10$186ea25a022FloatingBarHostingViewVS_20FloatingBarContainer_ alpha=\"1.0\" class=\"_TtGC5UIKitP10$186ea25a022FloatingBarHostingViewVS_20FloatingBarContainer_\" focused=\"false\" height=\"795\" ptr=\"0x109a12a00\" visibility=\"visible\" width=\"402\" x=\"0\" y=\"0\" />\n                                                <_UIPointerInteractionAssistantEffectContainerView alpha=\"1.0\" class=\"_UIPointerInteractionAssistantEffectContainerView\" focused=\"false\" height=\"0\" ptr=\"0x1067e8a80\" visibility=\"visible\" width=\"0\" x=\"0\" y=\"0\" />\n                                            </_UIFloatingBarContainerView>\n                                        </UILayoutContainerView>\n                                    </RNSScreenNavigationContainerView>\n                                    <RCTView alpha=\"1.0\" class=\"RCTView\" focused=\"false\" height=\"79\" label=\"Home, tab, 1 of 3 Demos, tab, 2 of 3 Settings, tab, 3 of 3\" ptr=\"0x10add2d80\" visibility=\"visible\" width=\"402\" x=\"0\" y=\"795\">\n                                        <RCTView alpha=\"1.0\" class=\"RCTView\" focused=\"false\" height=\"78\" ptr=\"0x1065d3b80\" visibility=\"visible\" width=\"402\" x=\"0\" y=\"0\" />\n                                        <RCTView alpha=\"1.0\" class=\"RCTView\" focused=\"false\" height=\"48\" label=\"Home, tab, 1 of 3 Demos, tab, 2 of 3 Settings, tab, 3 of 3\" ptr=\"0x10add2a00\" visibility=\"visible\" width=\"402\" x=\"0\" y=\"0\">\n                                            <RCTView alpha=\"1.0\" class=\"RCTView\" focused=\"false\" height=\"48\" id=\"tab-home\" label=\"Home, tab, 1 of 3\" ptr=\"0x10add0a80\" visibility=\"visible\" width=\"134\" x=\"0\" y=\"0\">\n                                                <RCTView alpha=\"1.0\" class=\"RCTView\" focused=\"false\" height=\"34\" label=\"H H\" ptr=\"0x10add0700\" visibility=\"visible\" width=\"0\" x=\"67\" y=\"0\">\n                                                    <RCTView alpha=\"0.0\" class=\"RCTView\" focused=\"false\" height=\"34\" label=\"H\" ptr=\"0x10add0000\" visibility=\"visible\" width=\"134\" x=\"-67\" y=\"0\">\n                                                        <RCTTextView alpha=\"1.0\" class=\"RCTTextView\" focused=\"false\" height=\"22\" label=\"H\" ptr=\"0x109a12c00\" text=\"H\" visibility=\"visible\" width=\"13\" x=\"60\" y=\"6\" />\n                                                    </RCTView>\n                                                    <RCTView alpha=\"1.0\" class=\"RCTView\" focused=\"false\" height=\"34\" label=\"H\" ptr=\"0x10add0380\" visibility=\"visible\" width=\"134\" x=\"-67\" y=\"0\">\n                                                        <RCTTextView alpha=\"1.0\" class=\"RCTTextView\" focused=\"false\" height=\"22\" label=\"H\" ptr=\"0x109a12e00\" text=\"H\" visibility=\"visible\" width=\"13\" x=\"60\" y=\"6\" />\n                                                    </RCTView>\n                                                </RCTView>\n                                                <RCTTextView alpha=\"1.0\" class=\"RCTTextView\" focused=\"false\" height=\"14\" label=\"Home\" ptr=\"0x109a13000\" text=\"Home\" visibility=\"visible\" width=\"34\" x=\"50\" y=\"34\" />\n                                            </RCTView>\n                                            <RCTView alpha=\"1.0\" class=\"RCTView\" focused=\"false\" height=\"48\" id=\"tab-demos\" label=\"Demos, tab, 2 of 3\" ptr=\"0x10add1880\" visibility=\"visible\" width=\"134\" x=\"134\" y=\"0\">\n                                                <RCTView alpha=\"1.0\" class=\"RCTView\" focused=\"false\" height=\"34\" label=\"D D\" ptr=\"0x10add1500\" visibility=\"visible\" width=\"0\" x=\"67\" y=\"0\">\n                                                    <RCTView alpha=\"1.0\" class=\"RCTView\" focused=\"false\" height=\"34\" label=\"D\" ptr=\"0x10add0e00\" visibility=\"visible\" width=\"134\" x=\"-67\" y=\"0\">\n                                                        <RCTTextView alpha=\"1.0\" class=\"RCTTextView\" focused=\"false\" height=\"22\" label=\"D\" ptr=\"0x109a13200\" text=\"D\" visibility=\"visible\" width=\"13\" x=\"60\" y=\"6\" />\n                                                    </RCTView>\n                                                    <RCTView alpha=\"0.0\" class=\"RCTView\" focused=\"false\" height=\"34\" label=\"D\" ptr=\"0x10add1180\" visibility=\"visible\" width=\"134\" x=\"-67\" y=\"0\">\n                                                        <RCTTextView alpha=\"1.0\" class=\"RCTTextView\" focused=\"false\" height=\"22\" label=\"D\" ptr=\"0x109a13400\" text=\"D\" visibility=\"visible\" width=\"13\" x=\"60\" y=\"6\" />\n                                                    </RCTView>\n                                                </RCTView>\n                                                <RCTTextView alpha=\"1.0\" class=\"RCTTextView\" focused=\"false\" height=\"14\" label=\"Demos\" ptr=\"0x109a13600\" text=\"Demos\" visibility=\"visible\" width=\"40\" x=\"47\" y=\"34\" />\n                                            </RCTView>\n                                            <RCTView alpha=\"1.0\" class=\"RCTView\" focused=\"false\" height=\"48\" id=\"tab-settings\" label=\"Settings, tab, 3 of 3\" ptr=\"0x10add2680\" visibility=\"visible\" width=\"134\" x=\"268\" y=\"0\">\n                                                <RCTView alpha=\"1.0\" class=\"RCTView\" focused=\"false\" height=\"34\" label=\"S S\" ptr=\"0x10add2300\" visibility=\"visible\" width=\"0\" x=\"67\" y=\"0\">\n                                                    <RCTView alpha=\"0.0\" class=\"RCTView\" focused=\"false\" height=\"34\" label=\"S\" ptr=\"0x10add1c00\" visibility=\"visible\" width=\"134\" x=\"-67\" y=\"0\">\n                                                        <RCTTextView alpha=\"1.0\" class=\"RCTTextView\" focused=\"false\" height=\"22\" label=\"S\" ptr=\"0x109a13800\" text=\"S\" visibility=\"visible\" width=\"11\" x=\"61\" y=\"6\" />\n                                                    </RCTView>\n                                                    <RCTView alpha=\"1.0\" class=\"RCTView\" focused=\"false\" height=\"34\" label=\"S\" ptr=\"0x10add1f80\" visibility=\"visible\" width=\"134\" x=\"-67\" y=\"0\">\n                                                        <RCTTextView alpha=\"1.0\" class=\"RCTTextView\" focused=\"false\" height=\"22\" label=\"S\" ptr=\"0x109a13a00\" text=\"S\" visibility=\"visible\" width=\"11\" x=\"61\" y=\"6\" />\n                                                    </RCTView>\n                                                </RCTView>\n                                                <RCTTextView alpha=\"1.0\" class=\"RCTTextView\" focused=\"false\" height=\"14\" label=\"Settings\" ptr=\"0x109a13c00\" text=\"Settings\" visibility=\"visible\" width=\"47\" x=\"43\" y=\"34\" />\n                                            </RCTView>\n                                        </RCTView>\n                                    </RCTView>\n                                </RNCSafeAreaProvider>\n                            </RCTView>\n                        </RCTView>\n                    </RCTRootContentView>\n                </RCTRootView>\n            </UIDropShadowView>\n        </UITransitionView>\n    </UIWindow>\n</ViewHierarchy>","visibilityFailingRectsURL":"/Users/nonth/Library/Developer/CoreSimulator/Devices/B7E9BAD6-0C0D-41EE-BE0C-D49BF485382E/data/Containers/Data/Application/438DCEE1-3489-4DA1-B18D-63078973F5DB/tmp/visibilityFailingRects","details":"No elements found for “MATCHER(id == “demos-btn-errors”)”","NSLocalizedDescription":"No elements found for “MATCHER(id == “demos-btn-errors”)”","DetoxFailureInformation":{"lineNumber":50,"file":"/Users/builder/uibuilder/work/detox/ios/Detox/Invocation/Element.swift","functionName":"views"},"visibilityFailingScreenshotsURL":"/Users/nonth/Library/Developer/CoreSimulator/Devices/B7E9BAD6-0C0D-41EE-BE0C-D49BF485382E/data/Containers/Data/Application/438DCEE1-3489-4DA1-B18D-63078973F5DB/tmp/visibilityFailingScreenshots","windows":["<UIWindow: 0x106598800; frame = (0 0; 402 874);>","<DTXTouchVisualizerWindow: 0x1064fc500; frame = (0 0; 402 874);>"]},"type":"testFailed"}
   
23:22:45.770 detox[66325] E tap
  error: Test Failed: No elements found for “MATCHER(id == “demos-btn-errors”)”
  
  HINT: To print view hierarchy on failed actions/matches, use log-level verbose or higher.
23:22:45.770 detox[66325] B onTestFnFailure
  args: ({"error":{"name":"DetoxRuntimeError"}})
23:22:45.770 detox[66325] i starting SimulatorScreenshot
23:22:45.770 detox[66325] i /usr/bin/xcrun simctl io B7E9BAD6-0C0D-41EE-BE0C-D49BF485382E screenshot "/private/var/folders/nd/_cs61jn95mx_wzcmldgt15p00000gn/T/detox-66325-VTPFFl.detox.png"
23:22:45.941 detox[66325] i Detected file type from extension: PNG
Note: No display specified. Defaulting to display: 1CF89121-203F-41F0-8702-803F5499D5AE (screenID: 1, name: LCD)
Wrote screenshot to: /private/var/folders/nd/_cs61jn95mx_wzcmldgt15p00000gn/T/detox-66325-VTPFFl.detox.png

23:22:45.941 detox[66325] i stopping SimulatorScreenshot
23:22:45.941 detox[66325] E onTestFnFailure
23:22:45.941 detox[66325] E test_fn
  error: Test Failed: No elements found for “MATCHER(id == “demos-btn-errors”)”
  
  HINT: To print view hierarchy on failed actions/matches, use log-level verbose or higher.
23:22:45.942 detox[66325] B onTestDone
  args: ({"title":"navigates to Error demo and interacts","fullName":"React Navigation Example Demo Screens navigates to Error demo and interacts","status":"failed","invocations":1,"timedOut":false})
23:22:45.942 detox[66325] i starting SimulatorScreenshot
23:22:45.942 detox[66325] i /usr/bin/xcrun simctl io B7E9BAD6-0C0D-41EE-BE0C-D49BF485382E screenshot "/private/var/folders/nd/_cs61jn95mx_wzcmldgt15p00000gn/T/detox-66325-UaBAmg.detox.png"
23:22:45.943 detox[66325] i stopping SimulatorVideoRecording
23:22:45.943 detox[66325] i sending SIGINT to: /usr/bin/xcrun simctl io B7E9BAD6-0C0D-41EE-BE0C-D49BF485382E recordVideo /private/var/folders/nd/_cs61jn95mx_wzcmldgt15p00000gn/T/detox-66325-g313nf.detox.mp4
23:22:45.957 detox[66325] i Recording completed. Writing to disk.

Wrote video to: /private/var/folders/nd/_cs61jn95mx_wzcmldgt15p00000gn/T/detox-66325-g313nf.detox.mp4

23:22:45.958 detox[66325] i /usr/bin/xcrun simctl io B7E9BAD6-0C0D-41EE-BE0C-D49BF485382E recordVideo /private/var/folders/nd/_cs61jn95mx_wzcmldgt15p00000gn/T/detox-66325-g313nf.detox.mp4 exited with code #0
23:22:45.958 detox[66325] i saving SimulatorVideoRecording to: artifacts/ios.sim.release.2026-04-10 16-22-19Z/✗ React Navigation Example Demo Screens navigates to Error demo and interacts/test.mp4
23:22:45.959 detox[66325] i moving "/private/var/folders/nd/_cs61jn95mx_wzcmldgt15p00000gn/T/detox-66325-g313nf.detox.mp4" to artifacts/ios.sim.release.2026-04-10 16-22-19Z/✗ React Navigation Example Demo Screens navigates to Error demo and interacts/test.mp4
23:22:46.116 detox[66325] i Detected file type from extension: PNG
Note: No display specified. Defaulting to display: 1CF89121-203F-41F0-8702-803F5499D5AE (screenID: 1, name: LCD)
Wrote screenshot to: /private/var/folders/nd/_cs61jn95mx_wzcmldgt15p00000gn/T/detox-66325-UaBAmg.detox.png

23:22:46.116 detox[66325] i stopping SimulatorScreenshot
23:22:46.116 detox[66325] i stopping SimulatorLogRecording
23:22:46.116 detox[66325] i saving SimulatorScreenshot to: artifacts/ios.sim.release.2026-04-10 16-22-19Z/✗ React Navigation Example Demo Screens navigates to Error demo and interacts/testStart.png
23:22:46.116 detox[66325] i moving "/private/var/folders/nd/_cs61jn95mx_wzcmldgt15p00000gn/T/detox-66325-6sXOsx.detox.png" to artifacts/ios.sim.release.2026-04-10 16-22-19Z/✗ React Navigation Example Demo Screens navigates to Error demo and interacts/testStart.png
23:22:46.117 detox[66325] i saving SimulatorScreenshot to: artifacts/ios.sim.release.2026-04-10 16-22-19Z/✗ React Navigation Example Demo Screens navigates to Error demo and interacts/testFnFailure.png
23:22:46.117 detox[66325] i moving "/private/var/folders/nd/_cs61jn95mx_wzcmldgt15p00000gn/T/detox-66325-VTPFFl.detox.png" to artifacts/ios.sim.release.2026-04-10 16-22-19Z/✗ React Navigation Example Demo Screens navigates to Error demo and interacts/testFnFailure.png
23:22:46.117 detox[66325] i saving SimulatorScreenshot to: artifacts/ios.sim.release.2026-04-10 16-22-19Z/✗ React Navigation Example Demo Screens navigates to Error demo and interacts/testDone.png
23:22:46.117 detox[66325] i moving "/private/var/folders/nd/_cs61jn95mx_wzcmldgt15p00000gn/T/detox-66325-UaBAmg.detox.png" to artifacts/ios.sim.release.2026-04-10 16-22-19Z/✗ React Navigation Example Demo Screens navigates to Error demo and interacts/testDone.png
23:22:46.169 detox[66325] i sending SIGINT to: /usr/bin/xcrun simctl spawn B7E9BAD6-0C0D-41EE-BE0C-D49BF485382E log stream --level debug --style compact --predicate processImagePath beginsWith "/Users/nonth/Library/Developer/CoreSimulator/Devices/B7E9BAD6-0C0D-41EE-BE0C-D49BF485382E/data/Containers/Bundle/Application/A9D25B4E-FCD1-47CE-888B-F82CFEBC6D31/EdotReactNavExample.app"
23:22:46.177 detox[66325] i /usr/bin/xcrun simctl spawn B7E9BAD6-0C0D-41EE-BE0C-D49BF485382E log stream --level debug --style compact --predicate "processImagePath beginsWith \"/Users/nonth/Library/Developer/CoreSimulator/Devices/B7E9BAD6-0C0D-41EE-BE0C-D49BF485382E/data/Containers/Bundle/Application/A9D25B4E-FCD1-47CE-888B-F82CFEBC6D31/EdotReactNavExample.app\"" exited with code #0
23:22:46.177 detox[66325] E onTestDone
23:22:46.177 detox[66325] E navigates to Error demo and interacts
23:22:46.177 detox[66325] i React Navigation Example > Demo Screens: navigates to Error demo and interacts [FAIL]
23:22:46.177 detox[66325] B onRunDescribeFinish
  args: ({"name":"Demo Screens"})
23:22:46.178 detox[66325] E onRunDescribeFinish
23:22:46.178 detox[66325] E Demo Screens
23:22:46.178 detox[66325] B onRunDescribeFinish
  args: ({"name":"React Navigation Example"})
23:22:46.178 detox[66325] E onRunDescribeFinish
23:22:46.178 detox[66325] E React Navigation Example
23:22:46.178 detox[66325] B onRunDescribeFinish
  args: ({"name":"ROOT_DESCRIBE_BLOCK"})
23:22:46.178 detox[66325] E onRunDescribeFinish
23:22:46.178 detox[66325] E run the tests
23:22:46.194 detox[66325] B tear down environment
23:22:46.194 detox[66325] B onBeforeCleanup
  args: ()
23:22:46.194 detox[66325] i saving SimulatorLogRecording to: artifacts/ios.sim.release.2026-04-10 16-22-19Z/✗ React Navigation Example Demo Screens navigates to Error demo and interacts/device.log
23:22:46.194 detox[66325] i moving "/private/var/folders/nd/_cs61jn95mx_wzcmldgt15p00000gn/T/detox-66325-gfkeR3.detox.log" to artifacts/ios.sim.release.2026-04-10 16-22-19Z/✗ React Navigation Example Demo Screens navigates to Error demo and interacts/device.log
23:22:46.195 detox[66325] i saving FileArtifact to: artifacts/ios.sim.release.2026-04-10 16-22-19Z/detox_pid_66325.json.log { append: true }
23:22:46.195 detox[66325] i saving FileArtifact to: artifacts/ios.sim.release.2026-04-10 16-22-19Z/detox_pid_66325.log { append: true }
23:22:46.195 detox[66325] E onBeforeCleanup
23:22:46.196 detox[66324] i get
  data: {"type":"cleanup","params":{"stopRunner":false},"messageId":-49642}
23:22:46.196 detox[66324] i send
  data: {
    "type": "cleanup",
    "params": {
      "stopRunner": false
    },
    "messageId": -49642
  }
23:22:46.196 detox[66325] i send message
  data: {"type":"cleanup","params":{"stopRunner":false},"messageId":-49642}
23:22:46.197 detox[66324] i get
  data: {"messageId":-49642,"params":{},"type":"cleanupDone"}
23:22:46.197 detox[66324] i send
  data: {
    "messageId": -49642,
    "params": {},
    "type": "cleanupDone"
  }
23:22:46.197 detox[66325] i get message
  data: {"messageId":-49642,"params":{},"type":"cleanupDone"}
   
23:22:46.199 detox[66324] i tester exited session ddf6d3ac-88c9-ee27-18d6-cd5bbbe6b3b0
23:22:46.199 detox[66324] i send
  data: {
    "type": "testerDisconnected",
    "messageId": -1
  }
23:22:46.199 detox[66324] E connection :53749<->:53753
23:22:46.199 detox[66324] i received event of :  deallocateDevice {
  deviceCookie: {
    id: 'B7E9BAD6-0C0D-41EE-BE0C-D49BF485382E',
    udid: 'B7E9BAD6-0C0D-41EE-BE0C-D49BF485382E',
    type: 'ios.simulator'
  }
}
23:22:46.199 detox[66324] B free: B7E9BAD6-0C0D-41EE-BE0C-D49BF485382E
  data: {}
23:22:46.199 detox[66325] i dispatching event to  primary-66324 /tmp/detox.primary-66324  :  deallocateDevice , {
  deviceCookie: {
    id: 'B7E9BAD6-0C0D-41EE-BE0C-D49BF485382E',
    udid: 'B7E9BAD6-0C0D-41EE-BE0C-D49BF485382E',
    type: 'ios.simulator'
  }
}
23:22:46.200 detox[66324] E free: B7E9BAD6-0C0D-41EE-BE0C-D49BF485382E
23:22:46.200 detox[66324] i dispatching event to socket  :  deallocateDeviceDone {}
23:22:46.200 detox[66325] i ## received events ##
23:22:46.200 detox[66325] i detected event deallocateDeviceDone {}
23:22:46.200 detox[66325] E tear down environment
23:22:46.200 detox[66325] E e2e/app.test.js
23:22:46.204 detox[66324] i received event of :  reportTestResults {
  testResults: [
    {
      success: false,
      testFilePath: '/Users/nonth/Projects/playground/react-native/edot-react-native-sdk/example/react-navigation/e2e/app.test.js',
      isPermanentFailure: false
    }
  ]
}
23:22:46.204 detox[66324] i dispatching event to socket  :  reportTestResultsDone {
  testResults: [
    {
      success: false,
      testFilePath: '/Users/nonth/Projects/playground/react-native/edot-react-native-sdk/example/react-navigation/e2e/app.test.js',
      isPermanentFailure: false
    }
  ]
}
23:22:46.204 detox[66324] i broadcasting event to all known sockets listening to  /tmp/detox.primary-66324  :   sessionStateUpdate {
  testResults: [
    {
      success: false,
      testFilePath: '/Users/nonth/Projects/playground/react-native/edot-react-native-sdk/example/react-navigation/e2e/app.test.js',
      isPermanentFailure: false
    }
  ]
}
23:22:46.204 detox[66325] i dispatching event to  primary-66324 /tmp/detox.primary-66324  :  reportTestResults , {
  testResults: [
    {
      success: false,
      testFilePath: '/Users/nonth/Projects/playground/react-native/edot-react-native-sdk/example/react-navigation/e2e/app.test.js',
      testExecError: undefined,
      isPermanentFailure: false
    }
  ]
}
23:22:46.204 detox[66325] i ## received events ##
23:22:46.204 detox[66325] i detected event reportTestResultsDone {
  testResults: [
    {
      success: false,
      testFilePath: '/Users/nonth/Projects/playground/react-native/edot-react-native-sdk/example/react-navigation/e2e/app.test.js',
      isPermanentFailure: false
    }
  ]
}
23:22:46.205 detox[66324] i socket disconnected secondary-66325
23:22:46.205 detox[66325] i connection closed primary-66324 /tmp/detox.primary-66324 0 tries remaining of 0
23:22:46.205 detox[66325] i secondary-66325 exceeded connection rety amount of  or stopRetrying flag set.
23:22:46.308 detox[66324] E Command failed with exit code = 1:
jest --config e2e/jest.config.js e2e
23:22:46.309 detox[66324] B cleanup
  args: ()
23:22:46.310 detox[66324] E cleanup
23:22:46.310 detox[66324] i Detox server has been closed gracefully
23:22:46.311 detox[66324] i app exited session ddf6d3ac-88c9-ee27-18d6-cd5bbbe6b3b0
23:22:46.311 detox[66324] E connection :53749<->:53754
23:22:46.311 detox[66324] E node_modules/detox/local-cli/cli.js test --configuration ios.sim.release
