23:23:27.451 detox[66808] B node_modules/detox/local-cli/cli.js test --configuration ios.sim.release
  data: {
    "id": "dad6e80a-9f2b-bc6b-ec99-c113a59a829d",
    "detoxConfig": {
      "configurationName": "ios.sim.release",
      "apps": {
        "default": {
          "type": "ios.app",
          "binaryPath": "ios/build/Build/Products/Release-iphonesimulator/EdotReactNavExample.app",
          "build": "xcodebuild -workspace ios/EdotReactNavExample.xcworkspace -scheme EdotReactNavExample -configuration Release -sdk iphonesimulator -destination 'platform=iOS Simulator,name=iPhone 17 Pro,OS=26.4' -derivedDataPath ios/build"
        }
      },
      "artifacts": {
        "rootDir": "artifacts/ios.sim.release.2026-04-10 16-23-27Z",
        "plugins": {
          "log": {
            "enabled": true,
            "keepOnlyFailedTestsArtifacts": false
          },
          "screenshot": {
            "enabled": true,
            "shouldTakeAutomaticSnapshots": true,
            "keepOnlyFailedTestsArtifacts": true
          },
          "video": {
            "enabled": true,
            "keepOnlyFailedTestsArtifacts": true
          },
          "instruments": {
            "enabled": false,
            "keepOnlyFailedTestsArtifacts": false
          },
          "uiHierarchy": {
            "enabled": false,
            "keepOnlyFailedTestsArtifacts": false
          }
        }
      },
      "behavior": {
        "init": {
          "keepLockFile": false,
          "reinstallApp": true,
          "exposeGlobals": true
        },
        "cleanup": {
          "shutdownDevice": false
        },
        "launchApp": "auto"
      },
      "cli": {
        "configuration": "ios.sim.release",
        "start": true
      },
      "commands": [
        {
          "appName": "default",
          "build": "xcodebuild -workspace ios/EdotReactNavExample.xcworkspace -scheme EdotReactNavExample -configuration Release -sdk iphonesimulator -destination 'platform=iOS Simulator,name=iPhone 17 Pro,OS=26.4' -derivedDataPath ios/build"
        }
      ],
      "device": {
        "type": "ios.simulator",
        "device": {
          "type": "iPhone 17 Pro"
        }
      },
      "logger": {
        "level": "info",
        "overrideConsole": true,
        "options": {
          "showLoggerName": true,
          "showPid": true,
          "showLevel": false,
          "showMetadata": false,
          "basepath": "/Users/nonth/Projects/playground/react-native/edot-react-native-sdk/example/react-navigation/node_modules/detox/src",
          "prefixers": {},
          "stringifiers": {}
        }
      },
      "testRunner": {
        "retries": 0,
        "forwardEnv": false,
        "detached": false,
        "bail": false,
        "noRetryArgs": [
          "shard"
        ],
        "jest": {
          "setupTimeout": 300000,
          "teardownTimeout": 30000,
          "retryAfterCircusRetries": false,
          "reportWorkerAssign": true
        },
        "args": {
          "$0": "jest",
          "_": [
            "e2e"
          ],
          "config": "e2e/jest.config.js",
          "--": []
        },
        "$0": "jest"
      },
      "session": {
        "autoStart": true,
        "debugSynchronization": 10000
      }
    },
    "detoxIPCServer": "primary-66808",
    "testResults": [],
    "testSessionIndex": 0,
    "workersCount": 0
  }
23:23:27.454 detox[66808] i Server path not specified, so defaulting to ipc.config.socketRoot + ipc.config.appspace + ipc.config.id /tmp/detox.primary-66808
23:23:27.455 detox[66808] i starting server on  /tmp/detox.primary-66808 
23:23:27.455 detox[66808] i starting TLS server false
23:23:27.455 detox[66808] i starting server as Unix || Windows Socket
23:23:27.456 detox[66808] i Detox server listening on localhost:53838...
23:23:27.458 detox[66808] i Serialized the session state at: /private/var/folders/nd/_cs61jn95mx_wzcmldgt15p00000gn/T/dad6e80a-9f2b-bc6b-ec99-c113a59a829d.detox.json
23:23:27.459 detox[66808] B jest --config e2e/jest.config.js e2e
23:23:27.460 detox[66808] i (node:66808) [DEP0190] DeprecationWarning: Passing args to a child process with shell option true can lead to security vulnerabilities, as the arguments are not escaped, only concatenated.
(Use `node --trace-deprecation ...` to show where the warning was created)
23:23:28.115 detox[66809] i Service path not specified, so defaulting to ipc.config.socketRoot + ipc.config.appspace + id 
23:23:28.116 detox[66809] i requested connection to  primary-66808 /tmp/detox.primary-66808
23:23:28.116 detox[66809] i Connecting client on Unix Socket : /tmp/detox.primary-66808
23:23:28.117 detox[66808] i ## socket connection to server detected ##
23:23:28.118 detox[66808] i received event of :  registerContext { id: 'secondary-66809' }
23:23:28.118 detox[66808] i dispatching event to socket  :  registerContextDone {
  testResults: [],
  testSessionIndex: 0,
  unsafe_earlyTeardown: undefined
}
23:23:28.118 detox[66809] i retrying reset
23:23:28.118 detox[66809] i dispatching event to  primary-66808 /tmp/detox.primary-66808  :  registerContext , { id: 'secondary-66809' }
23:23:28.119 detox[66809] i ## received events ##
23:23:28.119 detox[66809] i detected event registerContextDone { testResults: [], testSessionIndex: 0 }
23:23:28.161 detox[66809] B e2e/app.test.js
23:23:28.170 detox[66809] B set up environment
23:23:28.171 detox[66808] i received event of :  registerWorker { workerId: 'w1' }
23:23:28.171 detox[66808] i dispatching event to socket  :  registerWorkerDone { workersCount: 1 }
23:23:28.171 detox[66808] i broadcasting event to all known sockets listening to  /tmp/detox.primary-66808  :   sessionStateUpdate { workersCount: 1 }
23:23:28.171 detox[66809] i dispatching event to  primary-66808 /tmp/detox.primary-66808  :  registerWorker , { workerId: 'w1' }
23:23:28.171 detox[66809] i ## received events ##
23:23:28.171 detox[66809] i detected event registerWorkerDone { workersCount: 1 }
23:23:28.257 detox[66809] i ## received events ##
23:23:28.257 detox[66809] i detected event sessionStateUpdate { workersCount: 1 }
23:23:28.262 detox[66808] B connection :53838<->:53841
23:23:28.262 detox[66809] i opened web socket to: ws://localhost:53838
23:23:28.263 detox[66809] i send message
  data: {"type":"login","params":{"sessionId":"f2f5a0f8-86a1-40bb-4b47-a3ca18d63e9d","role":"tester"},"messageId":0}
23:23:28.264 detox[66808] i get
  data: {"type":"login","params":{"sessionId":"f2f5a0f8-86a1-40bb-4b47-a3ca18d63e9d","role":"tester"},"messageId":0}
23:23:28.264 detox[66808] i created session f2f5a0f8-86a1-40bb-4b47-a3ca18d63e9d
23:23:28.264 detox[66808] i send
  data: {
    "type": "loginSuccess",
    "params": {
      "testerConnected": true,
      "appConnected": false
    },
    "messageId": 0
  }
23:23:28.265 detox[66808] i tester joined session f2f5a0f8-86a1-40bb-4b47-a3ca18d63e9d
23:23:28.265 detox[66809] i get message
  data: {"type":"loginSuccess","params":{"testerConnected":true,"appConnected":false},"messageId":0}
   
23:23:28.374 detox[66808] i received event of :  allocateDevice {
  deviceConfig: { type: 'ios.simulator', device: { type: 'iPhone 17 Pro' } }
}
23:23:28.374 detox[66809] i dispatching event to  primary-66808 /tmp/detox.primary-66808  :  allocateDevice , {
  deviceConfig: { type: 'ios.simulator', device: { type: 'iPhone 17 Pro' } }
}
23:23:28.377 detox[66808] B init
  args: ()
23:23:28.378 detox[66808] E init
23:23:28.378 detox[66808] B allocate
  data: {
    "type": "ios.simulator",
    "device": {
      "type": "iPhone 17 Pro"
    }
  }
23:23:28.390 detox[66808] i applesimutils --list --byType "iPhone 17 Pro" --fields udid,name,deviceType,os,identifier
23:23:28.390 detox[66808] i Searching for device by type = "iPhone 17 Pro" ...
23:23:28.610 detox[66808] i [
  {
    "os" : {
      "name" : "iOS 26.4",
      "identifier" : "com.apple.CoreSimulator.SimRuntime.iOS-26-4"
    },
    "name" : "iPhone 17 Pro",
    "udid" : "B7E9BAD6-0C0D-41EE-BE0C-D49BF485382E",
    "deviceType" : {
      "name" : "iPhone 17 Pro",
      "identifier" : "com.apple.CoreSimulator.SimDeviceType.iPhone-17-Pro"
    }
  }
]

23:23:28.610 detox[66808] i settled on B7E9BAD6-0C0D-41EE-BE0C-D49BF485382E
  data: {
    "id": "B7E9BAD6-0C0D-41EE-BE0C-D49BF485382E",
    "udid": "B7E9BAD6-0C0D-41EE-BE0C-D49BF485382E"
  }
23:23:28.610 detox[66808] E allocate
23:23:28.611 detox[66808] B post-allocate: B7E9BAD6-0C0D-41EE-BE0C-D49BF485382E
  data: {
    "id": "B7E9BAD6-0C0D-41EE-BE0C-D49BF485382E",
    "udid": "B7E9BAD6-0C0D-41EE-BE0C-D49BF485382E"
  }
23:23:28.611 detox[66808] i applesimutils --list --byId B7E9BAD6-0C0D-41EE-BE0C-D49BF485382E --maxResults 1 --fields udid,os,version,state
23:23:28.793 detox[66808] i [
  {
    "state" : "Booted",
    "os" : {
      "version" : "26.4"
    },
    "udid" : "B7E9BAD6-0C0D-41EE-BE0C-D49BF485382E"
  }
]

23:23:28.794 detox[66808] E post-allocate: B7E9BAD6-0C0D-41EE-BE0C-D49BF485382E
23:23:28.794 detox[66808] i dispatching event to socket  :  allocateDeviceDone {
  deviceCookie: {
    id: 'B7E9BAD6-0C0D-41EE-BE0C-D49BF485382E',
    udid: 'B7E9BAD6-0C0D-41EE-BE0C-D49BF485382E',
    type: 'ios.simulator',
    bootArgs: undefined,
    headless: undefined
  }
}
23:23:28.794 detox[66809] i ## received events ##
23:23:28.794 detox[66809] i detected event allocateDeviceDone {
  deviceCookie: {
    id: 'B7E9BAD6-0C0D-41EE-BE0C-D49BF485382E',
    udid: 'B7E9BAD6-0C0D-41EE-BE0C-D49BF485382E',
    type: 'ios.simulator'
  }
}
23:23:28.801 detox[66809] B onBootDevice
  args: ({"deviceId":"B7E9BAD6-0C0D-41EE-BE0C-D49BF485382E"})
23:23:28.801 detox[66809] E onBootDevice
23:23:28.801 detox[66809] B installUtilBinaries
  args: ()
23:23:28.801 detox[66809] E installUtilBinaries
23:23:28.802 detox[66809] B selectApp
  args: ("default")
23:23:28.809 detox[66809] E selectApp
23:23:28.809 detox[66809] B uninstallApp
  args: ()
23:23:28.809 detox[66809] B onBeforeUninstallApp
  args: ({"deviceId":"B7E9BAD6-0C0D-41EE-BE0C-D49BF485382E","bundleId":"com.edot.reactnavexample"})
23:23:28.809 detox[66809] E onBeforeUninstallApp
23:23:28.809 detox[66809] i /usr/bin/xcrun simctl uninstall B7E9BAD6-0C0D-41EE-BE0C-D49BF485382E com.edot.reactnavexample
23:23:28.809 detox[66809] i Uninstalling com.edot.reactnavexample...
23:23:29.098 detox[66809] i com.edot.reactnavexample uninstalled
23:23:29.099 detox[66809] E uninstallApp
23:23:29.099 detox[66809] B selectApp
  args: ("default")
23:23:29.100 detox[66809] B terminateApp
  args: ()
23:23:29.100 detox[66809] B onBeforeTerminateApp
  args: ({"deviceId":"B7E9BAD6-0C0D-41EE-BE0C-D49BF485382E","bundleId":"com.edot.reactnavexample"})
23:23:29.100 detox[66809] E onBeforeTerminateApp
23:23:29.100 detox[66809] i /usr/bin/xcrun simctl terminate B7E9BAD6-0C0D-41EE-BE0C-D49BF485382E com.edot.reactnavexample
23:23:29.100 detox[66809] i Terminating com.edot.reactnavexample...
23:23:30.264 detox[66809] i An error was encountered processing the command (domain=NSPOSIXErrorDomain, code=3):
Simulator device failed to terminate com.edot.reactnavexample.
found nothing to terminate
Underlying error (domain=NSPOSIXErrorDomain, code=3):
	The request to terminate "com.edot.reactnavexample" failed. found nothing to terminate
	found nothing to terminate

23:23:30.264 detox[66809] i Terminating com.edot.reactnavexample...
23:23:30.434 detox[66809] i "/usr/bin/xcrun simctl terminate B7E9BAD6-0C0D-41EE-BE0C-D49BF485382E com.edot.reactnavexample" failed with error = Error: Command failed: /usr/bin/xcrun simctl terminate B7E9BAD6-0C0D-41EE-BE0C-D49BF485382E com.edot.reactnavexample
An error was encountered processing the command (domain=NSPOSIXErrorDomain, code=3):
Simulator device failed to terminate com.edot.reactnavexample.
found nothing to terminate
Underlying error (domain=NSPOSIXErrorDomain, code=3):
	The request to terminate "com.edot.reactnavexample" failed. found nothing to terminate
	found nothing to terminate
 (code=3), stdout and stderr:

23:23:30.434 detox[66809] i 
23:23:30.434 detox[66809] i An error was encountered processing the command (domain=NSPOSIXErrorDomain, code=3):
Simulator device failed to terminate com.edot.reactnavexample.
found nothing to terminate
Underlying error (domain=NSPOSIXErrorDomain, code=3):
	The request to terminate "com.edot.reactnavexample" failed. found nothing to terminate
	found nothing to terminate

23:23:30.434 detox[66809] B onTerminateApp
  args: ({"deviceId":"B7E9BAD6-0C0D-41EE-BE0C-D49BF485382E","bundleId":"com.edot.reactnavexample"})
23:23:30.434 detox[66809] E onTerminateApp
23:23:30.434 detox[66809] E terminateApp
23:23:30.434 detox[66809] E selectApp
23:23:30.435 detox[66809] B installApp
  args: ()
23:23:30.435 detox[66809] i /usr/bin/xcrun simctl install B7E9BAD6-0C0D-41EE-BE0C-D49BF485382E "/Users/nonth/Projects/playground/react-native/edot-react-native-sdk/example/react-navigation/ios/build/Build/Products/Release-iphonesimulator/EdotReactNavExample.app"
23:23:30.435 detox[66809] i Installing /Users/nonth/Projects/playground/react-native/edot-react-native-sdk/example/react-navigation/ios/build/Build/Products/Release-iphonesimulator/EdotReactNavExample.app...
23:23:30.866 detox[66809] i /Users/nonth/Projects/playground/react-native/edot-react-native-sdk/example/react-navigation/ios/build/Build/Products/Release-iphonesimulator/EdotReactNavExample.app installed
23:23:30.866 detox[66809] E installApp
23:23:30.866 detox[66809] B selectApp
  args: ("default")
23:23:30.867 detox[66809] B terminateApp
  args: ()
23:23:30.867 detox[66809] B onBeforeTerminateApp
  args: ({"deviceId":"B7E9BAD6-0C0D-41EE-BE0C-D49BF485382E","bundleId":"com.edot.reactnavexample"})
23:23:30.867 detox[66809] E onBeforeTerminateApp
23:23:30.867 detox[66809] i /usr/bin/xcrun simctl terminate B7E9BAD6-0C0D-41EE-BE0C-D49BF485382E com.edot.reactnavexample
23:23:30.867 detox[66809] i Terminating com.edot.reactnavexample...
23:23:32.026 detox[66809] i An error was encountered processing the command (domain=NSPOSIXErrorDomain, code=3):
Simulator device failed to terminate com.edot.reactnavexample.
found nothing to terminate
Underlying error (domain=NSPOSIXErrorDomain, code=3):
	The request to terminate "com.edot.reactnavexample" failed. found nothing to terminate
	found nothing to terminate

23:23:32.026 detox[66809] i Terminating com.edot.reactnavexample...
23:23:32.191 detox[66809] i "/usr/bin/xcrun simctl terminate B7E9BAD6-0C0D-41EE-BE0C-D49BF485382E com.edot.reactnavexample" failed with error = Error: Command failed: /usr/bin/xcrun simctl terminate B7E9BAD6-0C0D-41EE-BE0C-D49BF485382E com.edot.reactnavexample
An error was encountered processing the command (domain=NSPOSIXErrorDomain, code=3):
Simulator device failed to terminate com.edot.reactnavexample.
found nothing to terminate
Underlying error (domain=NSPOSIXErrorDomain, code=3):
	The request to terminate "com.edot.reactnavexample" failed. found nothing to terminate
	found nothing to terminate
 (code=3), stdout and stderr:

23:23:32.191 detox[66809] i 
23:23:32.191 detox[66809] i An error was encountered processing the command (domain=NSPOSIXErrorDomain, code=3):
Simulator device failed to terminate com.edot.reactnavexample.
found nothing to terminate
Underlying error (domain=NSPOSIXErrorDomain, code=3):
	The request to terminate "com.edot.reactnavexample" failed. found nothing to terminate
	found nothing to terminate

23:23:32.191 detox[66809] B onTerminateApp
  args: ({"deviceId":"B7E9BAD6-0C0D-41EE-BE0C-D49BF485382E","bundleId":"com.edot.reactnavexample"})
23:23:32.191 detox[66809] E onTerminateApp
23:23:32.191 detox[66809] E terminateApp
23:23:32.191 detox[66809] E selectApp
23:23:32.192 detox[66809] E set up environment
23:23:32.524 detox[66809] i app.test.js is assigned to B7E9BAD6-0C0D-41EE-BE0C-D49BF485382E (iPhone 17 Pro)
23:23:32.524 detox[66809] B run the tests
23:23:32.525 detox[66809] B onRunDescribeStart
  args: ({"name":"ROOT_DESCRIBE_BLOCK"})
23:23:32.525 detox[66809] E onRunDescribeStart
23:23:32.525 detox[66809] B React Navigation Example
23:23:32.525 detox[66809] B onRunDescribeStart
  args: ({"name":"React Navigation Example"})
23:23:32.525 detox[66809] E onRunDescribeStart
23:23:32.525 detox[66809] B beforeAll
23:23:32.526 detox[66809] B launchApp
  args: ({"newInstance":true})
23:23:32.526 detox[66809] B terminateApp
  args: ("com.edot.reactnavexample")
23:23:32.526 detox[66809] B onBeforeTerminateApp
  args: ({"deviceId":"B7E9BAD6-0C0D-41EE-BE0C-D49BF485382E","bundleId":"com.edot.reactnavexample"})
23:23:32.526 detox[66809] E onBeforeTerminateApp
23:23:32.526 detox[66809] i /usr/bin/xcrun simctl terminate B7E9BAD6-0C0D-41EE-BE0C-D49BF485382E com.edot.reactnavexample
23:23:32.526 detox[66809] i Terminating com.edot.reactnavexample...
23:23:33.669 detox[66809] i An error was encountered processing the command (domain=NSPOSIXErrorDomain, code=3):
Simulator device failed to terminate com.edot.reactnavexample.
found nothing to terminate
Underlying error (domain=NSPOSIXErrorDomain, code=3):
	The request to terminate "com.edot.reactnavexample" failed. found nothing to terminate
	found nothing to terminate

23:23:33.669 detox[66809] i Terminating com.edot.reactnavexample...
23:23:33.830 detox[66809] i "/usr/bin/xcrun simctl terminate B7E9BAD6-0C0D-41EE-BE0C-D49BF485382E com.edot.reactnavexample" failed with error = Error: Command failed: /usr/bin/xcrun simctl terminate B7E9BAD6-0C0D-41EE-BE0C-D49BF485382E com.edot.reactnavexample
An error was encountered processing the command (domain=NSPOSIXErrorDomain, code=3):
Simulator device failed to terminate com.edot.reactnavexample.
found nothing to terminate
Underlying error (domain=NSPOSIXErrorDomain, code=3):
	The request to terminate "com.edot.reactnavexample" failed. found nothing to terminate
	found nothing to terminate
 (code=3), stdout and stderr:

23:23:33.830 detox[66809] i 
23:23:33.830 detox[66809] i An error was encountered processing the command (domain=NSPOSIXErrorDomain, code=3):
Simulator device failed to terminate com.edot.reactnavexample.
found nothing to terminate
Underlying error (domain=NSPOSIXErrorDomain, code=3):
	The request to terminate "com.edot.reactnavexample" failed. found nothing to terminate
	found nothing to terminate

23:23:33.830 detox[66809] B onTerminateApp
  args: ({"deviceId":"B7E9BAD6-0C0D-41EE-BE0C-D49BF485382E","bundleId":"com.edot.reactnavexample"})
23:23:33.830 detox[66809] E onTerminateApp
23:23:33.830 detox[66809] E terminateApp
23:23:33.831 detox[66809] B onBeforeLaunchApp
  args: ({"bundleId":"com.edot.reactnavexample","deviceId":"B7E9BAD6-0C0D-41EE-BE0C-D49BF485382E","launchArgs":{"detoxServer":"ws://localhost:53838","detoxSessionId":"f2f5a0f8-86a1-40bb-4b47-a3ca18d63e9d"}})
23:23:33.831 detox[66809] i starting SimulatorLogRecording {
  udid: 'B7E9BAD6-0C0D-41EE-BE0C-D49BF485382E',
  bundleId: 'com.edot.reactnavexample'
}
23:23:33.832 detox[66809] i /usr/bin/xcrun simctl get_app_container B7E9BAD6-0C0D-41EE-BE0C-D49BF485382E com.edot.reactnavexample
23:23:34.010 detox[66809] i /Users/nonth/Library/Developer/CoreSimulator/Devices/B7E9BAD6-0C0D-41EE-BE0C-D49BF485382E/data/Containers/Bundle/Application/4FB2BDAB-C128-44E5-9089-1B03AD22F4EA/EdotReactNavExample.app

23:23:34.011 detox[66809] i /usr/bin/xcrun simctl spawn B7E9BAD6-0C0D-41EE-BE0C-D49BF485382E log stream --level debug --style compact --predicate "processImagePath beginsWith \"/Users/nonth/Library/Developer/CoreSimulator/Devices/B7E9BAD6-0C0D-41EE-BE0C-D49BF485382E/data/Containers/Bundle/Application/4FB2BDAB-C128-44E5-9089-1B03AD22F4EA/EdotReactNavExample.app\""
23:23:34.062 detox[66809] E onBeforeLaunchApp
23:23:34.062 detox[66809] i SIMCTL_CHILD_GULGeneratedClassDisposeDisabled=YES SIMCTL_CHILD_DYLD_INSERT_LIBRARIES="/Users/nonth/Library/Detox/ios/framework/85bef8b40f077a4ae6cc1c8766fac177a9481e11/Detox.framework/Detox" /usr/bin/xcrun simctl launch B7E9BAD6-0C0D-41EE-BE0C-D49BF485382E com.edot.reactnavexample --args -detoxServer ws://localhost:53838 -detoxSessionId f2f5a0f8-86a1-40bb-4b47-a3ca18d63e9d -detoxDebugVisibility YES -detoxDisableHierarchyDump YES
23:23:34.062 detox[66809] i Launching com.edot.reactnavexample...
23:23:34.398 detox[66809] i com.edot.reactnavexample: 66921

23:23:34.398 detox[66809] i /usr/bin/xcrun simctl get_app_container B7E9BAD6-0C0D-41EE-BE0C-D49BF485382E com.edot.reactnavexample
23:23:34.581 detox[66809] i /Users/nonth/Library/Developer/CoreSimulator/Devices/B7E9BAD6-0C0D-41EE-BE0C-D49BF485382E/data/Containers/Bundle/Application/4FB2BDAB-C128-44E5-9089-1B03AD22F4EA/EdotReactNavExample.app

23:23:34.588 detox[66809] i com.edot.reactnavexample launched. To watch simulator logs, run:
        /usr/bin/xcrun simctl spawn B7E9BAD6-0C0D-41EE-BE0C-D49BF485382E log stream --level debug --style compact --predicate 'process == "EdotReactNavExample"'
23:23:34.588 detox[66809] B onLaunchApp
  args: ({"bundleId":"com.edot.reactnavexample","deviceId":"B7E9BAD6-0C0D-41EE-BE0C-D49BF485382E","launchArgs":{"detoxServer":"ws://localhost:53838","detoxSessionId":"f2f5a0f8-86a1-40bb-4b47-a3ca18d63e9d","detoxDebugVisibility":"YES","detoxDisableHierarchyDump":"YES"},"pid":66921})
23:23:34.588 detox[66809] E onLaunchApp
23:23:34.819 detox[66808] B connection :53838<->:53845
23:23:35.270 detox[66808] i get
  data: {"params":{"sessionId":"f2f5a0f8-86a1-40bb-4b47-a3ca18d63e9d","role":"app"},"messageId":0,"type":"login"}
23:23:35.270 detox[66808] i send
  data: {
    "params": {
      "testerConnected": true,
      "appConnected": true
    },
    "messageId": 0,
    "type": "loginSuccess"
  }
23:23:35.270 detox[66808] i app joined session f2f5a0f8-86a1-40bb-4b47-a3ca18d63e9d
23:23:35.270 detox[66808] i send
  data: {
    "type": "appConnected"
  }
23:23:35.270 detox[66809] i get message
  data: {"type":"appConnected"}
   
23:23:35.270 detox[66809] i send message
  data: {"type":"isReady","params":{},"messageId":-1000}
23:23:35.271 detox[66808] i get
  data: {"type":"isReady","params":{},"messageId":-1000}
23:23:35.271 detox[66808] i send
  data: {
    "type": "isReady",
    "params": {},
    "messageId": -1000
  }
23:23:37.089 detox[66808] i get
  data: {"messageId":-1000,"params":{},"type":"ready"}
23:23:37.089 detox[66808] i send
  data: {
    "messageId": -1000,
    "params": {},
    "type": "ready"
  }
23:23:37.090 detox[66808] i get
  data: {"messageId":-1000,"params":{},"type":"ready"}
23:23:37.090 detox[66808] i send
  data: {
    "messageId": -1000,
    "params": {},
    "type": "ready"
  }
23:23:37.090 detox[66808] i get
  data: {"messageId":-1000,"params":{},"type":"ready"}
23:23:37.090 detox[66808] i send
  data: {
    "messageId": -1000,
    "params": {},
    "type": "ready"
  }
23:23:37.090 detox[66809] i get message
  data: {"messageId":-1000,"params":{},"type":"ready"}
   
23:23:37.091 detox[66808] i get
  data: {"type":"waitForActive","params":{},"messageId":1}
23:23:37.091 detox[66808] i send
  data: {
    "type": "waitForActive",
    "params": {},
    "messageId": 1
  }
23:23:37.091 detox[66809] i send message
  data: {"type":"waitForActive","params":{},"messageId":1}
23:23:37.091 detox[66809] i get message
  data: {"messageId":-1000,"params":{},"type":"ready"}
   
23:23:37.091 detox[66809] i get message
  data: {"messageId":-1000,"params":{},"type":"ready"}
   
23:23:37.098 detox[66808] i get
  data: {"messageId":1,"params":{},"type":"waitForActiveDone"}
23:23:37.099 detox[66808] i send
  data: {
    "messageId": 1,
    "params": {},
    "type": "waitForActiveDone"
  }
23:23:37.099 detox[66809] i get message
  data: {"messageId":1,"params":{},"type":"waitForActiveDone"}
   
23:23:37.099 detox[66809] B onAppReady
  args: ({"deviceId":"B7E9BAD6-0C0D-41EE-BE0C-D49BF485382E","bundleId":"com.edot.reactnavexample","pid":66921})
23:23:37.099 detox[66809] E onAppReady
23:23:37.100 detox[66809] E launchApp
23:23:37.100 detox[66809] E beforeAll
23:23:37.100 detox[66809] B Tab Navigation
23:23:37.100 detox[66809] B onRunDescribeStart
  args: ({"name":"Tab Navigation"})
23:23:37.100 detox[66809] E onRunDescribeStart
23:23:37.101 detox[66809] B shows bottom tabs
23:23:37.101 detox[66809] i React Navigation Example > Tab Navigation: shows bottom tabs
23:23:37.103 detox[66809] B onTestStart
  args: ({"title":"shows bottom tabs","fullName":"React Navigation Example Tab Navigation shows bottom tabs","status":"running","invocations":1})
23:23:37.103 detox[66809] i stopping SimulatorLogRecording
23:23:37.157 detox[66809] i sending SIGINT to: /usr/bin/xcrun simctl spawn B7E9BAD6-0C0D-41EE-BE0C-D49BF485382E log stream --level debug --style compact --predicate processImagePath beginsWith "/Users/nonth/Library/Developer/CoreSimulator/Devices/B7E9BAD6-0C0D-41EE-BE0C-D49BF485382E/data/Containers/Bundle/Application/4FB2BDAB-C128-44E5-9089-1B03AD22F4EA/EdotReactNavExample.app"
23:23:37.166 detox[66809] i /usr/bin/xcrun simctl spawn B7E9BAD6-0C0D-41EE-BE0C-D49BF485382E log stream --level debug --style compact --predicate "processImagePath beginsWith \"/Users/nonth/Library/Developer/CoreSimulator/Devices/B7E9BAD6-0C0D-41EE-BE0C-D49BF485382E/data/Containers/Bundle/Application/4FB2BDAB-C128-44E5-9089-1B03AD22F4EA/EdotReactNavExample.app\"" exited with code #0
23:23:37.167 detox[66809] i starting SimulatorLogRecording
23:23:37.168 detox[66809] i /usr/bin/xcrun simctl get_app_container B7E9BAD6-0C0D-41EE-BE0C-D49BF485382E com.edot.reactnavexample
23:23:37.352 detox[66809] i /Users/nonth/Library/Developer/CoreSimulator/Devices/B7E9BAD6-0C0D-41EE-BE0C-D49BF485382E/data/Containers/Bundle/Application/4FB2BDAB-C128-44E5-9089-1B03AD22F4EA/EdotReactNavExample.app

23:23:37.352 detox[66809] i /usr/bin/xcrun simctl spawn B7E9BAD6-0C0D-41EE-BE0C-D49BF485382E log stream --level debug --style compact --predicate "processImagePath beginsWith \"/Users/nonth/Library/Developer/CoreSimulator/Devices/B7E9BAD6-0C0D-41EE-BE0C-D49BF485382E/data/Containers/Bundle/Application/4FB2BDAB-C128-44E5-9089-1B03AD22F4EA/EdotReactNavExample.app\""
23:23:37.404 detox[66809] i starting SimulatorScreenshot
23:23:37.404 detox[66809] i /usr/bin/xcrun simctl io B7E9BAD6-0C0D-41EE-BE0C-D49BF485382E screenshot "/private/var/folders/nd/_cs61jn95mx_wzcmldgt15p00000gn/T/detox-66809-Ug2nbu.detox.png"
23:23:37.405 detox[66809] i starting SimulatorVideoRecording
23:23:37.405 detox[66809] i /usr/bin/xcrun simctl io B7E9BAD6-0C0D-41EE-BE0C-D49BF485382E recordVideo /private/var/folders/nd/_cs61jn95mx_wzcmldgt15p00000gn/T/detox-66809-9qLaT7.detox.mp4
23:23:37.575 detox[66809] i Note: No display specified. Defaulting to display: 1CF89121-203F-41F0-8702-803F5499D5AE (screenID: 1, name: LCD)

23:23:37.587 detox[66809] i Recording started

23:23:38.120 detox[66809] i Detected file type from extension: PNG
Note: No display specified. Defaulting to display: 1CF89121-203F-41F0-8702-803F5499D5AE (screenID: 1, name: LCD)
Wrote screenshot to: /private/var/folders/nd/_cs61jn95mx_wzcmldgt15p00000gn/T/detox-66809-Ug2nbu.detox.png

23:23:38.120 detox[66809] i stopping SimulatorScreenshot
23:23:38.121 detox[66809] E onTestStart
23:23:38.121 detox[66809] B beforeEach
23:23:38.121 detox[66809] E beforeEach
23:23:38.122 detox[66809] B test_fn
23:23:38.124 detox[66809] i send message
  data: {"type":"invoke","params":{"type":"expectation","predicate":{"type":"id","value":"tab-home","isRegex":false},"expectation":"toBeVisible"},"messageId":2}
23:23:38.125 detox[66808] i get
  data: {"type":"invoke","params":{"type":"expectation","predicate":{"type":"id","value":"tab-home","isRegex":false},"expectation":"toBeVisible"},"messageId":2}
23:23:38.125 detox[66808] i send
  data: {
    "type": "invoke",
    "params": {
      "type": "expectation",
      "predicate": {
        "type": "id",
        "value": "tab-home",
        "isRegex": false
      },
      "expectation": "toBeVisible"
    },
    "messageId": 2
  }
23:23:38.125 detox[66809] B expect element to be visible
  data: {
    "type": "expectation",
    "predicate": {
      "type": "id",
      "value": "tab-home",
      "isRegex": false
    },
    "expectation": "toBeVisible"
  }
23:23:38.316 detox[66808] i get
  data: {"messageId":2,"params":{},"type":"invokeResult"}
23:23:38.317 detox[66808] i send
  data: {
    "messageId": 2,
    "params": {},
    "type": "invokeResult"
  }
23:23:38.318 detox[66809] i get message
  data: {"messageId":2,"params":{},"type":"invokeResult"}
   
23:23:38.318 detox[66809] E expect element to be visible
23:23:38.318 detox[66809] i send message
  data: {"type":"invoke","params":{"type":"expectation","predicate":{"type":"id","value":"tab-demos","isRegex":false},"expectation":"toBeVisible"},"messageId":3}
23:23:38.318 detox[66809] B expect element to be visible
  data: {
    "type": "expectation",
    "predicate": {
      "type": "id",
      "value": "tab-demos",
      "isRegex": false
    },
    "expectation": "toBeVisible"
  }
23:23:38.319 detox[66808] i get
  data: {"type":"invoke","params":{"type":"expectation","predicate":{"type":"id","value":"tab-demos","isRegex":false},"expectation":"toBeVisible"},"messageId":3}
23:23:38.319 detox[66808] i send
  data: {
    "type": "invoke",
    "params": {
      "type": "expectation",
      "predicate": {
        "type": "id",
        "value": "tab-demos",
        "isRegex": false
      },
      "expectation": "toBeVisible"
    },
    "messageId": 3
  }
23:23:38.372 detox[66808] i get
  data: {"messageId":3,"params":{},"type":"invokeResult"}
23:23:38.372 detox[66808] i send
  data: {
    "messageId": 3,
    "params": {},
    "type": "invokeResult"
  }
23:23:38.373 detox[66809] i get message
  data: {"messageId":3,"params":{},"type":"invokeResult"}
   
23:23:38.374 detox[66809] E expect element to be visible
23:23:38.374 detox[66809] i send message
  data: {"type":"invoke","params":{"type":"expectation","predicate":{"type":"id","value":"tab-settings","isRegex":false},"expectation":"toBeVisible"},"messageId":4}
23:23:38.375 detox[66808] i get
  data: {"type":"invoke","params":{"type":"expectation","predicate":{"type":"id","value":"tab-settings","isRegex":false},"expectation":"toBeVisible"},"messageId":4}
23:23:38.375 detox[66808] i send
  data: {
    "type": "invoke",
    "params": {
      "type": "expectation",
      "predicate": {
        "type": "id",
        "value": "tab-settings",
        "isRegex": false
      },
      "expectation": "toBeVisible"
    },
    "messageId": 4
  }
23:23:38.375 detox[66809] B expect element to be visible
  data: {
    "type": "expectation",
    "predicate": {
      "type": "id",
      "value": "tab-settings",
      "isRegex": false
    },
    "expectation": "toBeVisible"
  }
23:23:38.427 detox[66808] i get
  data: {"messageId":4,"params":{},"type":"invokeResult"}
23:23:38.427 detox[66808] i send
  data: {
    "messageId": 4,
    "params": {},
    "type": "invokeResult"
  }
23:23:38.428 detox[66809] i get message
  data: {"messageId":4,"params":{},"type":"invokeResult"}
   
23:23:38.428 detox[66809] E expect element to be visible
23:23:38.429 detox[66809] E test_fn
23:23:38.430 detox[66809] B onTestDone
  args: ({"title":"shows bottom tabs","fullName":"React Navigation Example Tab Navigation shows bottom tabs","status":"passed","invocations":1})
23:23:38.430 detox[66809] i stopping SimulatorVideoRecording
23:23:38.431 detox[66809] i discarding SimulatorScreenshot
23:23:38.431 detox[66809] i sending SIGINT to: /usr/bin/xcrun simctl io B7E9BAD6-0C0D-41EE-BE0C-D49BF485382E recordVideo /private/var/folders/nd/_cs61jn95mx_wzcmldgt15p00000gn/T/detox-66809-9qLaT7.detox.mp4
23:23:38.446 detox[66809] i Recording completed. Writing to disk.

Wrote video to: /private/var/folders/nd/_cs61jn95mx_wzcmldgt15p00000gn/T/detox-66809-9qLaT7.detox.mp4

23:23:38.448 detox[66809] i /usr/bin/xcrun simctl io B7E9BAD6-0C0D-41EE-BE0C-D49BF485382E recordVideo /private/var/folders/nd/_cs61jn95mx_wzcmldgt15p00000gn/T/detox-66809-9qLaT7.detox.mp4 exited with code #0
23:23:38.448 detox[66809] i discarding SimulatorVideoRecording
23:23:38.448 detox[66809] i stopping SimulatorLogRecording
23:23:38.500 detox[66809] i sending SIGINT to: /usr/bin/xcrun simctl spawn B7E9BAD6-0C0D-41EE-BE0C-D49BF485382E log stream --level debug --style compact --predicate processImagePath beginsWith "/Users/nonth/Library/Developer/CoreSimulator/Devices/B7E9BAD6-0C0D-41EE-BE0C-D49BF485382E/data/Containers/Bundle/Application/4FB2BDAB-C128-44E5-9089-1B03AD22F4EA/EdotReactNavExample.app"
23:23:38.507 detox[66809] i /usr/bin/xcrun simctl spawn B7E9BAD6-0C0D-41EE-BE0C-D49BF485382E log stream --level debug --style compact --predicate "processImagePath beginsWith \"/Users/nonth/Library/Developer/CoreSimulator/Devices/B7E9BAD6-0C0D-41EE-BE0C-D49BF485382E/data/Containers/Bundle/Application/4FB2BDAB-C128-44E5-9089-1B03AD22F4EA/EdotReactNavExample.app\"" exited with code #0
23:23:38.508 detox[66809] E onTestDone
23:23:38.508 detox[66809] E shows bottom tabs
23:23:38.508 detox[66809] i React Navigation Example > Tab Navigation: shows bottom tabs [OK]
23:23:38.509 detox[66809] B switches to Demos tab
23:23:38.509 detox[66809] i React Navigation Example > Tab Navigation: switches to Demos tab
23:23:38.509 detox[66809] B onTestStart
  args: ({"title":"switches to Demos tab","fullName":"React Navigation Example Tab Navigation switches to Demos tab","status":"running","invocations":1})
23:23:38.509 detox[66809] i starting SimulatorLogRecording
23:23:38.510 detox[66809] i saving SimulatorLogRecording to: artifacts/ios.sim.release.2026-04-10 16-23-27Z/✓ React Navigation Example Tab Navigation shows bottom tabs/device.log
23:23:38.510 detox[66809] i moving "/private/var/folders/nd/_cs61jn95mx_wzcmldgt15p00000gn/T/detox-66809-o7C1qW.detox.log" to artifacts/ios.sim.release.2026-04-10 16-23-27Z/✓ React Navigation Example Tab Navigation shows bottom tabs/device.log
23:23:38.510 detox[66809] i /usr/bin/xcrun simctl get_app_container B7E9BAD6-0C0D-41EE-BE0C-D49BF485382E com.edot.reactnavexample
23:23:38.511 detox[66809] i saving SimulatorLogRecording to: artifacts/ios.sim.release.2026-04-10 16-23-27Z/B7E9BAD6-0C0D-41EE-BE0C-D49BF485382E 2026-04-10 16-23-38Z.startup.log
23:23:38.511 detox[66809] i moving "/private/var/folders/nd/_cs61jn95mx_wzcmldgt15p00000gn/T/detox-66809-Thzdej.detox.log" to artifacts/ios.sim.release.2026-04-10 16-23-27Z/B7E9BAD6-0C0D-41EE-BE0C-D49BF485382E 2026-04-10 16-23-38Z.startup.log
23:23:38.684 detox[66809] i /Users/nonth/Library/Developer/CoreSimulator/Devices/B7E9BAD6-0C0D-41EE-BE0C-D49BF485382E/data/Containers/Bundle/Application/4FB2BDAB-C128-44E5-9089-1B03AD22F4EA/EdotReactNavExample.app

23:23:38.685 detox[66809] i /usr/bin/xcrun simctl spawn B7E9BAD6-0C0D-41EE-BE0C-D49BF485382E log stream --level debug --style compact --predicate "processImagePath beginsWith \"/Users/nonth/Library/Developer/CoreSimulator/Devices/B7E9BAD6-0C0D-41EE-BE0C-D49BF485382E/data/Containers/Bundle/Application/4FB2BDAB-C128-44E5-9089-1B03AD22F4EA/EdotReactNavExample.app\""
23:23:38.736 detox[66809] i starting SimulatorScreenshot
23:23:38.737 detox[66809] i /usr/bin/xcrun simctl io B7E9BAD6-0C0D-41EE-BE0C-D49BF485382E screenshot "/private/var/folders/nd/_cs61jn95mx_wzcmldgt15p00000gn/T/detox-66809-pGMcZP.detox.png"
23:23:38.737 detox[66809] i starting SimulatorVideoRecording
23:23:38.738 detox[66809] i /usr/bin/xcrun simctl io B7E9BAD6-0C0D-41EE-BE0C-D49BF485382E recordVideo /private/var/folders/nd/_cs61jn95mx_wzcmldgt15p00000gn/T/detox-66809-Lmq5t1.detox.mp4
23:23:38.903 detox[66809] i Note: No display specified. Defaulting to display: 1CF89121-203F-41F0-8702-803F5499D5AE (screenID: 1, name: LCD)

23:23:38.916 detox[66809] i Recording started

23:23:38.955 detox[66809] i Detected file type from extension: PNG
Note: No display specified. Defaulting to display: 1CF89121-203F-41F0-8702-803F5499D5AE (screenID: 1, name: LCD)
Wrote screenshot to: /private/var/folders/nd/_cs61jn95mx_wzcmldgt15p00000gn/T/detox-66809-pGMcZP.detox.png

23:23:38.955 detox[66809] i stopping SimulatorScreenshot
23:23:38.955 detox[66809] E onTestStart
23:23:38.955 detox[66809] B beforeEach
23:23:38.955 detox[66809] E beforeEach
23:23:38.955 detox[66809] B test_fn
23:23:38.956 detox[66808] i get
  data: {"type":"invoke","params":{"type":"action","action":"tap","predicate":{"type":"id","value":"tab-demos","isRegex":false}},"messageId":5}
23:23:38.956 detox[66808] i send
  data: {
    "type": "invoke",
    "params": {
      "type": "action",
      "action": "tap",
      "predicate": {
        "type": "id",
        "value": "tab-demos",
        "isRegex": false
      }
    },
    "messageId": 5
  }
23:23:38.956 detox[66809] i send message
  data: {"type":"invoke","params":{"type":"action","action":"tap","predicate":{"type":"id","value":"tab-demos","isRegex":false}},"messageId":5}
23:23:38.956 detox[66809] B tap
  data: {
    "type": "action",
    "action": "tap",
    "predicate": {
      "type": "id",
      "value": "tab-demos",
      "isRegex": false
    }
  }
23:23:39.536 detox[66808] i get
  data: {"messageId":5,"params":{},"type":"invokeResult"}
23:23:39.536 detox[66808] i send
  data: {
    "messageId": 5,
    "params": {},
    "type": "invokeResult"
  }
23:23:39.536 detox[66809] i get message
  data: {"messageId":5,"params":{},"type":"invokeResult"}
   
23:23:39.536 detox[66809] E tap
23:23:39.537 detox[66808] i get
  data: {"type":"invoke","params":{"type":"expectation","predicate":{"type":"id","value":"demos-btn-network","isRegex":false},"expectation":"toBeVisible"},"messageId":6}
23:23:39.537 detox[66808] i send
  data: {
    "type": "invoke",
    "params": {
      "type": "expectation",
      "predicate": {
        "type": "id",
        "value": "demos-btn-network",
        "isRegex": false
      },
      "expectation": "toBeVisible"
    },
    "messageId": 6
  }
23:23:39.537 detox[66809] i send message
  data: {"type":"invoke","params":{"type":"expectation","predicate":{"type":"id","value":"demos-btn-network","isRegex":false},"expectation":"toBeVisible"},"messageId":6}
23:23:39.537 detox[66809] B expect element to be visible
  data: {
    "type": "expectation",
    "predicate": {
      "type": "id",
      "value": "demos-btn-network",
      "isRegex": false
    },
    "expectation": "toBeVisible"
  }
23:23:39.596 detox[66808] i get
  data: {"type":"invokeResult","params":{},"messageId":6}
23:23:39.596 detox[66808] i send
  data: {
    "type": "invokeResult",
    "params": {},
    "messageId": 6
  }
23:23:39.596 detox[66809] i get message
  data: {"type":"invokeResult","params":{},"messageId":6}
   
23:23:39.596 detox[66809] E expect element to be visible
23:23:39.596 detox[66809] E test_fn
23:23:39.596 detox[66809] B onTestDone
  args: ({"title":"switches to Demos tab","fullName":"React Navigation Example Tab Navigation switches to Demos tab","status":"passed","invocations":1})
23:23:39.597 detox[66809] i stopping SimulatorVideoRecording
23:23:39.597 detox[66809] i discarding SimulatorScreenshot
23:23:39.598 detox[66809] i sending SIGINT to: /usr/bin/xcrun simctl io B7E9BAD6-0C0D-41EE-BE0C-D49BF485382E recordVideo /private/var/folders/nd/_cs61jn95mx_wzcmldgt15p00000gn/T/detox-66809-Lmq5t1.detox.mp4
23:23:39.624 detox[66809] i Recording completed. Writing to disk.

Wrote video to: /private/var/folders/nd/_cs61jn95mx_wzcmldgt15p00000gn/T/detox-66809-Lmq5t1.detox.mp4

23:23:39.625 detox[66809] i /usr/bin/xcrun simctl io B7E9BAD6-0C0D-41EE-BE0C-D49BF485382E recordVideo /private/var/folders/nd/_cs61jn95mx_wzcmldgt15p00000gn/T/detox-66809-Lmq5t1.detox.mp4 exited with code #0
23:23:39.625 detox[66809] i discarding SimulatorVideoRecording
23:23:39.625 detox[66809] i stopping SimulatorLogRecording
23:23:39.677 detox[66809] i sending SIGINT to: /usr/bin/xcrun simctl spawn B7E9BAD6-0C0D-41EE-BE0C-D49BF485382E log stream --level debug --style compact --predicate processImagePath beginsWith "/Users/nonth/Library/Developer/CoreSimulator/Devices/B7E9BAD6-0C0D-41EE-BE0C-D49BF485382E/data/Containers/Bundle/Application/4FB2BDAB-C128-44E5-9089-1B03AD22F4EA/EdotReactNavExample.app"
23:23:39.685 detox[66809] i /usr/bin/xcrun simctl spawn B7E9BAD6-0C0D-41EE-BE0C-D49BF485382E log stream --level debug --style compact --predicate "processImagePath beginsWith \"/Users/nonth/Library/Developer/CoreSimulator/Devices/B7E9BAD6-0C0D-41EE-BE0C-D49BF485382E/data/Containers/Bundle/Application/4FB2BDAB-C128-44E5-9089-1B03AD22F4EA/EdotReactNavExample.app\"" exited with code #0
23:23:39.686 detox[66809] E onTestDone
23:23:39.686 detox[66809] E switches to Demos tab
23:23:39.686 detox[66809] i React Navigation Example > Tab Navigation: switches to Demos tab [OK]
23:23:39.686 detox[66809] B switches to Settings tab
23:23:39.686 detox[66809] i React Navigation Example > Tab Navigation: switches to Settings tab
23:23:39.686 detox[66809] B onTestStart
  args: ({"title":"switches to Settings tab","fullName":"React Navigation Example Tab Navigation switches to Settings tab","status":"running","invocations":1})
23:23:39.687 detox[66809] i starting SimulatorLogRecording
23:23:39.687 detox[66809] i saving SimulatorLogRecording to: artifacts/ios.sim.release.2026-04-10 16-23-27Z/✓ React Navigation Example Tab Navigation switches to Demos tab/device.log
23:23:39.687 detox[66809] i moving "/private/var/folders/nd/_cs61jn95mx_wzcmldgt15p00000gn/T/detox-66809-2orjyt.detox.log" to artifacts/ios.sim.release.2026-04-10 16-23-27Z/✓ React Navigation Example Tab Navigation switches to Demos tab/device.log
23:23:39.687 detox[66809] i /usr/bin/xcrun simctl get_app_container B7E9BAD6-0C0D-41EE-BE0C-D49BF485382E com.edot.reactnavexample
23:23:39.858 detox[66809] i /Users/nonth/Library/Developer/CoreSimulator/Devices/B7E9BAD6-0C0D-41EE-BE0C-D49BF485382E/data/Containers/Bundle/Application/4FB2BDAB-C128-44E5-9089-1B03AD22F4EA/EdotReactNavExample.app

23:23:39.858 detox[66809] i /usr/bin/xcrun simctl spawn B7E9BAD6-0C0D-41EE-BE0C-D49BF485382E log stream --level debug --style compact --predicate "processImagePath beginsWith \"/Users/nonth/Library/Developer/CoreSimulator/Devices/B7E9BAD6-0C0D-41EE-BE0C-D49BF485382E/data/Containers/Bundle/Application/4FB2BDAB-C128-44E5-9089-1B03AD22F4EA/EdotReactNavExample.app\""
23:23:39.909 detox[66809] i starting SimulatorScreenshot
23:23:39.909 detox[66809] i /usr/bin/xcrun simctl io B7E9BAD6-0C0D-41EE-BE0C-D49BF485382E screenshot "/private/var/folders/nd/_cs61jn95mx_wzcmldgt15p00000gn/T/detox-66809-qcNCYb.detox.png"
23:23:39.910 detox[66809] i starting SimulatorVideoRecording
23:23:39.910 detox[66809] i /usr/bin/xcrun simctl io B7E9BAD6-0C0D-41EE-BE0C-D49BF485382E recordVideo /private/var/folders/nd/_cs61jn95mx_wzcmldgt15p00000gn/T/detox-66809-xtTswA.detox.mp4
23:23:40.084 detox[66809] i Note: No display specified. Defaulting to display: 1CF89121-203F-41F0-8702-803F5499D5AE (screenID: 1, name: LCD)

23:23:40.097 detox[66809] i Recording started

23:23:40.134 detox[66809] i Detected file type from extension: PNG
Note: No display specified. Defaulting to display: 1CF89121-203F-41F0-8702-803F5499D5AE (screenID: 1, name: LCD)
Wrote screenshot to: /private/var/folders/nd/_cs61jn95mx_wzcmldgt15p00000gn/T/detox-66809-qcNCYb.detox.png

23:23:40.134 detox[66809] i stopping SimulatorScreenshot
23:23:40.135 detox[66808] i get
  data: {"type":"invoke","params":{"type":"action","action":"tap","predicate":{"type":"id","value":"tab-settings","isRegex":false}},"messageId":7}
23:23:40.135 detox[66808] i send
  data: {
    "type": "invoke",
    "params": {
      "type": "action",
      "action": "tap",
      "predicate": {
        "type": "id",
        "value": "tab-settings",
        "isRegex": false
      }
    },
    "messageId": 7
  }
23:23:40.135 detox[66809] E onTestStart
23:23:40.135 detox[66809] B beforeEach
23:23:40.135 detox[66809] E beforeEach
23:23:40.135 detox[66809] B test_fn
23:23:40.135 detox[66809] i send message
  data: {"type":"invoke","params":{"type":"action","action":"tap","predicate":{"type":"id","value":"tab-settings","isRegex":false}},"messageId":7}
23:23:40.135 detox[66809] B tap
  data: {
    "type": "action",
    "action": "tap",
    "predicate": {
      "type": "id",
      "value": "tab-settings",
      "isRegex": false
    }
  }
23:23:40.708 detox[66808] i get
  data: {"type":"invokeResult","params":{},"messageId":7}
23:23:40.708 detox[66808] i send
  data: {
    "type": "invokeResult",
    "params": {},
    "messageId": 7
  }
23:23:40.710 detox[66809] i get message
  data: {"type":"invokeResult","params":{},"messageId":7}
   
23:23:40.710 detox[66809] E tap
23:23:40.711 detox[66809] i send message
  data: {"type":"invoke","params":{"type":"expectation","predicate":{"type":"id","value":"settings-server-url","isRegex":false},"expectation":"toBeVisible"},"messageId":8}
23:23:40.712 detox[66808] i get
  data: {"type":"invoke","params":{"type":"expectation","predicate":{"type":"id","value":"settings-server-url","isRegex":false},"expectation":"toBeVisible"},"messageId":8}
23:23:40.712 detox[66808] i send
  data: {
    "type": "invoke",
    "params": {
      "type": "expectation",
      "predicate": {
        "type": "id",
        "value": "settings-server-url",
        "isRegex": false
      },
      "expectation": "toBeVisible"
    },
    "messageId": 8
  }
23:23:40.712 detox[66809] B expect element to be visible
  data: {
    "type": "expectation",
    "predicate": {
      "type": "id",
      "value": "settings-server-url",
      "isRegex": false
    },
    "expectation": "toBeVisible"
  }
23:23:40.777 detox[66808] i get
  data: {"type":"invokeResult","messageId":8,"params":{}}
23:23:40.778 detox[66808] i send
  data: {
    "type": "invokeResult",
    "messageId": 8,
    "params": {}
  }
23:23:40.778 detox[66809] i get message
  data: {"type":"invokeResult","messageId":8,"params":{}}
   
23:23:40.779 detox[66809] E expect element to be visible
23:23:40.779 detox[66809] E test_fn
23:23:40.779 detox[66809] B onTestDone
  args: ({"title":"switches to Settings tab","fullName":"React Navigation Example Tab Navigation switches to Settings tab","status":"passed","invocations":1})
23:23:40.779 detox[66809] i stopping SimulatorVideoRecording
23:23:40.779 detox[66809] i discarding SimulatorScreenshot
23:23:40.779 detox[66809] i sending SIGINT to: /usr/bin/xcrun simctl io B7E9BAD6-0C0D-41EE-BE0C-D49BF485382E recordVideo /private/var/folders/nd/_cs61jn95mx_wzcmldgt15p00000gn/T/detox-66809-xtTswA.detox.mp4
23:23:40.821 detox[66809] i Recording completed. Writing to disk.

Wrote video to: /private/var/folders/nd/_cs61jn95mx_wzcmldgt15p00000gn/T/detox-66809-xtTswA.detox.mp4

23:23:40.823 detox[66809] i /usr/bin/xcrun simctl io B7E9BAD6-0C0D-41EE-BE0C-D49BF485382E recordVideo /private/var/folders/nd/_cs61jn95mx_wzcmldgt15p00000gn/T/detox-66809-xtTswA.detox.mp4 exited with code #0
23:23:40.823 detox[66809] i discarding SimulatorVideoRecording
23:23:40.823 detox[66809] i stopping SimulatorLogRecording
23:23:40.880 detox[66809] i sending SIGINT to: /usr/bin/xcrun simctl spawn B7E9BAD6-0C0D-41EE-BE0C-D49BF485382E log stream --level debug --style compact --predicate processImagePath beginsWith "/Users/nonth/Library/Developer/CoreSimulator/Devices/B7E9BAD6-0C0D-41EE-BE0C-D49BF485382E/data/Containers/Bundle/Application/4FB2BDAB-C128-44E5-9089-1B03AD22F4EA/EdotReactNavExample.app"
23:23:40.887 detox[66809] i /usr/bin/xcrun simctl spawn B7E9BAD6-0C0D-41EE-BE0C-D49BF485382E log stream --level debug --style compact --predicate "processImagePath beginsWith \"/Users/nonth/Library/Developer/CoreSimulator/Devices/B7E9BAD6-0C0D-41EE-BE0C-D49BF485382E/data/Containers/Bundle/Application/4FB2BDAB-C128-44E5-9089-1B03AD22F4EA/EdotReactNavExample.app\"" exited with code #0
23:23:40.887 detox[66809] E onTestDone
23:23:40.888 detox[66809] E switches to Settings tab
23:23:40.888 detox[66809] i React Navigation Example > Tab Navigation: switches to Settings tab [OK]
23:23:40.888 detox[66809] B switches back to Home tab
23:23:40.888 detox[66809] i React Navigation Example > Tab Navigation: switches back to Home tab
23:23:40.888 detox[66809] B onTestStart
  args: ({"title":"switches back to Home tab","fullName":"React Navigation Example Tab Navigation switches back to Home tab","status":"running","invocations":1})
23:23:40.889 detox[66809] i starting SimulatorLogRecording
23:23:40.889 detox[66809] i saving SimulatorLogRecording to: artifacts/ios.sim.release.2026-04-10 16-23-27Z/✓ React Navigation Example Tab Navigation switches to Settings tab/device.log
23:23:40.889 detox[66809] i moving "/private/var/folders/nd/_cs61jn95mx_wzcmldgt15p00000gn/T/detox-66809-XYr4kc.detox.log" to artifacts/ios.sim.release.2026-04-10 16-23-27Z/✓ React Navigation Example Tab Navigation switches to Settings tab/device.log
23:23:40.889 detox[66809] i /usr/bin/xcrun simctl get_app_container B7E9BAD6-0C0D-41EE-BE0C-D49BF485382E com.edot.reactnavexample
23:23:41.059 detox[66809] i /Users/nonth/Library/Developer/CoreSimulator/Devices/B7E9BAD6-0C0D-41EE-BE0C-D49BF485382E/data/Containers/Bundle/Application/4FB2BDAB-C128-44E5-9089-1B03AD22F4EA/EdotReactNavExample.app

23:23:41.059 detox[66809] i /usr/bin/xcrun simctl spawn B7E9BAD6-0C0D-41EE-BE0C-D49BF485382E log stream --level debug --style compact --predicate "processImagePath beginsWith \"/Users/nonth/Library/Developer/CoreSimulator/Devices/B7E9BAD6-0C0D-41EE-BE0C-D49BF485382E/data/Containers/Bundle/Application/4FB2BDAB-C128-44E5-9089-1B03AD22F4EA/EdotReactNavExample.app\""
23:23:41.111 detox[66809] i starting SimulatorScreenshot
23:23:41.111 detox[66809] i /usr/bin/xcrun simctl io B7E9BAD6-0C0D-41EE-BE0C-D49BF485382E screenshot "/private/var/folders/nd/_cs61jn95mx_wzcmldgt15p00000gn/T/detox-66809-vQe8jB.detox.png"
23:23:41.112 detox[66809] i starting SimulatorVideoRecording
23:23:41.112 detox[66809] i /usr/bin/xcrun simctl io B7E9BAD6-0C0D-41EE-BE0C-D49BF485382E recordVideo /private/var/folders/nd/_cs61jn95mx_wzcmldgt15p00000gn/T/detox-66809-MznVP4.detox.mp4
23:23:41.288 detox[66809] i Note: No display specified. Defaulting to display: 1CF89121-203F-41F0-8702-803F5499D5AE (screenID: 1, name: LCD)

23:23:41.326 detox[66809] i Detected file type from extension: PNG
Note: No display specified. Defaulting to display: 1CF89121-203F-41F0-8702-803F5499D5AE (screenID: 1, name: LCD)
Wrote screenshot to: /private/var/folders/nd/_cs61jn95mx_wzcmldgt15p00000gn/T/detox-66809-vQe8jB.detox.png

23:23:41.326 detox[66809] i stopping SimulatorScreenshot
23:23:41.326 detox[66809] E onTestStart
23:23:41.326 detox[66809] B beforeEach
23:23:41.327 detox[66809] E beforeEach
23:23:41.327 detox[66809] B test_fn
23:23:41.327 detox[66809] i send message
  data: {"type":"invoke","params":{"type":"action","action":"tap","predicate":{"type":"id","value":"tab-home","isRegex":false}},"messageId":9}
23:23:41.327 detox[66809] B tap
  data: {
    "type": "action",
    "action": "tap",
    "predicate": {
      "type": "id",
      "value": "tab-home",
      "isRegex": false
    }
  }
23:23:41.328 detox[66808] i get
  data: {"type":"invoke","params":{"type":"action","action":"tap","predicate":{"type":"id","value":"tab-home","isRegex":false}},"messageId":9}
23:23:41.328 detox[66808] i send
  data: {
    "type": "invoke",
    "params": {
      "type": "action",
      "action": "tap",
      "predicate": {
        "type": "id",
        "value": "tab-home",
        "isRegex": false
      }
    },
    "messageId": 9
  }
23:23:41.334 detox[66809] i Recording started

23:23:41.892 detox[66808] i get
  data: {"type":"invokeResult","params":{},"messageId":9}
23:23:41.892 detox[66808] i send
  data: {
    "type": "invokeResult",
    "params": {},
    "messageId": 9
  }
23:23:41.893 detox[66809] i get message
  data: {"type":"invokeResult","params":{},"messageId":9}
   
23:23:41.893 detox[66809] E tap
23:23:41.894 detox[66808] i get
  data: {"type":"invoke","params":{"type":"expectation","predicate":{"type":"id","value":"home-status","isRegex":false},"expectation":"toBeVisible"},"messageId":10}
23:23:41.894 detox[66808] i send
  data: {
    "type": "invoke",
    "params": {
      "type": "expectation",
      "predicate": {
        "type": "id",
        "value": "home-status",
        "isRegex": false
      },
      "expectation": "toBeVisible"
    },
    "messageId": 10
  }
23:23:41.894 detox[66809] i send message
  data: {"type":"invoke","params":{"type":"expectation","predicate":{"type":"id","value":"home-status","isRegex":false},"expectation":"toBeVisible"},"messageId":10}
23:23:41.894 detox[66809] B expect element to be visible
  data: {
    "type": "expectation",
    "predicate": {
      "type": "id",
      "value": "home-status",
      "isRegex": false
    },
    "expectation": "toBeVisible"
  }
23:23:41.977 detox[66808] i get
  data: {"type":"invokeResult","messageId":10,"params":{}}
23:23:41.978 detox[66808] i send
  data: {
    "type": "invokeResult",
    "messageId": 10,
    "params": {}
  }
23:23:41.978 detox[66809] i get message
  data: {"type":"invokeResult","messageId":10,"params":{}}
   
23:23:41.978 detox[66809] E expect element to be visible
23:23:41.978 detox[66809] E test_fn
23:23:41.978 detox[66809] B onTestDone
  args: ({"title":"switches back to Home tab","fullName":"React Navigation Example Tab Navigation switches back to Home tab","status":"passed","invocations":1})
23:23:41.978 detox[66809] i stopping SimulatorVideoRecording
23:23:41.978 detox[66809] i discarding SimulatorScreenshot
23:23:41.978 detox[66809] i sending SIGINT to: /usr/bin/xcrun simctl io B7E9BAD6-0C0D-41EE-BE0C-D49BF485382E recordVideo /private/var/folders/nd/_cs61jn95mx_wzcmldgt15p00000gn/T/detox-66809-MznVP4.detox.mp4
23:23:42.013 detox[66809] i Recording completed. Writing to disk.

Wrote video to: /private/var/folders/nd/_cs61jn95mx_wzcmldgt15p00000gn/T/detox-66809-MznVP4.detox.mp4

23:23:42.014 detox[66809] i /usr/bin/xcrun simctl io B7E9BAD6-0C0D-41EE-BE0C-D49BF485382E recordVideo /private/var/folders/nd/_cs61jn95mx_wzcmldgt15p00000gn/T/detox-66809-MznVP4.detox.mp4 exited with code #0
23:23:42.014 detox[66809] i discarding SimulatorVideoRecording
23:23:42.014 detox[66809] i stopping SimulatorLogRecording
23:23:42.066 detox[66809] i sending SIGINT to: /usr/bin/xcrun simctl spawn B7E9BAD6-0C0D-41EE-BE0C-D49BF485382E log stream --level debug --style compact --predicate processImagePath beginsWith "/Users/nonth/Library/Developer/CoreSimulator/Devices/B7E9BAD6-0C0D-41EE-BE0C-D49BF485382E/data/Containers/Bundle/Application/4FB2BDAB-C128-44E5-9089-1B03AD22F4EA/EdotReactNavExample.app"
23:23:42.073 detox[66809] i /usr/bin/xcrun simctl spawn B7E9BAD6-0C0D-41EE-BE0C-D49BF485382E log stream --level debug --style compact --predicate "processImagePath beginsWith \"/Users/nonth/Library/Developer/CoreSimulator/Devices/B7E9BAD6-0C0D-41EE-BE0C-D49BF485382E/data/Containers/Bundle/Application/4FB2BDAB-C128-44E5-9089-1B03AD22F4EA/EdotReactNavExample.app\"" exited with code #0
23:23:42.073 detox[66809] E onTestDone
23:23:42.074 detox[66809] E switches back to Home tab
23:23:42.074 detox[66809] i React Navigation Example > Tab Navigation: switches back to Home tab [OK]
23:23:42.074 detox[66809] B onRunDescribeFinish
  args: ({"name":"Tab Navigation"})
23:23:42.074 detox[66809] E onRunDescribeFinish
23:23:42.074 detox[66809] E Tab Navigation
23:23:42.074 detox[66809] B Home Screen
23:23:42.074 detox[66809] B onRunDescribeStart
  args: ({"name":"Home Screen"})
23:23:42.074 detox[66809] E onRunDescribeStart
23:23:42.074 detox[66809] B shows SDK status and session
23:23:42.074 detox[66809] i React Navigation Example > Home Screen: shows SDK status and session
23:23:42.075 detox[66809] B onTestStart
  args: ({"title":"shows SDK status and session","fullName":"React Navigation Example Home Screen shows SDK status and session","status":"running","invocations":1})
23:23:42.075 detox[66809] i starting SimulatorLogRecording
23:23:42.075 detox[66809] i saving SimulatorLogRecording to: artifacts/ios.sim.release.2026-04-10 16-23-27Z/✓ React Navigation Example Tab Navigation switches back to Home tab/device.log
23:23:42.075 detox[66809] i moving "/private/var/folders/nd/_cs61jn95mx_wzcmldgt15p00000gn/T/detox-66809-fK1tXV.detox.log" to artifacts/ios.sim.release.2026-04-10 16-23-27Z/✓ React Navigation Example Tab Navigation switches back to Home tab/device.log
23:23:42.076 detox[66809] i /usr/bin/xcrun simctl get_app_container B7E9BAD6-0C0D-41EE-BE0C-D49BF485382E com.edot.reactnavexample
23:23:42.247 detox[66809] i /Users/nonth/Library/Developer/CoreSimulator/Devices/B7E9BAD6-0C0D-41EE-BE0C-D49BF485382E/data/Containers/Bundle/Application/4FB2BDAB-C128-44E5-9089-1B03AD22F4EA/EdotReactNavExample.app

23:23:42.248 detox[66809] i /usr/bin/xcrun simctl spawn B7E9BAD6-0C0D-41EE-BE0C-D49BF485382E log stream --level debug --style compact --predicate "processImagePath beginsWith \"/Users/nonth/Library/Developer/CoreSimulator/Devices/B7E9BAD6-0C0D-41EE-BE0C-D49BF485382E/data/Containers/Bundle/Application/4FB2BDAB-C128-44E5-9089-1B03AD22F4EA/EdotReactNavExample.app\""
23:23:42.299 detox[66809] i starting SimulatorScreenshot
23:23:42.299 detox[66809] i /usr/bin/xcrun simctl io B7E9BAD6-0C0D-41EE-BE0C-D49BF485382E screenshot "/private/var/folders/nd/_cs61jn95mx_wzcmldgt15p00000gn/T/detox-66809-0gYzKa.detox.png"
23:23:42.300 detox[66809] i starting SimulatorVideoRecording
23:23:42.300 detox[66809] i /usr/bin/xcrun simctl io B7E9BAD6-0C0D-41EE-BE0C-D49BF485382E recordVideo /private/var/folders/nd/_cs61jn95mx_wzcmldgt15p00000gn/T/detox-66809-KKulrq.detox.mp4
23:23:42.478 detox[66809] i Note: No display specified. Defaulting to display: 1CF89121-203F-41F0-8702-803F5499D5AE (screenID: 1, name: LCD)

23:23:42.492 detox[66809] i Recording started

23:23:42.524 detox[66809] i Detected file type from extension: PNG
Note: No display specified. Defaulting to display: 1CF89121-203F-41F0-8702-803F5499D5AE (screenID: 1, name: LCD)
Wrote screenshot to: /private/var/folders/nd/_cs61jn95mx_wzcmldgt15p00000gn/T/detox-66809-0gYzKa.detox.png

23:23:42.524 detox[66809] i stopping SimulatorScreenshot
23:23:42.524 detox[66809] E onTestStart
23:23:42.524 detox[66809] B beforeEach
23:23:42.524 detox[66809] E beforeEach
23:23:42.524 detox[66809] B test_fn
23:23:42.525 detox[66808] i get
  data: {"type":"invoke","params":{"type":"expectation","predicate":{"type":"id","value":"home-status","isRegex":false},"expectation":"toBeVisible"},"messageId":11}
23:23:42.525 detox[66808] i send
  data: {
    "type": "invoke",
    "params": {
      "type": "expectation",
      "predicate": {
        "type": "id",
        "value": "home-status",
        "isRegex": false
      },
      "expectation": "toBeVisible"
    },
    "messageId": 11
  }
23:23:42.525 detox[66809] i send message
  data: {"type":"invoke","params":{"type":"expectation","predicate":{"type":"id","value":"home-status","isRegex":false},"expectation":"toBeVisible"},"messageId":11}
23:23:42.525 detox[66809] B expect element to be visible
  data: {
    "type": "expectation",
    "predicate": {
      "type": "id",
      "value": "home-status",
      "isRegex": false
    },
    "expectation": "toBeVisible"
  }
23:23:42.579 detox[66808] i get
  data: {"type":"invokeResult","params":{},"messageId":11}
23:23:42.579 detox[66808] i send
  data: {
    "type": "invokeResult",
    "params": {},
    "messageId": 11
  }
23:23:42.579 detox[66809] i get message
  data: {"type":"invokeResult","params":{},"messageId":11}
   
23:23:42.579 detox[66809] E expect element to be visible
23:23:42.579 detox[66809] i send message
  data: {"type":"invoke","params":{"type":"expectation","predicate":{"type":"id","value":"home-session","isRegex":false},"expectation":"toBeVisible"},"messageId":12}
23:23:42.580 detox[66808] i get
  data: {"type":"invoke","params":{"type":"expectation","predicate":{"type":"id","value":"home-session","isRegex":false},"expectation":"toBeVisible"},"messageId":12}
23:23:42.580 detox[66808] i send
  data: {
    "type": "invoke",
    "params": {
      "type": "expectation",
      "predicate": {
        "type": "id",
        "value": "home-session",
        "isRegex": false
      },
      "expectation": "toBeVisible"
    },
    "messageId": 12
  }
23:23:42.580 detox[66809] B expect element to be visible
  data: {
    "type": "expectation",
    "predicate": {
      "type": "id",
      "value": "home-session",
      "isRegex": false
    },
    "expectation": "toBeVisible"
  }
23:23:42.632 detox[66808] i get
  data: {"type":"invokeResult","messageId":12,"params":{}}
23:23:42.632 detox[66808] i send
  data: {
    "type": "invokeResult",
    "messageId": 12,
    "params": {}
  }
23:23:42.632 detox[66809] i get message
  data: {"type":"invokeResult","messageId":12,"params":{}}
   
23:23:42.632 detox[66809] E expect element to be visible
23:23:42.632 detox[66809] E test_fn
23:23:42.632 detox[66809] B onTestDone
  args: ({"title":"shows SDK status and session","fullName":"React Navigation Example Home Screen shows SDK status and session","status":"passed","invocations":1})
23:23:42.632 detox[66809] i stopping SimulatorVideoRecording
23:23:42.632 detox[66809] i discarding SimulatorScreenshot
23:23:42.634 detox[66809] i sending SIGINT to: /usr/bin/xcrun simctl io B7E9BAD6-0C0D-41EE-BE0C-D49BF485382E recordVideo /private/var/folders/nd/_cs61jn95mx_wzcmldgt15p00000gn/T/detox-66809-KKulrq.detox.mp4
23:23:42.640 detox[66809] i Recording completed. Writing to disk.

Wrote video to: /private/var/folders/nd/_cs61jn95mx_wzcmldgt15p00000gn/T/detox-66809-KKulrq.detox.mp4

23:23:42.642 detox[66809] i /usr/bin/xcrun simctl io B7E9BAD6-0C0D-41EE-BE0C-D49BF485382E recordVideo /private/var/folders/nd/_cs61jn95mx_wzcmldgt15p00000gn/T/detox-66809-KKulrq.detox.mp4 exited with code #0
23:23:42.642 detox[66809] i discarding SimulatorVideoRecording
23:23:42.642 detox[66809] i stopping SimulatorLogRecording
23:23:42.694 detox[66809] i sending SIGINT to: /usr/bin/xcrun simctl spawn B7E9BAD6-0C0D-41EE-BE0C-D49BF485382E log stream --level debug --style compact --predicate processImagePath beginsWith "/Users/nonth/Library/Developer/CoreSimulator/Devices/B7E9BAD6-0C0D-41EE-BE0C-D49BF485382E/data/Containers/Bundle/Application/4FB2BDAB-C128-44E5-9089-1B03AD22F4EA/EdotReactNavExample.app"
23:23:42.701 detox[66809] i /usr/bin/xcrun simctl spawn B7E9BAD6-0C0D-41EE-BE0C-D49BF485382E log stream --level debug --style compact --predicate "processImagePath beginsWith \"/Users/nonth/Library/Developer/CoreSimulator/Devices/B7E9BAD6-0C0D-41EE-BE0C-D49BF485382E/data/Containers/Bundle/Application/4FB2BDAB-C128-44E5-9089-1B03AD22F4EA/EdotReactNavExample.app\"" exited with code #0
23:23:42.701 detox[66809] E onTestDone
23:23:42.701 detox[66809] E shows SDK status and session
23:23:42.701 detox[66809] i React Navigation Example > Home Screen: shows SDK status and session [OK]
23:23:42.702 detox[66809] B taps user and attribute buttons
23:23:42.702 detox[66809] i React Navigation Example > Home Screen: taps user and attribute buttons
23:23:42.702 detox[66809] B onTestStart
  args: ({"title":"taps user and attribute buttons","fullName":"React Navigation Example Home Screen taps user and attribute buttons","status":"running","invocations":1})
23:23:42.702 detox[66809] i starting SimulatorLogRecording
23:23:42.702 detox[66809] i saving SimulatorLogRecording to: artifacts/ios.sim.release.2026-04-10 16-23-27Z/✓ React Navigation Example Home Screen shows SDK status and session/device.log
23:23:42.702 detox[66809] i moving "/private/var/folders/nd/_cs61jn95mx_wzcmldgt15p00000gn/T/detox-66809-MC5XAv.detox.log" to artifacts/ios.sim.release.2026-04-10 16-23-27Z/✓ React Navigation Example Home Screen shows SDK status and session/device.log
23:23:42.703 detox[66809] i /usr/bin/xcrun simctl get_app_container B7E9BAD6-0C0D-41EE-BE0C-D49BF485382E com.edot.reactnavexample
23:23:42.875 detox[66809] i /Users/nonth/Library/Developer/CoreSimulator/Devices/B7E9BAD6-0C0D-41EE-BE0C-D49BF485382E/data/Containers/Bundle/Application/4FB2BDAB-C128-44E5-9089-1B03AD22F4EA/EdotReactNavExample.app

23:23:42.875 detox[66809] i /usr/bin/xcrun simctl spawn B7E9BAD6-0C0D-41EE-BE0C-D49BF485382E log stream --level debug --style compact --predicate "processImagePath beginsWith \"/Users/nonth/Library/Developer/CoreSimulator/Devices/B7E9BAD6-0C0D-41EE-BE0C-D49BF485382E/data/Containers/Bundle/Application/4FB2BDAB-C128-44E5-9089-1B03AD22F4EA/EdotReactNavExample.app\""
23:23:42.927 detox[66809] i starting SimulatorScreenshot
23:23:42.927 detox[66809] i /usr/bin/xcrun simctl io B7E9BAD6-0C0D-41EE-BE0C-D49BF485382E screenshot "/private/var/folders/nd/_cs61jn95mx_wzcmldgt15p00000gn/T/detox-66809-HtVrDD.detox.png"
23:23:42.928 detox[66809] i starting SimulatorVideoRecording
23:23:42.928 detox[66809] i /usr/bin/xcrun simctl io B7E9BAD6-0C0D-41EE-BE0C-D49BF485382E recordVideo /private/var/folders/nd/_cs61jn95mx_wzcmldgt15p00000gn/T/detox-66809-uD93cF.detox.mp4
23:23:43.109 detox[66809] i Note: No display specified. Defaulting to display: 1CF89121-203F-41F0-8702-803F5499D5AE (screenID: 1, name: LCD)

23:23:43.122 detox[66809] i Recording started

23:23:43.156 detox[66809] i Detected file type from extension: PNG
Note: No display specified. Defaulting to display: 1CF89121-203F-41F0-8702-803F5499D5AE (screenID: 1, name: LCD)
Wrote screenshot to: /private/var/folders/nd/_cs61jn95mx_wzcmldgt15p00000gn/T/detox-66809-HtVrDD.detox.png

23:23:43.156 detox[66809] i stopping SimulatorScreenshot
23:23:43.156 detox[66809] E onTestStart
23:23:43.156 detox[66809] B beforeEach
23:23:43.157 detox[66808] i get
  data: {"type":"invoke","params":{"type":"action","action":"tap","predicate":{"type":"id","value":"home-btn-set-user","isRegex":false}},"messageId":13}
23:23:43.157 detox[66808] i send
  data: {
    "type": "invoke",
    "params": {
      "type": "action",
      "action": "tap",
      "predicate": {
        "type": "id",
        "value": "home-btn-set-user",
        "isRegex": false
      }
    },
    "messageId": 13
  }
23:23:43.157 detox[66809] E beforeEach
23:23:43.157 detox[66809] B test_fn
23:23:43.157 detox[66809] i send message
  data: {"type":"invoke","params":{"type":"action","action":"tap","predicate":{"type":"id","value":"home-btn-set-user","isRegex":false}},"messageId":13}
23:23:43.157 detox[66809] B tap
  data: {
    "type": "action",
    "action": "tap",
    "predicate": {
      "type": "id",
      "value": "home-btn-set-user",
      "isRegex": false
    }
  }
23:23:43.725 detox[66808] i get
  data: {"type":"invokeResult","messageId":13,"params":{}}
23:23:43.726 detox[66808] i send
  data: {
    "type": "invokeResult",
    "messageId": 13,
    "params": {}
  }
23:23:43.726 detox[66809] i get message
  data: {"type":"invokeResult","messageId":13,"params":{}}
   
23:23:43.726 detox[66809] E tap
23:23:43.727 detox[66808] i get
  data: {"type":"invoke","params":{"type":"action","action":"tap","predicate":{"type":"id","value":"home-btn-clear-user","isRegex":false}},"messageId":14}
23:23:43.727 detox[66808] i send
  data: {
    "type": "invoke",
    "params": {
      "type": "action",
      "action": "tap",
      "predicate": {
        "type": "id",
        "value": "home-btn-clear-user",
        "isRegex": false
      }
    },
    "messageId": 14
  }
23:23:43.727 detox[66809] i send message
  data: {"type":"invoke","params":{"type":"action","action":"tap","predicate":{"type":"id","value":"home-btn-clear-user","isRegex":false}},"messageId":14}
23:23:43.727 detox[66809] B tap
  data: {
    "type": "action",
    "action": "tap",
    "predicate": {
      "type": "id",
      "value": "home-btn-clear-user",
      "isRegex": false
    }
  }
23:23:44.340 detox[66808] i get
  data: {"type":"invokeResult","messageId":14,"params":{}}
23:23:44.340 detox[66808] i send
  data: {
    "type": "invokeResult",
    "messageId": 14,
    "params": {}
  }
23:23:44.341 detox[66808] i get
  data: {"type":"invoke","params":{"type":"action","action":"tap","predicate":{"type":"id","value":"home-btn-set-session-attr","isRegex":false}},"messageId":15}
23:23:44.341 detox[66808] i send
  data: {
    "type": "invoke",
    "params": {
      "type": "action",
      "action": "tap",
      "predicate": {
        "type": "id",
        "value": "home-btn-set-session-attr",
        "isRegex": false
      }
    },
    "messageId": 15
  }
23:23:44.341 detox[66809] i get message
  data: {"type":"invokeResult","messageId":14,"params":{}}
   
23:23:44.341 detox[66809] E tap
23:23:44.341 detox[66809] i send message
  data: {"type":"invoke","params":{"type":"action","action":"tap","predicate":{"type":"id","value":"home-btn-set-session-attr","isRegex":false}},"messageId":15}
23:23:44.341 detox[66809] B tap
  data: {
    "type": "action",
    "action": "tap",
    "predicate": {
      "type": "id",
      "value": "home-btn-set-session-attr",
      "isRegex": false
    }
  }
23:23:44.907 detox[66808] i get
  data: {"type":"invokeResult","messageId":15,"params":{}}
23:23:44.907 detox[66808] i send
  data: {
    "type": "invokeResult",
    "messageId": 15,
    "params": {}
  }
23:23:44.908 detox[66809] i get message
  data: {"type":"invokeResult","messageId":15,"params":{}}
   
23:23:44.908 detox[66809] E tap
23:23:44.909 detox[66808] i get
  data: {"type":"invoke","params":{"type":"action","action":"tap","predicate":{"type":"id","value":"home-btn-set-global-attr","isRegex":false}},"messageId":16}
23:23:44.909 detox[66808] i send
  data: {
    "type": "invoke",
    "params": {
      "type": "action",
      "action": "tap",
      "predicate": {
        "type": "id",
        "value": "home-btn-set-global-attr",
        "isRegex": false
      }
    },
    "messageId": 16
  }
23:23:44.909 detox[66809] i send message
  data: {"type":"invoke","params":{"type":"action","action":"tap","predicate":{"type":"id","value":"home-btn-set-global-attr","isRegex":false}},"messageId":16}
23:23:44.909 detox[66809] B tap
  data: {
    "type": "action",
    "action": "tap",
    "predicate": {
      "type": "id",
      "value": "home-btn-set-global-attr",
      "isRegex": false
    }
  }
23:23:45.509 detox[66808] i get
  data: {"type":"invokeResult","messageId":16,"params":{}}
23:23:45.509 detox[66808] i send
  data: {
    "type": "invokeResult",
    "messageId": 16,
    "params": {}
  }
23:23:45.509 detox[66809] i get message
  data: {"type":"invokeResult","messageId":16,"params":{}}
   
23:23:45.509 detox[66809] E tap
23:23:45.510 detox[66808] i get
  data: {"type":"invoke","params":{"type":"action","action":"tap","predicate":{"type":"id","value":"home-btn-remove-global-attr","isRegex":false}},"messageId":17}
23:23:45.510 detox[66808] i send
  data: {
    "type": "invoke",
    "params": {
      "type": "action",
      "action": "tap",
      "predicate": {
        "type": "id",
        "value": "home-btn-remove-global-attr",
        "isRegex": false
      }
    },
    "messageId": 17
  }
23:23:45.510 detox[66809] i send message
  data: {"type":"invoke","params":{"type":"action","action":"tap","predicate":{"type":"id","value":"home-btn-remove-global-attr","isRegex":false}},"messageId":17}
23:23:45.510 detox[66809] B tap
  data: {
    "type": "action",
    "action": "tap",
    "predicate": {
      "type": "id",
      "value": "home-btn-remove-global-attr",
      "isRegex": false
    }
  }
23:23:46.094 detox[66808] i get
  data: {"type":"invokeResult","messageId":17,"params":{}}
23:23:46.095 detox[66808] i send
  data: {
    "type": "invokeResult",
    "messageId": 17,
    "params": {}
  }
23:23:46.096 detox[66809] i get message
  data: {"type":"invokeResult","messageId":17,"params":{}}
   
23:23:46.096 detox[66809] E tap
23:23:46.097 detox[66809] E test_fn
23:23:46.097 detox[66809] B onTestDone
  args: ({"title":"taps user and attribute buttons","fullName":"React Navigation Example Home Screen taps user and attribute buttons","status":"passed","invocations":1})
23:23:46.098 detox[66809] i stopping SimulatorVideoRecording
23:23:46.098 detox[66809] i discarding SimulatorScreenshot
23:23:46.098 detox[66809] i sending SIGINT to: /usr/bin/xcrun simctl io B7E9BAD6-0C0D-41EE-BE0C-D49BF485382E recordVideo /private/var/folders/nd/_cs61jn95mx_wzcmldgt15p00000gn/T/detox-66809-uD93cF.detox.mp4
23:23:46.152 detox[66809] i Recording completed. Writing to disk.

Wrote video to: /private/var/folders/nd/_cs61jn95mx_wzcmldgt15p00000gn/T/detox-66809-uD93cF.detox.mp4

23:23:46.154 detox[66809] i /usr/bin/xcrun simctl io B7E9BAD6-0C0D-41EE-BE0C-D49BF485382E recordVideo /private/var/folders/nd/_cs61jn95mx_wzcmldgt15p00000gn/T/detox-66809-uD93cF.detox.mp4 exited with code #0
23:23:46.154 detox[66809] i discarding SimulatorVideoRecording
23:23:46.154 detox[66809] i stopping SimulatorLogRecording
23:23:46.206 detox[66809] i sending SIGINT to: /usr/bin/xcrun simctl spawn B7E9BAD6-0C0D-41EE-BE0C-D49BF485382E log stream --level debug --style compact --predicate processImagePath beginsWith "/Users/nonth/Library/Developer/CoreSimulator/Devices/B7E9BAD6-0C0D-41EE-BE0C-D49BF485382E/data/Containers/Bundle/Application/4FB2BDAB-C128-44E5-9089-1B03AD22F4EA/EdotReactNavExample.app"
23:23:46.223 detox[66809] i /usr/bin/xcrun simctl spawn B7E9BAD6-0C0D-41EE-BE0C-D49BF485382E log stream --level debug --style compact --predicate "processImagePath beginsWith \"/Users/nonth/Library/Developer/CoreSimulator/Devices/B7E9BAD6-0C0D-41EE-BE0C-D49BF485382E/data/Containers/Bundle/Application/4FB2BDAB-C128-44E5-9089-1B03AD22F4EA/EdotReactNavExample.app\"" exited with code #0
23:23:46.223 detox[66809] E onTestDone
23:23:46.224 detox[66809] E taps user and attribute buttons
23:23:46.224 detox[66809] i React Navigation Example > Home Screen: taps user and attribute buttons [OK]
23:23:46.224 detox[66809] B onRunDescribeFinish
  args: ({"name":"Home Screen"})
23:23:46.224 detox[66809] E onRunDescribeFinish
23:23:46.224 detox[66809] E Home Screen
23:23:46.225 detox[66809] B Demo Screens
23:23:46.225 detox[66809] B onRunDescribeStart
  args: ({"name":"Demo Screens"})
23:23:46.225 detox[66809] E onRunDescribeStart
23:23:46.225 detox[66809] B beforeAll
23:23:46.226 detox[66808] i get
  data: {"type":"invoke","params":{"type":"action","action":"tap","predicate":{"type":"id","value":"tab-demos","isRegex":false}},"messageId":18}
23:23:46.226 detox[66809] i send message
  data: {"type":"invoke","params":{"type":"action","action":"tap","predicate":{"type":"id","value":"tab-demos","isRegex":false}},"messageId":18}
23:23:46.226 detox[66809] B tap
  data: {
    "type": "action",
    "action": "tap",
    "predicate": {
      "type": "id",
      "value": "tab-demos",
      "isRegex": false
    }
  }
23:23:46.227 detox[66808] i send
  data: {
    "type": "invoke",
    "params": {
      "type": "action",
      "action": "tap",
      "predicate": {
        "type": "id",
        "value": "tab-demos",
        "isRegex": false
      }
    },
    "messageId": 18
  }
23:23:46.227 detox[66809] i saving SimulatorLogRecording to: artifacts/ios.sim.release.2026-04-10 16-23-27Z/✓ React Navigation Example Home Screen taps user and attribute buttons/device.log
23:23:46.228 detox[66809] i moving "/private/var/folders/nd/_cs61jn95mx_wzcmldgt15p00000gn/T/detox-66809-rofmZG.detox.log" to artifacts/ios.sim.release.2026-04-10 16-23-27Z/✓ React Navigation Example Home Screen taps user and attribute buttons/device.log
23:23:46.809 detox[66808] i get
  data: {"type":"invokeResult","params":{},"messageId":18}
23:23:46.809 detox[66808] i send
  data: {
    "type": "invokeResult",
    "params": {},
    "messageId": 18
  }
23:23:46.809 detox[66809] i get message
  data: {"type":"invokeResult","params":{},"messageId":18}
   
23:23:46.809 detox[66809] E tap
23:23:46.809 detox[66809] E beforeAll
23:23:46.809 detox[66809] B navigates to Network demo and interacts
23:23:46.809 detox[66809] i React Navigation Example > Demo Screens: navigates to Network demo and interacts
23:23:46.810 detox[66809] B onTestStart
  args: ({"title":"navigates to Network demo and interacts","fullName":"React Navigation Example Demo Screens navigates to Network demo and interacts","status":"running","invocations":1})
23:23:46.810 detox[66809] i starting SimulatorLogRecording
23:23:46.811 detox[66809] i /usr/bin/xcrun simctl get_app_container B7E9BAD6-0C0D-41EE-BE0C-D49BF485382E com.edot.reactnavexample
23:23:46.980 detox[66809] i /Users/nonth/Library/Developer/CoreSimulator/Devices/B7E9BAD6-0C0D-41EE-BE0C-D49BF485382E/data/Containers/Bundle/Application/4FB2BDAB-C128-44E5-9089-1B03AD22F4EA/EdotReactNavExample.app

23:23:46.981 detox[66809] i /usr/bin/xcrun simctl spawn B7E9BAD6-0C0D-41EE-BE0C-D49BF485382E log stream --level debug --style compact --predicate "processImagePath beginsWith \"/Users/nonth/Library/Developer/CoreSimulator/Devices/B7E9BAD6-0C0D-41EE-BE0C-D49BF485382E/data/Containers/Bundle/Application/4FB2BDAB-C128-44E5-9089-1B03AD22F4EA/EdotReactNavExample.app\""
23:23:47.032 detox[66809] i starting SimulatorScreenshot
23:23:47.032 detox[66809] i /usr/bin/xcrun simctl io B7E9BAD6-0C0D-41EE-BE0C-D49BF485382E screenshot "/private/var/folders/nd/_cs61jn95mx_wzcmldgt15p00000gn/T/detox-66809-j3sVnR.detox.png"
23:23:47.033 detox[66809] i starting SimulatorVideoRecording
23:23:47.034 detox[66809] i /usr/bin/xcrun simctl io B7E9BAD6-0C0D-41EE-BE0C-D49BF485382E recordVideo /private/var/folders/nd/_cs61jn95mx_wzcmldgt15p00000gn/T/detox-66809-i6CGIJ.detox.mp4
23:23:47.212 detox[66809] i Note: No display specified. Defaulting to display: 1CF89121-203F-41F0-8702-803F5499D5AE (screenID: 1, name: LCD)

23:23:47.225 detox[66809] i Recording started

23:23:47.263 detox[66809] i Detected file type from extension: PNG
Note: No display specified. Defaulting to display: 1CF89121-203F-41F0-8702-803F5499D5AE (screenID: 1, name: LCD)
Wrote screenshot to: /private/var/folders/nd/_cs61jn95mx_wzcmldgt15p00000gn/T/detox-66809-j3sVnR.detox.png

23:23:47.263 detox[66809] i stopping SimulatorScreenshot
23:23:47.263 detox[66809] E onTestStart
23:23:47.263 detox[66809] B beforeEach
23:23:47.263 detox[66809] E beforeEach
23:23:47.263 detox[66809] B test_fn
23:23:47.263 detox[66809] i send message
  data: {"type":"invoke","params":{"type":"action","action":"tap","predicate":{"type":"id","value":"demos-btn-network","isRegex":false}},"messageId":19}
23:23:47.263 detox[66809] B tap
  data: {
    "type": "action",
    "action": "tap",
    "predicate": {
      "type": "id",
      "value": "demos-btn-network",
      "isRegex": false
    }
  }
23:23:47.264 detox[66808] i get
  data: {"type":"invoke","params":{"type":"action","action":"tap","predicate":{"type":"id","value":"demos-btn-network","isRegex":false}},"messageId":19}
23:23:47.264 detox[66808] i send
  data: {
    "type": "invoke",
    "params": {
      "type": "action",
      "action": "tap",
      "predicate": {
        "type": "id",
        "value": "demos-btn-network",
        "isRegex": false
      }
    },
    "messageId": 19
  }
23:23:47.997 detox[66808] i get
  data: {"type":"invokeResult","params":{},"messageId":19}
23:23:47.997 detox[66808] i send
  data: {
    "type": "invokeResult",
    "params": {},
    "messageId": 19
  }
23:23:47.997 detox[66809] i get message
  data: {"type":"invokeResult","params":{},"messageId":19}
   
23:23:47.997 detox[66809] E tap
23:23:47.997 detox[66809] i send message
  data: {"type":"invoke","params":{"type":"expectation","predicate":{"type":"id","value":"network-btn-fetch","isRegex":false},"expectation":"toBeVisible"},"messageId":20}
23:23:47.998 detox[66808] i get
  data: {"type":"invoke","params":{"type":"expectation","predicate":{"type":"id","value":"network-btn-fetch","isRegex":false},"expectation":"toBeVisible"},"messageId":20}
23:23:47.998 detox[66808] i send
  data: {
    "type": "invoke",
    "params": {
      "type": "expectation",
      "predicate": {
        "type": "id",
        "value": "network-btn-fetch",
        "isRegex": false
      },
      "expectation": "toBeVisible"
    },
    "messageId": 20
  }
23:23:47.998 detox[66809] B expect element to be visible
  data: {
    "type": "expectation",
    "predicate": {
      "type": "id",
      "value": "network-btn-fetch",
      "isRegex": false
    },
    "expectation": "toBeVisible"
  }
23:23:48.722 detox[66808] i get
  data: {"type":"testFailed","params":{"visibilityFailingRectsURL":"\/Users\/nonth\/Library\/Developer\/CoreSimulator\/Devices\/B7E9BAD6-0C0D-41EE-BE0C-D49BF485382E\/data\/Containers\/Data\/Application\/CC206481-6D7A-47E1-B8C0-C1FA132ACE12\/tmp\/visibilityFailingRects","visibilityFailingScreenshotsURL":"\/Users\/nonth\/Library\/Developer\/CoreSimulator\/Devices\/B7E9BAD6-0C0D-41EE-BE0C-D49BF485382E\/data\/Containers\/Data\/Application\/CC206481-6D7A-47E1-B8C0-C1FA132ACE12\/tmp\/visibilityFailingScreenshots","NSLocalizedDescription":"Failed expectation: TOBEVISIBLE WITH MATCHER(id == “network-btn-fetch”), View “<RCTView: 0x11b6f5f80>” is not visible: View does not pass visibility percent threshold (75)","viewHierarchy":"<?xml version=\"1.0\" encoding=\"utf-8\"?>\n<ViewHierarchy>\n    <UIWindow alpha=\"1.0\" class=\"UIWindow\" focused=\"false\" height=\"874\" ptr=\"0x10899c800\" visibility=\"visible\" width=\"402\">\n        <UITransitionView alpha=\"1.0\" class=\"UITransitionView\" focused=\"false\" height=\"874\" ptr=\"0x10be08000\" visibility=\"visible\" width=\"402\" x=\"0\" y=\"0\">\n            <UIDropShadowView alpha=\"1.0\" class=\"UIDropShadowView\" focused=\"false\" height=\"874\" ptr=\"0x10bd05b80\" visibility=\"visible\" width=\"402\" x=\"0\" y=\"0\">\n                <RCTRootView alpha=\"1.0\" class=\"RCTRootView\" focused=\"false\" height=\"874\" ptr=\"0x10bd05400\" visibility=\"visible\" width=\"402\" x=\"0\" y=\"0\">\n                    <RCTRootContentView alpha=\"1.0\" class=\"RCTRootContentView\" focused=\"false\" height=\"874\" label=\"Network Demos All requests are auto-instrumented by the SDK Fetch Data Fetch Error Fetch Multiple (3) XHR Request Log: Vertical scroll bar, 1 page Horizontal scroll bar, 1 page Network Home, tab, 1 of 3 Demos, tab, 2 of 3 Settings, tab, 3 of 3\" ptr=\"0x10899c400\" visibility=\"visible\" width=\"402\" x=\"0\" y=\"0\">\n                        <RCTView alpha=\"1.0\" class=\"RCTView\" focused=\"false\" height=\"874\" label=\"Network Demos All requests are auto-instrumented by the SDK Fetch Data Fetch Error Fetch Multiple (3) XHR Request Log: Vertical scroll bar, 1 page Horizontal scroll bar, 1 page Network Home, tab, 1 of 3 Demos, tab, 2 of 3 Settings, tab, 3 of 3\" ptr=\"0x10d1a7480\" visibility=\"visible\" width=\"402\" x=\"0\" y=\"0\">\n                            <RCTView alpha=\"1.0\" class=\"RCTView\" focused=\"false\" height=\"874\" label=\"Network Demos All requests are auto-instrumented by the SDK Fetch Data Fetch Error Fetch Multiple (3) XHR Request Log: Vertical scroll bar, 1 page Horizontal scroll bar, 1 page Network Home, tab, 1 of 3 Demos, tab, 2 of 3 Settings, tab, 3 of 3\" ptr=\"0x10d1a7100\" visibility=\"visible\" width=\"402\" x=\"0\" y=\"0\">\n                                <RNCSafeAreaProvider alpha=\"1.0\" class=\"RNCSafeAreaProvider\" focused=\"false\" height=\"874\" label=\"Network Demos All requests are auto-instrumented by the SDK Fetch Data Fetch Error Fetch Multiple (3) XHR Request Log: Vertical scroll bar, 1 page Horizontal scroll bar, 1 page Network Home, tab, 1 of 3 Demos, tab, 2 of 3 Settings, tab, 3 of 3\" ptr=\"0x10899d800\" visibility=\"visible\" width=\"402\" x=\"0\" y=\"0\">\n                                    <RNSScreenNavigationContainerView alpha=\"1.0\" class=\"RNSScreenNavigationContainerView\" focused=\"false\" height=\"795\" ptr=\"0x108bce140\" visibility=\"visible\" width=\"402\" x=\"0\" y=\"0\">\n                                        <UILayoutContainerView alpha=\"1.0\" class=\"UILayoutContainerView\" focused=\"false\" height=\"795\" ptr=\"0x108a17800\" visibility=\"visible\" width=\"402\" x=\"0\" y=\"0\">\n                                            <UINavigationTransitionView alpha=\"1.0\" class=\"UINavigationTransitionView\" focused=\"false\" height=\"795\" ptr=\"0x108a14a80\" visibility=\"visible\" width=\"402\" x=\"0\" y=\"0\">\n                                                <UIViewControllerWrapperView alpha=\"1.0\" class=\"UIViewControllerWrapperView\" focused=\"false\" height=\"795\" ptr=\"0x10bca6f40\" visibility=\"visible\" width=\"402\" x=\"0\" y=\"0\">\n                                                    <RNSScreenView alpha=\"1.0\" class=\"RNSScreenView\" focused=\"false\" height=\"795\" label=\"Network Demos All requests are auto-instrumented by the SDK Fetch Data Fetch Error Fetch Multiple (3) XHR Request Log: Vertical scroll bar, 1 page Horizontal scroll bar, 1 page Network\" ptr=\"0x1088fed00\" visibility=\"visible\" width=\"402\" x=\"0\" y=\"0\">\n                                                        <RCTView alpha=\"1.0\" class=\"RCTView\" focused=\"false\" height=\"795\" label=\"Network Demos All requests are auto-instrumented by the SDK Fetch Data Fetch Error Fetch Multiple (3) XHR Request Log: Vertical scroll bar, 1 page Horizontal scroll bar, 1 page Network\" ptr=\"0x10d29e300\" visibility=\"visible\" width=\"402\" x=\"0\" y=\"0\">\n                                                            <RCTView alpha=\"1.0\" class=\"RCTView\" focused=\"false\" height=\"795\" label=\"Network Demos All requests are auto-instrumented by the SDK Fetch Data Fetch Error Fetch Multiple (3) XHR Request Log: Vertical scroll bar, 1 page Horizontal scroll bar, 1 page Network\" ptr=\"0x10d29df80\" visibility=\"visible\" width=\"402\" x=\"0\" y=\"0\">\n                                                                <RCTView alpha=\"1.0\" class=\"RCTView\" focused=\"false\" height=\"795\" label=\"Network Demos All requests are auto-instrumented by the SDK Fetch Data Fetch Error Fetch Multiple (3) XHR Request Log: Vertical scroll bar, 1 page Horizontal scroll bar, 1 page Network\" ptr=\"0x10d29dc00\" visibility=\"visible\" width=\"402\" x=\"0\" y=\"0\">\n                                                                    <RNSScreenStackView alpha=\"1.0\" class=\"RNSScreenStackView\" focused=\"false\" height=\"795\" ptr=\"0x10d36a800\" visibility=\"visible\" width=\"402\" x=\"0\" y=\"0\">\n                                                                        <UILayoutContainerView alpha=\"1.0\" class=\"UILayoutContainerView\" focused=\"false\" height=\"795\" ptr=\"0x10bc91dc0\" visibility=\"visible\" width=\"402\" x=\"0\" y=\"0\">\n                                                                            <UINavigationTransitionView alpha=\"1.0\" class=\"UINavigationTransitionView\" focused=\"false\" height=\"795\" ptr=\"0x10bc92a00\" visibility=\"visible\" width=\"402\" x=\"0\" y=\"0\">\n                                                                                <UIViewControllerWrapperView alpha=\"1.0\" class=\"UIViewControllerWrapperView\" focused=\"false\" height=\"795\" ptr=\"0x10bc93b80\" visibility=\"visible\" width=\"402\" x=\"0\" y=\"0\">\n                                                                                    <RNSScreenView alpha=\"1.0\" class=\"RNSScreenView\" focused=\"false\" height=\"679\" label=\"Network Demos All requests are auto-instrumented by the SDK Fetch Data Fetch Error Fetch Multiple (3) XHR Request Log: Vertical scroll bar, 1 page Horizontal scroll bar, 1 page\" ptr=\"0x11b6fd900\" visibility=\"visible\" width=\"402\" x=\"0\" y=\"116\">\n                                                                                        <RCTView alpha=\"1.0\" class=\"RCTView\" focused=\"false\" height=\"679\" label=\"Network Demos All requests are auto-instrumented by the SDK Fetch Data Fetch Error Fetch Multiple (3) XHR Request Log: Vertical scroll bar, 1 page Horizontal scroll bar, 1 page\" ptr=\"0x11b6f7b80\" visibility=\"visible\" width=\"402\" x=\"0\" y=\"0\">\n                                                                                            <RCTView alpha=\"1.0\" class=\"RCTView\" focused=\"false\" height=\"679\" label=\"Network Demos All requests are auto-instrumented by the SDK Fetch Data Fetch Error Fetch Multiple (3) XHR Request Log: Vertical scroll bar, 1 page Horizontal scroll bar, 1 page\" ptr=\"0x11b6f7800\" visibility=\"visible\" width=\"402\" x=\"0\" y=\"0\">\n                                                                                                <RCTSafeAreaView alpha=\"1.0\" class=\"RCTSafeAreaView\" focused=\"false\" height=\"679\" label=\"Network Demos All requests are auto-instrumented by the SDK Fetch Data Fetch Error Fetch Multiple (3) XHR Request Log: Vertical scroll bar, 1 page Horizontal scroll bar, 1 page\" ptr=\"0x10899ec00\" visibility=\"visible\" width=\"402\" x=\"0\" y=\"0\">\n                                                                                                    <RCTScrollView alpha=\"1.0\" class=\"RCTScrollView\" focused=\"false\" height=\"679\" label=\"Network Demos All requests are auto-instrumented by the SDK Fetch Data Fetch Error Fetch Multiple (3) XHR Request Log: Vertical scroll bar, 1 page Horizontal scroll bar, 1 page\" ptr=\"0x11b6fd400\" visibility=\"visible\" width=\"402\" x=\"0\" y=\"0\">\n                                                                                                        <RCTCustomScrollView alpha=\"1.0\" class=\"RCTCustomScrollView\" focused=\"false\" height=\"679\" ptr=\"0x108b8ca00\" visibility=\"visible\" width=\"402\" x=\"0\" y=\"0\">\n                                                                                                            <RCTScrollContentView alpha=\"1.0\" class=\"RCTScrollContentView\" focused=\"false\" height=\"210\" label=\"Network Demos All requests are auto-instrumented by the SDK Fetch Data Fetch Error Fetch Multiple (3) XHR Request Log:\" ptr=\"0x11b6f7480\" visibility=\"visible\" width=\"370\" x=\"16\" y=\"16\">\n                                                                                                                <RCTTextView alpha=\"1.0\" class=\"RCTTextView\" focused=\"false\" height=\"26\" label=\"Network Demos\" ptr=\"0x11b758a00\" text=\"Network Demos\" visibility=\"visible\" width=\"370\" x=\"0\" y=\"0\" \/>\n                                                                                                                <RCTTextView alpha=\"1.0\" class=\"RCTTextView\" focused=\"false\" height=\"16\" label=\"All requests are auto-instrumented by the SDK\" ptr=\"0x11b758c00\" text=\"All requests are auto-instrumented by the SDK\" visibility=\"visible\" width=\"370\" x=\"0\" y=\"30\" \/>\n                                                                                                                <RCTView alpha=\"1.0\" class=\"RCTView\" focused=\"false\" height=\"71\" label=\"Fetch Data Fetch Error Fetch Multiple (3) XHR Request\" ptr=\"0x11b6f6d80\" visibility=\"visible\" width=\"370\" x=\"0\" y=\"62\">\n                                                                                                                    <RCTView alpha=\"1.0\" class=\"RCTView\" focused=\"false\" height=\"31\" id=\"network-btn-fetch\" label=\"Fetch Data\" ptr=\"0x11b6f5f80\" visibility=\"visible\" width=\"92\" x=\"0\" y=\"0\">\n                                                                                                                        <RCTTextView alpha=\"1.0\" class=\"RCTTextView\" focused=\"false\" height=\"16\" label=\"Fetch Data\" ptr=\"0x11b758e00\" text=\"Fetch Data\" visibility=\"visible\" width=\"68\" x=\"12\" y=\"8\" \/>\n                                                                                                                    <\/RCTView>\n                                                                                                                    <RCTView alpha=\"1.0\" class=\"RCTView\" focused=\"false\" height=\"31\" id=\"network-btn-fetch-error\" label=\"Fetch Error\" ptr=\"0x11b6f6300\" visibility=\"visible\" width=\"94\" x=\"100\" y=\"0\">\n                                                                                                                        <RCTTextView alpha=\"1.0\" class=\"RCTTextView\" focused=\"false\" height=\"16\" label=\"Fetch Error\" ptr=\"0x11b759000\" text=\"Fetch Error\" visibility=\"visible\" width=\"71\" x=\"12\" y=\"8\" \/>\n                                                                                                                    <\/RCTView>\n                                                                                                                    <RCTView alpha=\"1.0\" class=\"RCTView\" focused=\"false\" height=\"31\" id=\"network-btn-fetch-multiple\" label=\"Fetch Multiple (3)\" ptr=\"0x11b6f6680\" visibility=\"visible\" width=\"136\" x=\"203\" y=\"0\">\n                                                                                                                        <RCTTextView alpha=\"1.0\" class=\"RCTTextView\" focused=\"false\" height=\"16\" label=\"Fetch Multiple (3)\" ptr=\"0x11b759200\" text=\"Fetch Multiple (3)\" visibility=\"visible\" width=\"112\" x=\"12\" y=\"8\" \/>\n                                                                                                                    <\/RCTView>\n                                                                                                                    <RCTView alpha=\"1.0\" class=\"RCTView\" focused=\"false\" height=\"31\" id=\"network-btn-xhr\" label=\"XHR Request\" ptr=\"0x11b6f6a00\" visibility=\"visible\" width=\"107\" x=\"0\" y=\"39\">\n                                                                                                                        <RCTTextView alpha=\"1.0\" class=\"RCTTextView\" focused=\"false\" height=\"16\" label=\"XHR Request\" ptr=\"0x11b759400\" text=\"XHR Request\" visibility=\"visible\" width=\"83\" x=\"12\" y=\"8\" \/>\n                                                                                                                    <\/RCTView>\n                                                                                                                <\/RCTView>\n                                                                                                                <RCTView alpha=\"1.0\" class=\"RCTView\" focused=\"false\" height=\"45\" id=\"network-result\" label=\"Log:\" ptr=\"0x11b6f7100\" visibility=\"visible\" width=\"370\" x=\"0\" y=\"149\">\n                                                                                                                    <RCTTextView alpha=\"1.0\" class=\"RCTTextView\" focused=\"false\" height=\"17\" label=\"Log:\" ptr=\"0x11b759600\" text=\"Log:\" visibility=\"visible\" width=\"346\" x=\"12\" y=\"12\" \/>\n                                                                                                                <\/RCTView>\n                                                                                                            <\/RCTScrollContentView>\n                                                                                                            <_UIScrollViewScrollIndicator alpha=\"0.0\" class=\"_UIScrollViewScrollIndicator\" focused=\"false\" height=\"204\" label=\"Vertical scroll bar, 1 page\" ptr=\"0x11b759e00\" value=\"0%\" visibility=\"visible\" width=\"3\" x=\"396\" y=\"587\">\n                                                                                                                <UIView alpha=\"1.0\" class=\"UIView\" focused=\"false\" height=\"204\" ptr=\"0x10bcb3640\" visibility=\"visible\" width=\"3\" x=\"0\" y=\"0\" \/>\n                                                                                                            <\/_UIScrollViewScrollIndicator>\n                                                                                                            <_UIScrollViewScrollIndicator alpha=\"0.0\" class=\"_UIScrollViewScrollIndicator\" focused=\"false\" height=\"3\" label=\"Horizontal scroll bar, 1 page\" ptr=\"0x11b759c00\" value=\"0%\" visibility=\"visible\" width=\"364\" x=\"35\" y=\"673\">\n                                                                                                                <UIView alpha=\"1.0\" class=\"UIView\" focused=\"false\" height=\"3\" ptr=\"0x10bcb32c0\" visibility=\"visible\" width=\"364\" x=\"0\" y=\"0\" \/>\n                                                                                                            <\/_UIScrollViewScrollIndicator>\n                                                                                                        <\/RCTCustomScrollView>\n                                                                                                    <\/RCTScrollView>\n                                                                                                <\/RCTSafeAreaView>\n                                                                                            <\/RCTView>\n                                                                                        <\/RCTView>\n                                                                                    <\/RNSScreenView>\n                                                                                <\/UIViewControllerWrapperView>\n                                                                            <\/UINavigationTransitionView>\n                                                                            <UINavigationBar alpha=\"1.0\" class=\"UINavigationBar\" focused=\"false\" height=\"54\" id=\"Network\" ptr=\"0x10bdcaa00\" visibility=\"visible\" width=\"402\" x=\"0\" y=\"62\">\n                                                                                <_UIBarBackground alpha=\"1.0\" class=\"_UIBarBackground\" focused=\"false\" height=\"116\" ptr=\"0x11b63e800\" visibility=\"visible\" width=\"402\" x=\"0\" y=\"-62\">\n                                                                                    <UIImageView alpha=\"1.0\" class=\"UIImageView\" focused=\"false\" height=\"116\" ptr=\"0x10d36bc00\" visibility=\"visible\" width=\"402\" x=\"0\" y=\"0\" \/>\n                                                                                    <_UIBarBackgroundShadowView alpha=\"1.0\" class=\"_UIBarBackgroundShadowView\" focused=\"false\" height=\"0\" ptr=\"0x11b63f200\" visibility=\"visible\" width=\"402\" x=\"0\" y=\"116\">\n                                                                                        <_UIBarBackgroundShadowContentImageView alpha=\"1.0\" class=\"_UIBarBackgroundShadowContentImageView\" focused=\"false\" height=\"0\" ptr=\"0x11b63f480\" visibility=\"visible\" width=\"402\" x=\"0\" y=\"0\" \/>\n                                                                                    <\/_UIBarBackgroundShadowView>\n                                                                                <\/_UIBarBackground>\n                                                                                <UIKit.NavigationBarContentView alpha=\"1.0\" class=\"UIKit.NavigationBarContentView\" focused=\"false\" height=\"54\" ptr=\"0x108975800\" visibility=\"visible\" width=\"402\" x=\"0\" y=\"0\">\n                                                                                    <UIKit.NavigationBarTransitionContainer alpha=\"1.0\" class=\"UIKit.NavigationBarTransitionContainer\" focused=\"false\" height=\"54\" ptr=\"0x10d36ac00\" visibility=\"visible\" width=\"402\" x=\"0\" y=\"0\">\n                                                                                        <_UINavigationBarHostedViewContainer alpha=\"1.0\" class=\"_UINavigationBarHostedViewContainer\" focused=\"false\" height=\"54\" ptr=\"0x10bc92140\" visibility=\"visible\" width=\"402\" x=\"0\" y=\"0\">\n                                                                                            <_UINavigationBarHostedViewWrapper alpha=\"1.0\" class=\"_UINavigationBarHostedViewWrapper\" focused=\"false\" height=\"20\" ptr=\"0x11b75b200\" visibility=\"visible\" width=\"68\" x=\"167\" y=\"11\">\n                                                                                                <_UINavigationBarTitleControl alpha=\"1.0\" class=\"_UINavigationBarTitleControl\" focused=\"false\" height=\"20\" ptr=\"0x11b701200\" visibility=\"visible\" width=\"68\" x=\"0\" y=\"0\">\n                                                                                                    <_UIIntrinsicContentSizeInvalidationForwardingWrapperView alpha=\"1.0\" class=\"_UIIntrinsicContentSizeInvalidationForwardingWrapperView\" focused=\"false\" height=\"20\" ptr=\"0x10bcb8a80\" visibility=\"visible\" width=\"68\" x=\"0\" y=\"0\">\n                                                                                                        <UILabel alpha=\"1.0\" class=\"UILabel\" focused=\"false\" height=\"20\" label=\"Network\" ptr=\"0x11b7dc380\" text=\"Network\" visibility=\"visible\" width=\"67\" x=\"0\" y=\"0\" \/>\n                                                                                                    <\/_UIIntrinsicContentSizeInvalidationForwardingWrapperView>\n                                                                                                <\/_UINavigationBarTitleControl>\n                                                                                            <\/_UINavigationBarHostedViewWrapper>\n                                                                                        <\/_UINavigationBarHostedViewContainer>\n                                                                                        <UIView alpha=\"1.0\" class=\"UIView\" focused=\"false\" height=\"54\" ptr=\"0x10bc91f80\" visibility=\"visible\" width=\"402\" x=\"0\" y=\"0\" \/>\n                                                                                        <UIKit.NavigationBarPlatterContainer alpha=\"1.0\" class=\"UIKit.NavigationBarPlatterContainer\" focused=\"false\" height=\"54\" ptr=\"0x10bc92300\" visibility=\"visible\" width=\"402\" x=\"0\" y=\"0\">\n                                                                                            <_UINavigationBarPlatterView alpha=\"1.0\" class=\"_UINavigationBarPlatterView\" focused=\"false\" height=\"44\" ptr=\"0x11b701800\" visibility=\"visible\" width=\"44\" x=\"16\" y=\"0\">\n                                                                                                <_UINavigationBarPlatterAnimationView alpha=\"1.0\" class=\"_UINavigationBarPlatterAnimationView\" focused=\"false\" height=\"44\" ptr=\"0x10bcb9dc0\" visibility=\"visible\" width=\"44\" x=\"0\" y=\"0\">\n                                                                                                    <_UINavigationBarPlatterAnimationView alpha=\"1.0\" class=\"_UINavigationBarPlatterAnimationView\" focused=\"false\" height=\"44\" ptr=\"0x10bcba140\" visibility=\"visible\" width=\"44\" x=\"0\" y=\"0\">\n                                                                                                        <_UINavigationBarPlatterAnimationView alpha=\"1.0\" class=\"_UINavigationBarPlatterAnimationView\" focused=\"false\" height=\"48\" ptr=\"0x10bcba300\" visibility=\"visible\" width=\"48\" x=\"-2\" y=\"-2\">\n                                                                                                            <_UINavigationBarPlatterAnimationView alpha=\"1.0\" class=\"_UINavigationBarPlatterAnimationView\" focused=\"false\" height=\"40\" ptr=\"0x10bcba4c0\" visibility=\"visible\" width=\"40\" x=\"1\" y=\"1\">\n                                                                                                                <_UINavigationBarPlatterContentView alpha=\"1.0\" class=\"_UINavigationBarPlatterContentView\" focused=\"false\" height=\"44\" ptr=\"0x10bcba680\" visibility=\"visible\" width=\"44\" x=\"0\" y=\"0\">\n                                                                                                                    <_UINavigationBarPlatterGlassView alpha=\"1.0\" class=\"_UINavigationBarPlatterGlassView\" focused=\"false\" height=\"44\" ptr=\"0x10bcba840\" visibility=\"visible\" width=\"44\" x=\"0\" y=\"0\">\n                                                                                                                        <_UINavigationBarPlatterSubviewContainerView alpha=\"1.0\" class=\"_UINavigationBarPlatterSubviewContainerView\" focused=\"false\" height=\"44\" ptr=\"0x10bcbaa00\" visibility=\"visible\" width=\"44\" x=\"0\" y=\"0\">\n                                                                                                                            <_UINavigationBarPlatterItemView alpha=\"1.0\" class=\"_UINavigationBarPlatterItemView\" focused=\"false\" height=\"44\" ptr=\"0x11b7d2f80\" visibility=\"visible\" width=\"44\" x=\"0\" y=\"0\">\n                                                                                                                                <_UIButtonBarButton alpha=\"1.0\" class=\"_UIButtonBarButton\" focused=\"false\" height=\"44\" id=\"BackButton\" ptr=\"0x11b7d2800\" visibility=\"visible\" width=\"44\" x=\"0\" y=\"0\">\n                                                                                                                                    <_TtCC5UIKit29ButtonBarButtonVisualProviderP33_A98CD29F4F6ECA17AFECE41BBB264E5918BackButtonMaskView alpha=\"1.0\" class=\"_TtCC5UIKit29ButtonBarButtonVisualProviderP33_A98CD29F4F6ECA17AFECE41BBB264E5918BackButtonMaskView\" focused=\"false\" height=\"44\" ptr=\"0x10bcb8540\" visibility=\"invisible\" width=\"44\" x=\"0\" y=\"0\">\n                                                                                                                                        <UIImageView alpha=\"1.0\" class=\"UIImageView\" focused=\"false\" height=\"28\" id=\"UINavigationBarTitleTransitionBackIndicatorMaskSymbol\" ptr=\"0x11b75a800\" visibility=\"visible\" width=\"19\" x=\"0\" y=\"8\" \/>\n                                                                                                                                        <UIView alpha=\"1.0\" class=\"UIView\" focused=\"false\" height=\"44\" ptr=\"0x10bcb8700\" visibility=\"visible\" width=\"0\" x=\"44\" y=\"0\" \/>\n                                                                                                                                    <\/_TtCC5UIKit29ButtonBarButtonVisualProviderP33_A98CD29F4F6ECA17AFECE41BBB264E5918BackButtonMaskView>\n                                                                                                                                    <_TtCC5UIKit29ButtonBarButtonVisualProviderP33_A98CD29F4F6ECA17AFECE41BBB264E596Button alpha=\"1.0\" class=\"_TtCC5UIKit29ButtonBarButtonVisualProviderP33_A98CD29F4F6ECA17AFECE41BBB264E596Button\" focused=\"false\" height=\"23\" label=\"Back\" ptr=\"0x11b7dc000\" visibility=\"visible\" width=\"44\" x=\"0\" y=\"10\">\n                                                                                                                                        <UIImageView alpha=\"1.0\" class=\"UIImageView\" focused=\"false\" height=\"23\" id=\"chevron.backward\" label=\"Back\" ptr=\"0x11b75aa00\" visibility=\"visible\" width=\"16\" x=\"13\" y=\"0\" \/>\n                                                                                                                                    <\/_TtCC5UIKit29ButtonBarButtonVisualProviderP33_A98CD29F4F6ECA17AFECE41BBB264E596Button>\n                                                                                                                                <\/_UIButtonBarButton>\n                                                                                                                            <\/_UINavigationBarPlatterItemView>\n                                                                                                                        <\/_UINavigationBarPlatterSubviewContainerView>\n                                                                                                                    <\/_UINavigationBarPlatterGlassView>\n                                                                                                                <\/_UINavigationBarPlatterContentView>\n                                                                                                            <\/_UINavigationBarPlatterAnimationView>\n                                                                                                        <\/_UINavigationBarPlatterAnimationView>\n                                                                                                    <\/_UINavigationBarPlatterAnimationView>\n                                                                                                <\/_UINavigationBarPlatterAnimationView>\n                                                                                            <\/_UINavigationBarPlatterView>\n                                                                                        <\/UIKit.NavigationBarPlatterContainer>\n                                                                                    <\/UIKit.NavigationBarTransitionContainer>\n                                                                                <\/UIKit.NavigationBarContentView>\n                                                                                <_UIPointerInteractionAssistantEffectContainerView alpha=\"1.0\" class=\"_UIPointerInteractionAssistantEffectContainerView\" focused=\"false\" height=\"0\" ptr=\"0x10bc93480\" visibility=\"visible\" width=\"0\" x=\"0\" y=\"0\" \/>\n                                                                            <\/UINavigationBar>\n                                                                            <_UIFloatingBarContainerView alpha=\"1.0\" class=\"_UIFloatingBarContainerView\" focused=\"false\" height=\"795\" ptr=\"0x10d36b000\" visibility=\"visible\" width=\"402\" x=\"0\" y=\"0\">\n                                                                                <_TtGC5UIKitP10$186ea25a022FloatingBarHostingViewVS_20FloatingBarContainer_ alpha=\"1.0\" class=\"_TtGC5UIKitP10$186ea25a022FloatingBarHostingViewVS_20FloatingBarContainer_\" focused=\"false\" height=\"795\" ptr=\"0x10d36b800\" visibility=\"visible\" width=\"402\" x=\"0\" y=\"0\" \/>\n                                                                                <_UIPointerInteractionAssistantEffectContainerView alpha=\"1.0\" class=\"_UIPointerInteractionAssistantEffectContainerView\" focused=\"false\" height=\"0\" ptr=\"0x10bc92f40\" visibility=\"visible\" width=\"0\" x=\"0\" y=\"0\" \/>\n                                                                            <\/_UIFloatingBarContainerView>\n                                                                        <\/UILayoutContainerView>\n                                                                    <\/RNSScreenStackView>\n                                                                <\/RCTView>\n                                                            <\/RCTView>\n                                                        <\/RCTView>\n                                                    <\/RNSScreenView>\n                                                <\/UIViewControllerWrapperView>\n                                            <\/UINavigationTransitionView>\n                                            <UINavigationBar alpha=\"1.0\" class=\"UINavigationBar\" focused=\"false\" height=\"54\" id=\"RNSScreen\" ptr=\"0x10bdc8600\" visibility=\"invisible\" width=\"402\" x=\"0\" y=\"-116\">\n                                                <_UIBarBackground alpha=\"1.0\" class=\"_UIBarBackground\" focused=\"false\" height=\"116\" ptr=\"0x10d055900\" visibility=\"visible\" width=\"402\" x=\"0\" y=\"-62\" \/>\n                                                <_UIPointerInteractionAssistantEffectContainerView alpha=\"1.0\" class=\"_UIPointerInteractionAssistantEffectContainerView\" focused=\"false\" height=\"0\" ptr=\"0x108bed6c0\" visibility=\"visible\" width=\"0\" x=\"0\" y=\"0\" \/>\n                                            <\/UINavigationBar>\n                                            <_UIFloatingBarContainerView alpha=\"1.0\" class=\"_UIFloatingBarContainerView\" focused=\"false\" height=\"795\" ptr=\"0x10be0a200\" visibility=\"visible\" width=\"402\" x=\"0\" y=\"0\">\n                                                <_TtGC5UIKitP10$186ea25a022FloatingBarHostingViewVS_20FloatingBarContainer_ alpha=\"1.0\" class=\"_TtGC5UIKitP10$186ea25a022FloatingBarHostingViewVS_20FloatingBarContainer_\" focused=\"false\" height=\"795\" ptr=\"0x10be0aa00\" visibility=\"visible\" width=\"402\" x=\"0\" y=\"0\" \/>\n                                                <_UIPointerInteractionAssistantEffectContainerView alpha=\"1.0\" class=\"_UIPointerInteractionAssistantEffectContainerView\" focused=\"false\" height=\"0\" ptr=\"0x108bdc380\" visibility=\"visible\" width=\"0\" x=\"0\" y=\"0\" \/>\n                                            <\/_UIFloatingBarContainerView>\n                                        <\/UILayoutContainerView>\n                                    <\/RNSScreenNavigationContainerView>\n                                    <RCTView alpha=\"1.0\" class=\"RCTView\" focused=\"false\" height=\"79\" label=\"Home, tab, 1 of 3 Demos, tab, 2 of 3 Settings, tab, 3 of 3\" ptr=\"0x10d1a6d80\" visibility=\"visible\" width=\"402\" x=\"0\" y=\"795\">\n                                        <RCTView alpha=\"1.0\" class=\"RCTView\" focused=\"false\" height=\"78\" ptr=\"0x1089d3b80\" visibility=\"visible\" width=\"402\" x=\"0\" y=\"0\" \/>\n                                        <RCTView alpha=\"1.0\" class=\"RCTView\" focused=\"false\" height=\"48\" label=\"Home, tab, 1 of 3 Demos, tab, 2 of 3 Settings, tab, 3 of 3\" ptr=\"0x10d1a6a00\" visibility=\"visible\" width=\"402\" x=\"0\" y=\"0\">\n                                            <RCTView alpha=\"1.0\" class=\"RCTView\" focused=\"false\" height=\"48\" id=\"tab-home\" label=\"Home, tab, 1 of 3\" ptr=\"0x10d1a4a80\" visibility=\"visible\" width=\"134\" x=\"0\" y=\"0\">\n                                                <RCTView alpha=\"1.0\" class=\"RCTView\" focused=\"false\" height=\"34\" label=\"H H\" ptr=\"0x10d1a4700\" visibility=\"visible\" width=\"0\" x=\"67\" y=\"0\">\n                                                    <RCTView alpha=\"0.0\" class=\"RCTView\" focused=\"false\" height=\"34\" label=\"H\" ptr=\"0x10d1a4000\" visibility=\"visible\" width=\"134\" x=\"-67\" y=\"0\">\n                                                        <RCTTextView alpha=\"1.0\" class=\"RCTTextView\" focused=\"false\" height=\"22\" label=\"H\" ptr=\"0x10be0ac00\" text=\"H\" visibility=\"visible\" width=\"13\" x=\"60\" y=\"6\" \/>\n                                                    <\/RCTView>\n                                                    <RCTView alpha=\"1.0\" class=\"RCTView\" focused=\"false\" height=\"34\" label=\"H\" ptr=\"0x10d1a4380\" visibility=\"visible\" width=\"134\" x=\"-67\" y=\"0\">\n                                                        <RCTTextView alpha=\"1.0\" class=\"RCTTextView\" focused=\"false\" height=\"22\" label=\"H\" ptr=\"0x10be0ae00\" text=\"H\" visibility=\"visible\" width=\"13\" x=\"60\" y=\"6\" \/>\n                                                    <\/RCTView>\n                                                <\/RCTView>\n                                                <RCTTextView alpha=\"1.0\" class=\"RCTTextView\" focused=\"false\" height=\"14\" label=\"Home\" ptr=\"0x10be0b000\" text=\"Home\" visibility=\"visible\" width=\"34\" x=\"50\" y=\"34\" \/>\n                                            <\/RCTView>\n                                            <RCTView alpha=\"1.0\" class=\"RCTView\" focused=\"false\" height=\"48\" id=\"tab-demos\" label=\"Demos, tab, 2 of 3\" ptr=\"0x10d1a5880\" visibility=\"visible\" width=\"134\" x=\"134\" y=\"0\">\n                                                <RCTView alpha=\"1.0\" class=\"RCTView\" focused=\"false\" height=\"34\" label=\"D D\" ptr=\"0x10d1a5500\" visibility=\"visible\" width=\"0\" x=\"67\" y=\"0\">\n                                                    <RCTView alpha=\"1.0\" class=\"RCTView\" focused=\"false\" height=\"34\" label=\"D\" ptr=\"0x10d1a4e00\" visibility=\"visible\" width=\"134\" x=\"-67\" y=\"0\">\n                                                        <RCTTextView alpha=\"1.0\" class=\"RCTTextView\" focused=\"false\" height=\"22\" label=\"D\" ptr=\"0x10be0b200\" text=\"D\" visibility=\"visible\" width=\"13\" x=\"60\" y=\"6\" \/>\n                                                    <\/RCTView>\n                                                    <RCTView alpha=\"0.0\" class=\"RCTView\" focused=\"false\" height=\"34\" label=\"D\" ptr=\"0x10d1a5180\" visibility=\"visible\" width=\"134\" x=\"-67\" y=\"0\">\n                                                        <RCTTextView alpha=\"1.0\" class=\"RCTTextView\" focused=\"false\" height=\"22\" label=\"D\" ptr=\"0x10be0b400\" text=\"D\" visibility=\"visible\" width=\"13\" x=\"60\" y=\"6\" \/>\n                                                    <\/RCTView>\n                                                <\/RCTView>\n                                                <RCTTextView alpha=\"1.0\" class=\"RCTTextView\" focused=\"false\" height=\"14\" label=\"Demos\" ptr=\"0x10be0b600\" text=\"Demos\" visibility=\"visible\" width=\"40\" x=\"47\" y=\"34\" \/>\n                                            <\/RCTView>\n                                            <RCTView alpha=\"1.0\" class=\"RCTView\" focused=\"false\" height=\"48\" id=\"tab-settings\" label=\"Settings, tab, 3 of 3\" ptr=\"0x10d1a6680\" visibility=\"visible\" width=\"134\" x=\"268\" y=\"0\">\n                                                <RCTView alpha=\"1.0\" class=\"RCTView\" focused=\"false\" height=\"34\" label=\"S S\" ptr=\"0x10d1a6300\" visibility=\"visible\" width=\"0\" x=\"67\" y=\"0\">\n                                                    <RCTView alpha=\"0.0\" class=\"RCTView\" focused=\"false\" height=\"34\" label=\"S\" ptr=\"0x10d1a5c00\" visibility=\"visible\" width=\"134\" x=\"-67\" y=\"0\">\n                                                        <RCTTextView alpha=\"1.0\" class=\"RCTTextView\" focused=\"false\" height=\"22\" label=\"S\" ptr=\"0x10be0b800\" text=\"S\" visibility=\"visible\" width=\"11\" x=\"61\" y=\"6\" \/>\n                                                    <\/RCTView>\n                                                    <RCTView alpha=\"1.0\" class=\"RCTView\" focused=\"false\" height=\"34\" label=\"S\" ptr=\"0x10d1a5f80\" visibility=\"visible\" width=\"134\" x=\"-67\" y=\"0\">\n                                                        <RCTTextView alpha=\"1.0\" class=\"RCTTextView\" focused=\"false\" height=\"22\" label=\"S\" ptr=\"0x10be0ba00\" text=\"S\" visibility=\"visible\" width=\"11\" x=\"61\" y=\"6\" \/>\n                                                    <\/RCTView>\n                                                <\/RCTView>\n                                                <RCTTextView alpha=\"1.0\" class=\"RCTTextView\" focused=\"false\" height=\"14\" label=\"Settings\" ptr=\"0x10be0bc00\" text=\"Settings\" visibility=\"visible\" width=\"47\" x=\"43\" y=\"34\" \/>\n                                            <\/RCTView>\n                                        <\/RCTView>\n                                    <\/RCTView>\n                                <\/RNCSafeAreaProvider>\n                            <\/RCTView>\n                        <\/RCTView>\n                    <\/RCTRootContentView>\n                <\/RCTRootView>\n            <\/UIDropShadowView>\n        <\/UITransitionView>\n    <\/UIWindow>\n<\/ViewHierarchy>","details":"Failed expectation: TOBEVISIBLE WITH MATCHER(id == “network-btn-fetch”), View “<RCTView: 0x11b6f5f80>” is not visible: View does not pass visibility percent threshold (75)","windows":["<UIWindow: 0x10899c800; frame = (0 0; 402 874);>","<DTXTouchVisualizerWindow: 0x1088fc500; frame = (0 0; 402 874);>"],"elementAttributes":{"activationPoint":{"x":46.166667938232422,"y":15.833332061767578},"elementFrame":{"y":0,"x":0,"width":92.333335876464844,"height":31.666664123535156},"label":"Fetch Data","elementSafeBounds":{"y":0,"x":0,"width":92.333335876464844,"height":31.666664123535156},"elementBounds":{"y":0,"x":0,"width":92.333335876464844,"height":31.666664123535156},"frame":{"y":194,"x":16,"width":92.333335876464844,"height":31.666664123535156},"className":"RCTView","identifier":"network-btn-fetch","normalizedActivationPoint":{"x":0.5,"y":0.5},"enabled":true,"safeAreaInsets":{"right":0,"top":0,"left":0,"bottom":0},"layer":"<CALayer: 0x11b750900>","hittable":false,"visible":false},"viewDescription":"<RCTView: 0x11b6f5f80; frame = (0 0; 92.3333 31.6667); backgroundColor = UIExtendedSRGBColorSpace 0 0.478431 1 1; layer = <CALayer: 0x11b750900>> reactTag: 439; frame = {{0, 0}, {92.333335876464844, 31.666664123535156}}; layer = <CALayer: 0x11b750900>","DetoxFailureInformation":{"lineNumber":230,"file":"\/Users\/builder\/uibuilder\/work\/detox\/ios\/Detox\/Invocation\/Expectation.swift","functionName":"_evaluate()"}},"messageId":20}
23:23:48.723 detox[66808] i send
  data: {
    "type": "testFailed",
    "params": {
      "visibilityFailingRectsURL": "/Users/nonth/Library/Developer/CoreSimulator/Devices/B7E9BAD6-0C0D-41EE-BE0C-D49BF485382E/data/Containers/Data/Application/CC206481-6D7A-47E1-B8C0-C1FA132ACE12/tmp/visibilityFailingRects",
      "visibilityFailingScreenshotsURL": "/Users/nonth/Library/Developer/CoreSimulator/Devices/B7E9BAD6-0C0D-41EE-BE0C-D49BF485382E/data/Containers/Data/Application/CC206481-6D7A-47E1-B8C0-C1FA132ACE12/tmp/visibilityFailingScreenshots",
      "NSLocalizedDescription": "Failed expectation: TOBEVISIBLE WITH MATCHER(id == “network-btn-fetch”), View “<RCTView: 0x11b6f5f80>” is not visible: View does not pass visibility percent threshold (75)",
      "viewHierarchy": "<?xml version=\"1.0\" encoding=\"utf-8\"?>\n<ViewHierarchy>\n    <UIWindow alpha=\"1.0\" class=\"UIWindow\" focused=\"false\" height=\"874\" ptr=\"0x10899c800\" visibility=\"visible\" width=\"402\">\n        <UITransitionView alpha=\"1.0\" class=\"UITransitionView\" focused=\"false\" height=\"874\" ptr=\"0x10be08000\" visibility=\"visible\" width=\"402\" x=\"0\" y=\"0\">\n            <UIDropShadowView alpha=\"1.0\" class=\"UIDropShadowView\" focused=\"false\" height=\"874\" ptr=\"0x10bd05b80\" visibility=\"visible\" width=\"402\" x=\"0\" y=\"0\">\n                <RCTRootView alpha=\"1.0\" class=\"RCTRootView\" focused=\"false\" height=\"874\" ptr=\"0x10bd05400\" visibility=\"visible\" width=\"402\" x=\"0\" y=\"0\">\n                    <RCTRootContentView alpha=\"1.0\" class=\"RCTRootContentView\" focused=\"false\" height=\"874\" label=\"Network Demos All requests are auto-instrumented by the SDK Fetch Data Fetch Error Fetch Multiple (3) XHR Request Log: Vertical scroll bar, 1 page Horizontal scroll bar, 1 page Network Home, tab, 1 of 3 Demos, tab, 2 of 3 Settings, tab, 3 of 3\" ptr=\"0x10899c400\" visibility=\"visible\" width=\"402\" x=\"0\" y=\"0\">\n                        <RCTView alpha=\"1.0\" class=\"RCTView\" focused=\"false\" height=\"874\" label=\"Network Demos All requests are auto-instrumented by the SDK Fetch Data Fetch Error Fetch Multiple (3) XHR Request Log: Vertical scroll bar, 1 page Horizontal scroll bar, 1 page Network Home, tab, 1 of 3 Demos, tab, 2 of 3 Settings, tab, 3 of 3\" ptr=\"0x10d1a7480\" visibility=\"visible\" width=\"402\" x=\"0\" y=\"0\">\n                            <RCTView alpha=\"1.0\" class=\"RCTView\" focused=\"false\" height=\"874\" label=\"Network Demos All requests are auto-instrumented by the SDK Fetch Data Fetch Error Fetch Multiple (3) XHR Request Log: Vertical scroll bar, 1 page Horizontal scroll bar, 1 page Network Home, tab, 1 of 3 Demos, tab, 2 of 3 Settings, tab, 3 of 3\" ptr=\"0x10d1a7100\" visibility=\"visible\" width=\"402\" x=\"0\" y=\"0\">\n                                <RNCSafeAreaProvider alpha=\"1.0\" class=\"RNCSafeAreaProvider\" focused=\"false\" height=\"874\" label=\"Network Demos All requests are auto-instrumented by the SDK Fetch Data Fetch Error Fetch Multiple (3) XHR Request Log: Vertical scroll bar, 1 page Horizontal scroll bar, 1 page Network Home, tab, 1 of 3 Demos, tab, 2 of 3 Settings, tab, 3 of 3\" ptr=\"0x10899d800\" visibility=\"visible\" width=\"402\" x=\"0\" y=\"0\">\n                                    <RNSScreenNavigationContainerView alpha=\"1.0\" class=\"RNSScreenNavigationContainerView\" focused=\"false\" height=\"795\" ptr=\"0x108bce140\" visibility=\"visible\" width=\"402\" x=\"0\" y=\"0\">\n                                        <UILayoutContainerView alpha=\"1.0\" class=\"UILayoutContainerView\" focused=\"false\" height=\"795\" ptr=\"0x108a17800\" visibility=\"visible\" width=\"402\" x=\"0\" y=\"0\">\n                                            <UINavigationTransitionView alpha=\"1.0\" class=\"UINavigationTransitionView\" focused=\"false\" height=\"795\" ptr=\"0x108a14a80\" visibility=\"visible\" width=\"402\" x=\"0\" y=\"0\">\n                                                <UIViewControllerWrapperView alpha=\"1.0\" class=\"UIViewControllerWrapperView\" focused=\"false\" height=\"795\" ptr=\"0x10bca6f40\" visibility=\"visible\" width=\"402\" x=\"0\" y=\"0\">\n                                                    <RNSScreenView alpha=\"1.0\" class=\"RNSScreenView\" focused=\"false\" height=\"795\" label=\"Network Demos All requests are auto-instrumented by the SDK Fetch Data Fetch Error Fetch Multiple (3) XHR Request Log: Vertical scroll bar, 1 page Horizontal scroll bar, 1 page Network\" ptr=\"0x1088fed00\" visibility=\"visible\" width=\"402\" x=\"0\" y=\"0\">\n                                                        <RCTView alpha=\"1.0\" class=\"RCTView\" focused=\"false\" height=\"795\" label=\"Network Demos All requests are auto-instrumented by the SDK Fetch Data Fetch Error Fetch Multiple (3) XHR Request Log: Vertical scroll bar, 1 page Horizontal scroll bar, 1 page Network\" ptr=\"0x10d29e300\" visibility=\"visible\" width=\"402\" x=\"0\" y=\"0\">\n                                                            <RCTView alpha=\"1.0\" class=\"RCTView\" focused=\"false\" height=\"795\" label=\"Network Demos All requests are auto-instrumented by the SDK Fetch Data Fetch Error Fetch Multiple (3) XHR Request Log: Vertical scroll bar, 1 page Horizontal scroll bar, 1 page Network\" ptr=\"0x10d29df80\" visibility=\"visible\" width=\"402\" x=\"0\" y=\"0\">\n                                                                <RCTView alpha=\"1.0\" class=\"RCTView\" focused=\"false\" height=\"795\" label=\"Network Demos All requests are auto-instrumented by the SDK Fetch Data Fetch Error Fetch Multiple (3) XHR Request Log: Vertical scroll bar, 1 page Horizontal scroll bar, 1 page Network\" ptr=\"0x10d29dc00\" visibility=\"visible\" width=\"402\" x=\"0\" y=\"0\">\n                                                                    <RNSScreenStackView alpha=\"1.0\" class=\"RNSScreenStackView\" focused=\"false\" height=\"795\" ptr=\"0x10d36a800\" visibility=\"visible\" width=\"402\" x=\"0\" y=\"0\">\n                                                                        <UILayoutContainerView alpha=\"1.0\" class=\"UILayoutContainerView\" focused=\"false\" height=\"795\" ptr=\"0x10bc91dc0\" visibility=\"visible\" width=\"402\" x=\"0\" y=\"0\">\n                                                                            <UINavigationTransitionView alpha=\"1.0\" class=\"UINavigationTransitionView\" focused=\"false\" height=\"795\" ptr=\"0x10bc92a00\" visibility=\"visible\" width=\"402\" x=\"0\" y=\"0\">\n                                                                                <UIViewControllerWrapperView alpha=\"1.0\" class=\"UIViewControllerWrapperView\" focused=\"false\" height=\"795\" ptr=\"0x10bc93b80\" visibility=\"visible\" width=\"402\" x=\"0\" y=\"0\">\n                                                                                    <RNSScreenView alpha=\"1.0\" class=\"RNSScreenView\" focused=\"false\" height=\"679\" label=\"Network Demos All requests are auto-instrumented by the SDK Fetch Data Fetch Error Fetch Multiple (3) XHR Request Log: Vertical scroll bar, 1 page Horizontal scroll bar, 1 page\" ptr=\"0x11b6fd900\" visibility=\"visible\" width=\"402\" x=\"0\" y=\"116\">\n                                                                                        <RCTView alpha=\"1.0\" class=\"RCTView\" focused=\"false\" height=\"679\" label=\"Network Demos All requests are auto-instrumented by the SDK Fetch Data Fetch Error Fetch Multiple (3) XHR Request Log: Vertical scroll bar, 1 page Horizontal scroll bar, 1 page\" ptr=\"0x11b6f7b80\" visibility=\"visible\" width=\"402\" x=\"0\" y=\"0\">\n                                                                                            <RCTView alpha=\"1.0\" class=\"RCTView\" focused=\"false\" height=\"679\" label=\"Network Demos All requests are auto-instrumented by the SDK Fetch Data Fetch Error Fetch Multiple (3) XHR Request Log: Vertical scroll bar, 1 page Horizontal scroll bar, 1 page\" ptr=\"0x11b6f7800\" visibility=\"visible\" width=\"402\" x=\"0\" y=\"0\">\n                                                                                                <RCTSafeAreaView alpha=\"1.0\" class=\"RCTSafeAreaView\" focused=\"false\" height=\"679\" label=\"Network Demos All requests are auto-instrumented by the SDK Fetch Data Fetch Error Fetch Multiple (3) XHR Request Log: Vertical scroll bar, 1 page Horizontal scroll bar, 1 page\" ptr=\"0x10899ec00\" visibility=\"visible\" width=\"402\" x=\"0\" y=\"0\">\n                                                                                                    <RCTScrollView alpha=\"1.0\" class=\"RCTScrollView\" focused=\"false\" height=\"679\" label=\"Network Demos All requests are auto-instrumented by the SDK Fetch Data Fetch Error Fetch Multiple (3) XHR Request Log: Vertical scroll bar, 1 page Horizontal scroll bar, 1 page\" ptr=\"0x11b6fd400\" visibility=\"visible\" width=\"402\" x=\"0\" y=\"0\">\n                                                                                                        <RCTCustomScrollView alpha=\"1.0\" class=\"RCTCustomScrollView\" focused=\"false\" height=\"679\" ptr=\"0x108b8ca00\" visibility=\"visible\" width=\"402\" x=\"0\" y=\"0\">\n                                                                                                            <RCTScrollContentView alpha=\"1.0\" class=\"RCTScrollContentView\" focused=\"false\" height=\"210\" label=\"Network Demos All requests are auto-instrumented by the SDK Fetch Data Fetch Error Fetch Multiple (3) XHR Request Log:\" ptr=\"0x11b6f7480\" visibility=\"visible\" width=\"370\" x=\"16\" y=\"16\">\n                                                                                                                <RCTTextView alpha=\"1.0\" class=\"RCTTextView\" focused=\"false\" height=\"26\" label=\"Network Demos\" ptr=\"0x11b758a00\" text=\"Network Demos\" visibility=\"visible\" width=\"370\" x=\"0\" y=\"0\" />\n                                                                                                                <RCTTextView alpha=\"1.0\" class=\"RCTTextView\" focused=\"false\" height=\"16\" label=\"All requests are auto-instrumented by the SDK\" ptr=\"0x11b758c00\" text=\"All requests are auto-instrumented by the SDK\" visibility=\"visible\" width=\"370\" x=\"0\" y=\"30\" />\n                                                                                                                <RCTView alpha=\"1.0\" class=\"RCTView\" focused=\"false\" height=\"71\" label=\"Fetch Data Fetch Error Fetch Multiple (3) XHR Request\" ptr=\"0x11b6f6d80\" visibility=\"visible\" width=\"370\" x=\"0\" y=\"62\">\n                                                                                                                    <RCTView alpha=\"1.0\" class=\"RCTView\" focused=\"false\" height=\"31\" id=\"network-btn-fetch\" label=\"Fetch Data\" ptr=\"0x11b6f5f80\" visibility=\"visible\" width=\"92\" x=\"0\" y=\"0\">\n                                                                                                                        <RCTTextView alpha=\"1.0\" class=\"RCTTextView\" focused=\"false\" height=\"16\" label=\"Fetch Data\" ptr=\"0x11b758e00\" text=\"Fetch Data\" visibility=\"visible\" width=\"68\" x=\"12\" y=\"8\" />\n                                                                                                                    </RCTView>\n                                                                                                                    <RCTView alpha=\"1.0\" class=\"RCTView\" focused=\"false\" height=\"31\" id=\"network-btn-fetch-error\" label=\"Fetch Error\" ptr=\"0x11b6f6300\" visibility=\"visible\" width=\"94\" x=\"100\" y=\"0\">\n                                                                                                                        <RCTTextView alpha=\"1.0\" class=\"RCTTextView\" focused=\"false\" height=\"16\" label=\"Fetch Error\" ptr=\"0x11b759000\" text=\"Fetch Error\" visibility=\"visible\" width=\"71\" x=\"12\" y=\"8\" />\n                                                                                                                    </RCTView>\n                                                                                                                    <RCTView alpha=\"1.0\" class=\"RCTView\" focused=\"false\" height=\"31\" id=\"network-btn-fetch-multiple\" label=\"Fetch Multiple (3)\" ptr=\"0x11b6f6680\" visibility=\"visible\" width=\"136\" x=\"203\" y=\"0\">\n                                                                                                                        <RCTTextView alpha=\"1.0\" class=\"RCTTextView\" focused=\"false\" height=\"16\" label=\"Fetch Multiple (3)\" ptr=\"0x11b759200\" text=\"Fetch Multiple (3)\" visibility=\"visible\" width=\"112\" x=\"12\" y=\"8\" />\n                                                                                                                    </RCTView>\n                                                                                                                    <RCTView alpha=\"1.0\" class=\"RCTView\" focused=\"false\" height=\"31\" id=\"network-btn-xhr\" label=\"XHR Request\" ptr=\"0x11b6f6a00\" visibility=\"visible\" width=\"107\" x=\"0\" y=\"39\">\n                                                                                                                        <RCTTextView alpha=\"1.0\" class=\"RCTTextView\" focused=\"false\" height=\"16\" label=\"XHR Request\" ptr=\"0x11b759400\" text=\"XHR Request\" visibility=\"visible\" width=\"83\" x=\"12\" y=\"8\" />\n                                                                                                                    </RCTView>\n                                                                                                                </RCTView>\n                                                                                                                <RCTView alpha=\"1.0\" class=\"RCTView\" focused=\"false\" height=\"45\" id=\"network-result\" label=\"Log:\" ptr=\"0x11b6f7100\" visibility=\"visible\" width=\"370\" x=\"0\" y=\"149\">\n                                                                                                                    <RCTTextView alpha=\"1.0\" class=\"RCTTextView\" focused=\"false\" height=\"17\" label=\"Log:\" ptr=\"0x11b759600\" text=\"Log:\" visibility=\"visible\" width=\"346\" x=\"12\" y=\"12\" />\n                                                                                                                </RCTView>\n                                                                                                            </RCTScrollContentView>\n                                                                                                            <_UIScrollViewScrollIndicator alpha=\"0.0\" class=\"_UIScrollViewScrollIndicator\" focused=\"false\" height=\"204\" label=\"Vertical scroll bar, 1 page\" ptr=\"0x11b759e00\" value=\"0%\" visibility=\"visible\" width=\"3\" x=\"396\" y=\"587\">\n                                                                                                                <UIView alpha=\"1.0\" class=\"UIView\" focused=\"false\" height=\"204\" ptr=\"0x10bcb3640\" visibility=\"visible\" width=\"3\" x=\"0\" y=\"0\" />\n                                                                                                            </_UIScrollViewScrollIndicator>\n                                                                                                            <_UIScrollViewScrollIndicator alpha=\"0.0\" class=\"_UIScrollViewScrollIndicator\" focused=\"false\" height=\"3\" label=\"Horizontal scroll bar, 1 page\" ptr=\"0x11b759c00\" value=\"0%\" visibility=\"visible\" width=\"364\" x=\"35\" y=\"673\">\n                                                                                                                <UIView alpha=\"1.0\" class=\"UIView\" focused=\"false\" height=\"3\" ptr=\"0x10bcb32c0\" visibility=\"visible\" width=\"364\" x=\"0\" y=\"0\" />\n                                                                                                            </_UIScrollViewScrollIndicator>\n                                                                                                        </RCTCustomScrollView>\n                                                                                                    </RCTScrollView>\n                                                                                                </RCTSafeAreaView>\n                                                                                            </RCTView>\n                                                                                        </RCTView>\n                                                                                    </RNSScreenView>\n                                                                                </UIViewControllerWrapperView>\n                                                                            </UINavigationTransitionView>\n                                                                            <UINavigationBar alpha=\"1.0\" class=\"UINavigationBar\" focused=\"false\" height=\"54\" id=\"Network\" ptr=\"0x10bdcaa00\" visibility=\"visible\" width=\"402\" x=\"0\" y=\"62\">\n                                                                                <_UIBarBackground alpha=\"1.0\" class=\"_UIBarBackground\" focused=\"false\" height=\"116\" ptr=\"0x11b63e800\" visibility=\"visible\" width=\"402\" x=\"0\" y=\"-62\">\n                                                                                    <UIImageView alpha=\"1.0\" class=\"UIImageView\" focused=\"false\" height=\"116\" ptr=\"0x10d36bc00\" visibility=\"visible\" width=\"402\" x=\"0\" y=\"0\" />\n                                                                                    <_UIBarBackgroundShadowView alpha=\"1.0\" class=\"_UIBarBackgroundShadowView\" focused=\"false\" height=\"0\" ptr=\"0x11b63f200\" visibility=\"visible\" width=\"402\" x=\"0\" y=\"116\">\n                                                                                        <_UIBarBackgroundShadowContentImageView alpha=\"1.0\" class=\"_UIBarBackgroundShadowContentImageView\" focused=\"false\" height=\"0\" ptr=\"0x11b63f480\" visibility=\"visible\" width=\"402\" x=\"0\" y=\"0\" />\n                                                                                    </_UIBarBackgroundShadowView>\n                                                                                </_UIBarBackground>\n                                                                                <UIKit.NavigationBarContentView alpha=\"1.0\" class=\"UIKit.NavigationBarContentView\" focused=\"false\" height=\"54\" ptr=\"0x108975800\" visibility=\"visible\" width=\"402\" x=\"0\" y=\"0\">\n                                                                                    <UIKit.NavigationBarTransitionContainer alpha=\"1.0\" class=\"UIKit.NavigationBarTransitionContainer\" focused=\"false\" height=\"54\" ptr=\"0x10d36ac00\" visibility=\"visible\" width=\"402\" x=\"0\" y=\"0\">\n                                                                                        <_UINavigationBarHostedViewContainer alpha=\"1.0\" class=\"_UINavigationBarHostedViewContainer\" focused=\"false\" height=\"54\" ptr=\"0x10bc92140\" visibility=\"visible\" width=\"402\" x=\"0\" y=\"0\">\n                                                                                            <_UINavigationBarHostedViewWrapper alpha=\"1.0\" class=\"_UINavigationBarHostedViewWrapper\" focused=\"false\" height=\"20\" ptr=\"0x11b75b200\" visibility=\"visible\" width=\"68\" x=\"167\" y=\"11\">\n                                                                                                <_UINavigationBarTitleControl alpha=\"1.0\" class=\"_UINavigationBarTitleControl\" focused=\"false\" height=\"20\" ptr=\"0x11b701200\" visibility=\"visible\" width=\"68\" x=\"0\" y=\"0\">\n                                                                                                    <_UIIntrinsicContentSizeInvalidationForwardingWrapperView alpha=\"1.0\" class=\"_UIIntrinsicContentSizeInvalidationForwardingWrapperView\" focused=\"false\" height=\"20\" ptr=\"0x10bcb8a80\" visibility=\"visible\" width=\"68\" x=\"0\" y=\"0\">\n                                                                                                        <UILabel alpha=\"1.0\" class=\"UILabel\" focused=\"false\" height=\"20\" label=\"Network\" ptr=\"0x11b7dc380\" text=\"Network\" visibility=\"visible\" width=\"67\" x=\"0\" y=\"0\" />\n                                                                                                    </_UIIntrinsicContentSizeInvalidationForwardingWrapperView>\n                                                                                                </_UINavigationBarTitleControl>\n                                                                                            </_UINavigationBarHostedViewWrapper>\n                                                                                        </_UINavigationBarHostedViewContainer>\n                                                                                        <UIView alpha=\"1.0\" class=\"UIView\" focused=\"false\" height=\"54\" ptr=\"0x10bc91f80\" visibility=\"visible\" width=\"402\" x=\"0\" y=\"0\" />\n                                                                                        <UIKit.NavigationBarPlatterContainer alpha=\"1.0\" class=\"UIKit.NavigationBarPlatterContainer\" focused=\"false\" height=\"54\" ptr=\"0x10bc92300\" visibility=\"visible\" width=\"402\" x=\"0\" y=\"0\">\n                                                                                            <_UINavigationBarPlatterView alpha=\"1.0\" class=\"_UINavigationBarPlatterView\" focused=\"false\" height=\"44\" ptr=\"0x11b701800\" visibility=\"visible\" width=\"44\" x=\"16\" y=\"0\">\n                                                                                                <_UINavigationBarPlatterAnimationView alpha=\"1.0\" class=\"_UINavigationBarPlatterAnimationView\" focused=\"false\" height=\"44\" ptr=\"0x10bcb9dc0\" visibility=\"visible\" width=\"44\" x=\"0\" y=\"0\">\n                                                                                                    <_UINavigationBarPlatterAnimationView alpha=\"1.0\" class=\"_UINavigationBarPlatterAnimationView\" focused=\"false\" height=\"44\" ptr=\"0x10bcba140\" visibility=\"visible\" width=\"44\" x=\"0\" y=\"0\">\n                                                                                                        <_UINavigationBarPlatterAnimationView alpha=\"1.0\" class=\"_UINavigationBarPlatterAnimationView\" focused=\"false\" height=\"48\" ptr=\"0x10bcba300\" visibility=\"visible\" width=\"48\" x=\"-2\" y=\"-2\">\n                                                                                                            <_UINavigationBarPlatterAnimationView alpha=\"1.0\" class=\"_UINavigationBarPlatterAnimationView\" focused=\"false\" height=\"40\" ptr=\"0x10bcba4c0\" visibility=\"visible\" width=\"40\" x=\"1\" y=\"1\">\n                                                                                                                <_UINavigationBarPlatterContentView alpha=\"1.0\" class=\"_UINavigationBarPlatterContentView\" focused=\"false\" height=\"44\" ptr=\"0x10bcba680\" visibility=\"visible\" width=\"44\" x=\"0\" y=\"0\">\n                                                                                                                    <_UINavigationBarPlatterGlassView alpha=\"1.0\" class=\"_UINavigationBarPlatterGlassView\" focused=\"false\" height=\"44\" ptr=\"0x10bcba840\" visibility=\"visible\" width=\"44\" x=\"0\" y=\"0\">\n                                                                                                                        <_UINavigationBarPlatterSubviewContainerView alpha=\"1.0\" class=\"_UINavigationBarPlatterSubviewContainerView\" focused=\"false\" height=\"44\" ptr=\"0x10bcbaa00\" visibility=\"visible\" width=\"44\" x=\"0\" y=\"0\">\n                                                                                                                            <_UINavigationBarPlatterItemView alpha=\"1.0\" class=\"_UINavigationBarPlatterItemView\" focused=\"false\" height=\"44\" ptr=\"0x11b7d2f80\" visibility=\"visible\" width=\"44\" x=\"0\" y=\"0\">\n                                                                                                                                <_UIButtonBarButton alpha=\"1.0\" class=\"_UIButtonBarButton\" focused=\"false\" height=\"44\" id=\"BackButton\" ptr=\"0x11b7d2800\" visibility=\"visible\" width=\"44\" x=\"0\" y=\"0\">\n                                                                                                                                    <_TtCC5UIKit29ButtonBarButtonVisualProviderP33_A98CD29F4F6ECA17AFECE41BBB264E5918BackButtonMaskView alpha=\"1.0\" class=\"_TtCC5UIKit29ButtonBarButtonVisualProviderP33_A98CD29F4F6ECA17AFECE41BBB264E5918BackButtonMaskView\" focused=\"false\" height=\"44\" ptr=\"0x10bcb8540\" visibility=\"invisible\" width=\"44\" x=\"0\" y=\"0\">\n                                                                                                                                        <UIImageView alpha=\"1.0\" class=\"UIImageView\" focused=\"false\" height=\"28\" id=\"UINavigationBarTitleTransitionBackIndicatorMaskSymbol\" ptr=\"0x11b75a800\" visibility=\"visible\" width=\"19\" x=\"0\" y=\"8\" />\n                                                                                                                                        <UIView alpha=\"1.0\" class=\"UIView\" focused=\"false\" height=\"44\" ptr=\"0x10bcb8700\" visibility=\"visible\" width=\"0\" x=\"44\" y=\"0\" />\n                                                                                                                                    </_TtCC5UIKit29ButtonBarButtonVisualProviderP33_A98CD29F4F6ECA17AFECE41BBB264E5918BackButtonMaskView>\n                                                                                                                                    <_TtCC5UIKit29ButtonBarButtonVisualProviderP33_A98CD29F4F6ECA17AFECE41BBB264E596Button alpha=\"1.0\" class=\"_TtCC5UIKit29ButtonBarButtonVisualProviderP33_A98CD29F4F6ECA17AFECE41BBB264E596Button\" focused=\"false\" height=\"23\" label=\"Back\" ptr=\"0x11b7dc000\" visibility=\"visible\" width=\"44\" x=\"0\" y=\"10\">\n                                                                                                                                        <UIImageView alpha=\"1.0\" class=\"UIImageView\" focused=\"false\" height=\"23\" id=\"chevron.backward\" label=\"Back\" ptr=\"0x11b75aa00\" visibility=\"visible\" width=\"16\" x=\"13\" y=\"0\" />\n                                                                                                                                    </_TtCC5UIKit29ButtonBarButtonVisualProviderP33_A98CD29F4F6ECA17AFECE41BBB264E596Button>\n                                                                                                                                </_UIButtonBarButton>\n                                                                                                                            </_UINavigationBarPlatterItemView>\n                                                                                                                        </_UINavigationBarPlatterSubviewContainerView>\n                                                                                                                    </_UINavigationBarPlatterGlassView>\n                                                                                                                </_UINavigationBarPlatterContentView>\n                                                                                                            </_UINavigationBarPlatterAnimationView>\n                                                                                                        </_UINavigationBarPlatterAnimationView>\n                                                                                                    </_UINavigationBarPlatterAnimationView>\n                                                                                                </_UINavigationBarPlatterAnimationView>\n                                                                                            </_UINavigationBarPlatterView>\n                                                                                        </UIKit.NavigationBarPlatterContainer>\n                                                                                    </UIKit.NavigationBarTransitionContainer>\n                                                                                </UIKit.NavigationBarContentView>\n                                                                                <_UIPointerInteractionAssistantEffectContainerView alpha=\"1.0\" class=\"_UIPointerInteractionAssistantEffectContainerView\" focused=\"false\" height=\"0\" ptr=\"0x10bc93480\" visibility=\"visible\" width=\"0\" x=\"0\" y=\"0\" />\n                                                                            </UINavigationBar>\n                                                                            <_UIFloatingBarContainerView alpha=\"1.0\" class=\"_UIFloatingBarContainerView\" focused=\"false\" height=\"795\" ptr=\"0x10d36b000\" visibility=\"visible\" width=\"402\" x=\"0\" y=\"0\">\n                                                                                <_TtGC5UIKitP10$186ea25a022FloatingBarHostingViewVS_20FloatingBarContainer_ alpha=\"1.0\" class=\"_TtGC5UIKitP10$186ea25a022FloatingBarHostingViewVS_20FloatingBarContainer_\" focused=\"false\" height=\"795\" ptr=\"0x10d36b800\" visibility=\"visible\" width=\"402\" x=\"0\" y=\"0\" />\n                                                                                <_UIPointerInteractionAssistantEffectContainerView alpha=\"1.0\" class=\"_UIPointerInteractionAssistantEffectContainerView\" focused=\"false\" height=\"0\" ptr=\"0x10bc92f40\" visibility=\"visible\" width=\"0\" x=\"0\" y=\"0\" />\n                                                                            </_UIFloatingBarContainerView>\n                                                                        </UILayoutContainerView>\n                                                                    </RNSScreenStackView>\n                                                                </RCTView>\n                                                            </RCTView>\n                                                        </RCTView>\n                                                    </RNSScreenView>\n                                                </UIViewControllerWrapperView>\n                                            </UINavigationTransitionView>\n                                            <UINavigationBar alpha=\"1.0\" class=\"UINavigationBar\" focused=\"false\" height=\"54\" id=\"RNSScreen\" ptr=\"0x10bdc8600\" visibility=\"invisible\" width=\"402\" x=\"0\" y=\"-116\">\n                                                <_UIBarBackground alpha=\"1.0\" class=\"_UIBarBackground\" focused=\"false\" height=\"116\" ptr=\"0x10d055900\" visibility=\"visible\" width=\"402\" x=\"0\" y=\"-62\" />\n                                                <_UIPointerInteractionAssistantEffectContainerView alpha=\"1.0\" class=\"_UIPointerInteractionAssistantEffectContainerView\" focused=\"false\" height=\"0\" ptr=\"0x108bed6c0\" visibility=\"visible\" width=\"0\" x=\"0\" y=\"0\" />\n                                            </UINavigationBar>\n                                            <_UIFloatingBarContainerView alpha=\"1.0\" class=\"_UIFloatingBarContainerView\" focused=\"false\" height=\"795\" ptr=\"0x10be0a200\" visibility=\"visible\" width=\"402\" x=\"0\" y=\"0\">\n                                                <_TtGC5UIKitP10$186ea25a022FloatingBarHostingViewVS_20FloatingBarContainer_ alpha=\"1.0\" class=\"_TtGC5UIKitP10$186ea25a022FloatingBarHostingViewVS_20FloatingBarContainer_\" focused=\"false\" height=\"795\" ptr=\"0x10be0aa00\" visibility=\"visible\" width=\"402\" x=\"0\" y=\"0\" />\n                                                <_UIPointerInteractionAssistantEffectContainerView alpha=\"1.0\" class=\"_UIPointerInteractionAssistantEffectContainerView\" focused=\"false\" height=\"0\" ptr=\"0x108bdc380\" visibility=\"visible\" width=\"0\" x=\"0\" y=\"0\" />\n                                            </_UIFloatingBarContainerView>\n                                        </UILayoutContainerView>\n                                    </RNSScreenNavigationContainerView>\n                                    <RCTView alpha=\"1.0\" class=\"RCTView\" focused=\"false\" height=\"79\" label=\"Home, tab, 1 of 3 Demos, tab, 2 of 3 Settings, tab, 3 of 3\" ptr=\"0x10d1a6d80\" visibility=\"visible\" width=\"402\" x=\"0\" y=\"795\">\n                                        <RCTView alpha=\"1.0\" class=\"RCTView\" focused=\"false\" height=\"78\" ptr=\"0x1089d3b80\" visibility=\"visible\" width=\"402\" x=\"0\" y=\"0\" />\n                                        <RCTView alpha=\"1.0\" class=\"RCTView\" focused=\"false\" height=\"48\" label=\"Home, tab, 1 of 3 Demos, tab, 2 of 3 Settings, tab, 3 of 3\" ptr=\"0x10d1a6a00\" visibility=\"visible\" width=\"402\" x=\"0\" y=\"0\">\n                                            <RCTView alpha=\"1.0\" class=\"RCTView\" focused=\"false\" height=\"48\" id=\"tab-home\" label=\"Home, tab, 1 of 3\" ptr=\"0x10d1a4a80\" visibility=\"visible\" width=\"134\" x=\"0\" y=\"0\">\n                                                <RCTView alpha=\"1.0\" class=\"RCTView\" focused=\"false\" height=\"34\" label=\"H H\" ptr=\"0x10d1a4700\" visibility=\"visible\" width=\"0\" x=\"67\" y=\"0\">\n                                                    <RCTView alpha=\"0.0\" class=\"RCTView\" focused=\"false\" height=\"34\" label=\"H\" ptr=\"0x10d1a4000\" visibility=\"visible\" width=\"134\" x=\"-67\" y=\"0\">\n                                                        <RCTTextView alpha=\"1.0\" class=\"RCTTextView\" focused=\"false\" height=\"22\" label=\"H\" ptr=\"0x10be0ac00\" text=\"H\" visibility=\"visible\" width=\"13\" x=\"60\" y=\"6\" />\n                                                    </RCTView>\n                                                    <RCTView alpha=\"1.0\" class=\"RCTView\" focused=\"false\" height=\"34\" label=\"H\" ptr=\"0x10d1a4380\" visibility=\"visible\" width=\"134\" x=\"-67\" y=\"0\">\n                                                        <RCTTextView alpha=\"1.0\" class=\"RCTTextView\" focused=\"false\" height=\"22\" label=\"H\" ptr=\"0x10be0ae00\" text=\"H\" visibility=\"visible\" width=\"13\" x=\"60\" y=\"6\" />\n                                                    </RCTView>\n                                                </RCTView>\n                                                <RCTTextView alpha=\"1.0\" class=\"RCTTextView\" focused=\"false\" height=\"14\" label=\"Home\" ptr=\"0x10be0b000\" text=\"Home\" visibility=\"visible\" width=\"34\" x=\"50\" y=\"34\" />\n                                            </RCTView>\n                                            <RCTView alpha=\"1.0\" class=\"RCTView\" focused=\"false\" height=\"48\" id=\"tab-demos\" label=\"Demos, tab, 2 of 3\" ptr=\"0x10d1a5880\" visibility=\"visible\" width=\"134\" x=\"134\" y=\"0\">\n                                                <RCTView alpha=\"1.0\" class=\"RCTView\" focused=\"false\" height=\"34\" label=\"D D\" ptr=\"0x10d1a5500\" visibility=\"visible\" width=\"0\" x=\"67\" y=\"0\">\n                                                    <RCTView alpha=\"1.0\" class=\"RCTView\" focused=\"false\" height=\"34\" label=\"D\" ptr=\"0x10d1a4e00\" visibility=\"visible\" width=\"134\" x=\"-67\" y=\"0\">\n                                                        <RCTTextView alpha=\"1.0\" class=\"RCTTextView\" focused=\"false\" height=\"22\" label=\"D\" ptr=\"0x10be0b200\" text=\"D\" visibility=\"visible\" width=\"13\" x=\"60\" y=\"6\" />\n                                                    </RCTView>\n                                                    <RCTView alpha=\"0.0\" class=\"RCTView\" focused=\"false\" height=\"34\" label=\"D\" ptr=\"0x10d1a5180\" visibility=\"visible\" width=\"134\" x=\"-67\" y=\"0\">\n                                                        <RCTTextView alpha=\"1.0\" class=\"RCTTextView\" focused=\"false\" height=\"22\" label=\"D\" ptr=\"0x10be0b400\" text=\"D\" visibility=\"visible\" width=\"13\" x=\"60\" y=\"6\" />\n                                                    </RCTView>\n                                                </RCTView>\n                                                <RCTTextView alpha=\"1.0\" class=\"RCTTextView\" focused=\"false\" height=\"14\" label=\"Demos\" ptr=\"0x10be0b600\" text=\"Demos\" visibility=\"visible\" width=\"40\" x=\"47\" y=\"34\" />\n                                            </RCTView>\n                                            <RCTView alpha=\"1.0\" class=\"RCTView\" focused=\"false\" height=\"48\" id=\"tab-settings\" label=\"Settings, tab, 3 of 3\" ptr=\"0x10d1a6680\" visibility=\"visible\" width=\"134\" x=\"268\" y=\"0\">\n                                                <RCTView alpha=\"1.0\" class=\"RCTView\" focused=\"false\" height=\"34\" label=\"S S\" ptr=\"0x10d1a6300\" visibility=\"visible\" width=\"0\" x=\"67\" y=\"0\">\n                                                    <RCTView alpha=\"0.0\" class=\"RCTView\" focused=\"false\" height=\"34\" label=\"S\" ptr=\"0x10d1a5c00\" visibility=\"visible\" width=\"134\" x=\"-67\" y=\"0\">\n                                                        <RCTTextView alpha=\"1.0\" class=\"RCTTextView\" focused=\"false\" height=\"22\" label=\"S\" ptr=\"0x10be0b800\" text=\"S\" visibility=\"visible\" width=\"11\" x=\"61\" y=\"6\" />\n                                                    </RCTView>\n                                                    <RCTView alpha=\"1.0\" class=\"RCTView\" focused=\"false\" height=\"34\" label=\"S\" ptr=\"0x10d1a5f80\" visibility=\"visible\" width=\"134\" x=\"-67\" y=\"0\">\n                                                        <RCTTextView alpha=\"1.0\" class=\"RCTTextView\" focused=\"false\" height=\"22\" label=\"S\" ptr=\"0x10be0ba00\" text=\"S\" visibility=\"visible\" width=\"11\" x=\"61\" y=\"6\" />\n                                                    </RCTView>\n                                                </RCTView>\n                                                <RCTTextView alpha=\"1.0\" class=\"RCTTextView\" focused=\"false\" height=\"14\" label=\"Settings\" ptr=\"0x10be0bc00\" text=\"Settings\" visibility=\"visible\" width=\"47\" x=\"43\" y=\"34\" />\n                                            </RCTView>\n                                        </RCTView>\n                                    </RCTView>\n                                </RNCSafeAreaProvider>\n                            </RCTView>\n                        </RCTView>\n                    </RCTRootContentView>\n                </RCTRootView>\n            </UIDropShadowView>\n        </UITransitionView>\n    </UIWindow>\n</ViewHierarchy>",
      "details": "Failed expectation: TOBEVISIBLE WITH MATCHER(id == “network-btn-fetch”), View “<RCTView: 0x11b6f5f80>” is not visible: View does not pass visibility percent threshold (75)",
      "windows": [
        "<UIWindow: 0x10899c800; frame = (0 0; 402 874);>",
        "<DTXTouchVisualizerWindow: 0x1088fc500; frame = (0 0; 402 874);>"
      ],
      "elementAttributes": {
        "activationPoint": {
          "x": 46.16666793823242,
          "y": 15.833332061767578
        },
        "elementFrame": {
          "y": 0,
          "x": 0,
          "width": 92.33333587646484,
          "height": 31.666664123535156
        },
        "label": "Fetch Data",
        "elementSafeBounds": {
          "y": 0,
          "x": 0,
          "width": 92.33333587646484,
          "height": 31.666664123535156
        },
        "elementBounds": {
          "y": 0,
          "x": 0,
          "width": 92.33333587646484,
          "height": 31.666664123535156
        },
        "frame": {
          "y": 194,
          "x": 16,
          "width": 92.33333587646484,
          "height": 31.666664123535156
        },
        "className": "RCTView",
        "identifier": "network-btn-fetch",
        "normalizedActivationPoint": {
          "x": 0.5,
          "y": 0.5
        },
        "enabled": true,
        "safeAreaInsets": {
          "right": 0,
          "top": 0,
          "left": 0,
          "bottom": 0
        },
        "layer": "<CALayer: 0x11b750900>",
        "hittable": false,
        "visible": false
      },
      "viewDescription": "<RCTView: 0x11b6f5f80; frame = (0 0; 92.3333 31.6667); backgroundColor = UIExtendedSRGBColorSpace 0 0.478431 1 1; layer = <CALayer: 0x11b750900>> reactTag: 439; frame = {{0, 0}, {92.333335876464844, 31.666664123535156}}; layer = <CALayer: 0x11b750900>",
      "DetoxFailureInformation": {
        "lineNumber": 230,
        "file": "/Users/builder/uibuilder/work/detox/ios/Detox/Invocation/Expectation.swift",
        "functionName": "_evaluate()"
      }
    },
    "messageId": 20
  }
23:23:48.726 detox[66809] i get message
  data: {"type":"testFailed","params":{"visibilityFailingRectsURL":"/Users/nonth/Library/Developer/CoreSimulator/Devices/B7E9BAD6-0C0D-41EE-BE0C-D49BF485382E/data/Containers/Data/Application/CC206481-6D7A-47E1-B8C0-C1FA132ACE12/tmp/visibilityFailingRects","visibilityFailingScreenshotsURL":"/Users/nonth/Library/Developer/CoreSimulator/Devices/B7E9BAD6-0C0D-41EE-BE0C-D49BF485382E/data/Containers/Data/Application/CC206481-6D7A-47E1-B8C0-C1FA132ACE12/tmp/visibilityFailingScreenshots","NSLocalizedDescription":"Failed expectation: TOBEVISIBLE WITH MATCHER(id == “network-btn-fetch”), View “<RCTView: 0x11b6f5f80>” is not visible: View does not pass visibility percent threshold (75)","viewHierarchy":"<?xml version=\"1.0\" encoding=\"utf-8\"?>\n<ViewHierarchy>\n    <UIWindow alpha=\"1.0\" class=\"UIWindow\" focused=\"false\" height=\"874\" ptr=\"0x10899c800\" visibility=\"visible\" width=\"402\">\n        <UITransitionView alpha=\"1.0\" class=\"UITransitionView\" focused=\"false\" height=\"874\" ptr=\"0x10be08000\" visibility=\"visible\" width=\"402\" x=\"0\" y=\"0\">\n            <UIDropShadowView alpha=\"1.0\" class=\"UIDropShadowView\" focused=\"false\" height=\"874\" ptr=\"0x10bd05b80\" visibility=\"visible\" width=\"402\" x=\"0\" y=\"0\">\n                <RCTRootView alpha=\"1.0\" class=\"RCTRootView\" focused=\"false\" height=\"874\" ptr=\"0x10bd05400\" visibility=\"visible\" width=\"402\" x=\"0\" y=\"0\">\n                    <RCTRootContentView alpha=\"1.0\" class=\"RCTRootContentView\" focused=\"false\" height=\"874\" label=\"Network Demos All requests are auto-instrumented by the SDK Fetch Data Fetch Error Fetch Multiple (3) XHR Request Log: Vertical scroll bar, 1 page Horizontal scroll bar, 1 page Network Home, tab, 1 of 3 Demos, tab, 2 of 3 Settings, tab, 3 of 3\" ptr=\"0x10899c400\" visibility=\"visible\" width=\"402\" x=\"0\" y=\"0\">\n                        <RCTView alpha=\"1.0\" class=\"RCTView\" focused=\"false\" height=\"874\" label=\"Network Demos All requests are auto-instrumented by the SDK Fetch Data Fetch Error Fetch Multiple (3) XHR Request Log: Vertical scroll bar, 1 page Horizontal scroll bar, 1 page Network Home, tab, 1 of 3 Demos, tab, 2 of 3 Settings, tab, 3 of 3\" ptr=\"0x10d1a7480\" visibility=\"visible\" width=\"402\" x=\"0\" y=\"0\">\n                            <RCTView alpha=\"1.0\" class=\"RCTView\" focused=\"false\" height=\"874\" label=\"Network Demos All requests are auto-instrumented by the SDK Fetch Data Fetch Error Fetch Multiple (3) XHR Request Log: Vertical scroll bar, 1 page Horizontal scroll bar, 1 page Network Home, tab, 1 of 3 Demos, tab, 2 of 3 Settings, tab, 3 of 3\" ptr=\"0x10d1a7100\" visibility=\"visible\" width=\"402\" x=\"0\" y=\"0\">\n                                <RNCSafeAreaProvider alpha=\"1.0\" class=\"RNCSafeAreaProvider\" focused=\"false\" height=\"874\" label=\"Network Demos All requests are auto-instrumented by the SDK Fetch Data Fetch Error Fetch Multiple (3) XHR Request Log: Vertical scroll bar, 1 page Horizontal scroll bar, 1 page Network Home, tab, 1 of 3 Demos, tab, 2 of 3 Settings, tab, 3 of 3\" ptr=\"0x10899d800\" visibility=\"visible\" width=\"402\" x=\"0\" y=\"0\">\n                                    <RNSScreenNavigationContainerView alpha=\"1.0\" class=\"RNSScreenNavigationContainerView\" focused=\"false\" height=\"795\" ptr=\"0x108bce140\" visibility=\"visible\" width=\"402\" x=\"0\" y=\"0\">\n                                        <UILayoutContainerView alpha=\"1.0\" class=\"UILayoutContainerView\" focused=\"false\" height=\"795\" ptr=\"0x108a17800\" visibility=\"visible\" width=\"402\" x=\"0\" y=\"0\">\n                                            <UINavigationTransitionView alpha=\"1.0\" class=\"UINavigationTransitionView\" focused=\"false\" height=\"795\" ptr=\"0x108a14a80\" visibility=\"visible\" width=\"402\" x=\"0\" y=\"0\">\n                                                <UIViewControllerWrapperView alpha=\"1.0\" class=\"UIViewControllerWrapperView\" focused=\"false\" height=\"795\" ptr=\"0x10bca6f40\" visibility=\"visible\" width=\"402\" x=\"0\" y=\"0\">\n                                                    <RNSScreenView alpha=\"1.0\" class=\"RNSScreenView\" focused=\"false\" height=\"795\" label=\"Network Demos All requests are auto-instrumented by the SDK Fetch Data Fetch Error Fetch Multiple (3) XHR Request Log: Vertical scroll bar, 1 page Horizontal scroll bar, 1 page Network\" ptr=\"0x1088fed00\" visibility=\"visible\" width=\"402\" x=\"0\" y=\"0\">\n                                                        <RCTView alpha=\"1.0\" class=\"RCTView\" focused=\"false\" height=\"795\" label=\"Network Demos All requests are auto-instrumented by the SDK Fetch Data Fetch Error Fetch Multiple (3) XHR Request Log: Vertical scroll bar, 1 page Horizontal scroll bar, 1 page Network\" ptr=\"0x10d29e300\" visibility=\"visible\" width=\"402\" x=\"0\" y=\"0\">\n                                                            <RCTView alpha=\"1.0\" class=\"RCTView\" focused=\"false\" height=\"795\" label=\"Network Demos All requests are auto-instrumented by the SDK Fetch Data Fetch Error Fetch Multiple (3) XHR Request Log: Vertical scroll bar, 1 page Horizontal scroll bar, 1 page Network\" ptr=\"0x10d29df80\" visibility=\"visible\" width=\"402\" x=\"0\" y=\"0\">\n                                                                <RCTView alpha=\"1.0\" class=\"RCTView\" focused=\"false\" height=\"795\" label=\"Network Demos All requests are auto-instrumented by the SDK Fetch Data Fetch Error Fetch Multiple (3) XHR Request Log: Vertical scroll bar, 1 page Horizontal scroll bar, 1 page Network\" ptr=\"0x10d29dc00\" visibility=\"visible\" width=\"402\" x=\"0\" y=\"0\">\n                                                                    <RNSScreenStackView alpha=\"1.0\" class=\"RNSScreenStackView\" focused=\"false\" height=\"795\" ptr=\"0x10d36a800\" visibility=\"visible\" width=\"402\" x=\"0\" y=\"0\">\n                                                                        <UILayoutContainerView alpha=\"1.0\" class=\"UILayoutContainerView\" focused=\"false\" height=\"795\" ptr=\"0x10bc91dc0\" visibility=\"visible\" width=\"402\" x=\"0\" y=\"0\">\n                                                                            <UINavigationTransitionView alpha=\"1.0\" class=\"UINavigationTransitionView\" focused=\"false\" height=\"795\" ptr=\"0x10bc92a00\" visibility=\"visible\" width=\"402\" x=\"0\" y=\"0\">\n                                                                                <UIViewControllerWrapperView alpha=\"1.0\" class=\"UIViewControllerWrapperView\" focused=\"false\" height=\"795\" ptr=\"0x10bc93b80\" visibility=\"visible\" width=\"402\" x=\"0\" y=\"0\">\n                                                                                    <RNSScreenView alpha=\"1.0\" class=\"RNSScreenView\" focused=\"false\" height=\"679\" label=\"Network Demos All requests are auto-instrumented by the SDK Fetch Data Fetch Error Fetch Multiple (3) XHR Request Log: Vertical scroll bar, 1 page Horizontal scroll bar, 1 page\" ptr=\"0x11b6fd900\" visibility=\"visible\" width=\"402\" x=\"0\" y=\"116\">\n                                                                                        <RCTView alpha=\"1.0\" class=\"RCTView\" focused=\"false\" height=\"679\" label=\"Network Demos All requests are auto-instrumented by the SDK Fetch Data Fetch Error Fetch Multiple (3) XHR Request Log: Vertical scroll bar, 1 page Horizontal scroll bar, 1 page\" ptr=\"0x11b6f7b80\" visibility=\"visible\" width=\"402\" x=\"0\" y=\"0\">\n                                                                                            <RCTView alpha=\"1.0\" class=\"RCTView\" focused=\"false\" height=\"679\" label=\"Network Demos All requests are auto-instrumented by the SDK Fetch Data Fetch Error Fetch Multiple (3) XHR Request Log: Vertical scroll bar, 1 page Horizontal scroll bar, 1 page\" ptr=\"0x11b6f7800\" visibility=\"visible\" width=\"402\" x=\"0\" y=\"0\">\n                                                                                                <RCTSafeAreaView alpha=\"1.0\" class=\"RCTSafeAreaView\" focused=\"false\" height=\"679\" label=\"Network Demos All requests are auto-instrumented by the SDK Fetch Data Fetch Error Fetch Multiple (3) XHR Request Log: Vertical scroll bar, 1 page Horizontal scroll bar, 1 page\" ptr=\"0x10899ec00\" visibility=\"visible\" width=\"402\" x=\"0\" y=\"0\">\n                                                                                                    <RCTScrollView alpha=\"1.0\" class=\"RCTScrollView\" focused=\"false\" height=\"679\" label=\"Network Demos All requests are auto-instrumented by the SDK Fetch Data Fetch Error Fetch Multiple (3) XHR Request Log: Vertical scroll bar, 1 page Horizontal scroll bar, 1 page\" ptr=\"0x11b6fd400\" visibility=\"visible\" width=\"402\" x=\"0\" y=\"0\">\n                                                                                                        <RCTCustomScrollView alpha=\"1.0\" class=\"RCTCustomScrollView\" focused=\"false\" height=\"679\" ptr=\"0x108b8ca00\" visibility=\"visible\" width=\"402\" x=\"0\" y=\"0\">\n                                                                                                            <RCTScrollContentView alpha=\"1.0\" class=\"RCTScrollContentView\" focused=\"false\" height=\"210\" label=\"Network Demos All requests are auto-instrumented by the SDK Fetch Data Fetch Error Fetch Multiple (3) XHR Request Log:\" ptr=\"0x11b6f7480\" visibility=\"visible\" width=\"370\" x=\"16\" y=\"16\">\n                                                                                                                <RCTTextView alpha=\"1.0\" class=\"RCTTextView\" focused=\"false\" height=\"26\" label=\"Network Demos\" ptr=\"0x11b758a00\" text=\"Network Demos\" visibility=\"visible\" width=\"370\" x=\"0\" y=\"0\" />\n                                                                                                                <RCTTextView alpha=\"1.0\" class=\"RCTTextView\" focused=\"false\" height=\"16\" label=\"All requests are auto-instrumented by the SDK\" ptr=\"0x11b758c00\" text=\"All requests are auto-instrumented by the SDK\" visibility=\"visible\" width=\"370\" x=\"0\" y=\"30\" />\n                                                                                                                <RCTView alpha=\"1.0\" class=\"RCTView\" focused=\"false\" height=\"71\" label=\"Fetch Data Fetch Error Fetch Multiple (3) XHR Request\" ptr=\"0x11b6f6d80\" visibility=\"visible\" width=\"370\" x=\"0\" y=\"62\">\n                                                                                                                    <RCTView alpha=\"1.0\" class=\"RCTView\" focused=\"false\" height=\"31\" id=\"network-btn-fetch\" label=\"Fetch Data\" ptr=\"0x11b6f5f80\" visibility=\"visible\" width=\"92\" x=\"0\" y=\"0\">\n                                                                                                                        <RCTTextView alpha=\"1.0\" class=\"RCTTextView\" focused=\"false\" height=\"16\" label=\"Fetch Data\" ptr=\"0x11b758e00\" text=\"Fetch Data\" visibility=\"visible\" width=\"68\" x=\"12\" y=\"8\" />\n                                                                                                                    </RCTView>\n                                                                                                                    <RCTView alpha=\"1.0\" class=\"RCTView\" focused=\"false\" height=\"31\" id=\"network-btn-fetch-error\" label=\"Fetch Error\" ptr=\"0x11b6f6300\" visibility=\"visible\" width=\"94\" x=\"100\" y=\"0\">\n                                                                                                                        <RCTTextView alpha=\"1.0\" class=\"RCTTextView\" focused=\"false\" height=\"16\" label=\"Fetch Error\" ptr=\"0x11b759000\" text=\"Fetch Error\" visibility=\"visible\" width=\"71\" x=\"12\" y=\"8\" />\n                                                                                                                    </RCTView>\n                                                                                                                    <RCTView alpha=\"1.0\" class=\"RCTView\" focused=\"false\" height=\"31\" id=\"network-btn-fetch-multiple\" label=\"Fetch Multiple (3)\" ptr=\"0x11b6f6680\" visibility=\"visible\" width=\"136\" x=\"203\" y=\"0\">\n                                                                                                                        <RCTTextView alpha=\"1.0\" class=\"RCTTextView\" focused=\"false\" height=\"16\" label=\"Fetch Multiple (3)\" ptr=\"0x11b759200\" text=\"Fetch Multiple (3)\" visibility=\"visible\" width=\"112\" x=\"12\" y=\"8\" />\n                                                                                                                    </RCTView>\n                                                                                                                    <RCTView alpha=\"1.0\" class=\"RCTView\" focused=\"false\" height=\"31\" id=\"network-btn-xhr\" label=\"XHR Request\" ptr=\"0x11b6f6a00\" visibility=\"visible\" width=\"107\" x=\"0\" y=\"39\">\n                                                                                                                        <RCTTextView alpha=\"1.0\" class=\"RCTTextView\" focused=\"false\" height=\"16\" label=\"XHR Request\" ptr=\"0x11b759400\" text=\"XHR Request\" visibility=\"visible\" width=\"83\" x=\"12\" y=\"8\" />\n                                                                                                                    </RCTView>\n                                                                                                                </RCTView>\n                                                                                                                <RCTView alpha=\"1.0\" class=\"RCTView\" focused=\"false\" height=\"45\" id=\"network-result\" label=\"Log:\" ptr=\"0x11b6f7100\" visibility=\"visible\" width=\"370\" x=\"0\" y=\"149\">\n                                                                                                                    <RCTTextView alpha=\"1.0\" class=\"RCTTextView\" focused=\"false\" height=\"17\" label=\"Log:\" ptr=\"0x11b759600\" text=\"Log:\" visibility=\"visible\" width=\"346\" x=\"12\" y=\"12\" />\n                                                                                                                </RCTView>\n                                                                                                            </RCTScrollContentView>\n                                                                                                            <_UIScrollViewScrollIndicator alpha=\"0.0\" class=\"_UIScrollViewScrollIndicator\" focused=\"false\" height=\"204\" label=\"Vertical scroll bar, 1 page\" ptr=\"0x11b759e00\" value=\"0%\" visibility=\"visible\" width=\"3\" x=\"396\" y=\"587\">\n                                                                                                                <UIView alpha=\"1.0\" class=\"UIView\" focused=\"false\" height=\"204\" ptr=\"0x10bcb3640\" visibility=\"visible\" width=\"3\" x=\"0\" y=\"0\" />\n                                                                                                            </_UIScrollViewScrollIndicator>\n                                                                                                            <_UIScrollViewScrollIndicator alpha=\"0.0\" class=\"_UIScrollViewScrollIndicator\" focused=\"false\" height=\"3\" label=\"Horizontal scroll bar, 1 page\" ptr=\"0x11b759c00\" value=\"0%\" visibility=\"visible\" width=\"364\" x=\"35\" y=\"673\">\n                                                                                                                <UIView alpha=\"1.0\" class=\"UIView\" focused=\"false\" height=\"3\" ptr=\"0x10bcb32c0\" visibility=\"visible\" width=\"364\" x=\"0\" y=\"0\" />\n                                                                                                            </_UIScrollViewScrollIndicator>\n                                                                                                        </RCTCustomScrollView>\n                                                                                                    </RCTScrollView>\n                                                                                                </RCTSafeAreaView>\n                                                                                            </RCTView>\n                                                                                        </RCTView>\n                                                                                    </RNSScreenView>\n                                                                                </UIViewControllerWrapperView>\n                                                                            </UINavigationTransitionView>\n                                                                            <UINavigationBar alpha=\"1.0\" class=\"UINavigationBar\" focused=\"false\" height=\"54\" id=\"Network\" ptr=\"0x10bdcaa00\" visibility=\"visible\" width=\"402\" x=\"0\" y=\"62\">\n                                                                                <_UIBarBackground alpha=\"1.0\" class=\"_UIBarBackground\" focused=\"false\" height=\"116\" ptr=\"0x11b63e800\" visibility=\"visible\" width=\"402\" x=\"0\" y=\"-62\">\n                                                                                    <UIImageView alpha=\"1.0\" class=\"UIImageView\" focused=\"false\" height=\"116\" ptr=\"0x10d36bc00\" visibility=\"visible\" width=\"402\" x=\"0\" y=\"0\" />\n                                                                                    <_UIBarBackgroundShadowView alpha=\"1.0\" class=\"_UIBarBackgroundShadowView\" focused=\"false\" height=\"0\" ptr=\"0x11b63f200\" visibility=\"visible\" width=\"402\" x=\"0\" y=\"116\">\n                                                                                        <_UIBarBackgroundShadowContentImageView alpha=\"1.0\" class=\"_UIBarBackgroundShadowContentImageView\" focused=\"false\" height=\"0\" ptr=\"0x11b63f480\" visibility=\"visible\" width=\"402\" x=\"0\" y=\"0\" />\n                                                                                    </_UIBarBackgroundShadowView>\n                                                                                </_UIBarBackground>\n                                                                                <UIKit.NavigationBarContentView alpha=\"1.0\" class=\"UIKit.NavigationBarContentView\" focused=\"false\" height=\"54\" ptr=\"0x108975800\" visibility=\"visible\" width=\"402\" x=\"0\" y=\"0\">\n                                                                                    <UIKit.NavigationBarTransitionContainer alpha=\"1.0\" class=\"UIKit.NavigationBarTransitionContainer\" focused=\"false\" height=\"54\" ptr=\"0x10d36ac00\" visibility=\"visible\" width=\"402\" x=\"0\" y=\"0\">\n                                                                                        <_UINavigationBarHostedViewContainer alpha=\"1.0\" class=\"_UINavigationBarHostedViewContainer\" focused=\"false\" height=\"54\" ptr=\"0x10bc92140\" visibility=\"visible\" width=\"402\" x=\"0\" y=\"0\">\n                                                                                            <_UINavigationBarHostedViewWrapper alpha=\"1.0\" class=\"_UINavigationBarHostedViewWrapper\" focused=\"false\" height=\"20\" ptr=\"0x11b75b200\" visibility=\"visible\" width=\"68\" x=\"167\" y=\"11\">\n                                                                                                <_UINavigationBarTitleControl alpha=\"1.0\" class=\"_UINavigationBarTitleControl\" focused=\"false\" height=\"20\" ptr=\"0x11b701200\" visibility=\"visible\" width=\"68\" x=\"0\" y=\"0\">\n                                                                                                    <_UIIntrinsicContentSizeInvalidationForwardingWrapperView alpha=\"1.0\" class=\"_UIIntrinsicContentSizeInvalidationForwardingWrapperView\" focused=\"false\" height=\"20\" ptr=\"0x10bcb8a80\" visibility=\"visible\" width=\"68\" x=\"0\" y=\"0\">\n                                                                                                        <UILabel alpha=\"1.0\" class=\"UILabel\" focused=\"false\" height=\"20\" label=\"Network\" ptr=\"0x11b7dc380\" text=\"Network\" visibility=\"visible\" width=\"67\" x=\"0\" y=\"0\" />\n                                                                                                    </_UIIntrinsicContentSizeInvalidationForwardingWrapperView>\n                                                                                                </_UINavigationBarTitleControl>\n                                                                                            </_UINavigationBarHostedViewWrapper>\n                                                                                        </_UINavigationBarHostedViewContainer>\n                                                                                        <UIView alpha=\"1.0\" class=\"UIView\" focused=\"false\" height=\"54\" ptr=\"0x10bc91f80\" visibility=\"visible\" width=\"402\" x=\"0\" y=\"0\" />\n                                                                                        <UIKit.NavigationBarPlatterContainer alpha=\"1.0\" class=\"UIKit.NavigationBarPlatterContainer\" focused=\"false\" height=\"54\" ptr=\"0x10bc92300\" visibility=\"visible\" width=\"402\" x=\"0\" y=\"0\">\n                                                                                            <_UINavigationBarPlatterView alpha=\"1.0\" class=\"_UINavigationBarPlatterView\" focused=\"false\" height=\"44\" ptr=\"0x11b701800\" visibility=\"visible\" width=\"44\" x=\"16\" y=\"0\">\n                                                                                                <_UINavigationBarPlatterAnimationView alpha=\"1.0\" class=\"_UINavigationBarPlatterAnimationView\" focused=\"false\" height=\"44\" ptr=\"0x10bcb9dc0\" visibility=\"visible\" width=\"44\" x=\"0\" y=\"0\">\n                                                                                                    <_UINavigationBarPlatterAnimationView alpha=\"1.0\" class=\"_UINavigationBarPlatterAnimationView\" focused=\"false\" height=\"44\" ptr=\"0x10bcba140\" visibility=\"visible\" width=\"44\" x=\"0\" y=\"0\">\n                                                                                                        <_UINavigationBarPlatterAnimationView alpha=\"1.0\" class=\"_UINavigationBarPlatterAnimationView\" focused=\"false\" height=\"48\" ptr=\"0x10bcba300\" visibility=\"visible\" width=\"48\" x=\"-2\" y=\"-2\">\n                                                                                                            <_UINavigationBarPlatterAnimationView alpha=\"1.0\" class=\"_UINavigationBarPlatterAnimationView\" focused=\"false\" height=\"40\" ptr=\"0x10bcba4c0\" visibility=\"visible\" width=\"40\" x=\"1\" y=\"1\">\n                                                                                                                <_UINavigationBarPlatterContentView alpha=\"1.0\" class=\"_UINavigationBarPlatterContentView\" focused=\"false\" height=\"44\" ptr=\"0x10bcba680\" visibility=\"visible\" width=\"44\" x=\"0\" y=\"0\">\n                                                                                                                    <_UINavigationBarPlatterGlassView alpha=\"1.0\" class=\"_UINavigationBarPlatterGlassView\" focused=\"false\" height=\"44\" ptr=\"0x10bcba840\" visibility=\"visible\" width=\"44\" x=\"0\" y=\"0\">\n                                                                                                                        <_UINavigationBarPlatterSubviewContainerView alpha=\"1.0\" class=\"_UINavigationBarPlatterSubviewContainerView\" focused=\"false\" height=\"44\" ptr=\"0x10bcbaa00\" visibility=\"visible\" width=\"44\" x=\"0\" y=\"0\">\n                                                                                                                            <_UINavigationBarPlatterItemView alpha=\"1.0\" class=\"_UINavigationBarPlatterItemView\" focused=\"false\" height=\"44\" ptr=\"0x11b7d2f80\" visibility=\"visible\" width=\"44\" x=\"0\" y=\"0\">\n                                                                                                                                <_UIButtonBarButton alpha=\"1.0\" class=\"_UIButtonBarButton\" focused=\"false\" height=\"44\" id=\"BackButton\" ptr=\"0x11b7d2800\" visibility=\"visible\" width=\"44\" x=\"0\" y=\"0\">\n                                                                                                                                    <_TtCC5UIKit29ButtonBarButtonVisualProviderP33_A98CD29F4F6ECA17AFECE41BBB264E5918BackButtonMaskView alpha=\"1.0\" class=\"_TtCC5UIKit29ButtonBarButtonVisualProviderP33_A98CD29F4F6ECA17AFECE41BBB264E5918BackButtonMaskView\" focused=\"false\" height=\"44\" ptr=\"0x10bcb8540\" visibility=\"invisible\" width=\"44\" x=\"0\" y=\"0\">\n                                                                                                                                        <UIImageView alpha=\"1.0\" class=\"UIImageView\" focused=\"false\" height=\"28\" id=\"UINavigationBarTitleTransitionBackIndicatorMaskSymbol\" ptr=\"0x11b75a800\" visibility=\"visible\" width=\"19\" x=\"0\" y=\"8\" />\n                                                                                                                                        <UIView alpha=\"1.0\" class=\"UIView\" focused=\"false\" height=\"44\" ptr=\"0x10bcb8700\" visibility=\"visible\" width=\"0\" x=\"44\" y=\"0\" />\n                                                                                                                                    </_TtCC5UIKit29ButtonBarButtonVisualProviderP33_A98CD29F4F6ECA17AFECE41BBB264E5918BackButtonMaskView>\n                                                                                                                                    <_TtCC5UIKit29ButtonBarButtonVisualProviderP33_A98CD29F4F6ECA17AFECE41BBB264E596Button alpha=\"1.0\" class=\"_TtCC5UIKit29ButtonBarButtonVisualProviderP33_A98CD29F4F6ECA17AFECE41BBB264E596Button\" focused=\"false\" height=\"23\" label=\"Back\" ptr=\"0x11b7dc000\" visibility=\"visible\" width=\"44\" x=\"0\" y=\"10\">\n                                                                                                                                        <UIImageView alpha=\"1.0\" class=\"UIImageView\" focused=\"false\" height=\"23\" id=\"chevron.backward\" label=\"Back\" ptr=\"0x11b75aa00\" visibility=\"visible\" width=\"16\" x=\"13\" y=\"0\" />\n                                                                                                                                    </_TtCC5UIKit29ButtonBarButtonVisualProviderP33_A98CD29F4F6ECA17AFECE41BBB264E596Button>\n                                                                                                                                </_UIButtonBarButton>\n                                                                                                                            </_UINavigationBarPlatterItemView>\n                                                                                                                        </_UINavigationBarPlatterSubviewContainerView>\n                                                                                                                    </_UINavigationBarPlatterGlassView>\n                                                                                                                </_UINavigationBarPlatterContentView>\n                                                                                                            </_UINavigationBarPlatterAnimationView>\n                                                                                                        </_UINavigationBarPlatterAnimationView>\n                                                                                                    </_UINavigationBarPlatterAnimationView>\n                                                                                                </_UINavigationBarPlatterAnimationView>\n                                                                                            </_UINavigationBarPlatterView>\n                                                                                        </UIKit.NavigationBarPlatterContainer>\n                                                                                    </UIKit.NavigationBarTransitionContainer>\n                                                                                </UIKit.NavigationBarContentView>\n                                                                                <_UIPointerInteractionAssistantEffectContainerView alpha=\"1.0\" class=\"_UIPointerInteractionAssistantEffectContainerView\" focused=\"false\" height=\"0\" ptr=\"0x10bc93480\" visibility=\"visible\" width=\"0\" x=\"0\" y=\"0\" />\n                                                                            </UINavigationBar>\n                                                                            <_UIFloatingBarContainerView alpha=\"1.0\" class=\"_UIFloatingBarContainerView\" focused=\"false\" height=\"795\" ptr=\"0x10d36b000\" visibility=\"visible\" width=\"402\" x=\"0\" y=\"0\">\n                                                                                <_TtGC5UIKitP10$186ea25a022FloatingBarHostingViewVS_20FloatingBarContainer_ alpha=\"1.0\" class=\"_TtGC5UIKitP10$186ea25a022FloatingBarHostingViewVS_20FloatingBarContainer_\" focused=\"false\" height=\"795\" ptr=\"0x10d36b800\" visibility=\"visible\" width=\"402\" x=\"0\" y=\"0\" />\n                                                                                <_UIPointerInteractionAssistantEffectContainerView alpha=\"1.0\" class=\"_UIPointerInteractionAssistantEffectContainerView\" focused=\"false\" height=\"0\" ptr=\"0x10bc92f40\" visibility=\"visible\" width=\"0\" x=\"0\" y=\"0\" />\n                                                                            </_UIFloatingBarContainerView>\n                                                                        </UILayoutContainerView>\n                                                                    </RNSScreenStackView>\n                                                                </RCTView>\n                                                            </RCTView>\n                                                        </RCTView>\n                                                    </RNSScreenView>\n                                                </UIViewControllerWrapperView>\n                                            </UINavigationTransitionView>\n                                            <UINavigationBar alpha=\"1.0\" class=\"UINavigationBar\" focused=\"false\" height=\"54\" id=\"RNSScreen\" ptr=\"0x10bdc8600\" visibility=\"invisible\" width=\"402\" x=\"0\" y=\"-116\">\n                                                <_UIBarBackground alpha=\"1.0\" class=\"_UIBarBackground\" focused=\"false\" height=\"116\" ptr=\"0x10d055900\" visibility=\"visible\" width=\"402\" x=\"0\" y=\"-62\" />\n                                                <_UIPointerInteractionAssistantEffectContainerView alpha=\"1.0\" class=\"_UIPointerInteractionAssistantEffectContainerView\" focused=\"false\" height=\"0\" ptr=\"0x108bed6c0\" visibility=\"visible\" width=\"0\" x=\"0\" y=\"0\" />\n                                            </UINavigationBar>\n                                            <_UIFloatingBarContainerView alpha=\"1.0\" class=\"_UIFloatingBarContainerView\" focused=\"false\" height=\"795\" ptr=\"0x10be0a200\" visibility=\"visible\" width=\"402\" x=\"0\" y=\"0\">\n                                                <_TtGC5UIKitP10$186ea25a022FloatingBarHostingViewVS_20FloatingBarContainer_ alpha=\"1.0\" class=\"_TtGC5UIKitP10$186ea25a022FloatingBarHostingViewVS_20FloatingBarContainer_\" focused=\"false\" height=\"795\" ptr=\"0x10be0aa00\" visibility=\"visible\" width=\"402\" x=\"0\" y=\"0\" />\n                                                <_UIPointerInteractionAssistantEffectContainerView alpha=\"1.0\" class=\"_UIPointerInteractionAssistantEffectContainerView\" focused=\"false\" height=\"0\" ptr=\"0x108bdc380\" visibility=\"visible\" width=\"0\" x=\"0\" y=\"0\" />\n                                            </_UIFloatingBarContainerView>\n                                        </UILayoutContainerView>\n                                    </RNSScreenNavigationContainerView>\n                                    <RCTView alpha=\"1.0\" class=\"RCTView\" focused=\"false\" height=\"79\" label=\"Home, tab, 1 of 3 Demos, tab, 2 of 3 Settings, tab, 3 of 3\" ptr=\"0x10d1a6d80\" visibility=\"visible\" width=\"402\" x=\"0\" y=\"795\">\n                                        <RCTView alpha=\"1.0\" class=\"RCTView\" focused=\"false\" height=\"78\" ptr=\"0x1089d3b80\" visibility=\"visible\" width=\"402\" x=\"0\" y=\"0\" />\n                                        <RCTView alpha=\"1.0\" class=\"RCTView\" focused=\"false\" height=\"48\" label=\"Home, tab, 1 of 3 Demos, tab, 2 of 3 Settings, tab, 3 of 3\" ptr=\"0x10d1a6a00\" visibility=\"visible\" width=\"402\" x=\"0\" y=\"0\">\n                                            <RCTView alpha=\"1.0\" class=\"RCTView\" focused=\"false\" height=\"48\" id=\"tab-home\" label=\"Home, tab, 1 of 3\" ptr=\"0x10d1a4a80\" visibility=\"visible\" width=\"134\" x=\"0\" y=\"0\">\n                                                <RCTView alpha=\"1.0\" class=\"RCTView\" focused=\"false\" height=\"34\" label=\"H H\" ptr=\"0x10d1a4700\" visibility=\"visible\" width=\"0\" x=\"67\" y=\"0\">\n                                                    <RCTView alpha=\"0.0\" class=\"RCTView\" focused=\"false\" height=\"34\" label=\"H\" ptr=\"0x10d1a4000\" visibility=\"visible\" width=\"134\" x=\"-67\" y=\"0\">\n                                                        <RCTTextView alpha=\"1.0\" class=\"RCTTextView\" focused=\"false\" height=\"22\" label=\"H\" ptr=\"0x10be0ac00\" text=\"H\" visibility=\"visible\" width=\"13\" x=\"60\" y=\"6\" />\n                                                    </RCTView>\n                                                    <RCTView alpha=\"1.0\" class=\"RCTView\" focused=\"false\" height=\"34\" label=\"H\" ptr=\"0x10d1a4380\" visibility=\"visible\" width=\"134\" x=\"-67\" y=\"0\">\n                                                        <RCTTextView alpha=\"1.0\" class=\"RCTTextView\" focused=\"false\" height=\"22\" label=\"H\" ptr=\"0x10be0ae00\" text=\"H\" visibility=\"visible\" width=\"13\" x=\"60\" y=\"6\" />\n                                                    </RCTView>\n                                                </RCTView>\n                                                <RCTTextView alpha=\"1.0\" class=\"RCTTextView\" focused=\"false\" height=\"14\" label=\"Home\" ptr=\"0x10be0b000\" text=\"Home\" visibility=\"visible\" width=\"34\" x=\"50\" y=\"34\" />\n                                            </RCTView>\n                                            <RCTView alpha=\"1.0\" class=\"RCTView\" focused=\"false\" height=\"48\" id=\"tab-demos\" label=\"Demos, tab, 2 of 3\" ptr=\"0x10d1a5880\" visibility=\"visible\" width=\"134\" x=\"134\" y=\"0\">\n                                                <RCTView alpha=\"1.0\" class=\"RCTView\" focused=\"false\" height=\"34\" label=\"D D\" ptr=\"0x10d1a5500\" visibility=\"visible\" width=\"0\" x=\"67\" y=\"0\">\n                                                    <RCTView alpha=\"1.0\" class=\"RCTView\" focused=\"false\" height=\"34\" label=\"D\" ptr=\"0x10d1a4e00\" visibility=\"visible\" width=\"134\" x=\"-67\" y=\"0\">\n                                                        <RCTTextView alpha=\"1.0\" class=\"RCTTextView\" focused=\"false\" height=\"22\" label=\"D\" ptr=\"0x10be0b200\" text=\"D\" visibility=\"visible\" width=\"13\" x=\"60\" y=\"6\" />\n                                                    </RCTView>\n                                                    <RCTView alpha=\"0.0\" class=\"RCTView\" focused=\"false\" height=\"34\" label=\"D\" ptr=\"0x10d1a5180\" visibility=\"visible\" width=\"134\" x=\"-67\" y=\"0\">\n                                                        <RCTTextView alpha=\"1.0\" class=\"RCTTextView\" focused=\"false\" height=\"22\" label=\"D\" ptr=\"0x10be0b400\" text=\"D\" visibility=\"visible\" width=\"13\" x=\"60\" y=\"6\" />\n                                                    </RCTView>\n                                                </RCTView>\n                                                <RCTTextView alpha=\"1.0\" class=\"RCTTextView\" focused=\"false\" height=\"14\" label=\"Demos\" ptr=\"0x10be0b600\" text=\"Demos\" visibility=\"visible\" width=\"40\" x=\"47\" y=\"34\" />\n                                            </RCTView>\n                                            <RCTView alpha=\"1.0\" class=\"RCTView\" focused=\"false\" height=\"48\" id=\"tab-settings\" label=\"Settings, tab, 3 of 3\" ptr=\"0x10d1a6680\" visibility=\"visible\" width=\"134\" x=\"268\" y=\"0\">\n                                                <RCTView alpha=\"1.0\" class=\"RCTView\" focused=\"false\" height=\"34\" label=\"S S\" ptr=\"0x10d1a6300\" visibility=\"visible\" width=\"0\" x=\"67\" y=\"0\">\n                                                    <RCTView alpha=\"0.0\" class=\"RCTView\" focused=\"false\" height=\"34\" label=\"S\" ptr=\"0x10d1a5c00\" visibility=\"visible\" width=\"134\" x=\"-67\" y=\"0\">\n                                                        <RCTTextView alpha=\"1.0\" class=\"RCTTextView\" focused=\"false\" height=\"22\" label=\"S\" ptr=\"0x10be0b800\" text=\"S\" visibility=\"visible\" width=\"11\" x=\"61\" y=\"6\" />\n                                                    </RCTView>\n                                                    <RCTView alpha=\"1.0\" class=\"RCTView\" focused=\"false\" height=\"34\" label=\"S\" ptr=\"0x10d1a5f80\" visibility=\"visible\" width=\"134\" x=\"-67\" y=\"0\">\n                                                        <RCTTextView alpha=\"1.0\" class=\"RCTTextView\" focused=\"false\" height=\"22\" label=\"S\" ptr=\"0x10be0ba00\" text=\"S\" visibility=\"visible\" width=\"11\" x=\"61\" y=\"6\" />\n                                                    </RCTView>\n                                                </RCTView>\n                                                <RCTTextView alpha=\"1.0\" class=\"RCTTextView\" focused=\"false\" height=\"14\" label=\"Settings\" ptr=\"0x10be0bc00\" text=\"Settings\" visibility=\"visible\" width=\"47\" x=\"43\" y=\"34\" />\n                                            </RCTView>\n                                        </RCTView>\n                                    </RCTView>\n                                </RNCSafeAreaProvider>\n                            </RCTView>\n                        </RCTView>\n                    </RCTRootContentView>\n                </RCTRootView>\n            </UIDropShadowView>\n        </UITransitionView>\n    </UIWindow>\n</ViewHierarchy>","details":"Failed expectation: TOBEVISIBLE WITH MATCHER(id == “network-btn-fetch”), View “<RCTView: 0x11b6f5f80>” is not visible: View does not pass visibility percent threshold (75)","windows":["<UIWindow: 0x10899c800; frame = (0 0; 402 874);>","<DTXTouchVisualizerWindow: 0x1088fc500; frame = (0 0; 402 874);>"],"elementAttributes":{"activationPoint":{"x":46.16666793823242,"y":15.833332061767578},"elementFrame":{"y":0,"x":0,"width":92.33333587646484,"height":31.666664123535156},"label":"Fetch Data","elementSafeBounds":{"y":0,"x":0,"width":92.33333587646484,"height":31.666664123535156},"elementBounds":{"y":0,"x":0,"width":92.33333587646484,"height":31.666664123535156},"frame":{"y":194,"x":16,"width":92.33333587646484,"height":31.666664123535156},"className":"RCTView","identifier":"network-btn-fetch","normalizedActivationPoint":{"x":0.5,"y":0.5},"enabled":true,"safeAreaInsets":{"right":0,"top":0,"left":0,"bottom":0},"layer":"<CALayer: 0x11b750900>","hittable":false,"visible":false},"viewDescription":"<RCTView: 0x11b6f5f80; frame = (0 0; 92.3333 31.6667); backgroundColor = UIExtendedSRGBColorSpace 0 0.478431 1 1; layer = <CALayer: 0x11b750900>> reactTag: 439; frame = {{0, 0}, {92.333335876464844, 31.666664123535156}}; layer = <CALayer: 0x11b750900>","DetoxFailureInformation":{"lineNumber":230,"file":"/Users/builder/uibuilder/work/detox/ios/Detox/Invocation/Expectation.swift","functionName":"_evaluate()"}},"messageId":20}
   
23:23:48.726 detox[66809] i starting FileArtifact
23:23:48.726 detox[66809] i stopping FileArtifact
23:23:48.726 detox[66809] i starting FileArtifact
23:23:48.727 detox[66809] i stopping FileArtifact
23:23:48.727 detox[66809] E expect element to be visible
  error: Test Failed: Failed expectation: TOBEVISIBLE WITH MATCHER(id == “network-btn-fetch”), View “<RCTView: 0x11b6f5f80>” is not visible: View does not pass visibility percent threshold (75)
  
  HINT: To print view hierarchy on failed actions/matches, use log-level verbose or higher.
23:23:48.727 detox[66809] B onTestFnFailure
  args: ({"error":{"name":"DetoxRuntimeError"}})
23:23:48.727 detox[66809] i starting SimulatorScreenshot
23:23:48.727 detox[66809] i /usr/bin/xcrun simctl io B7E9BAD6-0C0D-41EE-BE0C-D49BF485382E screenshot "/private/var/folders/nd/_cs61jn95mx_wzcmldgt15p00000gn/T/detox-66809-XblmmV.detox.png"
23:23:48.909 detox[66809] i Detected file type from extension: PNG
Note: No display specified. Defaulting to display: 1CF89121-203F-41F0-8702-803F5499D5AE (screenID: 1, name: LCD)
Wrote screenshot to: /private/var/folders/nd/_cs61jn95mx_wzcmldgt15p00000gn/T/detox-66809-XblmmV.detox.png

23:23:48.909 detox[66809] i stopping SimulatorScreenshot
23:23:48.909 detox[66809] E onTestFnFailure
23:23:48.910 detox[66809] E test_fn
  error: Test Failed: Failed expectation: TOBEVISIBLE WITH MATCHER(id == “network-btn-fetch”), View “<RCTView: 0x11b6f5f80>” is not visible: View does not pass visibility percent threshold (75)
  
  HINT: To print view hierarchy on failed actions/matches, use log-level verbose or higher.
23:23:48.910 detox[66809] B onTestDone
  args: ({"title":"navigates to Network demo and interacts","fullName":"React Navigation Example Demo Screens navigates to Network demo and interacts","status":"failed","invocations":1,"timedOut":false})
23:23:48.910 detox[66809] i starting SimulatorScreenshot
23:23:48.910 detox[66809] i /usr/bin/xcrun simctl io B7E9BAD6-0C0D-41EE-BE0C-D49BF485382E screenshot "/private/var/folders/nd/_cs61jn95mx_wzcmldgt15p00000gn/T/detox-66809-imtTZR.detox.png"
23:23:48.911 detox[66809] i stopping SimulatorVideoRecording
23:23:48.913 detox[66809] i sending SIGINT to: /usr/bin/xcrun simctl io B7E9BAD6-0C0D-41EE-BE0C-D49BF485382E recordVideo /private/var/folders/nd/_cs61jn95mx_wzcmldgt15p00000gn/T/detox-66809-i6CGIJ.detox.mp4
23:23:48.995 detox[66809] i Recording completed. Writing to disk.

Wrote video to: /private/var/folders/nd/_cs61jn95mx_wzcmldgt15p00000gn/T/detox-66809-i6CGIJ.detox.mp4

23:23:48.996 detox[66809] i /usr/bin/xcrun simctl io B7E9BAD6-0C0D-41EE-BE0C-D49BF485382E recordVideo /private/var/folders/nd/_cs61jn95mx_wzcmldgt15p00000gn/T/detox-66809-i6CGIJ.detox.mp4 exited with code #0
23:23:48.997 detox[66809] i saving SimulatorVideoRecording to: artifacts/ios.sim.release.2026-04-10 16-23-27Z/✗ React Navigation Example Demo Screens navigates to Network demo and interacts/test.mp4
23:23:48.997 detox[66809] i moving "/private/var/folders/nd/_cs61jn95mx_wzcmldgt15p00000gn/T/detox-66809-i6CGIJ.detox.mp4" to artifacts/ios.sim.release.2026-04-10 16-23-27Z/✗ React Navigation Example Demo Screens navigates to Network demo and interacts/test.mp4
23:23:49.085 detox[66809] i Detected file type from extension: PNG
Note: No display specified. Defaulting to display: 1CF89121-203F-41F0-8702-803F5499D5AE (screenID: 1, name: LCD)
Wrote screenshot to: /private/var/folders/nd/_cs61jn95mx_wzcmldgt15p00000gn/T/detox-66809-imtTZR.detox.png

23:23:49.085 detox[66809] i stopping SimulatorScreenshot
23:23:49.085 detox[66809] i stopping SimulatorLogRecording
23:23:49.085 detox[66809] i saving SimulatorScreenshot to: artifacts/ios.sim.release.2026-04-10 16-23-27Z/✗ React Navigation Example Demo Screens navigates to Network demo and interacts/testStart.png
23:23:49.086 detox[66809] i moving "/private/var/folders/nd/_cs61jn95mx_wzcmldgt15p00000gn/T/detox-66809-j3sVnR.detox.png" to artifacts/ios.sim.release.2026-04-10 16-23-27Z/✗ React Navigation Example Demo Screens navigates to Network demo and interacts/testStart.png
23:23:49.086 detox[66809] i saving FileArtifact to: artifacts/ios.sim.release.2026-04-10 16-23-27Z/✗ React Navigation Example Demo Screens navigates to Network demo and interacts/DETOX_VISIBILITY_RCTView__0x11b6f5f80__SCREEN.png
23:23:49.086 detox[66809] i moving "/Users/nonth/Library/Developer/CoreSimulator/Devices/B7E9BAD6-0C0D-41EE-BE0C-D49BF485382E/data/Containers/Data/Application/CC206481-6D7A-47E1-B8C0-C1FA132ACE12/tmp/visibilityFailingScreenshots/DETOX_VISIBILITY_RCTView <0x11b6f5f80>_SCREEN.png" to artifacts/ios.sim.release.2026-04-10 16-23-27Z/✗ React Navigation Example Demo Screens navigates to Network demo and interacts/DETOX_VISIBILITY_RCTView__0x11b6f5f80__SCREEN.png
23:23:49.087 detox[66809] i saving FileArtifact to: artifacts/ios.sim.release.2026-04-10 16-23-27Z/✗ React Navigation Example Demo Screens navigates to Network demo and interacts/DETOX_VISIBILITY_RCTView__0x11b6f5f80__TEST.png
23:23:49.087 detox[66809] i moving "/Users/nonth/Library/Developer/CoreSimulator/Devices/B7E9BAD6-0C0D-41EE-BE0C-D49BF485382E/data/Containers/Data/Application/CC206481-6D7A-47E1-B8C0-C1FA132ACE12/tmp/visibilityFailingRects/DETOX_VISIBILITY_RCTView <0x11b6f5f80>_TEST.png" to artifacts/ios.sim.release.2026-04-10 16-23-27Z/✗ React Navigation Example Demo Screens navigates to Network demo and interacts/DETOX_VISIBILITY_RCTView__0x11b6f5f80__TEST.png
23:23:49.087 detox[66809] i saving SimulatorScreenshot to: artifacts/ios.sim.release.2026-04-10 16-23-27Z/✗ React Navigation Example Demo Screens navigates to Network demo and interacts/testFnFailure.png
23:23:49.088 detox[66809] i moving "/private/var/folders/nd/_cs61jn95mx_wzcmldgt15p00000gn/T/detox-66809-XblmmV.detox.png" to artifacts/ios.sim.release.2026-04-10 16-23-27Z/✗ React Navigation Example Demo Screens navigates to Network demo and interacts/testFnFailure.png
23:23:49.088 detox[66809] i saving SimulatorScreenshot to: artifacts/ios.sim.release.2026-04-10 16-23-27Z/✗ React Navigation Example Demo Screens navigates to Network demo and interacts/testDone.png
23:23:49.088 detox[66809] i moving "/private/var/folders/nd/_cs61jn95mx_wzcmldgt15p00000gn/T/detox-66809-imtTZR.detox.png" to artifacts/ios.sim.release.2026-04-10 16-23-27Z/✗ React Navigation Example Demo Screens navigates to Network demo and interacts/testDone.png
23:23:49.137 detox[66809] i sending SIGINT to: /usr/bin/xcrun simctl spawn B7E9BAD6-0C0D-41EE-BE0C-D49BF485382E log stream --level debug --style compact --predicate processImagePath beginsWith "/Users/nonth/Library/Developer/CoreSimulator/Devices/B7E9BAD6-0C0D-41EE-BE0C-D49BF485382E/data/Containers/Bundle/Application/4FB2BDAB-C128-44E5-9089-1B03AD22F4EA/EdotReactNavExample.app"
23:23:49.141 detox[66809] i /usr/bin/xcrun simctl spawn B7E9BAD6-0C0D-41EE-BE0C-D49BF485382E log stream --level debug --style compact --predicate "processImagePath beginsWith \"/Users/nonth/Library/Developer/CoreSimulator/Devices/B7E9BAD6-0C0D-41EE-BE0C-D49BF485382E/data/Containers/Bundle/Application/4FB2BDAB-C128-44E5-9089-1B03AD22F4EA/EdotReactNavExample.app\"" exited with code #0
23:23:49.141 detox[66809] E onTestDone
23:23:49.142 detox[66809] E navigates to Network demo and interacts
23:23:49.142 detox[66809] i React Navigation Example > Demo Screens: navigates to Network demo and interacts [FAIL]
23:23:49.142 detox[66809] B navigates to Tracing demo and interacts
23:23:49.142 detox[66809] i React Navigation Example > Demo Screens: navigates to Tracing demo and interacts
23:23:49.142 detox[66809] B onTestStart
  args: ({"title":"navigates to Tracing demo and interacts","fullName":"React Navigation Example Demo Screens navigates to Tracing demo and interacts","status":"running","invocations":1})
23:23:49.143 detox[66809] i starting SimulatorLogRecording
23:23:49.143 detox[66809] i saving SimulatorLogRecording to: artifacts/ios.sim.release.2026-04-10 16-23-27Z/✗ React Navigation Example Demo Screens navigates to Network demo and interacts/device.log
23:23:49.143 detox[66809] i moving "/private/var/folders/nd/_cs61jn95mx_wzcmldgt15p00000gn/T/detox-66809-FxiX1Z.detox.log" to artifacts/ios.sim.release.2026-04-10 16-23-27Z/✗ React Navigation Example Demo Screens navigates to Network demo and interacts/device.log
23:23:49.143 detox[66809] i /usr/bin/xcrun simctl get_app_container B7E9BAD6-0C0D-41EE-BE0C-D49BF485382E com.edot.reactnavexample
23:23:49.305 detox[66809] i /Users/nonth/Library/Developer/CoreSimulator/Devices/B7E9BAD6-0C0D-41EE-BE0C-D49BF485382E/data/Containers/Bundle/Application/4FB2BDAB-C128-44E5-9089-1B03AD22F4EA/EdotReactNavExample.app

23:23:49.306 detox[66809] i /usr/bin/xcrun simctl spawn B7E9BAD6-0C0D-41EE-BE0C-D49BF485382E log stream --level debug --style compact --predicate "processImagePath beginsWith \"/Users/nonth/Library/Developer/CoreSimulator/Devices/B7E9BAD6-0C0D-41EE-BE0C-D49BF485382E/data/Containers/Bundle/Application/4FB2BDAB-C128-44E5-9089-1B03AD22F4EA/EdotReactNavExample.app\""
23:23:49.357 detox[66809] i starting SimulatorScreenshot
23:23:49.358 detox[66809] i /usr/bin/xcrun simctl io B7E9BAD6-0C0D-41EE-BE0C-D49BF485382E screenshot "/private/var/folders/nd/_cs61jn95mx_wzcmldgt15p00000gn/T/detox-66809-rghApY.detox.png"
23:23:49.359 detox[66809] i starting SimulatorVideoRecording
23:23:49.359 detox[66809] i /usr/bin/xcrun simctl io B7E9BAD6-0C0D-41EE-BE0C-D49BF485382E recordVideo /private/var/folders/nd/_cs61jn95mx_wzcmldgt15p00000gn/T/detox-66809-Ox1NGc.detox.mp4
23:23:49.530 detox[66809] i Note: No display specified. Defaulting to display: 1CF89121-203F-41F0-8702-803F5499D5AE (screenID: 1, name: LCD)

23:23:49.567 detox[66809] i Detected file type from extension: PNG
Note: No display specified. Defaulting to display: 1CF89121-203F-41F0-8702-803F5499D5AE (screenID: 1, name: LCD)
Wrote screenshot to: /private/var/folders/nd/_cs61jn95mx_wzcmldgt15p00000gn/T/detox-66809-rghApY.detox.png

23:23:49.567 detox[66809] i stopping SimulatorScreenshot
23:23:49.567 detox[66809] E onTestStart
23:23:49.567 detox[66809] B beforeEach
23:23:49.568 detox[66808] i get
  data: {"type":"invoke","params":{"type":"action","action":"tap","predicate":{"type":"id","value":"demos-btn-tracing","isRegex":false}},"messageId":21}
23:23:49.568 detox[66808] i send
  data: {
    "type": "invoke",
    "params": {
      "type": "action",
      "action": "tap",
      "predicate": {
        "type": "id",
        "value": "demos-btn-tracing",
        "isRegex": false
      }
    },
    "messageId": 21
  }
23:23:49.568 detox[66809] E beforeEach
23:23:49.568 detox[66809] B test_fn
23:23:49.568 detox[66809] i send message
  data: {"type":"invoke","params":{"type":"action","action":"tap","predicate":{"type":"id","value":"demos-btn-tracing","isRegex":false}},"messageId":21}
23:23:49.568 detox[66809] B tap
  data: {
    "type": "action",
    "action": "tap",
    "predicate": {
      "type": "id",
      "value": "demos-btn-tracing",
      "isRegex": false
    }
  }
23:23:49.575 detox[66809] i Recording started

23:23:49.586 detox[66808] i get
  data: {"type":"testFailed","messageId":21,"params":{"NSLocalizedDescription":"No elements found for “MATCHER(id == “demos-btn-tracing”)”","visibilityFailingScreenshotsURL":"\/Users\/nonth\/Library\/Developer\/CoreSimulator\/Devices\/B7E9BAD6-0C0D-41EE-BE0C-D49BF485382E\/data\/Containers\/Data\/Application\/CC206481-6D7A-47E1-B8C0-C1FA132ACE12\/tmp\/visibilityFailingScreenshots","visibilityFailingRectsURL":"\/Users\/nonth\/Library\/Developer\/CoreSimulator\/Devices\/B7E9BAD6-0C0D-41EE-BE0C-D49BF485382E\/data\/Containers\/Data\/Application\/CC206481-6D7A-47E1-B8C0-C1FA132ACE12\/tmp\/visibilityFailingRects","viewHierarchy":"<?xml version=\"1.0\" encoding=\"utf-8\"?>\n<ViewHierarchy>\n    <UIWindow alpha=\"1.0\" class=\"UIWindow\" focused=\"false\" height=\"874\" ptr=\"0x10899c800\" visibility=\"visible\" width=\"402\">\n        <UITransitionView alpha=\"1.0\" class=\"UITransitionView\" focused=\"false\" height=\"874\" ptr=\"0x10be08000\" visibility=\"visible\" width=\"402\" x=\"0\" y=\"0\">\n            <UIDropShadowView alpha=\"1.0\" class=\"UIDropShadowView\" focused=\"false\" height=\"874\" ptr=\"0x10bd05b80\" visibility=\"visible\" width=\"402\" x=\"0\" y=\"0\">\n                <RCTRootView alpha=\"1.0\" class=\"RCTRootView\" focused=\"false\" height=\"874\" ptr=\"0x10bd05400\" visibility=\"visible\" width=\"402\" x=\"0\" y=\"0\">\n                    <RCTRootContentView alpha=\"1.0\" class=\"RCTRootContentView\" focused=\"false\" height=\"874\" label=\"Network Demos All requests are auto-instrumented by the SDK Fetch Data Fetch Error Fetch Multiple (3) XHR Request Log: Vertical scroll bar, 1 page Horizontal scroll bar, 1 page Network Home, tab, 1 of 3 Demos, tab, 2 of 3 Settings, tab, 3 of 3\" ptr=\"0x10899c400\" visibility=\"visible\" width=\"402\" x=\"0\" y=\"0\">\n                        <RCTView alpha=\"1.0\" class=\"RCTView\" focused=\"false\" height=\"874\" label=\"Network Demos All requests are auto-instrumented by the SDK Fetch Data Fetch Error Fetch Multiple (3) XHR Request Log: Vertical scroll bar, 1 page Horizontal scroll bar, 1 page Network Home, tab, 1 of 3 Demos, tab, 2 of 3 Settings, tab, 3 of 3\" ptr=\"0x10d1a7480\" visibility=\"visible\" width=\"402\" x=\"0\" y=\"0\">\n                            <RCTView alpha=\"1.0\" class=\"RCTView\" focused=\"false\" height=\"874\" label=\"Network Demos All requests are auto-instrumented by the SDK Fetch Data Fetch Error Fetch Multiple (3) XHR Request Log: Vertical scroll bar, 1 page Horizontal scroll bar, 1 page Network Home, tab, 1 of 3 Demos, tab, 2 of 3 Settings, tab, 3 of 3\" ptr=\"0x10d1a7100\" visibility=\"visible\" width=\"402\" x=\"0\" y=\"0\">\n                                <RNCSafeAreaProvider alpha=\"1.0\" class=\"RNCSafeAreaProvider\" focused=\"false\" height=\"874\" label=\"Network Demos All requests are auto-instrumented by the SDK Fetch Data Fetch Error Fetch Multiple (3) XHR Request Log: Vertical scroll bar, 1 page Horizontal scroll bar, 1 page Network Home, tab, 1 of 3 Demos, tab, 2 of 3 Settings, tab, 3 of 3\" ptr=\"0x10899d800\" visibility=\"visible\" width=\"402\" x=\"0\" y=\"0\">\n                                    <RNSScreenNavigationContainerView alpha=\"1.0\" class=\"RNSScreenNavigationContainerView\" focused=\"false\" height=\"795\" ptr=\"0x108bce140\" visibility=\"visible\" width=\"402\" x=\"0\" y=\"0\">\n                                        <UILayoutContainerView alpha=\"1.0\" class=\"UILayoutContainerView\" focused=\"false\" height=\"795\" ptr=\"0x108a17800\" visibility=\"visible\" width=\"402\" x=\"0\" y=\"0\">\n                                            <UINavigationTransitionView alpha=\"1.0\" class=\"UINavigationTransitionView\" focused=\"false\" height=\"795\" ptr=\"0x108a14a80\" visibility=\"visible\" width=\"402\" x=\"0\" y=\"0\">\n                                                <UIViewControllerWrapperView alpha=\"1.0\" class=\"UIViewControllerWrapperView\" focused=\"false\" height=\"795\" ptr=\"0x10bca6f40\" visibility=\"visible\" width=\"402\" x=\"0\" y=\"0\">\n                                                    <RNSScreenView alpha=\"1.0\" class=\"RNSScreenView\" focused=\"false\" height=\"795\" label=\"Network Demos All requests are auto-instrumented by the SDK Fetch Data Fetch Error Fetch Multiple (3) XHR Request Log: Vertical scroll bar, 1 page Horizontal scroll bar, 1 page Network\" ptr=\"0x1088fed00\" visibility=\"visible\" width=\"402\" x=\"0\" y=\"0\">\n                                                        <RCTView alpha=\"1.0\" class=\"RCTView\" focused=\"false\" height=\"795\" label=\"Network Demos All requests are auto-instrumented by the SDK Fetch Data Fetch Error Fetch Multiple (3) XHR Request Log: Vertical scroll bar, 1 page Horizontal scroll bar, 1 page Network\" ptr=\"0x10d29e300\" visibility=\"visible\" width=\"402\" x=\"0\" y=\"0\">\n                                                            <RCTView alpha=\"1.0\" class=\"RCTView\" focused=\"false\" height=\"795\" label=\"Network Demos All requests are auto-instrumented by the SDK Fetch Data Fetch Error Fetch Multiple (3) XHR Request Log: Vertical scroll bar, 1 page Horizontal scroll bar, 1 page Network\" ptr=\"0x10d29df80\" visibility=\"visible\" width=\"402\" x=\"0\" y=\"0\">\n                                                                <RCTView alpha=\"1.0\" class=\"RCTView\" focused=\"false\" height=\"795\" label=\"Network Demos All requests are auto-instrumented by the SDK Fetch Data Fetch Error Fetch Multiple (3) XHR Request Log: Vertical scroll bar, 1 page Horizontal scroll bar, 1 page Network\" ptr=\"0x10d29dc00\" visibility=\"visible\" width=\"402\" x=\"0\" y=\"0\">\n                                                                    <RNSScreenStackView alpha=\"1.0\" class=\"RNSScreenStackView\" focused=\"false\" height=\"795\" ptr=\"0x10d36a800\" visibility=\"visible\" width=\"402\" x=\"0\" y=\"0\">\n                                                                        <UILayoutContainerView alpha=\"1.0\" class=\"UILayoutContainerView\" focused=\"false\" height=\"795\" ptr=\"0x10bc91dc0\" visibility=\"visible\" width=\"402\" x=\"0\" y=\"0\">\n                                                                            <UINavigationTransitionView alpha=\"1.0\" class=\"UINavigationTransitionView\" focused=\"false\" height=\"795\" ptr=\"0x10bc92a00\" visibility=\"visible\" width=\"402\" x=\"0\" y=\"0\">\n                                                                                <UIViewControllerWrapperView alpha=\"1.0\" class=\"UIViewControllerWrapperView\" focused=\"false\" height=\"795\" ptr=\"0x10bc93b80\" visibility=\"visible\" width=\"402\" x=\"0\" y=\"0\">\n                                                                                    <RNSScreenView alpha=\"1.0\" class=\"RNSScreenView\" focused=\"false\" height=\"679\" label=\"Network Demos All requests are auto-instrumented by the SDK Fetch Data Fetch Error Fetch Multiple (3) XHR Request Log: Vertical scroll bar, 1 page Horizontal scroll bar, 1 page\" ptr=\"0x11b6fd900\" visibility=\"visible\" width=\"402\" x=\"0\" y=\"116\">\n                                                                                        <RCTView alpha=\"1.0\" class=\"RCTView\" focused=\"false\" height=\"679\" label=\"Network Demos All requests are auto-instrumented by the SDK Fetch Data Fetch Error Fetch Multiple (3) XHR Request Log: Vertical scroll bar, 1 page Horizontal scroll bar, 1 page\" ptr=\"0x11b6f7b80\" visibility=\"visible\" width=\"402\" x=\"0\" y=\"0\">\n                                                                                            <RCTView alpha=\"1.0\" class=\"RCTView\" focused=\"false\" height=\"679\" label=\"Network Demos All requests are auto-instrumented by the SDK Fetch Data Fetch Error Fetch Multiple (3) XHR Request Log: Vertical scroll bar, 1 page Horizontal scroll bar, 1 page\" ptr=\"0x11b6f7800\" visibility=\"visible\" width=\"402\" x=\"0\" y=\"0\">\n                                                                                                <RCTSafeAreaView alpha=\"1.0\" class=\"RCTSafeAreaView\" focused=\"false\" height=\"679\" label=\"Network Demos All requests are auto-instrumented by the SDK Fetch Data Fetch Error Fetch Multiple (3) XHR Request Log: Vertical scroll bar, 1 page Horizontal scroll bar, 1 page\" ptr=\"0x10899ec00\" visibility=\"visible\" width=\"402\" x=\"0\" y=\"0\">\n                                                                                                    <RCTScrollView alpha=\"1.0\" class=\"RCTScrollView\" focused=\"false\" height=\"679\" label=\"Network Demos All requests are auto-instrumented by the SDK Fetch Data Fetch Error Fetch Multiple (3) XHR Request Log: Vertical scroll bar, 1 page Horizontal scroll bar, 1 page\" ptr=\"0x11b6fd400\" visibility=\"visible\" width=\"402\" x=\"0\" y=\"0\">\n                                                                                                        <RCTCustomScrollView alpha=\"1.0\" class=\"RCTCustomScrollView\" focused=\"false\" height=\"679\" ptr=\"0x108b8ca00\" visibility=\"visible\" width=\"402\" x=\"0\" y=\"0\">\n                                                                                                            <RCTScrollContentView alpha=\"1.0\" class=\"RCTScrollContentView\" focused=\"false\" height=\"210\" label=\"Network Demos All requests are auto-instrumented by the SDK Fetch Data Fetch Error Fetch Multiple (3) XHR Request Log:\" ptr=\"0x11b6f7480\" visibility=\"visible\" width=\"370\" x=\"16\" y=\"16\">\n                                                                                                                <RCTTextView alpha=\"1.0\" class=\"RCTTextView\" focused=\"false\" height=\"26\" label=\"Network Demos\" ptr=\"0x11b758a00\" text=\"Network Demos\" visibility=\"visible\" width=\"370\" x=\"0\" y=\"0\" \/>\n                                                                                                                <RCTTextView alpha=\"1.0\" class=\"RCTTextView\" focused=\"false\" height=\"16\" label=\"All requests are auto-instrumented by the SDK\" ptr=\"0x11b758c00\" text=\"All requests are auto-instrumented by the SDK\" visibility=\"visible\" width=\"370\" x=\"0\" y=\"30\" \/>\n                                                                                                                <RCTView alpha=\"1.0\" class=\"RCTView\" focused=\"false\" height=\"71\" label=\"Fetch Data Fetch Error Fetch Multiple (3) XHR Request\" ptr=\"0x11b6f6d80\" visibility=\"visible\" width=\"370\" x=\"0\" y=\"62\">\n                                                                                                                    <RCTView alpha=\"1.0\" class=\"RCTView\" focused=\"false\" height=\"31\" id=\"network-btn-fetch\" label=\"Fetch Data\" ptr=\"0x11b6f5f80\" visibility=\"visible\" width=\"92\" x=\"0\" y=\"0\">\n                                                                                                                        <RCTTextView alpha=\"1.0\" class=\"RCTTextView\" focused=\"false\" height=\"16\" label=\"Fetch Data\" ptr=\"0x11b758e00\" text=\"Fetch Data\" visibility=\"visible\" width=\"68\" x=\"12\" y=\"8\" \/>\n                                                                                                                    <\/RCTView>\n                                                                                                                    <RCTView alpha=\"1.0\" class=\"RCTView\" focused=\"false\" height=\"31\" id=\"network-btn-fetch-error\" label=\"Fetch Error\" ptr=\"0x11b6f6300\" visibility=\"visible\" width=\"94\" x=\"100\" y=\"0\">\n                                                                                                                        <RCTTextView alpha=\"1.0\" class=\"RCTTextView\" focused=\"false\" height=\"16\" label=\"Fetch Error\" ptr=\"0x11b759000\" text=\"Fetch Error\" visibility=\"visible\" width=\"71\" x=\"12\" y=\"8\" \/>\n                                                                                                                    <\/RCTView>\n                                                                                                                    <RCTView alpha=\"1.0\" class=\"RCTView\" focused=\"false\" height=\"31\" id=\"network-btn-fetch-multiple\" label=\"Fetch Multiple (3)\" ptr=\"0x11b6f6680\" visibility=\"visible\" width=\"136\" x=\"203\" y=\"0\">\n                                                                                                                        <RCTTextView alpha=\"1.0\" class=\"RCTTextView\" focused=\"false\" height=\"16\" label=\"Fetch Multiple (3)\" ptr=\"0x11b759200\" text=\"Fetch Multiple (3)\" visibility=\"visible\" width=\"112\" x=\"12\" y=\"8\" \/>\n                                                                                                                    <\/RCTView>\n                                                                                                                    <RCTView alpha=\"1.0\" class=\"RCTView\" focused=\"false\" height=\"31\" id=\"network-btn-xhr\" label=\"XHR Request\" ptr=\"0x11b6f6a00\" visibility=\"visible\" width=\"107\" x=\"0\" y=\"39\">\n                                                                                                                        <RCTTextView alpha=\"1.0\" class=\"RCTTextView\" focused=\"false\" height=\"16\" label=\"XHR Request\" ptr=\"0x11b759400\" text=\"XHR Request\" visibility=\"visible\" width=\"83\" x=\"12\" y=\"8\" \/>\n                                                                                                                    <\/RCTView>\n                                                                                                                <\/RCTView>\n                                                                                                                <RCTView alpha=\"1.0\" class=\"RCTView\" focused=\"false\" height=\"45\" id=\"network-result\" label=\"Log:\" ptr=\"0x11b6f7100\" visibility=\"visible\" width=\"370\" x=\"0\" y=\"149\">\n                                                                                                                    <RCTTextView alpha=\"1.0\" class=\"RCTTextView\" focused=\"false\" height=\"17\" label=\"Log:\" ptr=\"0x11b759600\" text=\"Log:\" visibility=\"visible\" width=\"346\" x=\"12\" y=\"12\" \/>\n                                                                                                                <\/RCTView>\n                                                                                                            <\/RCTScrollContentView>\n                                                                                                            <_UIScrollViewScrollIndicator alpha=\"0.0\" class=\"_UIScrollViewScrollIndicator\" focused=\"false\" height=\"204\" label=\"Vertical scroll bar, 1 page\" ptr=\"0x11b759e00\" value=\"0%\" visibility=\"visible\" width=\"3\" x=\"396\" y=\"587\">\n                                                                                                                <UIView alpha=\"1.0\" class=\"UIView\" focused=\"false\" height=\"204\" ptr=\"0x10bcb3640\" visibility=\"visible\" width=\"3\" x=\"0\" y=\"0\" \/>\n                                                                                                            <\/_UIScrollViewScrollIndicator>\n                                                                                                            <_UIScrollViewScrollIndicator alpha=\"0.0\" class=\"_UIScrollViewScrollIndicator\" focused=\"false\" height=\"3\" label=\"Horizontal scroll bar, 1 page\" ptr=\"0x11b759c00\" value=\"0%\" visibility=\"visible\" width=\"364\" x=\"35\" y=\"673\">\n                                                                                                                <UIView alpha=\"1.0\" class=\"UIView\" focused=\"false\" height=\"3\" ptr=\"0x10bcb32c0\" visibility=\"visible\" width=\"364\" x=\"0\" y=\"0\" \/>\n                                                                                                            <\/_UIScrollViewScrollIndicator>\n                                                                                                        <\/RCTCustomScrollView>\n                                                                                                    <\/RCTScrollView>\n                                                                                                <\/RCTSafeAreaView>\n                                                                                            <\/RCTView>\n                                                                                        <\/RCTView>\n                                                                                    <\/RNSScreenView>\n                                                                                <\/UIViewControllerWrapperView>\n                                                                            <\/UINavigationTransitionView>\n                                                                            <UINavigationBar alpha=\"1.0\" class=\"UINavigationBar\" focused=\"false\" height=\"54\" id=\"Network\" ptr=\"0x10bdcaa00\" visibility=\"visible\" width=\"402\" x=\"0\" y=\"62\">\n                                                                                <_UIBarBackground alpha=\"1.0\" class=\"_UIBarBackground\" focused=\"false\" height=\"116\" ptr=\"0x11b63e800\" visibility=\"visible\" width=\"402\" x=\"0\" y=\"-62\">\n                                                                                    <UIImageView alpha=\"1.0\" class=\"UIImageView\" focused=\"false\" height=\"116\" ptr=\"0x10d36bc00\" visibility=\"visible\" width=\"402\" x=\"0\" y=\"0\" \/>\n                                                                                    <_UIBarBackgroundShadowView alpha=\"1.0\" class=\"_UIBarBackgroundShadowView\" focused=\"false\" height=\"0\" ptr=\"0x11b63f200\" visibility=\"visible\" width=\"402\" x=\"0\" y=\"116\">\n                                                                                        <_UIBarBackgroundShadowContentImageView alpha=\"1.0\" class=\"_UIBarBackgroundShadowContentImageView\" focused=\"false\" height=\"0\" ptr=\"0x11b63f480\" visibility=\"visible\" width=\"402\" x=\"0\" y=\"0\" \/>\n                                                                                    <\/_UIBarBackgroundShadowView>\n                                                                                <\/_UIBarBackground>\n                                                                                <UIKit.NavigationBarContentView alpha=\"1.0\" class=\"UIKit.NavigationBarContentView\" focused=\"false\" height=\"54\" ptr=\"0x108975800\" visibility=\"visible\" width=\"402\" x=\"0\" y=\"0\">\n                                                                                    <UIKit.NavigationBarTransitionContainer alpha=\"1.0\" class=\"UIKit.NavigationBarTransitionContainer\" focused=\"false\" height=\"54\" ptr=\"0x10d36ac00\" visibility=\"visible\" width=\"402\" x=\"0\" y=\"0\">\n                                                                                        <_UINavigationBarHostedViewContainer alpha=\"1.0\" class=\"_UINavigationBarHostedViewContainer\" focused=\"false\" height=\"54\" ptr=\"0x10bc92140\" visibility=\"visible\" width=\"402\" x=\"0\" y=\"0\">\n                                                                                            <_UINavigationBarHostedViewWrapper alpha=\"1.0\" class=\"_UINavigationBarHostedViewWrapper\" focused=\"false\" height=\"20\" ptr=\"0x11b75b200\" visibility=\"visible\" width=\"68\" x=\"167\" y=\"11\">\n                                                                                                <_UINavigationBarTitleControl alpha=\"1.0\" class=\"_UINavigationBarTitleControl\" focused=\"false\" height=\"20\" ptr=\"0x11b701200\" visibility=\"visible\" width=\"68\" x=\"0\" y=\"0\">\n                                                                                                    <_UIIntrinsicContentSizeInvalidationForwardingWrapperView alpha=\"1.0\" class=\"_UIIntrinsicContentSizeInvalidationForwardingWrapperView\" focused=\"false\" height=\"20\" ptr=\"0x10bcb8a80\" visibility=\"visible\" width=\"68\" x=\"0\" y=\"0\">\n                                                                                                        <UILabel alpha=\"1.0\" class=\"UILabel\" focused=\"false\" height=\"20\" label=\"Network\" ptr=\"0x11b7dc380\" text=\"Network\" visibility=\"visible\" width=\"67\" x=\"0\" y=\"0\" \/>\n                                                                                                    <\/_UIIntrinsicContentSizeInvalidationForwardingWrapperView>\n                                                                                                <\/_UINavigationBarTitleControl>\n                                                                                            <\/_UINavigationBarHostedViewWrapper>\n                                                                                        <\/_UINavigationBarHostedViewContainer>\n                                                                                        <UIView alpha=\"1.0\" class=\"UIView\" focused=\"false\" height=\"54\" ptr=\"0x10bc91f80\" visibility=\"visible\" width=\"402\" x=\"0\" y=\"0\" \/>\n                                                                                        <UIKit.NavigationBarPlatterContainer alpha=\"1.0\" class=\"UIKit.NavigationBarPlatterContainer\" focused=\"false\" height=\"54\" ptr=\"0x10bc92300\" visibility=\"visible\" width=\"402\" x=\"0\" y=\"0\">\n                                                                                            <_UINavigationBarPlatterView alpha=\"1.0\" class=\"_UINavigationBarPlatterView\" focused=\"false\" height=\"44\" ptr=\"0x11b701800\" visibility=\"visible\" width=\"44\" x=\"16\" y=\"0\">\n                                                                                                <_UINavigationBarPlatterAnimationView alpha=\"1.0\" class=\"_UINavigationBarPlatterAnimationView\" focused=\"false\" height=\"44\" ptr=\"0x10bcb9dc0\" visibility=\"visible\" width=\"44\" x=\"0\" y=\"0\">\n                                                                                                    <_UINavigationBarPlatterAnimationView alpha=\"1.0\" class=\"_UINavigationBarPlatterAnimationView\" focused=\"false\" height=\"44\" ptr=\"0x10bcba140\" visibility=\"visible\" width=\"44\" x=\"0\" y=\"0\">\n                                                                                                        <_UINavigationBarPlatterAnimationView alpha=\"1.0\" class=\"_UINavigationBarPlatterAnimationView\" focused=\"false\" height=\"48\" ptr=\"0x10bcba300\" visibility=\"visible\" width=\"48\" x=\"-2\" y=\"-2\">\n                                                                                                            <_UINavigationBarPlatterAnimationView alpha=\"1.0\" class=\"_UINavigationBarPlatterAnimationView\" focused=\"false\" height=\"40\" ptr=\"0x10bcba4c0\" visibility=\"visible\" width=\"40\" x=\"1\" y=\"1\">\n                                                                                                                <_UINavigationBarPlatterContentView alpha=\"1.0\" class=\"_UINavigationBarPlatterContentView\" focused=\"false\" height=\"44\" ptr=\"0x10bcba680\" visibility=\"visible\" width=\"44\" x=\"0\" y=\"0\">\n                                                                                                                    <_UINavigationBarPlatterGlassView alpha=\"1.0\" class=\"_UINavigationBarPlatterGlassView\" focused=\"false\" height=\"44\" ptr=\"0x10bcba840\" visibility=\"visible\" width=\"44\" x=\"0\" y=\"0\">\n                                                                                                                        <_UINavigationBarPlatterSubviewContainerView alpha=\"1.0\" class=\"_UINavigationBarPlatterSubviewContainerView\" focused=\"false\" height=\"44\" ptr=\"0x10bcbaa00\" visibility=\"visible\" width=\"44\" x=\"0\" y=\"0\">\n                                                                                                                            <_UINavigationBarPlatterItemView alpha=\"1.0\" class=\"_UINavigationBarPlatterItemView\" focused=\"false\" height=\"44\" ptr=\"0x11b7d2f80\" visibility=\"visible\" width=\"44\" x=\"0\" y=\"0\">\n                                                                                                                                <_UIButtonBarButton alpha=\"1.0\" class=\"_UIButtonBarButton\" focused=\"false\" height=\"44\" id=\"BackButton\" ptr=\"0x11b7d2800\" visibility=\"visible\" width=\"44\" x=\"0\" y=\"0\">\n                                                                                                                                    <_TtCC5UIKit29ButtonBarButtonVisualProviderP33_A98CD29F4F6ECA17AFECE41BBB264E5918BackButtonMaskView alpha=\"1.0\" class=\"_TtCC5UIKit29ButtonBarButtonVisualProviderP33_A98CD29F4F6ECA17AFECE41BBB264E5918BackButtonMaskView\" focused=\"false\" height=\"44\" ptr=\"0x10bcb8540\" visibility=\"invisible\" width=\"44\" x=\"0\" y=\"0\">\n                                                                                                                                        <UIImageView alpha=\"1.0\" class=\"UIImageView\" focused=\"false\" height=\"28\" id=\"UINavigationBarTitleTransitionBackIndicatorMaskSymbol\" ptr=\"0x11b75a800\" visibility=\"visible\" width=\"19\" x=\"0\" y=\"8\" \/>\n                                                                                                                                        <UIView alpha=\"1.0\" class=\"UIView\" focused=\"false\" height=\"44\" ptr=\"0x10bcb8700\" visibility=\"visible\" width=\"0\" x=\"44\" y=\"0\" \/>\n                                                                                                                                    <\/_TtCC5UIKit29ButtonBarButtonVisualProviderP33_A98CD29F4F6ECA17AFECE41BBB264E5918BackButtonMaskView>\n                                                                                                                                    <_TtCC5UIKit29ButtonBarButtonVisualProviderP33_A98CD29F4F6ECA17AFECE41BBB264E596Button alpha=\"1.0\" class=\"_TtCC5UIKit29ButtonBarButtonVisualProviderP33_A98CD29F4F6ECA17AFECE41BBB264E596Button\" focused=\"false\" height=\"23\" label=\"Back\" ptr=\"0x11b7dc000\" visibility=\"visible\" width=\"44\" x=\"0\" y=\"10\">\n                                                                                                                                        <UIImageView alpha=\"1.0\" class=\"UIImageView\" focused=\"false\" height=\"23\" id=\"chevron.backward\" label=\"Back\" ptr=\"0x11b75aa00\" visibility=\"visible\" width=\"16\" x=\"13\" y=\"0\" \/>\n                                                                                                                                    <\/_TtCC5UIKit29ButtonBarButtonVisualProviderP33_A98CD29F4F6ECA17AFECE41BBB264E596Button>\n                                                                                                                                <\/_UIButtonBarButton>\n                                                                                                                            <\/_UINavigationBarPlatterItemView>\n                                                                                                                        <\/_UINavigationBarPlatterSubviewContainerView>\n                                                                                                                    <\/_UINavigationBarPlatterGlassView>\n                                                                                                                <\/_UINavigationBarPlatterContentView>\n                                                                                                            <\/_UINavigationBarPlatterAnimationView>\n                                                                                                        <\/_UINavigationBarPlatterAnimationView>\n                                                                                                    <\/_UINavigationBarPlatterAnimationView>\n                                                                                                <\/_UINavigationBarPlatterAnimationView>\n                                                                                            <\/_UINavigationBarPlatterView>\n                                                                                        <\/UIKit.NavigationBarPlatterContainer>\n                                                                                    <\/UIKit.NavigationBarTransitionContainer>\n                                                                                <\/UIKit.NavigationBarContentView>\n                                                                                <_UIPointerInteractionAssistantEffectContainerView alpha=\"1.0\" class=\"_UIPointerInteractionAssistantEffectContainerView\" focused=\"false\" height=\"0\" ptr=\"0x10bc93480\" visibility=\"visible\" width=\"0\" x=\"0\" y=\"0\" \/>\n                                                                            <\/UINavigationBar>\n                                                                            <_UIFloatingBarContainerView alpha=\"1.0\" class=\"_UIFloatingBarContainerView\" focused=\"false\" height=\"795\" ptr=\"0x10d36b000\" visibility=\"visible\" width=\"402\" x=\"0\" y=\"0\">\n                                                                                <_TtGC5UIKitP10$186ea25a022FloatingBarHostingViewVS_20FloatingBarContainer_ alpha=\"1.0\" class=\"_TtGC5UIKitP10$186ea25a022FloatingBarHostingViewVS_20FloatingBarContainer_\" focused=\"false\" height=\"795\" ptr=\"0x10d36b800\" visibility=\"visible\" width=\"402\" x=\"0\" y=\"0\" \/>\n                                                                                <_UIPointerInteractionAssistantEffectContainerView alpha=\"1.0\" class=\"_UIPointerInteractionAssistantEffectContainerView\" focused=\"false\" height=\"0\" ptr=\"0x10bc92f40\" visibility=\"visible\" width=\"0\" x=\"0\" y=\"0\" \/>\n                                                                            <\/_UIFloatingBarContainerView>\n                                                                        <\/UILayoutContainerView>\n                                                                    <\/RNSScreenStackView>\n                                                                <\/RCTView>\n                                                            <\/RCTView>\n                                                        <\/RCTView>\n                                                    <\/RNSScreenView>\n                                                <\/UIViewControllerWrapperView>\n                                            <\/UINavigationTransitionView>\n                                            <UINavigationBar alpha=\"1.0\" class=\"UINavigationBar\" focused=\"false\" height=\"54\" id=\"RNSScreen\" ptr=\"0x10bdc8600\" visibility=\"invisible\" width=\"402\" x=\"0\" y=\"-116\">\n                                                <_UIBarBackground alpha=\"1.0\" class=\"_UIBarBackground\" focused=\"false\" height=\"116\" ptr=\"0x10d055900\" visibility=\"visible\" width=\"402\" x=\"0\" y=\"-62\" \/>\n                                                <_UIPointerInteractionAssistantEffectContainerView alpha=\"1.0\" class=\"_UIPointerInteractionAssistantEffectContainerView\" focused=\"false\" height=\"0\" ptr=\"0x108bed6c0\" visibility=\"visible\" width=\"0\" x=\"0\" y=\"0\" \/>\n                                            <\/UINavigationBar>\n                                            <_UIFloatingBarContainerView alpha=\"1.0\" class=\"_UIFloatingBarContainerView\" focused=\"false\" height=\"795\" ptr=\"0x10be0a200\" visibility=\"visible\" width=\"402\" x=\"0\" y=\"0\">\n                                                <_TtGC5UIKitP10$186ea25a022FloatingBarHostingViewVS_20FloatingBarContainer_ alpha=\"1.0\" class=\"_TtGC5UIKitP10$186ea25a022FloatingBarHostingViewVS_20FloatingBarContainer_\" focused=\"false\" height=\"795\" ptr=\"0x10be0aa00\" visibility=\"visible\" width=\"402\" x=\"0\" y=\"0\" \/>\n                                                <_UIPointerInteractionAssistantEffectContainerView alpha=\"1.0\" class=\"_UIPointerInteractionAssistantEffectContainerView\" focused=\"false\" height=\"0\" ptr=\"0x108bdc380\" visibility=\"visible\" width=\"0\" x=\"0\" y=\"0\" \/>\n                                            <\/_UIFloatingBarContainerView>\n                                        <\/UILayoutContainerView>\n                                    <\/RNSScreenNavigationContainerView>\n                                    <RCTView alpha=\"1.0\" class=\"RCTView\" focused=\"false\" height=\"79\" label=\"Home, tab, 1 of 3 Demos, tab, 2 of 3 Settings, tab, 3 of 3\" ptr=\"0x10d1a6d80\" visibility=\"visible\" width=\"402\" x=\"0\" y=\"795\">\n                                        <RCTView alpha=\"1.0\" class=\"RCTView\" focused=\"false\" height=\"78\" ptr=\"0x1089d3b80\" visibility=\"visible\" width=\"402\" x=\"0\" y=\"0\" \/>\n                                        <RCTView alpha=\"1.0\" class=\"RCTView\" focused=\"false\" height=\"48\" label=\"Home, tab, 1 of 3 Demos, tab, 2 of 3 Settings, tab, 3 of 3\" ptr=\"0x10d1a6a00\" visibility=\"visible\" width=\"402\" x=\"0\" y=\"0\">\n                                            <RCTView alpha=\"1.0\" class=\"RCTView\" focused=\"false\" height=\"48\" id=\"tab-home\" label=\"Home, tab, 1 of 3\" ptr=\"0x10d1a4a80\" visibility=\"visible\" width=\"134\" x=\"0\" y=\"0\">\n                                                <RCTView alpha=\"1.0\" class=\"RCTView\" focused=\"false\" height=\"34\" label=\"H H\" ptr=\"0x10d1a4700\" visibility=\"visible\" width=\"0\" x=\"67\" y=\"0\">\n                                                    <RCTView alpha=\"0.0\" class=\"RCTView\" focused=\"false\" height=\"34\" label=\"H\" ptr=\"0x10d1a4000\" visibility=\"visible\" width=\"134\" x=\"-67\" y=\"0\">\n                                                        <RCTTextView alpha=\"1.0\" class=\"RCTTextView\" focused=\"false\" height=\"22\" label=\"H\" ptr=\"0x10be0ac00\" text=\"H\" visibility=\"visible\" width=\"13\" x=\"60\" y=\"6\" \/>\n                                                    <\/RCTView>\n                                                    <RCTView alpha=\"1.0\" class=\"RCTView\" focused=\"false\" height=\"34\" label=\"H\" ptr=\"0x10d1a4380\" visibility=\"visible\" width=\"134\" x=\"-67\" y=\"0\">\n                                                        <RCTTextView alpha=\"1.0\" class=\"RCTTextView\" focused=\"false\" height=\"22\" label=\"H\" ptr=\"0x10be0ae00\" text=\"H\" visibility=\"visible\" width=\"13\" x=\"60\" y=\"6\" \/>\n                                                    <\/RCTView>\n                                                <\/RCTView>\n                                                <RCTTextView alpha=\"1.0\" class=\"RCTTextView\" focused=\"false\" height=\"14\" label=\"Home\" ptr=\"0x10be0b000\" text=\"Home\" visibility=\"visible\" width=\"34\" x=\"50\" y=\"34\" \/>\n                                            <\/RCTView>\n                                            <RCTView alpha=\"1.0\" class=\"RCTView\" focused=\"false\" height=\"48\" id=\"tab-demos\" label=\"Demos, tab, 2 of 3\" ptr=\"0x10d1a5880\" visibility=\"visible\" width=\"134\" x=\"134\" y=\"0\">\n                                                <RCTView alpha=\"1.0\" class=\"RCTView\" focused=\"false\" height=\"34\" label=\"D D\" ptr=\"0x10d1a5500\" visibility=\"visible\" width=\"0\" x=\"67\" y=\"0\">\n                                                    <RCTView alpha=\"1.0\" class=\"RCTView\" focused=\"false\" height=\"34\" label=\"D\" ptr=\"0x10d1a4e00\" visibility=\"visible\" width=\"134\" x=\"-67\" y=\"0\">\n                                                        <RCTTextView alpha=\"1.0\" class=\"RCTTextView\" focused=\"false\" height=\"22\" label=\"D\" ptr=\"0x10be0b200\" text=\"D\" visibility=\"visible\" width=\"13\" x=\"60\" y=\"6\" \/>\n                                                    <\/RCTView>\n                                                    <RCTView alpha=\"0.0\" class=\"RCTView\" focused=\"false\" height=\"34\" label=\"D\" ptr=\"0x10d1a5180\" visibility=\"visible\" width=\"134\" x=\"-67\" y=\"0\">\n                                                        <RCTTextView alpha=\"1.0\" class=\"RCTTextView\" focused=\"false\" height=\"22\" label=\"D\" ptr=\"0x10be0b400\" text=\"D\" visibility=\"visible\" width=\"13\" x=\"60\" y=\"6\" \/>\n                                                    <\/RCTView>\n                                                <\/RCTView>\n                                                <RCTTextView alpha=\"1.0\" class=\"RCTTextView\" focused=\"false\" height=\"14\" label=\"Demos\" ptr=\"0x10be0b600\" text=\"Demos\" visibility=\"visible\" width=\"40\" x=\"47\" y=\"34\" \/>\n                                            <\/RCTView>\n                                            <RCTView alpha=\"1.0\" class=\"RCTView\" focused=\"false\" height=\"48\" id=\"tab-settings\" label=\"Settings, tab, 3 of 3\" ptr=\"0x10d1a6680\" visibility=\"visible\" width=\"134\" x=\"268\" y=\"0\">\n                                                <RCTView alpha=\"1.0\" class=\"RCTView\" focused=\"false\" height=\"34\" label=\"S S\" ptr=\"0x10d1a6300\" visibility=\"visible\" width=\"0\" x=\"67\" y=\"0\">\n                                                    <RCTView alpha=\"0.0\" class=\"RCTView\" focused=\"false\" height=\"34\" label=\"S\" ptr=\"0x10d1a5c00\" visibility=\"visible\" width=\"134\" x=\"-67\" y=\"0\">\n                                                        <RCTTextView alpha=\"1.0\" class=\"RCTTextView\" focused=\"false\" height=\"22\" label=\"S\" ptr=\"0x10be0b800\" text=\"S\" visibility=\"visible\" width=\"11\" x=\"61\" y=\"6\" \/>\n                                                    <\/RCTView>\n                                                    <RCTView alpha=\"1.0\" class=\"RCTView\" focused=\"false\" height=\"34\" label=\"S\" ptr=\"0x10d1a5f80\" visibility=\"visible\" width=\"134\" x=\"-67\" y=\"0\">\n                                                        <RCTTextView alpha=\"1.0\" class=\"RCTTextView\" focused=\"false\" height=\"22\" label=\"S\" ptr=\"0x10be0ba00\" text=\"S\" visibility=\"visible\" width=\"11\" x=\"61\" y=\"6\" \/>\n                                                    <\/RCTView>\n                                                <\/RCTView>\n                                                <RCTTextView alpha=\"1.0\" class=\"RCTTextView\" focused=\"false\" height=\"14\" label=\"Settings\" ptr=\"0x10be0bc00\" text=\"Settings\" visibility=\"visible\" width=\"47\" x=\"43\" y=\"34\" \/>\n                                            <\/RCTView>\n                                        <\/RCTView>\n                                    <\/RCTView>\n                                <\/RNCSafeAreaProvider>\n                            <\/RCTView>\n                        <\/RCTView>\n                    <\/RCTRootContentView>\n                <\/RCTRootView>\n            <\/UIDropShadowView>\n        <\/UITransitionView>\n    <\/UIWindow>\n<\/ViewHierarchy>","details":"No elements found for “MATCHER(id == “demos-btn-tracing”)”","windows":["<UIWindow: 0x10899c800; frame = (0 0; 402 874);>","<DTXTouchVisualizerWindow: 0x1088fc500; frame = (0 0; 402 874);>"],"DetoxFailureInformation":{"lineNumber":50,"file":"\/Users\/builder\/uibuilder\/work\/detox\/ios\/Detox\/Invocation\/Element.swift","functionName":"views"}}}
23:23:49.587 detox[66808] i send
  data: {
    "type": "testFailed",
    "messageId": 21,
    "params": {
      "NSLocalizedDescription": "No elements found for “MATCHER(id == “demos-btn-tracing”)”",
      "visibilityFailingScreenshotsURL": "/Users/nonth/Library/Developer/CoreSimulator/Devices/B7E9BAD6-0C0D-41EE-BE0C-D49BF485382E/data/Containers/Data/Application/CC206481-6D7A-47E1-B8C0-C1FA132ACE12/tmp/visibilityFailingScreenshots",
      "visibilityFailingRectsURL": "/Users/nonth/Library/Developer/CoreSimulator/Devices/B7E9BAD6-0C0D-41EE-BE0C-D49BF485382E/data/Containers/Data/Application/CC206481-6D7A-47E1-B8C0-C1FA132ACE12/tmp/visibilityFailingRects",
      "viewHierarchy": "<?xml version=\"1.0\" encoding=\"utf-8\"?>\n<ViewHierarchy>\n    <UIWindow alpha=\"1.0\" class=\"UIWindow\" focused=\"false\" height=\"874\" ptr=\"0x10899c800\" visibility=\"visible\" width=\"402\">\n        <UITransitionView alpha=\"1.0\" class=\"UITransitionView\" focused=\"false\" height=\"874\" ptr=\"0x10be08000\" visibility=\"visible\" width=\"402\" x=\"0\" y=\"0\">\n            <UIDropShadowView alpha=\"1.0\" class=\"UIDropShadowView\" focused=\"false\" height=\"874\" ptr=\"0x10bd05b80\" visibility=\"visible\" width=\"402\" x=\"0\" y=\"0\">\n                <RCTRootView alpha=\"1.0\" class=\"RCTRootView\" focused=\"false\" height=\"874\" ptr=\"0x10bd05400\" visibility=\"visible\" width=\"402\" x=\"0\" y=\"0\">\n                    <RCTRootContentView alpha=\"1.0\" class=\"RCTRootContentView\" focused=\"false\" height=\"874\" label=\"Network Demos All requests are auto-instrumented by the SDK Fetch Data Fetch Error Fetch Multiple (3) XHR Request Log: Vertical scroll bar, 1 page Horizontal scroll bar, 1 page Network Home, tab, 1 of 3 Demos, tab, 2 of 3 Settings, tab, 3 of 3\" ptr=\"0x10899c400\" visibility=\"visible\" width=\"402\" x=\"0\" y=\"0\">\n                        <RCTView alpha=\"1.0\" class=\"RCTView\" focused=\"false\" height=\"874\" label=\"Network Demos All requests are auto-instrumented by the SDK Fetch Data Fetch Error Fetch Multiple (3) XHR Request Log: Vertical scroll bar, 1 page Horizontal scroll bar, 1 page Network Home, tab, 1 of 3 Demos, tab, 2 of 3 Settings, tab, 3 of 3\" ptr=\"0x10d1a7480\" visibility=\"visible\" width=\"402\" x=\"0\" y=\"0\">\n                            <RCTView alpha=\"1.0\" class=\"RCTView\" focused=\"false\" height=\"874\" label=\"Network Demos All requests are auto-instrumented by the SDK Fetch Data Fetch Error Fetch Multiple (3) XHR Request Log: Vertical scroll bar, 1 page Horizontal scroll bar, 1 page Network Home, tab, 1 of 3 Demos, tab, 2 of 3 Settings, tab, 3 of 3\" ptr=\"0x10d1a7100\" visibility=\"visible\" width=\"402\" x=\"0\" y=\"0\">\n                                <RNCSafeAreaProvider alpha=\"1.0\" class=\"RNCSafeAreaProvider\" focused=\"false\" height=\"874\" label=\"Network Demos All requests are auto-instrumented by the SDK Fetch Data Fetch Error Fetch Multiple (3) XHR Request Log: Vertical scroll bar, 1 page Horizontal scroll bar, 1 page Network Home, tab, 1 of 3 Demos, tab, 2 of 3 Settings, tab, 3 of 3\" ptr=\"0x10899d800\" visibility=\"visible\" width=\"402\" x=\"0\" y=\"0\">\n                                    <RNSScreenNavigationContainerView alpha=\"1.0\" class=\"RNSScreenNavigationContainerView\" focused=\"false\" height=\"795\" ptr=\"0x108bce140\" visibility=\"visible\" width=\"402\" x=\"0\" y=\"0\">\n                                        <UILayoutContainerView alpha=\"1.0\" class=\"UILayoutContainerView\" focused=\"false\" height=\"795\" ptr=\"0x108a17800\" visibility=\"visible\" width=\"402\" x=\"0\" y=\"0\">\n                                            <UINavigationTransitionView alpha=\"1.0\" class=\"UINavigationTransitionView\" focused=\"false\" height=\"795\" ptr=\"0x108a14a80\" visibility=\"visible\" width=\"402\" x=\"0\" y=\"0\">\n                                                <UIViewControllerWrapperView alpha=\"1.0\" class=\"UIViewControllerWrapperView\" focused=\"false\" height=\"795\" ptr=\"0x10bca6f40\" visibility=\"visible\" width=\"402\" x=\"0\" y=\"0\">\n                                                    <RNSScreenView alpha=\"1.0\" class=\"RNSScreenView\" focused=\"false\" height=\"795\" label=\"Network Demos All requests are auto-instrumented by the SDK Fetch Data Fetch Error Fetch Multiple (3) XHR Request Log: Vertical scroll bar, 1 page Horizontal scroll bar, 1 page Network\" ptr=\"0x1088fed00\" visibility=\"visible\" width=\"402\" x=\"0\" y=\"0\">\n                                                        <RCTView alpha=\"1.0\" class=\"RCTView\" focused=\"false\" height=\"795\" label=\"Network Demos All requests are auto-instrumented by the SDK Fetch Data Fetch Error Fetch Multiple (3) XHR Request Log: Vertical scroll bar, 1 page Horizontal scroll bar, 1 page Network\" ptr=\"0x10d29e300\" visibility=\"visible\" width=\"402\" x=\"0\" y=\"0\">\n                                                            <RCTView alpha=\"1.0\" class=\"RCTView\" focused=\"false\" height=\"795\" label=\"Network Demos All requests are auto-instrumented by the SDK Fetch Data Fetch Error Fetch Multiple (3) XHR Request Log: Vertical scroll bar, 1 page Horizontal scroll bar, 1 page Network\" ptr=\"0x10d29df80\" visibility=\"visible\" width=\"402\" x=\"0\" y=\"0\">\n                                                                <RCTView alpha=\"1.0\" class=\"RCTView\" focused=\"false\" height=\"795\" label=\"Network Demos All requests are auto-instrumented by the SDK Fetch Data Fetch Error Fetch Multiple (3) XHR Request Log: Vertical scroll bar, 1 page Horizontal scroll bar, 1 page Network\" ptr=\"0x10d29dc00\" visibility=\"visible\" width=\"402\" x=\"0\" y=\"0\">\n                                                                    <RNSScreenStackView alpha=\"1.0\" class=\"RNSScreenStackView\" focused=\"false\" height=\"795\" ptr=\"0x10d36a800\" visibility=\"visible\" width=\"402\" x=\"0\" y=\"0\">\n                                                                        <UILayoutContainerView alpha=\"1.0\" class=\"UILayoutContainerView\" focused=\"false\" height=\"795\" ptr=\"0x10bc91dc0\" visibility=\"visible\" width=\"402\" x=\"0\" y=\"0\">\n                                                                            <UINavigationTransitionView alpha=\"1.0\" class=\"UINavigationTransitionView\" focused=\"false\" height=\"795\" ptr=\"0x10bc92a00\" visibility=\"visible\" width=\"402\" x=\"0\" y=\"0\">\n                                                                                <UIViewControllerWrapperView alpha=\"1.0\" class=\"UIViewControllerWrapperView\" focused=\"false\" height=\"795\" ptr=\"0x10bc93b80\" visibility=\"visible\" width=\"402\" x=\"0\" y=\"0\">\n                                                                                    <RNSScreenView alpha=\"1.0\" class=\"RNSScreenView\" focused=\"false\" height=\"679\" label=\"Network Demos All requests are auto-instrumented by the SDK Fetch Data Fetch Error Fetch Multiple (3) XHR Request Log: Vertical scroll bar, 1 page Horizontal scroll bar, 1 page\" ptr=\"0x11b6fd900\" visibility=\"visible\" width=\"402\" x=\"0\" y=\"116\">\n                                                                                        <RCTView alpha=\"1.0\" class=\"RCTView\" focused=\"false\" height=\"679\" label=\"Network Demos All requests are auto-instrumented by the SDK Fetch Data Fetch Error Fetch Multiple (3) XHR Request Log: Vertical scroll bar, 1 page Horizontal scroll bar, 1 page\" ptr=\"0x11b6f7b80\" visibility=\"visible\" width=\"402\" x=\"0\" y=\"0\">\n                                                                                            <RCTView alpha=\"1.0\" class=\"RCTView\" focused=\"false\" height=\"679\" label=\"Network Demos All requests are auto-instrumented by the SDK Fetch Data Fetch Error Fetch Multiple (3) XHR Request Log: Vertical scroll bar, 1 page Horizontal scroll bar, 1 page\" ptr=\"0x11b6f7800\" visibility=\"visible\" width=\"402\" x=\"0\" y=\"0\">\n                                                                                                <RCTSafeAreaView alpha=\"1.0\" class=\"RCTSafeAreaView\" focused=\"false\" height=\"679\" label=\"Network Demos All requests are auto-instrumented by the SDK Fetch Data Fetch Error Fetch Multiple (3) XHR Request Log: Vertical scroll bar, 1 page Horizontal scroll bar, 1 page\" ptr=\"0x10899ec00\" visibility=\"visible\" width=\"402\" x=\"0\" y=\"0\">\n                                                                                                    <RCTScrollView alpha=\"1.0\" class=\"RCTScrollView\" focused=\"false\" height=\"679\" label=\"Network Demos All requests are auto-instrumented by the SDK Fetch Data Fetch Error Fetch Multiple (3) XHR Request Log: Vertical scroll bar, 1 page Horizontal scroll bar, 1 page\" ptr=\"0x11b6fd400\" visibility=\"visible\" width=\"402\" x=\"0\" y=\"0\">\n                                                                                                        <RCTCustomScrollView alpha=\"1.0\" class=\"RCTCustomScrollView\" focused=\"false\" height=\"679\" ptr=\"0x108b8ca00\" visibility=\"visible\" width=\"402\" x=\"0\" y=\"0\">\n                                                                                                            <RCTScrollContentView alpha=\"1.0\" class=\"RCTScrollContentView\" focused=\"false\" height=\"210\" label=\"Network Demos All requests are auto-instrumented by the SDK Fetch Data Fetch Error Fetch Multiple (3) XHR Request Log:\" ptr=\"0x11b6f7480\" visibility=\"visible\" width=\"370\" x=\"16\" y=\"16\">\n                                                                                                                <RCTTextView alpha=\"1.0\" class=\"RCTTextView\" focused=\"false\" height=\"26\" label=\"Network Demos\" ptr=\"0x11b758a00\" text=\"Network Demos\" visibility=\"visible\" width=\"370\" x=\"0\" y=\"0\" />\n                                                                                                                <RCTTextView alpha=\"1.0\" class=\"RCTTextView\" focused=\"false\" height=\"16\" label=\"All requests are auto-instrumented by the SDK\" ptr=\"0x11b758c00\" text=\"All requests are auto-instrumented by the SDK\" visibility=\"visible\" width=\"370\" x=\"0\" y=\"30\" />\n                                                                                                                <RCTView alpha=\"1.0\" class=\"RCTView\" focused=\"false\" height=\"71\" label=\"Fetch Data Fetch Error Fetch Multiple (3) XHR Request\" ptr=\"0x11b6f6d80\" visibility=\"visible\" width=\"370\" x=\"0\" y=\"62\">\n                                                                                                                    <RCTView alpha=\"1.0\" class=\"RCTView\" focused=\"false\" height=\"31\" id=\"network-btn-fetch\" label=\"Fetch Data\" ptr=\"0x11b6f5f80\" visibility=\"visible\" width=\"92\" x=\"0\" y=\"0\">\n                                                                                                                        <RCTTextView alpha=\"1.0\" class=\"RCTTextView\" focused=\"false\" height=\"16\" label=\"Fetch Data\" ptr=\"0x11b758e00\" text=\"Fetch Data\" visibility=\"visible\" width=\"68\" x=\"12\" y=\"8\" />\n                                                                                                                    </RCTView>\n                                                                                                                    <RCTView alpha=\"1.0\" class=\"RCTView\" focused=\"false\" height=\"31\" id=\"network-btn-fetch-error\" label=\"Fetch Error\" ptr=\"0x11b6f6300\" visibility=\"visible\" width=\"94\" x=\"100\" y=\"0\">\n                                                                                                                        <RCTTextView alpha=\"1.0\" class=\"RCTTextView\" focused=\"false\" height=\"16\" label=\"Fetch Error\" ptr=\"0x11b759000\" text=\"Fetch Error\" visibility=\"visible\" width=\"71\" x=\"12\" y=\"8\" />\n                                                                                                                    </RCTView>\n                                                                                                                    <RCTView alpha=\"1.0\" class=\"RCTView\" focused=\"false\" height=\"31\" id=\"network-btn-fetch-multiple\" label=\"Fetch Multiple (3)\" ptr=\"0x11b6f6680\" visibility=\"visible\" width=\"136\" x=\"203\" y=\"0\">\n                                                                                                                        <RCTTextView alpha=\"1.0\" class=\"RCTTextView\" focused=\"false\" height=\"16\" label=\"Fetch Multiple (3)\" ptr=\"0x11b759200\" text=\"Fetch Multiple (3)\" visibility=\"visible\" width=\"112\" x=\"12\" y=\"8\" />\n                                                                                                                    </RCTView>\n                                                                                                                    <RCTView alpha=\"1.0\" class=\"RCTView\" focused=\"false\" height=\"31\" id=\"network-btn-xhr\" label=\"XHR Request\" ptr=\"0x11b6f6a00\" visibility=\"visible\" width=\"107\" x=\"0\" y=\"39\">\n                                                                                                                        <RCTTextView alpha=\"1.0\" class=\"RCTTextView\" focused=\"false\" height=\"16\" label=\"XHR Request\" ptr=\"0x11b759400\" text=\"XHR Request\" visibility=\"visible\" width=\"83\" x=\"12\" y=\"8\" />\n                                                                                                                    </RCTView>\n                                                                                                                </RCTView>\n                                                                                                                <RCTView alpha=\"1.0\" class=\"RCTView\" focused=\"false\" height=\"45\" id=\"network-result\" label=\"Log:\" ptr=\"0x11b6f7100\" visibility=\"visible\" width=\"370\" x=\"0\" y=\"149\">\n                                                                                                                    <RCTTextView alpha=\"1.0\" class=\"RCTTextView\" focused=\"false\" height=\"17\" label=\"Log:\" ptr=\"0x11b759600\" text=\"Log:\" visibility=\"visible\" width=\"346\" x=\"12\" y=\"12\" />\n                                                                                                                </RCTView>\n                                                                                                            </RCTScrollContentView>\n                                                                                                            <_UIScrollViewScrollIndicator alpha=\"0.0\" class=\"_UIScrollViewScrollIndicator\" focused=\"false\" height=\"204\" label=\"Vertical scroll bar, 1 page\" ptr=\"0x11b759e00\" value=\"0%\" visibility=\"visible\" width=\"3\" x=\"396\" y=\"587\">\n                                                                                                                <UIView alpha=\"1.0\" class=\"UIView\" focused=\"false\" height=\"204\" ptr=\"0x10bcb3640\" visibility=\"visible\" width=\"3\" x=\"0\" y=\"0\" />\n                                                                                                            </_UIScrollViewScrollIndicator>\n                                                                                                            <_UIScrollViewScrollIndicator alpha=\"0.0\" class=\"_UIScrollViewScrollIndicator\" focused=\"false\" height=\"3\" label=\"Horizontal scroll bar, 1 page\" ptr=\"0x11b759c00\" value=\"0%\" visibility=\"visible\" width=\"364\" x=\"35\" y=\"673\">\n                                                                                                                <UIView alpha=\"1.0\" class=\"UIView\" focused=\"false\" height=\"3\" ptr=\"0x10bcb32c0\" visibility=\"visible\" width=\"364\" x=\"0\" y=\"0\" />\n                                                                                                            </_UIScrollViewScrollIndicator>\n                                                                                                        </RCTCustomScrollView>\n                                                                                                    </RCTScrollView>\n                                                                                                </RCTSafeAreaView>\n                                                                                            </RCTView>\n                                                                                        </RCTView>\n                                                                                    </RNSScreenView>\n                                                                                </UIViewControllerWrapperView>\n                                                                            </UINavigationTransitionView>\n                                                                            <UINavigationBar alpha=\"1.0\" class=\"UINavigationBar\" focused=\"false\" height=\"54\" id=\"Network\" ptr=\"0x10bdcaa00\" visibility=\"visible\" width=\"402\" x=\"0\" y=\"62\">\n                                                                                <_UIBarBackground alpha=\"1.0\" class=\"_UIBarBackground\" focused=\"false\" height=\"116\" ptr=\"0x11b63e800\" visibility=\"visible\" width=\"402\" x=\"0\" y=\"-62\">\n                                                                                    <UIImageView alpha=\"1.0\" class=\"UIImageView\" focused=\"false\" height=\"116\" ptr=\"0x10d36bc00\" visibility=\"visible\" width=\"402\" x=\"0\" y=\"0\" />\n                                                                                    <_UIBarBackgroundShadowView alpha=\"1.0\" class=\"_UIBarBackgroundShadowView\" focused=\"false\" height=\"0\" ptr=\"0x11b63f200\" visibility=\"visible\" width=\"402\" x=\"0\" y=\"116\">\n                                                                                        <_UIBarBackgroundShadowContentImageView alpha=\"1.0\" class=\"_UIBarBackgroundShadowContentImageView\" focused=\"false\" height=\"0\" ptr=\"0x11b63f480\" visibility=\"visible\" width=\"402\" x=\"0\" y=\"0\" />\n                                                                                    </_UIBarBackgroundShadowView>\n                                                                                </_UIBarBackground>\n                                                                                <UIKit.NavigationBarContentView alpha=\"1.0\" class=\"UIKit.NavigationBarContentView\" focused=\"false\" height=\"54\" ptr=\"0x108975800\" visibility=\"visible\" width=\"402\" x=\"0\" y=\"0\">\n                                                                                    <UIKit.NavigationBarTransitionContainer alpha=\"1.0\" class=\"UIKit.NavigationBarTransitionContainer\" focused=\"false\" height=\"54\" ptr=\"0x10d36ac00\" visibility=\"visible\" width=\"402\" x=\"0\" y=\"0\">\n                                                                                        <_UINavigationBarHostedViewContainer alpha=\"1.0\" class=\"_UINavigationBarHostedViewContainer\" focused=\"false\" height=\"54\" ptr=\"0x10bc92140\" visibility=\"visible\" width=\"402\" x=\"0\" y=\"0\">\n                                                                                            <_UINavigationBarHostedViewWrapper alpha=\"1.0\" class=\"_UINavigationBarHostedViewWrapper\" focused=\"false\" height=\"20\" ptr=\"0x11b75b200\" visibility=\"visible\" width=\"68\" x=\"167\" y=\"11\">\n                                                                                                <_UINavigationBarTitleControl alpha=\"1.0\" class=\"_UINavigationBarTitleControl\" focused=\"false\" height=\"20\" ptr=\"0x11b701200\" visibility=\"visible\" width=\"68\" x=\"0\" y=\"0\">\n                                                                                                    <_UIIntrinsicContentSizeInvalidationForwardingWrapperView alpha=\"1.0\" class=\"_UIIntrinsicContentSizeInvalidationForwardingWrapperView\" focused=\"false\" height=\"20\" ptr=\"0x10bcb8a80\" visibility=\"visible\" width=\"68\" x=\"0\" y=\"0\">\n                                                                                                        <UILabel alpha=\"1.0\" class=\"UILabel\" focused=\"false\" height=\"20\" label=\"Network\" ptr=\"0x11b7dc380\" text=\"Network\" visibility=\"visible\" width=\"67\" x=\"0\" y=\"0\" />\n                                                                                                    </_UIIntrinsicContentSizeInvalidationForwardingWrapperView>\n                                                                                                </_UINavigationBarTitleControl>\n                                                                                            </_UINavigationBarHostedViewWrapper>\n                                                                                        </_UINavigationBarHostedViewContainer>\n                                                                                        <UIView alpha=\"1.0\" class=\"UIView\" focused=\"false\" height=\"54\" ptr=\"0x10bc91f80\" visibility=\"visible\" width=\"402\" x=\"0\" y=\"0\" />\n                                                                                        <UIKit.NavigationBarPlatterContainer alpha=\"1.0\" class=\"UIKit.NavigationBarPlatterContainer\" focused=\"false\" height=\"54\" ptr=\"0x10bc92300\" visibility=\"visible\" width=\"402\" x=\"0\" y=\"0\">\n                                                                                            <_UINavigationBarPlatterView alpha=\"1.0\" class=\"_UINavigationBarPlatterView\" focused=\"false\" height=\"44\" ptr=\"0x11b701800\" visibility=\"visible\" width=\"44\" x=\"16\" y=\"0\">\n                                                                                                <_UINavigationBarPlatterAnimationView alpha=\"1.0\" class=\"_UINavigationBarPlatterAnimationView\" focused=\"false\" height=\"44\" ptr=\"0x10bcb9dc0\" visibility=\"visible\" width=\"44\" x=\"0\" y=\"0\">\n                                                                                                    <_UINavigationBarPlatterAnimationView alpha=\"1.0\" class=\"_UINavigationBarPlatterAnimationView\" focused=\"false\" height=\"44\" ptr=\"0x10bcba140\" visibility=\"visible\" width=\"44\" x=\"0\" y=\"0\">\n                                                                                                        <_UINavigationBarPlatterAnimationView alpha=\"1.0\" class=\"_UINavigationBarPlatterAnimationView\" focused=\"false\" height=\"48\" ptr=\"0x10bcba300\" visibility=\"visible\" width=\"48\" x=\"-2\" y=\"-2\">\n                                                                                                            <_UINavigationBarPlatterAnimationView alpha=\"1.0\" class=\"_UINavigationBarPlatterAnimationView\" focused=\"false\" height=\"40\" ptr=\"0x10bcba4c0\" visibility=\"visible\" width=\"40\" x=\"1\" y=\"1\">\n                                                                                                                <_UINavigationBarPlatterContentView alpha=\"1.0\" class=\"_UINavigationBarPlatterContentView\" focused=\"false\" height=\"44\" ptr=\"0x10bcba680\" visibility=\"visible\" width=\"44\" x=\"0\" y=\"0\">\n                                                                                                                    <_UINavigationBarPlatterGlassView alpha=\"1.0\" class=\"_UINavigationBarPlatterGlassView\" focused=\"false\" height=\"44\" ptr=\"0x10bcba840\" visibility=\"visible\" width=\"44\" x=\"0\" y=\"0\">\n                                                                                                                        <_UINavigationBarPlatterSubviewContainerView alpha=\"1.0\" class=\"_UINavigationBarPlatterSubviewContainerView\" focused=\"false\" height=\"44\" ptr=\"0x10bcbaa00\" visibility=\"visible\" width=\"44\" x=\"0\" y=\"0\">\n                                                                                                                            <_UINavigationBarPlatterItemView alpha=\"1.0\" class=\"_UINavigationBarPlatterItemView\" focused=\"false\" height=\"44\" ptr=\"0x11b7d2f80\" visibility=\"visible\" width=\"44\" x=\"0\" y=\"0\">\n                                                                                                                                <_UIButtonBarButton alpha=\"1.0\" class=\"_UIButtonBarButton\" focused=\"false\" height=\"44\" id=\"BackButton\" ptr=\"0x11b7d2800\" visibility=\"visible\" width=\"44\" x=\"0\" y=\"0\">\n                                                                                                                                    <_TtCC5UIKit29ButtonBarButtonVisualProviderP33_A98CD29F4F6ECA17AFECE41BBB264E5918BackButtonMaskView alpha=\"1.0\" class=\"_TtCC5UIKit29ButtonBarButtonVisualProviderP33_A98CD29F4F6ECA17AFECE41BBB264E5918BackButtonMaskView\" focused=\"false\" height=\"44\" ptr=\"0x10bcb8540\" visibility=\"invisible\" width=\"44\" x=\"0\" y=\"0\">\n                                                                                                                                        <UIImageView alpha=\"1.0\" class=\"UIImageView\" focused=\"false\" height=\"28\" id=\"UINavigationBarTitleTransitionBackIndicatorMaskSymbol\" ptr=\"0x11b75a800\" visibility=\"visible\" width=\"19\" x=\"0\" y=\"8\" />\n                                                                                                                                        <UIView alpha=\"1.0\" class=\"UIView\" focused=\"false\" height=\"44\" ptr=\"0x10bcb8700\" visibility=\"visible\" width=\"0\" x=\"44\" y=\"0\" />\n                                                                                                                                    </_TtCC5UIKit29ButtonBarButtonVisualProviderP33_A98CD29F4F6ECA17AFECE41BBB264E5918BackButtonMaskView>\n                                                                                                                                    <_TtCC5UIKit29ButtonBarButtonVisualProviderP33_A98CD29F4F6ECA17AFECE41BBB264E596Button alpha=\"1.0\" class=\"_TtCC5UIKit29ButtonBarButtonVisualProviderP33_A98CD29F4F6ECA17AFECE41BBB264E596Button\" focused=\"false\" height=\"23\" label=\"Back\" ptr=\"0x11b7dc000\" visibility=\"visible\" width=\"44\" x=\"0\" y=\"10\">\n                                                                                                                                        <UIImageView alpha=\"1.0\" class=\"UIImageView\" focused=\"false\" height=\"23\" id=\"chevron.backward\" label=\"Back\" ptr=\"0x11b75aa00\" visibility=\"visible\" width=\"16\" x=\"13\" y=\"0\" />\n                                                                                                                                    </_TtCC5UIKit29ButtonBarButtonVisualProviderP33_A98CD29F4F6ECA17AFECE41BBB264E596Button>\n                                                                                                                                </_UIButtonBarButton>\n                                                                                                                            </_UINavigationBarPlatterItemView>\n                                                                                                                        </_UINavigationBarPlatterSubviewContainerView>\n                                                                                                                    </_UINavigationBarPlatterGlassView>\n                                                                                                                </_UINavigationBarPlatterContentView>\n                                                                                                            </_UINavigationBarPlatterAnimationView>\n                                                                                                        </_UINavigationBarPlatterAnimationView>\n                                                                                                    </_UINavigationBarPlatterAnimationView>\n                                                                                                </_UINavigationBarPlatterAnimationView>\n                                                                                            </_UINavigationBarPlatterView>\n                                                                                        </UIKit.NavigationBarPlatterContainer>\n                                                                                    </UIKit.NavigationBarTransitionContainer>\n                                                                                </UIKit.NavigationBarContentView>\n                                                                                <_UIPointerInteractionAssistantEffectContainerView alpha=\"1.0\" class=\"_UIPointerInteractionAssistantEffectContainerView\" focused=\"false\" height=\"0\" ptr=\"0x10bc93480\" visibility=\"visible\" width=\"0\" x=\"0\" y=\"0\" />\n                                                                            </UINavigationBar>\n                                                                            <_UIFloatingBarContainerView alpha=\"1.0\" class=\"_UIFloatingBarContainerView\" focused=\"false\" height=\"795\" ptr=\"0x10d36b000\" visibility=\"visible\" width=\"402\" x=\"0\" y=\"0\">\n                                                                                <_TtGC5UIKitP10$186ea25a022FloatingBarHostingViewVS_20FloatingBarContainer_ alpha=\"1.0\" class=\"_TtGC5UIKitP10$186ea25a022FloatingBarHostingViewVS_20FloatingBarContainer_\" focused=\"false\" height=\"795\" ptr=\"0x10d36b800\" visibility=\"visible\" width=\"402\" x=\"0\" y=\"0\" />\n                                                                                <_UIPointerInteractionAssistantEffectContainerView alpha=\"1.0\" class=\"_UIPointerInteractionAssistantEffectContainerView\" focused=\"false\" height=\"0\" ptr=\"0x10bc92f40\" visibility=\"visible\" width=\"0\" x=\"0\" y=\"0\" />\n                                                                            </_UIFloatingBarContainerView>\n                                                                        </UILayoutContainerView>\n                                                                    </RNSScreenStackView>\n                                                                </RCTView>\n                                                            </RCTView>\n                                                        </RCTView>\n                                                    </RNSScreenView>\n                                                </UIViewControllerWrapperView>\n                                            </UINavigationTransitionView>\n                                            <UINavigationBar alpha=\"1.0\" class=\"UINavigationBar\" focused=\"false\" height=\"54\" id=\"RNSScreen\" ptr=\"0x10bdc8600\" visibility=\"invisible\" width=\"402\" x=\"0\" y=\"-116\">\n                                                <_UIBarBackground alpha=\"1.0\" class=\"_UIBarBackground\" focused=\"false\" height=\"116\" ptr=\"0x10d055900\" visibility=\"visible\" width=\"402\" x=\"0\" y=\"-62\" />\n                                                <_UIPointerInteractionAssistantEffectContainerView alpha=\"1.0\" class=\"_UIPointerInteractionAssistantEffectContainerView\" focused=\"false\" height=\"0\" ptr=\"0x108bed6c0\" visibility=\"visible\" width=\"0\" x=\"0\" y=\"0\" />\n                                            </UINavigationBar>\n                                            <_UIFloatingBarContainerView alpha=\"1.0\" class=\"_UIFloatingBarContainerView\" focused=\"false\" height=\"795\" ptr=\"0x10be0a200\" visibility=\"visible\" width=\"402\" x=\"0\" y=\"0\">\n                                                <_TtGC5UIKitP10$186ea25a022FloatingBarHostingViewVS_20FloatingBarContainer_ alpha=\"1.0\" class=\"_TtGC5UIKitP10$186ea25a022FloatingBarHostingViewVS_20FloatingBarContainer_\" focused=\"false\" height=\"795\" ptr=\"0x10be0aa00\" visibility=\"visible\" width=\"402\" x=\"0\" y=\"0\" />\n                                                <_UIPointerInteractionAssistantEffectContainerView alpha=\"1.0\" class=\"_UIPointerInteractionAssistantEffectContainerView\" focused=\"false\" height=\"0\" ptr=\"0x108bdc380\" visibility=\"visible\" width=\"0\" x=\"0\" y=\"0\" />\n                                            </_UIFloatingBarContainerView>\n                                        </UILayoutContainerView>\n                                    </RNSScreenNavigationContainerView>\n                                    <RCTView alpha=\"1.0\" class=\"RCTView\" focused=\"false\" height=\"79\" label=\"Home, tab, 1 of 3 Demos, tab, 2 of 3 Settings, tab, 3 of 3\" ptr=\"0x10d1a6d80\" visibility=\"visible\" width=\"402\" x=\"0\" y=\"795\">\n                                        <RCTView alpha=\"1.0\" class=\"RCTView\" focused=\"false\" height=\"78\" ptr=\"0x1089d3b80\" visibility=\"visible\" width=\"402\" x=\"0\" y=\"0\" />\n                                        <RCTView alpha=\"1.0\" class=\"RCTView\" focused=\"false\" height=\"48\" label=\"Home, tab, 1 of 3 Demos, tab, 2 of 3 Settings, tab, 3 of 3\" ptr=\"0x10d1a6a00\" visibility=\"visible\" width=\"402\" x=\"0\" y=\"0\">\n                                            <RCTView alpha=\"1.0\" class=\"RCTView\" focused=\"false\" height=\"48\" id=\"tab-home\" label=\"Home, tab, 1 of 3\" ptr=\"0x10d1a4a80\" visibility=\"visible\" width=\"134\" x=\"0\" y=\"0\">\n                                                <RCTView alpha=\"1.0\" class=\"RCTView\" focused=\"false\" height=\"34\" label=\"H H\" ptr=\"0x10d1a4700\" visibility=\"visible\" width=\"0\" x=\"67\" y=\"0\">\n                                                    <RCTView alpha=\"0.0\" class=\"RCTView\" focused=\"false\" height=\"34\" label=\"H\" ptr=\"0x10d1a4000\" visibility=\"visible\" width=\"134\" x=\"-67\" y=\"0\">\n                                                        <RCTTextView alpha=\"1.0\" class=\"RCTTextView\" focused=\"false\" height=\"22\" label=\"H\" ptr=\"0x10be0ac00\" text=\"H\" visibility=\"visible\" width=\"13\" x=\"60\" y=\"6\" />\n                                                    </RCTView>\n                                                    <RCTView alpha=\"1.0\" class=\"RCTView\" focused=\"false\" height=\"34\" label=\"H\" ptr=\"0x10d1a4380\" visibility=\"visible\" width=\"134\" x=\"-67\" y=\"0\">\n                                                        <RCTTextView alpha=\"1.0\" class=\"RCTTextView\" focused=\"false\" height=\"22\" label=\"H\" ptr=\"0x10be0ae00\" text=\"H\" visibility=\"visible\" width=\"13\" x=\"60\" y=\"6\" />\n                                                    </RCTView>\n                                                </RCTView>\n                                                <RCTTextView alpha=\"1.0\" class=\"RCTTextView\" focused=\"false\" height=\"14\" label=\"Home\" ptr=\"0x10be0b000\" text=\"Home\" visibility=\"visible\" width=\"34\" x=\"50\" y=\"34\" />\n                                            </RCTView>\n                                            <RCTView alpha=\"1.0\" class=\"RCTView\" focused=\"false\" height=\"48\" id=\"tab-demos\" label=\"Demos, tab, 2 of 3\" ptr=\"0x10d1a5880\" visibility=\"visible\" width=\"134\" x=\"134\" y=\"0\">\n                                                <RCTView alpha=\"1.0\" class=\"RCTView\" focused=\"false\" height=\"34\" label=\"D D\" ptr=\"0x10d1a5500\" visibility=\"visible\" width=\"0\" x=\"67\" y=\"0\">\n                                                    <RCTView alpha=\"1.0\" class=\"RCTView\" focused=\"false\" height=\"34\" label=\"D\" ptr=\"0x10d1a4e00\" visibility=\"visible\" width=\"134\" x=\"-67\" y=\"0\">\n                                                        <RCTTextView alpha=\"1.0\" class=\"RCTTextView\" focused=\"false\" height=\"22\" label=\"D\" ptr=\"0x10be0b200\" text=\"D\" visibility=\"visible\" width=\"13\" x=\"60\" y=\"6\" />\n                                                    </RCTView>\n                                                    <RCTView alpha=\"0.0\" class=\"RCTView\" focused=\"false\" height=\"34\" label=\"D\" ptr=\"0x10d1a5180\" visibility=\"visible\" width=\"134\" x=\"-67\" y=\"0\">\n                                                        <RCTTextView alpha=\"1.0\" class=\"RCTTextView\" focused=\"false\" height=\"22\" label=\"D\" ptr=\"0x10be0b400\" text=\"D\" visibility=\"visible\" width=\"13\" x=\"60\" y=\"6\" />\n                                                    </RCTView>\n                                                </RCTView>\n                                                <RCTTextView alpha=\"1.0\" class=\"RCTTextView\" focused=\"false\" height=\"14\" label=\"Demos\" ptr=\"0x10be0b600\" text=\"Demos\" visibility=\"visible\" width=\"40\" x=\"47\" y=\"34\" />\n                                            </RCTView>\n                                            <RCTView alpha=\"1.0\" class=\"RCTView\" focused=\"false\" height=\"48\" id=\"tab-settings\" label=\"Settings, tab, 3 of 3\" ptr=\"0x10d1a6680\" visibility=\"visible\" width=\"134\" x=\"268\" y=\"0\">\n                                                <RCTView alpha=\"1.0\" class=\"RCTView\" focused=\"false\" height=\"34\" label=\"S S\" ptr=\"0x10d1a6300\" visibility=\"visible\" width=\"0\" x=\"67\" y=\"0\">\n                                                    <RCTView alpha=\"0.0\" class=\"RCTView\" focused=\"false\" height=\"34\" label=\"S\" ptr=\"0x10d1a5c00\" visibility=\"visible\" width=\"134\" x=\"-67\" y=\"0\">\n                                                        <RCTTextView alpha=\"1.0\" class=\"RCTTextView\" focused=\"false\" height=\"22\" label=\"S\" ptr=\"0x10be0b800\" text=\"S\" visibility=\"visible\" width=\"11\" x=\"61\" y=\"6\" />\n                                                    </RCTView>\n                                                    <RCTView alpha=\"1.0\" class=\"RCTView\" focused=\"false\" height=\"34\" label=\"S\" ptr=\"0x10d1a5f80\" visibility=\"visible\" width=\"134\" x=\"-67\" y=\"0\">\n                                                        <RCTTextView alpha=\"1.0\" class=\"RCTTextView\" focused=\"false\" height=\"22\" label=\"S\" ptr=\"0x10be0ba00\" text=\"S\" visibility=\"visible\" width=\"11\" x=\"61\" y=\"6\" />\n                                                    </RCTView>\n                                                </RCTView>\n                                                <RCTTextView alpha=\"1.0\" class=\"RCTTextView\" focused=\"false\" height=\"14\" label=\"Settings\" ptr=\"0x10be0bc00\" text=\"Settings\" visibility=\"visible\" width=\"47\" x=\"43\" y=\"34\" />\n                                            </RCTView>\n                                        </RCTView>\n                                    </RCTView>\n                                </RNCSafeAreaProvider>\n                            </RCTView>\n                        </RCTView>\n                    </RCTRootContentView>\n                </RCTRootView>\n            </UIDropShadowView>\n        </UITransitionView>\n    </UIWindow>\n</ViewHierarchy>",
      "details": "No elements found for “MATCHER(id == “demos-btn-tracing”)”",
      "windows": [
        "<UIWindow: 0x10899c800; frame = (0 0; 402 874);>",
        "<DTXTouchVisualizerWindow: 0x1088fc500; frame = (0 0; 402 874);>"
      ],
      "DetoxFailureInformation": {
        "lineNumber": 50,
        "file": "/Users/builder/uibuilder/work/detox/ios/Detox/Invocation/Element.swift",
        "functionName": "views"
      }
    }
  }
23:23:49.588 detox[66809] i get message
  data: {"type":"testFailed","messageId":21,"params":{"NSLocalizedDescription":"No elements found for “MATCHER(id == “demos-btn-tracing”)”","visibilityFailingScreenshotsURL":"/Users/nonth/Library/Developer/CoreSimulator/Devices/B7E9BAD6-0C0D-41EE-BE0C-D49BF485382E/data/Containers/Data/Application/CC206481-6D7A-47E1-B8C0-C1FA132ACE12/tmp/visibilityFailingScreenshots","visibilityFailingRectsURL":"/Users/nonth/Library/Developer/CoreSimulator/Devices/B7E9BAD6-0C0D-41EE-BE0C-D49BF485382E/data/Containers/Data/Application/CC206481-6D7A-47E1-B8C0-C1FA132ACE12/tmp/visibilityFailingRects","viewHierarchy":"<?xml version=\"1.0\" encoding=\"utf-8\"?>\n<ViewHierarchy>\n    <UIWindow alpha=\"1.0\" class=\"UIWindow\" focused=\"false\" height=\"874\" ptr=\"0x10899c800\" visibility=\"visible\" width=\"402\">\n        <UITransitionView alpha=\"1.0\" class=\"UITransitionView\" focused=\"false\" height=\"874\" ptr=\"0x10be08000\" visibility=\"visible\" width=\"402\" x=\"0\" y=\"0\">\n            <UIDropShadowView alpha=\"1.0\" class=\"UIDropShadowView\" focused=\"false\" height=\"874\" ptr=\"0x10bd05b80\" visibility=\"visible\" width=\"402\" x=\"0\" y=\"0\">\n                <RCTRootView alpha=\"1.0\" class=\"RCTRootView\" focused=\"false\" height=\"874\" ptr=\"0x10bd05400\" visibility=\"visible\" width=\"402\" x=\"0\" y=\"0\">\n                    <RCTRootContentView alpha=\"1.0\" class=\"RCTRootContentView\" focused=\"false\" height=\"874\" label=\"Network Demos All requests are auto-instrumented by the SDK Fetch Data Fetch Error Fetch Multiple (3) XHR Request Log: Vertical scroll bar, 1 page Horizontal scroll bar, 1 page Network Home, tab, 1 of 3 Demos, tab, 2 of 3 Settings, tab, 3 of 3\" ptr=\"0x10899c400\" visibility=\"visible\" width=\"402\" x=\"0\" y=\"0\">\n                        <RCTView alpha=\"1.0\" class=\"RCTView\" focused=\"false\" height=\"874\" label=\"Network Demos All requests are auto-instrumented by the SDK Fetch Data Fetch Error Fetch Multiple (3) XHR Request Log: Vertical scroll bar, 1 page Horizontal scroll bar, 1 page Network Home, tab, 1 of 3 Demos, tab, 2 of 3 Settings, tab, 3 of 3\" ptr=\"0x10d1a7480\" visibility=\"visible\" width=\"402\" x=\"0\" y=\"0\">\n                            <RCTView alpha=\"1.0\" class=\"RCTView\" focused=\"false\" height=\"874\" label=\"Network Demos All requests are auto-instrumented by the SDK Fetch Data Fetch Error Fetch Multiple (3) XHR Request Log: Vertical scroll bar, 1 page Horizontal scroll bar, 1 page Network Home, tab, 1 of 3 Demos, tab, 2 of 3 Settings, tab, 3 of 3\" ptr=\"0x10d1a7100\" visibility=\"visible\" width=\"402\" x=\"0\" y=\"0\">\n                                <RNCSafeAreaProvider alpha=\"1.0\" class=\"RNCSafeAreaProvider\" focused=\"false\" height=\"874\" label=\"Network Demos All requests are auto-instrumented by the SDK Fetch Data Fetch Error Fetch Multiple (3) XHR Request Log: Vertical scroll bar, 1 page Horizontal scroll bar, 1 page Network Home, tab, 1 of 3 Demos, tab, 2 of 3 Settings, tab, 3 of 3\" ptr=\"0x10899d800\" visibility=\"visible\" width=\"402\" x=\"0\" y=\"0\">\n                                    <RNSScreenNavigationContainerView alpha=\"1.0\" class=\"RNSScreenNavigationContainerView\" focused=\"false\" height=\"795\" ptr=\"0x108bce140\" visibility=\"visible\" width=\"402\" x=\"0\" y=\"0\">\n                                        <UILayoutContainerView alpha=\"1.0\" class=\"UILayoutContainerView\" focused=\"false\" height=\"795\" ptr=\"0x108a17800\" visibility=\"visible\" width=\"402\" x=\"0\" y=\"0\">\n                                            <UINavigationTransitionView alpha=\"1.0\" class=\"UINavigationTransitionView\" focused=\"false\" height=\"795\" ptr=\"0x108a14a80\" visibility=\"visible\" width=\"402\" x=\"0\" y=\"0\">\n                                                <UIViewControllerWrapperView alpha=\"1.0\" class=\"UIViewControllerWrapperView\" focused=\"false\" height=\"795\" ptr=\"0x10bca6f40\" visibility=\"visible\" width=\"402\" x=\"0\" y=\"0\">\n                                                    <RNSScreenView alpha=\"1.0\" class=\"RNSScreenView\" focused=\"false\" height=\"795\" label=\"Network Demos All requests are auto-instrumented by the SDK Fetch Data Fetch Error Fetch Multiple (3) XHR Request Log: Vertical scroll bar, 1 page Horizontal scroll bar, 1 page Network\" ptr=\"0x1088fed00\" visibility=\"visible\" width=\"402\" x=\"0\" y=\"0\">\n                                                        <RCTView alpha=\"1.0\" class=\"RCTView\" focused=\"false\" height=\"795\" label=\"Network Demos All requests are auto-instrumented by the SDK Fetch Data Fetch Error Fetch Multiple (3) XHR Request Log: Vertical scroll bar, 1 page Horizontal scroll bar, 1 page Network\" ptr=\"0x10d29e300\" visibility=\"visible\" width=\"402\" x=\"0\" y=\"0\">\n                                                            <RCTView alpha=\"1.0\" class=\"RCTView\" focused=\"false\" height=\"795\" label=\"Network Demos All requests are auto-instrumented by the SDK Fetch Data Fetch Error Fetch Multiple (3) XHR Request Log: Vertical scroll bar, 1 page Horizontal scroll bar, 1 page Network\" ptr=\"0x10d29df80\" visibility=\"visible\" width=\"402\" x=\"0\" y=\"0\">\n                                                                <RCTView alpha=\"1.0\" class=\"RCTView\" focused=\"false\" height=\"795\" label=\"Network Demos All requests are auto-instrumented by the SDK Fetch Data Fetch Error Fetch Multiple (3) XHR Request Log: Vertical scroll bar, 1 page Horizontal scroll bar, 1 page Network\" ptr=\"0x10d29dc00\" visibility=\"visible\" width=\"402\" x=\"0\" y=\"0\">\n                                                                    <RNSScreenStackView alpha=\"1.0\" class=\"RNSScreenStackView\" focused=\"false\" height=\"795\" ptr=\"0x10d36a800\" visibility=\"visible\" width=\"402\" x=\"0\" y=\"0\">\n                                                                        <UILayoutContainerView alpha=\"1.0\" class=\"UILayoutContainerView\" focused=\"false\" height=\"795\" ptr=\"0x10bc91dc0\" visibility=\"visible\" width=\"402\" x=\"0\" y=\"0\">\n                                                                            <UINavigationTransitionView alpha=\"1.0\" class=\"UINavigationTransitionView\" focused=\"false\" height=\"795\" ptr=\"0x10bc92a00\" visibility=\"visible\" width=\"402\" x=\"0\" y=\"0\">\n                                                                                <UIViewControllerWrapperView alpha=\"1.0\" class=\"UIViewControllerWrapperView\" focused=\"false\" height=\"795\" ptr=\"0x10bc93b80\" visibility=\"visible\" width=\"402\" x=\"0\" y=\"0\">\n                                                                                    <RNSScreenView alpha=\"1.0\" class=\"RNSScreenView\" focused=\"false\" height=\"679\" label=\"Network Demos All requests are auto-instrumented by the SDK Fetch Data Fetch Error Fetch Multiple (3) XHR Request Log: Vertical scroll bar, 1 page Horizontal scroll bar, 1 page\" ptr=\"0x11b6fd900\" visibility=\"visible\" width=\"402\" x=\"0\" y=\"116\">\n                                                                                        <RCTView alpha=\"1.0\" class=\"RCTView\" focused=\"false\" height=\"679\" label=\"Network Demos All requests are auto-instrumented by the SDK Fetch Data Fetch Error Fetch Multiple (3) XHR Request Log: Vertical scroll bar, 1 page Horizontal scroll bar, 1 page\" ptr=\"0x11b6f7b80\" visibility=\"visible\" width=\"402\" x=\"0\" y=\"0\">\n                                                                                            <RCTView alpha=\"1.0\" class=\"RCTView\" focused=\"false\" height=\"679\" label=\"Network Demos All requests are auto-instrumented by the SDK Fetch Data Fetch Error Fetch Multiple (3) XHR Request Log: Vertical scroll bar, 1 page Horizontal scroll bar, 1 page\" ptr=\"0x11b6f7800\" visibility=\"visible\" width=\"402\" x=\"0\" y=\"0\">\n                                                                                                <RCTSafeAreaView alpha=\"1.0\" class=\"RCTSafeAreaView\" focused=\"false\" height=\"679\" label=\"Network Demos All requests are auto-instrumented by the SDK Fetch Data Fetch Error Fetch Multiple (3) XHR Request Log: Vertical scroll bar, 1 page Horizontal scroll bar, 1 page\" ptr=\"0x10899ec00\" visibility=\"visible\" width=\"402\" x=\"0\" y=\"0\">\n                                                                                                    <RCTScrollView alpha=\"1.0\" class=\"RCTScrollView\" focused=\"false\" height=\"679\" label=\"Network Demos All requests are auto-instrumented by the SDK Fetch Data Fetch Error Fetch Multiple (3) XHR Request Log: Vertical scroll bar, 1 page Horizontal scroll bar, 1 page\" ptr=\"0x11b6fd400\" visibility=\"visible\" width=\"402\" x=\"0\" y=\"0\">\n                                                                                                        <RCTCustomScrollView alpha=\"1.0\" class=\"RCTCustomScrollView\" focused=\"false\" height=\"679\" ptr=\"0x108b8ca00\" visibility=\"visible\" width=\"402\" x=\"0\" y=\"0\">\n                                                                                                            <RCTScrollContentView alpha=\"1.0\" class=\"RCTScrollContentView\" focused=\"false\" height=\"210\" label=\"Network Demos All requests are auto-instrumented by the SDK Fetch Data Fetch Error Fetch Multiple (3) XHR Request Log:\" ptr=\"0x11b6f7480\" visibility=\"visible\" width=\"370\" x=\"16\" y=\"16\">\n                                                                                                                <RCTTextView alpha=\"1.0\" class=\"RCTTextView\" focused=\"false\" height=\"26\" label=\"Network Demos\" ptr=\"0x11b758a00\" text=\"Network Demos\" visibility=\"visible\" width=\"370\" x=\"0\" y=\"0\" />\n                                                                                                                <RCTTextView alpha=\"1.0\" class=\"RCTTextView\" focused=\"false\" height=\"16\" label=\"All requests are auto-instrumented by the SDK\" ptr=\"0x11b758c00\" text=\"All requests are auto-instrumented by the SDK\" visibility=\"visible\" width=\"370\" x=\"0\" y=\"30\" />\n                                                                                                                <RCTView alpha=\"1.0\" class=\"RCTView\" focused=\"false\" height=\"71\" label=\"Fetch Data Fetch Error Fetch Multiple (3) XHR Request\" ptr=\"0x11b6f6d80\" visibility=\"visible\" width=\"370\" x=\"0\" y=\"62\">\n                                                                                                                    <RCTView alpha=\"1.0\" class=\"RCTView\" focused=\"false\" height=\"31\" id=\"network-btn-fetch\" label=\"Fetch Data\" ptr=\"0x11b6f5f80\" visibility=\"visible\" width=\"92\" x=\"0\" y=\"0\">\n                                                                                                                        <RCTTextView alpha=\"1.0\" class=\"RCTTextView\" focused=\"false\" height=\"16\" label=\"Fetch Data\" ptr=\"0x11b758e00\" text=\"Fetch Data\" visibility=\"visible\" width=\"68\" x=\"12\" y=\"8\" />\n                                                                                                                    </RCTView>\n                                                                                                                    <RCTView alpha=\"1.0\" class=\"RCTView\" focused=\"false\" height=\"31\" id=\"network-btn-fetch-error\" label=\"Fetch Error\" ptr=\"0x11b6f6300\" visibility=\"visible\" width=\"94\" x=\"100\" y=\"0\">\n                                                                                                                        <RCTTextView alpha=\"1.0\" class=\"RCTTextView\" focused=\"false\" height=\"16\" label=\"Fetch Error\" ptr=\"0x11b759000\" text=\"Fetch Error\" visibility=\"visible\" width=\"71\" x=\"12\" y=\"8\" />\n                                                                                                                    </RCTView>\n                                                                                                                    <RCTView alpha=\"1.0\" class=\"RCTView\" focused=\"false\" height=\"31\" id=\"network-btn-fetch-multiple\" label=\"Fetch Multiple (3)\" ptr=\"0x11b6f6680\" visibility=\"visible\" width=\"136\" x=\"203\" y=\"0\">\n                                                                                                                        <RCTTextView alpha=\"1.0\" class=\"RCTTextView\" focused=\"false\" height=\"16\" label=\"Fetch Multiple (3)\" ptr=\"0x11b759200\" text=\"Fetch Multiple (3)\" visibility=\"visible\" width=\"112\" x=\"12\" y=\"8\" />\n                                                                                                                    </RCTView>\n                                                                                                                    <RCTView alpha=\"1.0\" class=\"RCTView\" focused=\"false\" height=\"31\" id=\"network-btn-xhr\" label=\"XHR Request\" ptr=\"0x11b6f6a00\" visibility=\"visible\" width=\"107\" x=\"0\" y=\"39\">\n                                                                                                                        <RCTTextView alpha=\"1.0\" class=\"RCTTextView\" focused=\"false\" height=\"16\" label=\"XHR Request\" ptr=\"0x11b759400\" text=\"XHR Request\" visibility=\"visible\" width=\"83\" x=\"12\" y=\"8\" />\n                                                                                                                    </RCTView>\n                                                                                                                </RCTView>\n                                                                                                                <RCTView alpha=\"1.0\" class=\"RCTView\" focused=\"false\" height=\"45\" id=\"network-result\" label=\"Log:\" ptr=\"0x11b6f7100\" visibility=\"visible\" width=\"370\" x=\"0\" y=\"149\">\n                                                                                                                    <RCTTextView alpha=\"1.0\" class=\"RCTTextView\" focused=\"false\" height=\"17\" label=\"Log:\" ptr=\"0x11b759600\" text=\"Log:\" visibility=\"visible\" width=\"346\" x=\"12\" y=\"12\" />\n                                                                                                                </RCTView>\n                                                                                                            </RCTScrollContentView>\n                                                                                                            <_UIScrollViewScrollIndicator alpha=\"0.0\" class=\"_UIScrollViewScrollIndicator\" focused=\"false\" height=\"204\" label=\"Vertical scroll bar, 1 page\" ptr=\"0x11b759e00\" value=\"0%\" visibility=\"visible\" width=\"3\" x=\"396\" y=\"587\">\n                                                                                                                <UIView alpha=\"1.0\" class=\"UIView\" focused=\"false\" height=\"204\" ptr=\"0x10bcb3640\" visibility=\"visible\" width=\"3\" x=\"0\" y=\"0\" />\n                                                                                                            </_UIScrollViewScrollIndicator>\n                                                                                                            <_UIScrollViewScrollIndicator alpha=\"0.0\" class=\"_UIScrollViewScrollIndicator\" focused=\"false\" height=\"3\" label=\"Horizontal scroll bar, 1 page\" ptr=\"0x11b759c00\" value=\"0%\" visibility=\"visible\" width=\"364\" x=\"35\" y=\"673\">\n                                                                                                                <UIView alpha=\"1.0\" class=\"UIView\" focused=\"false\" height=\"3\" ptr=\"0x10bcb32c0\" visibility=\"visible\" width=\"364\" x=\"0\" y=\"0\" />\n                                                                                                            </_UIScrollViewScrollIndicator>\n                                                                                                        </RCTCustomScrollView>\n                                                                                                    </RCTScrollView>\n                                                                                                </RCTSafeAreaView>\n                                                                                            </RCTView>\n                                                                                        </RCTView>\n                                                                                    </RNSScreenView>\n                                                                                </UIViewControllerWrapperView>\n                                                                            </UINavigationTransitionView>\n                                                                            <UINavigationBar alpha=\"1.0\" class=\"UINavigationBar\" focused=\"false\" height=\"54\" id=\"Network\" ptr=\"0x10bdcaa00\" visibility=\"visible\" width=\"402\" x=\"0\" y=\"62\">\n                                                                                <_UIBarBackground alpha=\"1.0\" class=\"_UIBarBackground\" focused=\"false\" height=\"116\" ptr=\"0x11b63e800\" visibility=\"visible\" width=\"402\" x=\"0\" y=\"-62\">\n                                                                                    <UIImageView alpha=\"1.0\" class=\"UIImageView\" focused=\"false\" height=\"116\" ptr=\"0x10d36bc00\" visibility=\"visible\" width=\"402\" x=\"0\" y=\"0\" />\n                                                                                    <_UIBarBackgroundShadowView alpha=\"1.0\" class=\"_UIBarBackgroundShadowView\" focused=\"false\" height=\"0\" ptr=\"0x11b63f200\" visibility=\"visible\" width=\"402\" x=\"0\" y=\"116\">\n                                                                                        <_UIBarBackgroundShadowContentImageView alpha=\"1.0\" class=\"_UIBarBackgroundShadowContentImageView\" focused=\"false\" height=\"0\" ptr=\"0x11b63f480\" visibility=\"visible\" width=\"402\" x=\"0\" y=\"0\" />\n                                                                                    </_UIBarBackgroundShadowView>\n                                                                                </_UIBarBackground>\n                                                                                <UIKit.NavigationBarContentView alpha=\"1.0\" class=\"UIKit.NavigationBarContentView\" focused=\"false\" height=\"54\" ptr=\"0x108975800\" visibility=\"visible\" width=\"402\" x=\"0\" y=\"0\">\n                                                                                    <UIKit.NavigationBarTransitionContainer alpha=\"1.0\" class=\"UIKit.NavigationBarTransitionContainer\" focused=\"false\" height=\"54\" ptr=\"0x10d36ac00\" visibility=\"visible\" width=\"402\" x=\"0\" y=\"0\">\n                                                                                        <_UINavigationBarHostedViewContainer alpha=\"1.0\" class=\"_UINavigationBarHostedViewContainer\" focused=\"false\" height=\"54\" ptr=\"0x10bc92140\" visibility=\"visible\" width=\"402\" x=\"0\" y=\"0\">\n                                                                                            <_UINavigationBarHostedViewWrapper alpha=\"1.0\" class=\"_UINavigationBarHostedViewWrapper\" focused=\"false\" height=\"20\" ptr=\"0x11b75b200\" visibility=\"visible\" width=\"68\" x=\"167\" y=\"11\">\n                                                                                                <_UINavigationBarTitleControl alpha=\"1.0\" class=\"_UINavigationBarTitleControl\" focused=\"false\" height=\"20\" ptr=\"0x11b701200\" visibility=\"visible\" width=\"68\" x=\"0\" y=\"0\">\n                                                                                                    <_UIIntrinsicContentSizeInvalidationForwardingWrapperView alpha=\"1.0\" class=\"_UIIntrinsicContentSizeInvalidationForwardingWrapperView\" focused=\"false\" height=\"20\" ptr=\"0x10bcb8a80\" visibility=\"visible\" width=\"68\" x=\"0\" y=\"0\">\n                                                                                                        <UILabel alpha=\"1.0\" class=\"UILabel\" focused=\"false\" height=\"20\" label=\"Network\" ptr=\"0x11b7dc380\" text=\"Network\" visibility=\"visible\" width=\"67\" x=\"0\" y=\"0\" />\n                                                                                                    </_UIIntrinsicContentSizeInvalidationForwardingWrapperView>\n                                                                                                </_UINavigationBarTitleControl>\n                                                                                            </_UINavigationBarHostedViewWrapper>\n                                                                                        </_UINavigationBarHostedViewContainer>\n                                                                                        <UIView alpha=\"1.0\" class=\"UIView\" focused=\"false\" height=\"54\" ptr=\"0x10bc91f80\" visibility=\"visible\" width=\"402\" x=\"0\" y=\"0\" />\n                                                                                        <UIKit.NavigationBarPlatterContainer alpha=\"1.0\" class=\"UIKit.NavigationBarPlatterContainer\" focused=\"false\" height=\"54\" ptr=\"0x10bc92300\" visibility=\"visible\" width=\"402\" x=\"0\" y=\"0\">\n                                                                                            <_UINavigationBarPlatterView alpha=\"1.0\" class=\"_UINavigationBarPlatterView\" focused=\"false\" height=\"44\" ptr=\"0x11b701800\" visibility=\"visible\" width=\"44\" x=\"16\" y=\"0\">\n                                                                                                <_UINavigationBarPlatterAnimationView alpha=\"1.0\" class=\"_UINavigationBarPlatterAnimationView\" focused=\"false\" height=\"44\" ptr=\"0x10bcb9dc0\" visibility=\"visible\" width=\"44\" x=\"0\" y=\"0\">\n                                                                                                    <_UINavigationBarPlatterAnimationView alpha=\"1.0\" class=\"_UINavigationBarPlatterAnimationView\" focused=\"false\" height=\"44\" ptr=\"0x10bcba140\" visibility=\"visible\" width=\"44\" x=\"0\" y=\"0\">\n                                                                                                        <_UINavigationBarPlatterAnimationView alpha=\"1.0\" class=\"_UINavigationBarPlatterAnimationView\" focused=\"false\" height=\"48\" ptr=\"0x10bcba300\" visibility=\"visible\" width=\"48\" x=\"-2\" y=\"-2\">\n                                                                                                            <_UINavigationBarPlatterAnimationView alpha=\"1.0\" class=\"_UINavigationBarPlatterAnimationView\" focused=\"false\" height=\"40\" ptr=\"0x10bcba4c0\" visibility=\"visible\" width=\"40\" x=\"1\" y=\"1\">\n                                                                                                                <_UINavigationBarPlatterContentView alpha=\"1.0\" class=\"_UINavigationBarPlatterContentView\" focused=\"false\" height=\"44\" ptr=\"0x10bcba680\" visibility=\"visible\" width=\"44\" x=\"0\" y=\"0\">\n                                                                                                                    <_UINavigationBarPlatterGlassView alpha=\"1.0\" class=\"_UINavigationBarPlatterGlassView\" focused=\"false\" height=\"44\" ptr=\"0x10bcba840\" visibility=\"visible\" width=\"44\" x=\"0\" y=\"0\">\n                                                                                                                        <_UINavigationBarPlatterSubviewContainerView alpha=\"1.0\" class=\"_UINavigationBarPlatterSubviewContainerView\" focused=\"false\" height=\"44\" ptr=\"0x10bcbaa00\" visibility=\"visible\" width=\"44\" x=\"0\" y=\"0\">\n                                                                                                                            <_UINavigationBarPlatterItemView alpha=\"1.0\" class=\"_UINavigationBarPlatterItemView\" focused=\"false\" height=\"44\" ptr=\"0x11b7d2f80\" visibility=\"visible\" width=\"44\" x=\"0\" y=\"0\">\n                                                                                                                                <_UIButtonBarButton alpha=\"1.0\" class=\"_UIButtonBarButton\" focused=\"false\" height=\"44\" id=\"BackButton\" ptr=\"0x11b7d2800\" visibility=\"visible\" width=\"44\" x=\"0\" y=\"0\">\n                                                                                                                                    <_TtCC5UIKit29ButtonBarButtonVisualProviderP33_A98CD29F4F6ECA17AFECE41BBB264E5918BackButtonMaskView alpha=\"1.0\" class=\"_TtCC5UIKit29ButtonBarButtonVisualProviderP33_A98CD29F4F6ECA17AFECE41BBB264E5918BackButtonMaskView\" focused=\"false\" height=\"44\" ptr=\"0x10bcb8540\" visibility=\"invisible\" width=\"44\" x=\"0\" y=\"0\">\n                                                                                                                                        <UIImageView alpha=\"1.0\" class=\"UIImageView\" focused=\"false\" height=\"28\" id=\"UINavigationBarTitleTransitionBackIndicatorMaskSymbol\" ptr=\"0x11b75a800\" visibility=\"visible\" width=\"19\" x=\"0\" y=\"8\" />\n                                                                                                                                        <UIView alpha=\"1.0\" class=\"UIView\" focused=\"false\" height=\"44\" ptr=\"0x10bcb8700\" visibility=\"visible\" width=\"0\" x=\"44\" y=\"0\" />\n                                                                                                                                    </_TtCC5UIKit29ButtonBarButtonVisualProviderP33_A98CD29F4F6ECA17AFECE41BBB264E5918BackButtonMaskView>\n                                                                                                                                    <_TtCC5UIKit29ButtonBarButtonVisualProviderP33_A98CD29F4F6ECA17AFECE41BBB264E596Button alpha=\"1.0\" class=\"_TtCC5UIKit29ButtonBarButtonVisualProviderP33_A98CD29F4F6ECA17AFECE41BBB264E596Button\" focused=\"false\" height=\"23\" label=\"Back\" ptr=\"0x11b7dc000\" visibility=\"visible\" width=\"44\" x=\"0\" y=\"10\">\n                                                                                                                                        <UIImageView alpha=\"1.0\" class=\"UIImageView\" focused=\"false\" height=\"23\" id=\"chevron.backward\" label=\"Back\" ptr=\"0x11b75aa00\" visibility=\"visible\" width=\"16\" x=\"13\" y=\"0\" />\n                                                                                                                                    </_TtCC5UIKit29ButtonBarButtonVisualProviderP33_A98CD29F4F6ECA17AFECE41BBB264E596Button>\n                                                                                                                                </_UIButtonBarButton>\n                                                                                                                            </_UINavigationBarPlatterItemView>\n                                                                                                                        </_UINavigationBarPlatterSubviewContainerView>\n                                                                                                                    </_UINavigationBarPlatterGlassView>\n                                                                                                                </_UINavigationBarPlatterContentView>\n                                                                                                            </_UINavigationBarPlatterAnimationView>\n                                                                                                        </_UINavigationBarPlatterAnimationView>\n                                                                                                    </_UINavigationBarPlatterAnimationView>\n                                                                                                </_UINavigationBarPlatterAnimationView>\n                                                                                            </_UINavigationBarPlatterView>\n                                                                                        </UIKit.NavigationBarPlatterContainer>\n                                                                                    </UIKit.NavigationBarTransitionContainer>\n                                                                                </UIKit.NavigationBarContentView>\n                                                                                <_UIPointerInteractionAssistantEffectContainerView alpha=\"1.0\" class=\"_UIPointerInteractionAssistantEffectContainerView\" focused=\"false\" height=\"0\" ptr=\"0x10bc93480\" visibility=\"visible\" width=\"0\" x=\"0\" y=\"0\" />\n                                                                            </UINavigationBar>\n                                                                            <_UIFloatingBarContainerView alpha=\"1.0\" class=\"_UIFloatingBarContainerView\" focused=\"false\" height=\"795\" ptr=\"0x10d36b000\" visibility=\"visible\" width=\"402\" x=\"0\" y=\"0\">\n                                                                                <_TtGC5UIKitP10$186ea25a022FloatingBarHostingViewVS_20FloatingBarContainer_ alpha=\"1.0\" class=\"_TtGC5UIKitP10$186ea25a022FloatingBarHostingViewVS_20FloatingBarContainer_\" focused=\"false\" height=\"795\" ptr=\"0x10d36b800\" visibility=\"visible\" width=\"402\" x=\"0\" y=\"0\" />\n                                                                                <_UIPointerInteractionAssistantEffectContainerView alpha=\"1.0\" class=\"_UIPointerInteractionAssistantEffectContainerView\" focused=\"false\" height=\"0\" ptr=\"0x10bc92f40\" visibility=\"visible\" width=\"0\" x=\"0\" y=\"0\" />\n                                                                            </_UIFloatingBarContainerView>\n                                                                        </UILayoutContainerView>\n                                                                    </RNSScreenStackView>\n                                                                </RCTView>\n                                                            </RCTView>\n                                                        </RCTView>\n                                                    </RNSScreenView>\n                                                </UIViewControllerWrapperView>\n                                            </UINavigationTransitionView>\n                                            <UINavigationBar alpha=\"1.0\" class=\"UINavigationBar\" focused=\"false\" height=\"54\" id=\"RNSScreen\" ptr=\"0x10bdc8600\" visibility=\"invisible\" width=\"402\" x=\"0\" y=\"-116\">\n                                                <_UIBarBackground alpha=\"1.0\" class=\"_UIBarBackground\" focused=\"false\" height=\"116\" ptr=\"0x10d055900\" visibility=\"visible\" width=\"402\" x=\"0\" y=\"-62\" />\n                                                <_UIPointerInteractionAssistantEffectContainerView alpha=\"1.0\" class=\"_UIPointerInteractionAssistantEffectContainerView\" focused=\"false\" height=\"0\" ptr=\"0x108bed6c0\" visibility=\"visible\" width=\"0\" x=\"0\" y=\"0\" />\n                                            </UINavigationBar>\n                                            <_UIFloatingBarContainerView alpha=\"1.0\" class=\"_UIFloatingBarContainerView\" focused=\"false\" height=\"795\" ptr=\"0x10be0a200\" visibility=\"visible\" width=\"402\" x=\"0\" y=\"0\">\n                                                <_TtGC5UIKitP10$186ea25a022FloatingBarHostingViewVS_20FloatingBarContainer_ alpha=\"1.0\" class=\"_TtGC5UIKitP10$186ea25a022FloatingBarHostingViewVS_20FloatingBarContainer_\" focused=\"false\" height=\"795\" ptr=\"0x10be0aa00\" visibility=\"visible\" width=\"402\" x=\"0\" y=\"0\" />\n                                                <_UIPointerInteractionAssistantEffectContainerView alpha=\"1.0\" class=\"_UIPointerInteractionAssistantEffectContainerView\" focused=\"false\" height=\"0\" ptr=\"0x108bdc380\" visibility=\"visible\" width=\"0\" x=\"0\" y=\"0\" />\n                                            </_UIFloatingBarContainerView>\n                                        </UILayoutContainerView>\n                                    </RNSScreenNavigationContainerView>\n                                    <RCTView alpha=\"1.0\" class=\"RCTView\" focused=\"false\" height=\"79\" label=\"Home, tab, 1 of 3 Demos, tab, 2 of 3 Settings, tab, 3 of 3\" ptr=\"0x10d1a6d80\" visibility=\"visible\" width=\"402\" x=\"0\" y=\"795\">\n                                        <RCTView alpha=\"1.0\" class=\"RCTView\" focused=\"false\" height=\"78\" ptr=\"0x1089d3b80\" visibility=\"visible\" width=\"402\" x=\"0\" y=\"0\" />\n                                        <RCTView alpha=\"1.0\" class=\"RCTView\" focused=\"false\" height=\"48\" label=\"Home, tab, 1 of 3 Demos, tab, 2 of 3 Settings, tab, 3 of 3\" ptr=\"0x10d1a6a00\" visibility=\"visible\" width=\"402\" x=\"0\" y=\"0\">\n                                            <RCTView alpha=\"1.0\" class=\"RCTView\" focused=\"false\" height=\"48\" id=\"tab-home\" label=\"Home, tab, 1 of 3\" ptr=\"0x10d1a4a80\" visibility=\"visible\" width=\"134\" x=\"0\" y=\"0\">\n                                                <RCTView alpha=\"1.0\" class=\"RCTView\" focused=\"false\" height=\"34\" label=\"H H\" ptr=\"0x10d1a4700\" visibility=\"visible\" width=\"0\" x=\"67\" y=\"0\">\n                                                    <RCTView alpha=\"0.0\" class=\"RCTView\" focused=\"false\" height=\"34\" label=\"H\" ptr=\"0x10d1a4000\" visibility=\"visible\" width=\"134\" x=\"-67\" y=\"0\">\n                                                        <RCTTextView alpha=\"1.0\" class=\"RCTTextView\" focused=\"false\" height=\"22\" label=\"H\" ptr=\"0x10be0ac00\" text=\"H\" visibility=\"visible\" width=\"13\" x=\"60\" y=\"6\" />\n                                                    </RCTView>\n                                                    <RCTView alpha=\"1.0\" class=\"RCTView\" focused=\"false\" height=\"34\" label=\"H\" ptr=\"0x10d1a4380\" visibility=\"visible\" width=\"134\" x=\"-67\" y=\"0\">\n                                                        <RCTTextView alpha=\"1.0\" class=\"RCTTextView\" focused=\"false\" height=\"22\" label=\"H\" ptr=\"0x10be0ae00\" text=\"H\" visibility=\"visible\" width=\"13\" x=\"60\" y=\"6\" />\n                                                    </RCTView>\n                                                </RCTView>\n                                                <RCTTextView alpha=\"1.0\" class=\"RCTTextView\" focused=\"false\" height=\"14\" label=\"Home\" ptr=\"0x10be0b000\" text=\"Home\" visibility=\"visible\" width=\"34\" x=\"50\" y=\"34\" />\n                                            </RCTView>\n                                            <RCTView alpha=\"1.0\" class=\"RCTView\" focused=\"false\" height=\"48\" id=\"tab-demos\" label=\"Demos, tab, 2 of 3\" ptr=\"0x10d1a5880\" visibility=\"visible\" width=\"134\" x=\"134\" y=\"0\">\n                                                <RCTView alpha=\"1.0\" class=\"RCTView\" focused=\"false\" height=\"34\" label=\"D D\" ptr=\"0x10d1a5500\" visibility=\"visible\" width=\"0\" x=\"67\" y=\"0\">\n                                                    <RCTView alpha=\"1.0\" class=\"RCTView\" focused=\"false\" height=\"34\" label=\"D\" ptr=\"0x10d1a4e00\" visibility=\"visible\" width=\"134\" x=\"-67\" y=\"0\">\n                                                        <RCTTextView alpha=\"1.0\" class=\"RCTTextView\" focused=\"false\" height=\"22\" label=\"D\" ptr=\"0x10be0b200\" text=\"D\" visibility=\"visible\" width=\"13\" x=\"60\" y=\"6\" />\n                                                    </RCTView>\n                                                    <RCTView alpha=\"0.0\" class=\"RCTView\" focused=\"false\" height=\"34\" label=\"D\" ptr=\"0x10d1a5180\" visibility=\"visible\" width=\"134\" x=\"-67\" y=\"0\">\n                                                        <RCTTextView alpha=\"1.0\" class=\"RCTTextView\" focused=\"false\" height=\"22\" label=\"D\" ptr=\"0x10be0b400\" text=\"D\" visibility=\"visible\" width=\"13\" x=\"60\" y=\"6\" />\n                                                    </RCTView>\n                                                </RCTView>\n                                                <RCTTextView alpha=\"1.0\" class=\"RCTTextView\" focused=\"false\" height=\"14\" label=\"Demos\" ptr=\"0x10be0b600\" text=\"Demos\" visibility=\"visible\" width=\"40\" x=\"47\" y=\"34\" />\n                                            </RCTView>\n                                            <RCTView alpha=\"1.0\" class=\"RCTView\" focused=\"false\" height=\"48\" id=\"tab-settings\" label=\"Settings, tab, 3 of 3\" ptr=\"0x10d1a6680\" visibility=\"visible\" width=\"134\" x=\"268\" y=\"0\">\n                                                <RCTView alpha=\"1.0\" class=\"RCTView\" focused=\"false\" height=\"34\" label=\"S S\" ptr=\"0x10d1a6300\" visibility=\"visible\" width=\"0\" x=\"67\" y=\"0\">\n                                                    <RCTView alpha=\"0.0\" class=\"RCTView\" focused=\"false\" height=\"34\" label=\"S\" ptr=\"0x10d1a5c00\" visibility=\"visible\" width=\"134\" x=\"-67\" y=\"0\">\n                                                        <RCTTextView alpha=\"1.0\" class=\"RCTTextView\" focused=\"false\" height=\"22\" label=\"S\" ptr=\"0x10be0b800\" text=\"S\" visibility=\"visible\" width=\"11\" x=\"61\" y=\"6\" />\n                                                    </RCTView>\n                                                    <RCTView alpha=\"1.0\" class=\"RCTView\" focused=\"false\" height=\"34\" label=\"S\" ptr=\"0x10d1a5f80\" visibility=\"visible\" width=\"134\" x=\"-67\" y=\"0\">\n                                                        <RCTTextView alpha=\"1.0\" class=\"RCTTextView\" focused=\"false\" height=\"22\" label=\"S\" ptr=\"0x10be0ba00\" text=\"S\" visibility=\"visible\" width=\"11\" x=\"61\" y=\"6\" />\n                                                    </RCTView>\n                                                </RCTView>\n                                                <RCTTextView alpha=\"1.0\" class=\"RCTTextView\" focused=\"false\" height=\"14\" label=\"Settings\" ptr=\"0x10be0bc00\" text=\"Settings\" visibility=\"visible\" width=\"47\" x=\"43\" y=\"34\" />\n                                            </RCTView>\n                                        </RCTView>\n                                    </RCTView>\n                                </RNCSafeAreaProvider>\n                            </RCTView>\n                        </RCTView>\n                    </RCTRootContentView>\n                </RCTRootView>\n            </UIDropShadowView>\n        </UITransitionView>\n    </UIWindow>\n</ViewHierarchy>","details":"No elements found for “MATCHER(id == “demos-btn-tracing”)”","windows":["<UIWindow: 0x10899c800; frame = (0 0; 402 874);>","<DTXTouchVisualizerWindow: 0x1088fc500; frame = (0 0; 402 874);>"],"DetoxFailureInformation":{"lineNumber":50,"file":"/Users/builder/uibuilder/work/detox/ios/Detox/Invocation/Element.swift","functionName":"views"}}}
   
23:23:49.589 detox[66809] E tap
  error: Test Failed: No elements found for “MATCHER(id == “demos-btn-tracing”)”
  
  HINT: To print view hierarchy on failed actions/matches, use log-level verbose or higher.
23:23:49.589 detox[66809] B onTestFnFailure
  args: ({"error":{"name":"DetoxRuntimeError"}})
23:23:49.589 detox[66809] i starting SimulatorScreenshot
23:23:49.589 detox[66809] i /usr/bin/xcrun simctl io B7E9BAD6-0C0D-41EE-BE0C-D49BF485382E screenshot "/private/var/folders/nd/_cs61jn95mx_wzcmldgt15p00000gn/T/detox-66809-WyaQJN.detox.png"
23:23:49.761 detox[66809] i Detected file type from extension: PNG
Note: No display specified. Defaulting to display: 1CF89121-203F-41F0-8702-803F5499D5AE (screenID: 1, name: LCD)
Wrote screenshot to: /private/var/folders/nd/_cs61jn95mx_wzcmldgt15p00000gn/T/detox-66809-WyaQJN.detox.png

23:23:49.761 detox[66809] i stopping SimulatorScreenshot
23:23:49.761 detox[66809] E onTestFnFailure
23:23:49.761 detox[66809] E test_fn
  error: Test Failed: No elements found for “MATCHER(id == “demos-btn-tracing”)”
  
  HINT: To print view hierarchy on failed actions/matches, use log-level verbose or higher.
23:23:49.761 detox[66809] B onTestDone
  args: ({"title":"navigates to Tracing demo and interacts","fullName":"React Navigation Example Demo Screens navigates to Tracing demo and interacts","status":"failed","invocations":1,"timedOut":false})
23:23:49.761 detox[66809] i starting SimulatorScreenshot
23:23:49.761 detox[66809] i /usr/bin/xcrun simctl io B7E9BAD6-0C0D-41EE-BE0C-D49BF485382E screenshot "/private/var/folders/nd/_cs61jn95mx_wzcmldgt15p00000gn/T/detox-66809-BF65RK.detox.png"
23:23:49.762 detox[66809] i stopping SimulatorVideoRecording
23:23:49.762 detox[66809] i sending SIGINT to: /usr/bin/xcrun simctl io B7E9BAD6-0C0D-41EE-BE0C-D49BF485382E recordVideo /private/var/folders/nd/_cs61jn95mx_wzcmldgt15p00000gn/T/detox-66809-Ox1NGc.detox.mp4
23:23:49.773 detox[66809] i Recording completed. Writing to disk.

Wrote video to: /private/var/folders/nd/_cs61jn95mx_wzcmldgt15p00000gn/T/detox-66809-Ox1NGc.detox.mp4

23:23:49.774 detox[66809] i /usr/bin/xcrun simctl io B7E9BAD6-0C0D-41EE-BE0C-D49BF485382E recordVideo /private/var/folders/nd/_cs61jn95mx_wzcmldgt15p00000gn/T/detox-66809-Ox1NGc.detox.mp4 exited with code #0
23:23:49.774 detox[66809] i saving SimulatorVideoRecording to: artifacts/ios.sim.release.2026-04-10 16-23-27Z/✗ React Navigation Example Demo Screens navigates to Tracing demo and interacts/test.mp4
23:23:49.774 detox[66809] i moving "/private/var/folders/nd/_cs61jn95mx_wzcmldgt15p00000gn/T/detox-66809-Ox1NGc.detox.mp4" to artifacts/ios.sim.release.2026-04-10 16-23-27Z/✗ React Navigation Example Demo Screens navigates to Tracing demo and interacts/test.mp4
23:23:49.937 detox[66809] i Detected file type from extension: PNG
Note: No display specified. Defaulting to display: 1CF89121-203F-41F0-8702-803F5499D5AE (screenID: 1, name: LCD)
Wrote screenshot to: /private/var/folders/nd/_cs61jn95mx_wzcmldgt15p00000gn/T/detox-66809-BF65RK.detox.png

23:23:49.938 detox[66809] i stopping SimulatorScreenshot
23:23:49.938 detox[66809] i stopping SimulatorLogRecording
23:23:49.938 detox[66809] i saving SimulatorScreenshot to: artifacts/ios.sim.release.2026-04-10 16-23-27Z/✗ React Navigation Example Demo Screens navigates to Tracing demo and interacts/testStart.png
23:23:49.938 detox[66809] i moving "/private/var/folders/nd/_cs61jn95mx_wzcmldgt15p00000gn/T/detox-66809-rghApY.detox.png" to artifacts/ios.sim.release.2026-04-10 16-23-27Z/✗ React Navigation Example Demo Screens navigates to Tracing demo and interacts/testStart.png
23:23:49.939 detox[66809] i saving SimulatorScreenshot to: artifacts/ios.sim.release.2026-04-10 16-23-27Z/✗ React Navigation Example Demo Screens navigates to Tracing demo and interacts/testFnFailure.png
23:23:49.939 detox[66809] i moving "/private/var/folders/nd/_cs61jn95mx_wzcmldgt15p00000gn/T/detox-66809-WyaQJN.detox.png" to artifacts/ios.sim.release.2026-04-10 16-23-27Z/✗ React Navigation Example Demo Screens navigates to Tracing demo and interacts/testFnFailure.png
23:23:49.939 detox[66809] i saving SimulatorScreenshot to: artifacts/ios.sim.release.2026-04-10 16-23-27Z/✗ React Navigation Example Demo Screens navigates to Tracing demo and interacts/testDone.png
23:23:49.939 detox[66809] i moving "/private/var/folders/nd/_cs61jn95mx_wzcmldgt15p00000gn/T/detox-66809-BF65RK.detox.png" to artifacts/ios.sim.release.2026-04-10 16-23-27Z/✗ React Navigation Example Demo Screens navigates to Tracing demo and interacts/testDone.png
23:23:49.990 detox[66809] i sending SIGINT to: /usr/bin/xcrun simctl spawn B7E9BAD6-0C0D-41EE-BE0C-D49BF485382E log stream --level debug --style compact --predicate processImagePath beginsWith "/Users/nonth/Library/Developer/CoreSimulator/Devices/B7E9BAD6-0C0D-41EE-BE0C-D49BF485382E/data/Containers/Bundle/Application/4FB2BDAB-C128-44E5-9089-1B03AD22F4EA/EdotReactNavExample.app"
23:23:49.997 detox[66809] i /usr/bin/xcrun simctl spawn B7E9BAD6-0C0D-41EE-BE0C-D49BF485382E log stream --level debug --style compact --predicate "processImagePath beginsWith \"/Users/nonth/Library/Developer/CoreSimulator/Devices/B7E9BAD6-0C0D-41EE-BE0C-D49BF485382E/data/Containers/Bundle/Application/4FB2BDAB-C128-44E5-9089-1B03AD22F4EA/EdotReactNavExample.app\"" exited with code #0
23:23:49.997 detox[66809] E onTestDone
23:23:49.997 detox[66809] E navigates to Tracing demo and interacts
23:23:49.997 detox[66809] i React Navigation Example > Demo Screens: navigates to Tracing demo and interacts [FAIL]
23:23:49.997 detox[66809] B navigates to Metrics demo and interacts
23:23:49.997 detox[66809] i React Navigation Example > Demo Screens: navigates to Metrics demo and interacts
23:23:49.997 detox[66809] B onTestStart
  args: ({"title":"navigates to Metrics demo and interacts","fullName":"React Navigation Example Demo Screens navigates to Metrics demo and interacts","status":"running","invocations":1})
23:23:49.998 detox[66809] i starting SimulatorLogRecording
23:23:49.998 detox[66809] i saving SimulatorLogRecording to: artifacts/ios.sim.release.2026-04-10 16-23-27Z/✗ React Navigation Example Demo Screens navigates to Tracing demo and interacts/device.log
23:23:49.998 detox[66809] i moving "/private/var/folders/nd/_cs61jn95mx_wzcmldgt15p00000gn/T/detox-66809-YM4kU4.detox.log" to artifacts/ios.sim.release.2026-04-10 16-23-27Z/✗ React Navigation Example Demo Screens navigates to Tracing demo and interacts/device.log
23:23:49.998 detox[66809] i /usr/bin/xcrun simctl get_app_container B7E9BAD6-0C0D-41EE-BE0C-D49BF485382E com.edot.reactnavexample
23:23:50.167 detox[66809] i /Users/nonth/Library/Developer/CoreSimulator/Devices/B7E9BAD6-0C0D-41EE-BE0C-D49BF485382E/data/Containers/Bundle/Application/4FB2BDAB-C128-44E5-9089-1B03AD22F4EA/EdotReactNavExample.app

23:23:50.168 detox[66809] i /usr/bin/xcrun simctl spawn B7E9BAD6-0C0D-41EE-BE0C-D49BF485382E log stream --level debug --style compact --predicate "processImagePath beginsWith \"/Users/nonth/Library/Developer/CoreSimulator/Devices/B7E9BAD6-0C0D-41EE-BE0C-D49BF485382E/data/Containers/Bundle/Application/4FB2BDAB-C128-44E5-9089-1B03AD22F4EA/EdotReactNavExample.app\""
23:23:50.219 detox[66809] i starting SimulatorScreenshot
23:23:50.219 detox[66809] i /usr/bin/xcrun simctl io B7E9BAD6-0C0D-41EE-BE0C-D49BF485382E screenshot "/private/var/folders/nd/_cs61jn95mx_wzcmldgt15p00000gn/T/detox-66809-mONyVU.detox.png"
23:23:50.220 detox[66809] i starting SimulatorVideoRecording
23:23:50.221 detox[66809] i /usr/bin/xcrun simctl io B7E9BAD6-0C0D-41EE-BE0C-D49BF485382E recordVideo /private/var/folders/nd/_cs61jn95mx_wzcmldgt15p00000gn/T/detox-66809-hG1N0T.detox.mp4
23:23:50.394 detox[66809] i Note: No display specified. Defaulting to display: 1CF89121-203F-41F0-8702-803F5499D5AE (screenID: 1, name: LCD)

23:23:50.406 detox[66809] i Recording started

23:23:50.439 detox[66809] i Detected file type from extension: PNG
Note: No display specified. Defaulting to display: 1CF89121-203F-41F0-8702-803F5499D5AE (screenID: 1, name: LCD)
Wrote screenshot to: /private/var/folders/nd/_cs61jn95mx_wzcmldgt15p00000gn/T/detox-66809-mONyVU.detox.png

23:23:50.439 detox[66809] i stopping SimulatorScreenshot
23:23:50.440 detox[66808] i get
  data: {"type":"invoke","params":{"type":"action","action":"tap","predicate":{"type":"id","value":"demos-btn-metrics","isRegex":false}},"messageId":22}
23:23:50.440 detox[66808] i send
  data: {
    "type": "invoke",
    "params": {
      "type": "action",
      "action": "tap",
      "predicate": {
        "type": "id",
        "value": "demos-btn-metrics",
        "isRegex": false
      }
    },
    "messageId": 22
  }
23:23:50.440 detox[66809] E onTestStart
23:23:50.440 detox[66809] B beforeEach
23:23:50.440 detox[66809] E beforeEach
23:23:50.440 detox[66809] B test_fn
23:23:50.440 detox[66809] i send message
  data: {"type":"invoke","params":{"type":"action","action":"tap","predicate":{"type":"id","value":"demos-btn-metrics","isRegex":false}},"messageId":22}
23:23:50.441 detox[66809] B tap
  data: {
    "type": "action",
    "action": "tap",
    "predicate": {
      "type": "id",
      "value": "demos-btn-metrics",
      "isRegex": false
    }
  }
23:23:50.457 detox[66808] i get
  data: {"messageId":22,"type":"testFailed","params":{"NSLocalizedDescription":"No elements found for “MATCHER(id == “demos-btn-metrics”)”","visibilityFailingScreenshotsURL":"\/Users\/nonth\/Library\/Developer\/CoreSimulator\/Devices\/B7E9BAD6-0C0D-41EE-BE0C-D49BF485382E\/data\/Containers\/Data\/Application\/CC206481-6D7A-47E1-B8C0-C1FA132ACE12\/tmp\/visibilityFailingScreenshots","visibilityFailingRectsURL":"\/Users\/nonth\/Library\/Developer\/CoreSimulator\/Devices\/B7E9BAD6-0C0D-41EE-BE0C-D49BF485382E\/data\/Containers\/Data\/Application\/CC206481-6D7A-47E1-B8C0-C1FA132ACE12\/tmp\/visibilityFailingRects","viewHierarchy":"<?xml version=\"1.0\" encoding=\"utf-8\"?>\n<ViewHierarchy>\n    <UIWindow alpha=\"1.0\" class=\"UIWindow\" focused=\"false\" height=\"874\" ptr=\"0x10899c800\" visibility=\"visible\" width=\"402\">\n        <UITransitionView alpha=\"1.0\" class=\"UITransitionView\" focused=\"false\" height=\"874\" ptr=\"0x10be08000\" visibility=\"visible\" width=\"402\" x=\"0\" y=\"0\">\n            <UIDropShadowView alpha=\"1.0\" class=\"UIDropShadowView\" focused=\"false\" height=\"874\" ptr=\"0x10bd05b80\" visibility=\"visible\" width=\"402\" x=\"0\" y=\"0\">\n                <RCTRootView alpha=\"1.0\" class=\"RCTRootView\" focused=\"false\" height=\"874\" ptr=\"0x10bd05400\" visibility=\"visible\" width=\"402\" x=\"0\" y=\"0\">\n                    <RCTRootContentView alpha=\"1.0\" class=\"RCTRootContentView\" focused=\"false\" height=\"874\" label=\"Network Demos All requests are auto-instrumented by the SDK Fetch Data Fetch Error Fetch Multiple (3) XHR Request Log: Vertical scroll bar, 1 page Horizontal scroll bar, 1 page Network Home, tab, 1 of 3 Demos, tab, 2 of 3 Settings, tab, 3 of 3\" ptr=\"0x10899c400\" visibility=\"visible\" width=\"402\" x=\"0\" y=\"0\">\n                        <RCTView alpha=\"1.0\" class=\"RCTView\" focused=\"false\" height=\"874\" label=\"Network Demos All requests are auto-instrumented by the SDK Fetch Data Fetch Error Fetch Multiple (3) XHR Request Log: Vertical scroll bar, 1 page Horizontal scroll bar, 1 page Network Home, tab, 1 of 3 Demos, tab, 2 of 3 Settings, tab, 3 of 3\" ptr=\"0x10d1a7480\" visibility=\"visible\" width=\"402\" x=\"0\" y=\"0\">\n                            <RCTView alpha=\"1.0\" class=\"RCTView\" focused=\"false\" height=\"874\" label=\"Network Demos All requests are auto-instrumented by the SDK Fetch Data Fetch Error Fetch Multiple (3) XHR Request Log: Vertical scroll bar, 1 page Horizontal scroll bar, 1 page Network Home, tab, 1 of 3 Demos, tab, 2 of 3 Settings, tab, 3 of 3\" ptr=\"0x10d1a7100\" visibility=\"visible\" width=\"402\" x=\"0\" y=\"0\">\n                                <RNCSafeAreaProvider alpha=\"1.0\" class=\"RNCSafeAreaProvider\" focused=\"false\" height=\"874\" label=\"Network Demos All requests are auto-instrumented by the SDK Fetch Data Fetch Error Fetch Multiple (3) XHR Request Log: Vertical scroll bar, 1 page Horizontal scroll bar, 1 page Network Home, tab, 1 of 3 Demos, tab, 2 of 3 Settings, tab, 3 of 3\" ptr=\"0x10899d800\" visibility=\"visible\" width=\"402\" x=\"0\" y=\"0\">\n                                    <RNSScreenNavigationContainerView alpha=\"1.0\" class=\"RNSScreenNavigationContainerView\" focused=\"false\" height=\"795\" ptr=\"0x108bce140\" visibility=\"visible\" width=\"402\" x=\"0\" y=\"0\">\n                                        <UILayoutContainerView alpha=\"1.0\" class=\"UILayoutContainerView\" focused=\"false\" height=\"795\" ptr=\"0x108a17800\" visibility=\"visible\" width=\"402\" x=\"0\" y=\"0\">\n                                            <UINavigationTransitionView alpha=\"1.0\" class=\"UINavigationTransitionView\" focused=\"false\" height=\"795\" ptr=\"0x108a14a80\" visibility=\"visible\" width=\"402\" x=\"0\" y=\"0\">\n                                                <UIViewControllerWrapperView alpha=\"1.0\" class=\"UIViewControllerWrapperView\" focused=\"false\" height=\"795\" ptr=\"0x10bca6f40\" visibility=\"visible\" width=\"402\" x=\"0\" y=\"0\">\n                                                    <RNSScreenView alpha=\"1.0\" class=\"RNSScreenView\" focused=\"false\" height=\"795\" label=\"Network Demos All requests are auto-instrumented by the SDK Fetch Data Fetch Error Fetch Multiple (3) XHR Request Log: Vertical scroll bar, 1 page Horizontal scroll bar, 1 page Network\" ptr=\"0x1088fed00\" visibility=\"visible\" width=\"402\" x=\"0\" y=\"0\">\n                                                        <RCTView alpha=\"1.0\" class=\"RCTView\" focused=\"false\" height=\"795\" label=\"Network Demos All requests are auto-instrumented by the SDK Fetch Data Fetch Error Fetch Multiple (3) XHR Request Log: Vertical scroll bar, 1 page Horizontal scroll bar, 1 page Network\" ptr=\"0x10d29e300\" visibility=\"visible\" width=\"402\" x=\"0\" y=\"0\">\n                                                            <RCTView alpha=\"1.0\" class=\"RCTView\" focused=\"false\" height=\"795\" label=\"Network Demos All requests are auto-instrumented by the SDK Fetch Data Fetch Error Fetch Multiple (3) XHR Request Log: Vertical scroll bar, 1 page Horizontal scroll bar, 1 page Network\" ptr=\"0x10d29df80\" visibility=\"visible\" width=\"402\" x=\"0\" y=\"0\">\n                                                                <RCTView alpha=\"1.0\" class=\"RCTView\" focused=\"false\" height=\"795\" label=\"Network Demos All requests are auto-instrumented by the SDK Fetch Data Fetch Error Fetch Multiple (3) XHR Request Log: Vertical scroll bar, 1 page Horizontal scroll bar, 1 page Network\" ptr=\"0x10d29dc00\" visibility=\"visible\" width=\"402\" x=\"0\" y=\"0\">\n                                                                    <RNSScreenStackView alpha=\"1.0\" class=\"RNSScreenStackView\" focused=\"false\" height=\"795\" ptr=\"0x10d36a800\" visibility=\"visible\" width=\"402\" x=\"0\" y=\"0\">\n                                                                        <UILayoutContainerView alpha=\"1.0\" class=\"UILayoutContainerView\" focused=\"false\" height=\"795\" ptr=\"0x10bc91dc0\" visibility=\"visible\" width=\"402\" x=\"0\" y=\"0\">\n                                                                            <UINavigationTransitionView alpha=\"1.0\" class=\"UINavigationTransitionView\" focused=\"false\" height=\"795\" ptr=\"0x10bc92a00\" visibility=\"visible\" width=\"402\" x=\"0\" y=\"0\">\n                                                                                <UIViewControllerWrapperView alpha=\"1.0\" class=\"UIViewControllerWrapperView\" focused=\"false\" height=\"795\" ptr=\"0x10bc93b80\" visibility=\"visible\" width=\"402\" x=\"0\" y=\"0\">\n                                                                                    <RNSScreenView alpha=\"1.0\" class=\"RNSScreenView\" focused=\"false\" height=\"679\" label=\"Network Demos All requests are auto-instrumented by the SDK Fetch Data Fetch Error Fetch Multiple (3) XHR Request Log: Vertical scroll bar, 1 page Horizontal scroll bar, 1 page\" ptr=\"0x11b6fd900\" visibility=\"visible\" width=\"402\" x=\"0\" y=\"116\">\n                                                                                        <RCTView alpha=\"1.0\" class=\"RCTView\" focused=\"false\" height=\"679\" label=\"Network Demos All requests are auto-instrumented by the SDK Fetch Data Fetch Error Fetch Multiple (3) XHR Request Log: Vertical scroll bar, 1 page Horizontal scroll bar, 1 page\" ptr=\"0x11b6f7b80\" visibility=\"visible\" width=\"402\" x=\"0\" y=\"0\">\n                                                                                            <RCTView alpha=\"1.0\" class=\"RCTView\" focused=\"false\" height=\"679\" label=\"Network Demos All requests are auto-instrumented by the SDK Fetch Data Fetch Error Fetch Multiple (3) XHR Request Log: Vertical scroll bar, 1 page Horizontal scroll bar, 1 page\" ptr=\"0x11b6f7800\" visibility=\"visible\" width=\"402\" x=\"0\" y=\"0\">\n                                                                                                <RCTSafeAreaView alpha=\"1.0\" class=\"RCTSafeAreaView\" focused=\"false\" height=\"679\" label=\"Network Demos All requests are auto-instrumented by the SDK Fetch Data Fetch Error Fetch Multiple (3) XHR Request Log: Vertical scroll bar, 1 page Horizontal scroll bar, 1 page\" ptr=\"0x10899ec00\" visibility=\"visible\" width=\"402\" x=\"0\" y=\"0\">\n                                                                                                    <RCTScrollView alpha=\"1.0\" class=\"RCTScrollView\" focused=\"false\" height=\"679\" label=\"Network Demos All requests are auto-instrumented by the SDK Fetch Data Fetch Error Fetch Multiple (3) XHR Request Log: Vertical scroll bar, 1 page Horizontal scroll bar, 1 page\" ptr=\"0x11b6fd400\" visibility=\"visible\" width=\"402\" x=\"0\" y=\"0\">\n                                                                                                        <RCTCustomScrollView alpha=\"1.0\" class=\"RCTCustomScrollView\" focused=\"false\" height=\"679\" ptr=\"0x108b8ca00\" visibility=\"visible\" width=\"402\" x=\"0\" y=\"0\">\n                                                                                                            <RCTScrollContentView alpha=\"1.0\" class=\"RCTScrollContentView\" focused=\"false\" height=\"210\" label=\"Network Demos All requests are auto-instrumented by the SDK Fetch Data Fetch Error Fetch Multiple (3) XHR Request Log:\" ptr=\"0x11b6f7480\" visibility=\"visible\" width=\"370\" x=\"16\" y=\"16\">\n                                                                                                                <RCTTextView alpha=\"1.0\" class=\"RCTTextView\" focused=\"false\" height=\"26\" label=\"Network Demos\" ptr=\"0x11b758a00\" text=\"Network Demos\" visibility=\"visible\" width=\"370\" x=\"0\" y=\"0\" \/>\n                                                                                                                <RCTTextView alpha=\"1.0\" class=\"RCTTextView\" focused=\"false\" height=\"16\" label=\"All requests are auto-instrumented by the SDK\" ptr=\"0x11b758c00\" text=\"All requests are auto-instrumented by the SDK\" visibility=\"visible\" width=\"370\" x=\"0\" y=\"30\" \/>\n                                                                                                                <RCTView alpha=\"1.0\" class=\"RCTView\" focused=\"false\" height=\"71\" label=\"Fetch Data Fetch Error Fetch Multiple (3) XHR Request\" ptr=\"0x11b6f6d80\" visibility=\"visible\" width=\"370\" x=\"0\" y=\"62\">\n                                                                                                                    <RCTView alpha=\"1.0\" class=\"RCTView\" focused=\"false\" height=\"31\" id=\"network-btn-fetch\" label=\"Fetch Data\" ptr=\"0x11b6f5f80\" visibility=\"visible\" width=\"92\" x=\"0\" y=\"0\">\n                                                                                                                        <RCTTextView alpha=\"1.0\" class=\"RCTTextView\" focused=\"false\" height=\"16\" label=\"Fetch Data\" ptr=\"0x11b758e00\" text=\"Fetch Data\" visibility=\"visible\" width=\"68\" x=\"12\" y=\"8\" \/>\n                                                                                                                    <\/RCTView>\n                                                                                                                    <RCTView alpha=\"1.0\" class=\"RCTView\" focused=\"false\" height=\"31\" id=\"network-btn-fetch-error\" label=\"Fetch Error\" ptr=\"0x11b6f6300\" visibility=\"visible\" width=\"94\" x=\"100\" y=\"0\">\n                                                                                                                        <RCTTextView alpha=\"1.0\" class=\"RCTTextView\" focused=\"false\" height=\"16\" label=\"Fetch Error\" ptr=\"0x11b759000\" text=\"Fetch Error\" visibility=\"visible\" width=\"71\" x=\"12\" y=\"8\" \/>\n                                                                                                                    <\/RCTView>\n                                                                                                                    <RCTView alpha=\"1.0\" class=\"RCTView\" focused=\"false\" height=\"31\" id=\"network-btn-fetch-multiple\" label=\"Fetch Multiple (3)\" ptr=\"0x11b6f6680\" visibility=\"visible\" width=\"136\" x=\"203\" y=\"0\">\n                                                                                                                        <RCTTextView alpha=\"1.0\" class=\"RCTTextView\" focused=\"false\" height=\"16\" label=\"Fetch Multiple (3)\" ptr=\"0x11b759200\" text=\"Fetch Multiple (3)\" visibility=\"visible\" width=\"112\" x=\"12\" y=\"8\" \/>\n                                                                                                                    <\/RCTView>\n                                                                                                                    <RCTView alpha=\"1.0\" class=\"RCTView\" focused=\"false\" height=\"31\" id=\"network-btn-xhr\" label=\"XHR Request\" ptr=\"0x11b6f6a00\" visibility=\"visible\" width=\"107\" x=\"0\" y=\"39\">\n                                                                                                                        <RCTTextView alpha=\"1.0\" class=\"RCTTextView\" focused=\"false\" height=\"16\" label=\"XHR Request\" ptr=\"0x11b759400\" text=\"XHR Request\" visibility=\"visible\" width=\"83\" x=\"12\" y=\"8\" \/>\n                                                                                                                    <\/RCTView>\n                                                                                                                <\/RCTView>\n                                                                                                                <RCTView alpha=\"1.0\" class=\"RCTView\" focused=\"false\" height=\"45\" id=\"network-result\" label=\"Log:\" ptr=\"0x11b6f7100\" visibility=\"visible\" width=\"370\" x=\"0\" y=\"149\">\n                                                                                                                    <RCTTextView alpha=\"1.0\" class=\"RCTTextView\" focused=\"false\" height=\"17\" label=\"Log:\" ptr=\"0x11b759600\" text=\"Log:\" visibility=\"visible\" width=\"346\" x=\"12\" y=\"12\" \/>\n                                                                                                                <\/RCTView>\n                                                                                                            <\/RCTScrollContentView>\n                                                                                                            <_UIScrollViewScrollIndicator alpha=\"0.0\" class=\"_UIScrollViewScrollIndicator\" focused=\"false\" height=\"204\" label=\"Vertical scroll bar, 1 page\" ptr=\"0x11b759e00\" value=\"0%\" visibility=\"visible\" width=\"3\" x=\"396\" y=\"587\">\n                                                                                                                <UIView alpha=\"1.0\" class=\"UIView\" focused=\"false\" height=\"204\" ptr=\"0x10bcb3640\" visibility=\"visible\" width=\"3\" x=\"0\" y=\"0\" \/>\n                                                                                                            <\/_UIScrollViewScrollIndicator>\n                                                                                                            <_UIScrollViewScrollIndicator alpha=\"0.0\" class=\"_UIScrollViewScrollIndicator\" focused=\"false\" height=\"3\" label=\"Horizontal scroll bar, 1 page\" ptr=\"0x11b759c00\" value=\"0%\" visibility=\"visible\" width=\"364\" x=\"35\" y=\"673\">\n                                                                                                                <UIView alpha=\"1.0\" class=\"UIView\" focused=\"false\" height=\"3\" ptr=\"0x10bcb32c0\" visibility=\"visible\" width=\"364\" x=\"0\" y=\"0\" \/>\n                                                                                                            <\/_UIScrollViewScrollIndicator>\n                                                                                                        <\/RCTCustomScrollView>\n                                                                                                    <\/RCTScrollView>\n                                                                                                <\/RCTSafeAreaView>\n                                                                                            <\/RCTView>\n                                                                                        <\/RCTView>\n                                                                                    <\/RNSScreenView>\n                                                                                <\/UIViewControllerWrapperView>\n                                                                            <\/UINavigationTransitionView>\n                                                                            <UINavigationBar alpha=\"1.0\" class=\"UINavigationBar\" focused=\"false\" height=\"54\" id=\"Network\" ptr=\"0x10bdcaa00\" visibility=\"visible\" width=\"402\" x=\"0\" y=\"62\">\n                                                                                <_UIBarBackground alpha=\"1.0\" class=\"_UIBarBackground\" focused=\"false\" height=\"116\" ptr=\"0x11b63e800\" visibility=\"visible\" width=\"402\" x=\"0\" y=\"-62\">\n                                                                                    <UIImageView alpha=\"1.0\" class=\"UIImageView\" focused=\"false\" height=\"116\" ptr=\"0x10d36bc00\" visibility=\"visible\" width=\"402\" x=\"0\" y=\"0\" \/>\n                                                                                    <_UIBarBackgroundShadowView alpha=\"1.0\" class=\"_UIBarBackgroundShadowView\" focused=\"false\" height=\"0\" ptr=\"0x11b63f200\" visibility=\"visible\" width=\"402\" x=\"0\" y=\"116\">\n                                                                                        <_UIBarBackgroundShadowContentImageView alpha=\"1.0\" class=\"_UIBarBackgroundShadowContentImageView\" focused=\"false\" height=\"0\" ptr=\"0x11b63f480\" visibility=\"visible\" width=\"402\" x=\"0\" y=\"0\" \/>\n                                                                                    <\/_UIBarBackgroundShadowView>\n                                                                                <\/_UIBarBackground>\n                                                                                <UIKit.NavigationBarContentView alpha=\"1.0\" class=\"UIKit.NavigationBarContentView\" focused=\"false\" height=\"54\" ptr=\"0x108975800\" visibility=\"visible\" width=\"402\" x=\"0\" y=\"0\">\n                                                                                    <UIKit.NavigationBarTransitionContainer alpha=\"1.0\" class=\"UIKit.NavigationBarTransitionContainer\" focused=\"false\" height=\"54\" ptr=\"0x10d36ac00\" visibility=\"visible\" width=\"402\" x=\"0\" y=\"0\">\n                                                                                        <_UINavigationBarHostedViewContainer alpha=\"1.0\" class=\"_UINavigationBarHostedViewContainer\" focused=\"false\" height=\"54\" ptr=\"0x10bc92140\" visibility=\"visible\" width=\"402\" x=\"0\" y=\"0\">\n                                                                                            <_UINavigationBarHostedViewWrapper alpha=\"1.0\" class=\"_UINavigationBarHostedViewWrapper\" focused=\"false\" height=\"20\" ptr=\"0x11b75b200\" visibility=\"visible\" width=\"68\" x=\"167\" y=\"11\">\n                                                                                                <_UINavigationBarTitleControl alpha=\"1.0\" class=\"_UINavigationBarTitleControl\" focused=\"false\" height=\"20\" ptr=\"0x11b701200\" visibility=\"visible\" width=\"68\" x=\"0\" y=\"0\">\n                                                                                                    <_UIIntrinsicContentSizeInvalidationForwardingWrapperView alpha=\"1.0\" class=\"_UIIntrinsicContentSizeInvalidationForwardingWrapperView\" focused=\"false\" height=\"20\" ptr=\"0x10bcb8a80\" visibility=\"visible\" width=\"68\" x=\"0\" y=\"0\">\n                                                                                                        <UILabel alpha=\"1.0\" class=\"UILabel\" focused=\"false\" height=\"20\" label=\"Network\" ptr=\"0x11b7dc380\" text=\"Network\" visibility=\"visible\" width=\"67\" x=\"0\" y=\"0\" \/>\n                                                                                                    <\/_UIIntrinsicContentSizeInvalidationForwardingWrapperView>\n                                                                                                <\/_UINavigationBarTitleControl>\n                                                                                            <\/_UINavigationBarHostedViewWrapper>\n                                                                                        <\/_UINavigationBarHostedViewContainer>\n                                                                                        <UIView alpha=\"1.0\" class=\"UIView\" focused=\"false\" height=\"54\" ptr=\"0x10bc91f80\" visibility=\"visible\" width=\"402\" x=\"0\" y=\"0\" \/>\n                                                                                        <UIKit.NavigationBarPlatterContainer alpha=\"1.0\" class=\"UIKit.NavigationBarPlatterContainer\" focused=\"false\" height=\"54\" ptr=\"0x10bc92300\" visibility=\"visible\" width=\"402\" x=\"0\" y=\"0\">\n                                                                                            <_UINavigationBarPlatterView alpha=\"1.0\" class=\"_UINavigationBarPlatterView\" focused=\"false\" height=\"44\" ptr=\"0x11b701800\" visibility=\"visible\" width=\"44\" x=\"16\" y=\"0\">\n                                                                                                <_UINavigationBarPlatterAnimationView alpha=\"1.0\" class=\"_UINavigationBarPlatterAnimationView\" focused=\"false\" height=\"44\" ptr=\"0x10bcb9dc0\" visibility=\"visible\" width=\"44\" x=\"0\" y=\"0\">\n                                                                                                    <_UINavigationBarPlatterAnimationView alpha=\"1.0\" class=\"_UINavigationBarPlatterAnimationView\" focused=\"false\" height=\"44\" ptr=\"0x10bcba140\" visibility=\"visible\" width=\"44\" x=\"0\" y=\"0\">\n                                                                                                        <_UINavigationBarPlatterAnimationView alpha=\"1.0\" class=\"_UINavigationBarPlatterAnimationView\" focused=\"false\" height=\"48\" ptr=\"0x10bcba300\" visibility=\"visible\" width=\"48\" x=\"-2\" y=\"-2\">\n                                                                                                            <_UINavigationBarPlatterAnimationView alpha=\"1.0\" class=\"_UINavigationBarPlatterAnimationView\" focused=\"false\" height=\"40\" ptr=\"0x10bcba4c0\" visibility=\"visible\" width=\"40\" x=\"1\" y=\"1\">\n                                                                                                                <_UINavigationBarPlatterContentView alpha=\"1.0\" class=\"_UINavigationBarPlatterContentView\" focused=\"false\" height=\"44\" ptr=\"0x10bcba680\" visibility=\"visible\" width=\"44\" x=\"0\" y=\"0\">\n                                                                                                                    <_UINavigationBarPlatterGlassView alpha=\"1.0\" class=\"_UINavigationBarPlatterGlassView\" focused=\"false\" height=\"44\" ptr=\"0x10bcba840\" visibility=\"visible\" width=\"44\" x=\"0\" y=\"0\">\n                                                                                                                        <_UINavigationBarPlatterSubviewContainerView alpha=\"1.0\" class=\"_UINavigationBarPlatterSubviewContainerView\" focused=\"false\" height=\"44\" ptr=\"0x10bcbaa00\" visibility=\"visible\" width=\"44\" x=\"0\" y=\"0\">\n                                                                                                                            <_UINavigationBarPlatterItemView alpha=\"1.0\" class=\"_UINavigationBarPlatterItemView\" focused=\"false\" height=\"44\" ptr=\"0x11b7d2f80\" visibility=\"visible\" width=\"44\" x=\"0\" y=\"0\">\n                                                                                                                                <_UIButtonBarButton alpha=\"1.0\" class=\"_UIButtonBarButton\" focused=\"false\" height=\"44\" id=\"BackButton\" ptr=\"0x11b7d2800\" visibility=\"visible\" width=\"44\" x=\"0\" y=\"0\">\n                                                                                                                                    <_TtCC5UIKit29ButtonBarButtonVisualProviderP33_A98CD29F4F6ECA17AFECE41BBB264E5918BackButtonMaskView alpha=\"1.0\" class=\"_TtCC5UIKit29ButtonBarButtonVisualProviderP33_A98CD29F4F6ECA17AFECE41BBB264E5918BackButtonMaskView\" focused=\"false\" height=\"44\" ptr=\"0x10bcb8540\" visibility=\"invisible\" width=\"44\" x=\"0\" y=\"0\">\n                                                                                                                                        <UIImageView alpha=\"1.0\" class=\"UIImageView\" focused=\"false\" height=\"28\" id=\"UINavigationBarTitleTransitionBackIndicatorMaskSymbol\" ptr=\"0x11b75a800\" visibility=\"visible\" width=\"19\" x=\"0\" y=\"8\" \/>\n                                                                                                                                        <UIView alpha=\"1.0\" class=\"UIView\" focused=\"false\" height=\"44\" ptr=\"0x10bcb8700\" visibility=\"visible\" width=\"0\" x=\"44\" y=\"0\" \/>\n                                                                                                                                    <\/_TtCC5UIKit29ButtonBarButtonVisualProviderP33_A98CD29F4F6ECA17AFECE41BBB264E5918BackButtonMaskView>\n                                                                                                                                    <_TtCC5UIKit29ButtonBarButtonVisualProviderP33_A98CD29F4F6ECA17AFECE41BBB264E596Button alpha=\"1.0\" class=\"_TtCC5UIKit29ButtonBarButtonVisualProviderP33_A98CD29F4F6ECA17AFECE41BBB264E596Button\" focused=\"false\" height=\"23\" label=\"Back\" ptr=\"0x11b7dc000\" visibility=\"visible\" width=\"44\" x=\"0\" y=\"10\">\n                                                                                                                                        <UIImageView alpha=\"1.0\" class=\"UIImageView\" focused=\"false\" height=\"23\" id=\"chevron.backward\" label=\"Back\" ptr=\"0x11b75aa00\" visibility=\"visible\" width=\"16\" x=\"13\" y=\"0\" \/>\n                                                                                                                                    <\/_TtCC5UIKit29ButtonBarButtonVisualProviderP33_A98CD29F4F6ECA17AFECE41BBB264E596Button>\n                                                                                                                                <\/_UIButtonBarButton>\n                                                                                                                            <\/_UINavigationBarPlatterItemView>\n                                                                                                                        <\/_UINavigationBarPlatterSubviewContainerView>\n                                                                                                                    <\/_UINavigationBarPlatterGlassView>\n                                                                                                                <\/_UINavigationBarPlatterContentView>\n                                                                                                            <\/_UINavigationBarPlatterAnimationView>\n                                                                                                        <\/_UINavigationBarPlatterAnimationView>\n                                                                                                    <\/_UINavigationBarPlatterAnimationView>\n                                                                                                <\/_UINavigationBarPlatterAnimationView>\n                                                                                            <\/_UINavigationBarPlatterView>\n                                                                                        <\/UIKit.NavigationBarPlatterContainer>\n                                                                                    <\/UIKit.NavigationBarTransitionContainer>\n                                                                                <\/UIKit.NavigationBarContentView>\n                                                                                <_UIPointerInteractionAssistantEffectContainerView alpha=\"1.0\" class=\"_UIPointerInteractionAssistantEffectContainerView\" focused=\"false\" height=\"0\" ptr=\"0x10bc93480\" visibility=\"visible\" width=\"0\" x=\"0\" y=\"0\" \/>\n                                                                            <\/UINavigationBar>\n                                                                            <_UIFloatingBarContainerView alpha=\"1.0\" class=\"_UIFloatingBarContainerView\" focused=\"false\" height=\"795\" ptr=\"0x10d36b000\" visibility=\"visible\" width=\"402\" x=\"0\" y=\"0\">\n                                                                                <_TtGC5UIKitP10$186ea25a022FloatingBarHostingViewVS_20FloatingBarContainer_ alpha=\"1.0\" class=\"_TtGC5UIKitP10$186ea25a022FloatingBarHostingViewVS_20FloatingBarContainer_\" focused=\"false\" height=\"795\" ptr=\"0x10d36b800\" visibility=\"visible\" width=\"402\" x=\"0\" y=\"0\" \/>\n                                                                                <_UIPointerInteractionAssistantEffectContainerView alpha=\"1.0\" class=\"_UIPointerInteractionAssistantEffectContainerView\" focused=\"false\" height=\"0\" ptr=\"0x10bc92f40\" visibility=\"visible\" width=\"0\" x=\"0\" y=\"0\" \/>\n                                                                            <\/_UIFloatingBarContainerView>\n                                                                        <\/UILayoutContainerView>\n                                                                    <\/RNSScreenStackView>\n                                                                <\/RCTView>\n                                                            <\/RCTView>\n                                                        <\/RCTView>\n                                                    <\/RNSScreenView>\n                                                <\/UIViewControllerWrapperView>\n                                            <\/UINavigationTransitionView>\n                                            <UINavigationBar alpha=\"1.0\" class=\"UINavigationBar\" focused=\"false\" height=\"54\" id=\"RNSScreen\" ptr=\"0x10bdc8600\" visibility=\"invisible\" width=\"402\" x=\"0\" y=\"-116\">\n                                                <_UIBarBackground alpha=\"1.0\" class=\"_UIBarBackground\" focused=\"false\" height=\"116\" ptr=\"0x10d055900\" visibility=\"visible\" width=\"402\" x=\"0\" y=\"-62\" \/>\n                                                <_UIPointerInteractionAssistantEffectContainerView alpha=\"1.0\" class=\"_UIPointerInteractionAssistantEffectContainerView\" focused=\"false\" height=\"0\" ptr=\"0x108bed6c0\" visibility=\"visible\" width=\"0\" x=\"0\" y=\"0\" \/>\n                                            <\/UINavigationBar>\n                                            <_UIFloatingBarContainerView alpha=\"1.0\" class=\"_UIFloatingBarContainerView\" focused=\"false\" height=\"795\" ptr=\"0x10be0a200\" visibility=\"visible\" width=\"402\" x=\"0\" y=\"0\">\n                                                <_TtGC5UIKitP10$186ea25a022FloatingBarHostingViewVS_20FloatingBarContainer_ alpha=\"1.0\" class=\"_TtGC5UIKitP10$186ea25a022FloatingBarHostingViewVS_20FloatingBarContainer_\" focused=\"false\" height=\"795\" ptr=\"0x10be0aa00\" visibility=\"visible\" width=\"402\" x=\"0\" y=\"0\" \/>\n                                                <_UIPointerInteractionAssistantEffectContainerView alpha=\"1.0\" class=\"_UIPointerInteractionAssistantEffectContainerView\" focused=\"false\" height=\"0\" ptr=\"0x108bdc380\" visibility=\"visible\" width=\"0\" x=\"0\" y=\"0\" \/>\n                                            <\/_UIFloatingBarContainerView>\n                                        <\/UILayoutContainerView>\n                                    <\/RNSScreenNavigationContainerView>\n                                    <RCTView alpha=\"1.0\" class=\"RCTView\" focused=\"false\" height=\"79\" label=\"Home, tab, 1 of 3 Demos, tab, 2 of 3 Settings, tab, 3 of 3\" ptr=\"0x10d1a6d80\" visibility=\"visible\" width=\"402\" x=\"0\" y=\"795\">\n                                        <RCTView alpha=\"1.0\" class=\"RCTView\" focused=\"false\" height=\"78\" ptr=\"0x1089d3b80\" visibility=\"visible\" width=\"402\" x=\"0\" y=\"0\" \/>\n                                        <RCTView alpha=\"1.0\" class=\"RCTView\" focused=\"false\" height=\"48\" label=\"Home, tab, 1 of 3 Demos, tab, 2 of 3 Settings, tab, 3 of 3\" ptr=\"0x10d1a6a00\" visibility=\"visible\" width=\"402\" x=\"0\" y=\"0\">\n                                            <RCTView alpha=\"1.0\" class=\"RCTView\" focused=\"false\" height=\"48\" id=\"tab-home\" label=\"Home, tab, 1 of 3\" ptr=\"0x10d1a4a80\" visibility=\"visible\" width=\"134\" x=\"0\" y=\"0\">\n                                                <RCTView alpha=\"1.0\" class=\"RCTView\" focused=\"false\" height=\"34\" label=\"H H\" ptr=\"0x10d1a4700\" visibility=\"visible\" width=\"0\" x=\"67\" y=\"0\">\n                                                    <RCTView alpha=\"0.0\" class=\"RCTView\" focused=\"false\" height=\"34\" label=\"H\" ptr=\"0x10d1a4000\" visibility=\"visible\" width=\"134\" x=\"-67\" y=\"0\">\n                                                        <RCTTextView alpha=\"1.0\" class=\"RCTTextView\" focused=\"false\" height=\"22\" label=\"H\" ptr=\"0x10be0ac00\" text=\"H\" visibility=\"visible\" width=\"13\" x=\"60\" y=\"6\" \/>\n                                                    <\/RCTView>\n                                                    <RCTView alpha=\"1.0\" class=\"RCTView\" focused=\"false\" height=\"34\" label=\"H\" ptr=\"0x10d1a4380\" visibility=\"visible\" width=\"134\" x=\"-67\" y=\"0\">\n                                                        <RCTTextView alpha=\"1.0\" class=\"RCTTextView\" focused=\"false\" height=\"22\" label=\"H\" ptr=\"0x10be0ae00\" text=\"H\" visibility=\"visible\" width=\"13\" x=\"60\" y=\"6\" \/>\n                                                    <\/RCTView>\n                                                <\/RCTView>\n                                                <RCTTextView alpha=\"1.0\" class=\"RCTTextView\" focused=\"false\" height=\"14\" label=\"Home\" ptr=\"0x10be0b000\" text=\"Home\" visibility=\"visible\" width=\"34\" x=\"50\" y=\"34\" \/>\n                                            <\/RCTView>\n                                            <RCTView alpha=\"1.0\" class=\"RCTView\" focused=\"false\" height=\"48\" id=\"tab-demos\" label=\"Demos, tab, 2 of 3\" ptr=\"0x10d1a5880\" visibility=\"visible\" width=\"134\" x=\"134\" y=\"0\">\n                                                <RCTView alpha=\"1.0\" class=\"RCTView\" focused=\"false\" height=\"34\" label=\"D D\" ptr=\"0x10d1a5500\" visibility=\"visible\" width=\"0\" x=\"67\" y=\"0\">\n                                                    <RCTView alpha=\"1.0\" class=\"RCTView\" focused=\"false\" height=\"34\" label=\"D\" ptr=\"0x10d1a4e00\" visibility=\"visible\" width=\"134\" x=\"-67\" y=\"0\">\n                                                        <RCTTextView alpha=\"1.0\" class=\"RCTTextView\" focused=\"false\" height=\"22\" label=\"D\" ptr=\"0x10be0b200\" text=\"D\" visibility=\"visible\" width=\"13\" x=\"60\" y=\"6\" \/>\n                                                    <\/RCTView>\n                                                    <RCTView alpha=\"0.0\" class=\"RCTView\" focused=\"false\" height=\"34\" label=\"D\" ptr=\"0x10d1a5180\" visibility=\"visible\" width=\"134\" x=\"-67\" y=\"0\">\n                                                        <RCTTextView alpha=\"1.0\" class=\"RCTTextView\" focused=\"false\" height=\"22\" label=\"D\" ptr=\"0x10be0b400\" text=\"D\" visibility=\"visible\" width=\"13\" x=\"60\" y=\"6\" \/>\n                                                    <\/RCTView>\n                                                <\/RCTView>\n                                                <RCTTextView alpha=\"1.0\" class=\"RCTTextView\" focused=\"false\" height=\"14\" label=\"Demos\" ptr=\"0x10be0b600\" text=\"Demos\" visibility=\"visible\" width=\"40\" x=\"47\" y=\"34\" \/>\n                                            <\/RCTView>\n                                            <RCTView alpha=\"1.0\" class=\"RCTView\" focused=\"false\" height=\"48\" id=\"tab-settings\" label=\"Settings, tab, 3 of 3\" ptr=\"0x10d1a6680\" visibility=\"visible\" width=\"134\" x=\"268\" y=\"0\">\n                                                <RCTView alpha=\"1.0\" class=\"RCTView\" focused=\"false\" height=\"34\" label=\"S S\" ptr=\"0x10d1a6300\" visibility=\"visible\" width=\"0\" x=\"67\" y=\"0\">\n                                                    <RCTView alpha=\"0.0\" class=\"RCTView\" focused=\"false\" height=\"34\" label=\"S\" ptr=\"0x10d1a5c00\" visibility=\"visible\" width=\"134\" x=\"-67\" y=\"0\">\n                                                        <RCTTextView alpha=\"1.0\" class=\"RCTTextView\" focused=\"false\" height=\"22\" label=\"S\" ptr=\"0x10be0b800\" text=\"S\" visibility=\"visible\" width=\"11\" x=\"61\" y=\"6\" \/>\n                                                    <\/RCTView>\n                                                    <RCTView alpha=\"1.0\" class=\"RCTView\" focused=\"false\" height=\"34\" label=\"S\" ptr=\"0x10d1a5f80\" visibility=\"visible\" width=\"134\" x=\"-67\" y=\"0\">\n                                                        <RCTTextView alpha=\"1.0\" class=\"RCTTextView\" focused=\"false\" height=\"22\" label=\"S\" ptr=\"0x10be0ba00\" text=\"S\" visibility=\"visible\" width=\"11\" x=\"61\" y=\"6\" \/>\n                                                    <\/RCTView>\n                                                <\/RCTView>\n                                                <RCTTextView alpha=\"1.0\" class=\"RCTTextView\" focused=\"false\" height=\"14\" label=\"Settings\" ptr=\"0x10be0bc00\" text=\"Settings\" visibility=\"visible\" width=\"47\" x=\"43\" y=\"34\" \/>\n                                            <\/RCTView>\n                                        <\/RCTView>\n                                    <\/RCTView>\n                                <\/RNCSafeAreaProvider>\n                            <\/RCTView>\n                        <\/RCTView>\n                    <\/RCTRootContentView>\n                <\/RCTRootView>\n            <\/UIDropShadowView>\n        <\/UITransitionView>\n    <\/UIWindow>\n<\/ViewHierarchy>","details":"No elements found for “MATCHER(id == “demos-btn-metrics”)”","windows":["<UIWindow: 0x10899c800; frame = (0 0; 402 874);>","<DTXTouchVisualizerWindow: 0x1088fc500; frame = (0 0; 402 874);>"],"DetoxFailureInformation":{"lineNumber":50,"file":"\/Users\/builder\/uibuilder\/work\/detox\/ios\/Detox\/Invocation\/Element.swift","functionName":"views"}}}
23:23:50.458 detox[66808] i send
  data: {
    "messageId": 22,
    "type": "testFailed",
    "params": {
      "NSLocalizedDescription": "No elements found for “MATCHER(id == “demos-btn-metrics”)”",
      "visibilityFailingScreenshotsURL": "/Users/nonth/Library/Developer/CoreSimulator/Devices/B7E9BAD6-0C0D-41EE-BE0C-D49BF485382E/data/Containers/Data/Application/CC206481-6D7A-47E1-B8C0-C1FA132ACE12/tmp/visibilityFailingScreenshots",
      "visibilityFailingRectsURL": "/Users/nonth/Library/Developer/CoreSimulator/Devices/B7E9BAD6-0C0D-41EE-BE0C-D49BF485382E/data/Containers/Data/Application/CC206481-6D7A-47E1-B8C0-C1FA132ACE12/tmp/visibilityFailingRects",
      "viewHierarchy": "<?xml version=\"1.0\" encoding=\"utf-8\"?>\n<ViewHierarchy>\n    <UIWindow alpha=\"1.0\" class=\"UIWindow\" focused=\"false\" height=\"874\" ptr=\"0x10899c800\" visibility=\"visible\" width=\"402\">\n        <UITransitionView alpha=\"1.0\" class=\"UITransitionView\" focused=\"false\" height=\"874\" ptr=\"0x10be08000\" visibility=\"visible\" width=\"402\" x=\"0\" y=\"0\">\n            <UIDropShadowView alpha=\"1.0\" class=\"UIDropShadowView\" focused=\"false\" height=\"874\" ptr=\"0x10bd05b80\" visibility=\"visible\" width=\"402\" x=\"0\" y=\"0\">\n                <RCTRootView alpha=\"1.0\" class=\"RCTRootView\" focused=\"false\" height=\"874\" ptr=\"0x10bd05400\" visibility=\"visible\" width=\"402\" x=\"0\" y=\"0\">\n                    <RCTRootContentView alpha=\"1.0\" class=\"RCTRootContentView\" focused=\"false\" height=\"874\" label=\"Network Demos All requests are auto-instrumented by the SDK Fetch Data Fetch Error Fetch Multiple (3) XHR Request Log: Vertical scroll bar, 1 page Horizontal scroll bar, 1 page Network Home, tab, 1 of 3 Demos, tab, 2 of 3 Settings, tab, 3 of 3\" ptr=\"0x10899c400\" visibility=\"visible\" width=\"402\" x=\"0\" y=\"0\">\n                        <RCTView alpha=\"1.0\" class=\"RCTView\" focused=\"false\" height=\"874\" label=\"Network Demos All requests are auto-instrumented by the SDK Fetch Data Fetch Error Fetch Multiple (3) XHR Request Log: Vertical scroll bar, 1 page Horizontal scroll bar, 1 page Network Home, tab, 1 of 3 Demos, tab, 2 of 3 Settings, tab, 3 of 3\" ptr=\"0x10d1a7480\" visibility=\"visible\" width=\"402\" x=\"0\" y=\"0\">\n                            <RCTView alpha=\"1.0\" class=\"RCTView\" focused=\"false\" height=\"874\" label=\"Network Demos All requests are auto-instrumented by the SDK Fetch Data Fetch Error Fetch Multiple (3) XHR Request Log: Vertical scroll bar, 1 page Horizontal scroll bar, 1 page Network Home, tab, 1 of 3 Demos, tab, 2 of 3 Settings, tab, 3 of 3\" ptr=\"0x10d1a7100\" visibility=\"visible\" width=\"402\" x=\"0\" y=\"0\">\n                                <RNCSafeAreaProvider alpha=\"1.0\" class=\"RNCSafeAreaProvider\" focused=\"false\" height=\"874\" label=\"Network Demos All requests are auto-instrumented by the SDK Fetch Data Fetch Error Fetch Multiple (3) XHR Request Log: Vertical scroll bar, 1 page Horizontal scroll bar, 1 page Network Home, tab, 1 of 3 Demos, tab, 2 of 3 Settings, tab, 3 of 3\" ptr=\"0x10899d800\" visibility=\"visible\" width=\"402\" x=\"0\" y=\"0\">\n                                    <RNSScreenNavigationContainerView alpha=\"1.0\" class=\"RNSScreenNavigationContainerView\" focused=\"false\" height=\"795\" ptr=\"0x108bce140\" visibility=\"visible\" width=\"402\" x=\"0\" y=\"0\">\n                                        <UILayoutContainerView alpha=\"1.0\" class=\"UILayoutContainerView\" focused=\"false\" height=\"795\" ptr=\"0x108a17800\" visibility=\"visible\" width=\"402\" x=\"0\" y=\"0\">\n                                            <UINavigationTransitionView alpha=\"1.0\" class=\"UINavigationTransitionView\" focused=\"false\" height=\"795\" ptr=\"0x108a14a80\" visibility=\"visible\" width=\"402\" x=\"0\" y=\"0\">\n                                                <UIViewControllerWrapperView alpha=\"1.0\" class=\"UIViewControllerWrapperView\" focused=\"false\" height=\"795\" ptr=\"0x10bca6f40\" visibility=\"visible\" width=\"402\" x=\"0\" y=\"0\">\n                                                    <RNSScreenView alpha=\"1.0\" class=\"RNSScreenView\" focused=\"false\" height=\"795\" label=\"Network Demos All requests are auto-instrumented by the SDK Fetch Data Fetch Error Fetch Multiple (3) XHR Request Log: Vertical scroll bar, 1 page Horizontal scroll bar, 1 page Network\" ptr=\"0x1088fed00\" visibility=\"visible\" width=\"402\" x=\"0\" y=\"0\">\n                                                        <RCTView alpha=\"1.0\" class=\"RCTView\" focused=\"false\" height=\"795\" label=\"Network Demos All requests are auto-instrumented by the SDK Fetch Data Fetch Error Fetch Multiple (3) XHR Request Log: Vertical scroll bar, 1 page Horizontal scroll bar, 1 page Network\" ptr=\"0x10d29e300\" visibility=\"visible\" width=\"402\" x=\"0\" y=\"0\">\n                                                            <RCTView alpha=\"1.0\" class=\"RCTView\" focused=\"false\" height=\"795\" label=\"Network Demos All requests are auto-instrumented by the SDK Fetch Data Fetch Error Fetch Multiple (3) XHR Request Log: Vertical scroll bar, 1 page Horizontal scroll bar, 1 page Network\" ptr=\"0x10d29df80\" visibility=\"visible\" width=\"402\" x=\"0\" y=\"0\">\n                                                                <RCTView alpha=\"1.0\" class=\"RCTView\" focused=\"false\" height=\"795\" label=\"Network Demos All requests are auto-instrumented by the SDK Fetch Data Fetch Error Fetch Multiple (3) XHR Request Log: Vertical scroll bar, 1 page Horizontal scroll bar, 1 page Network\" ptr=\"0x10d29dc00\" visibility=\"visible\" width=\"402\" x=\"0\" y=\"0\">\n                                                                    <RNSScreenStackView alpha=\"1.0\" class=\"RNSScreenStackView\" focused=\"false\" height=\"795\" ptr=\"0x10d36a800\" visibility=\"visible\" width=\"402\" x=\"0\" y=\"0\">\n                                                                        <UILayoutContainerView alpha=\"1.0\" class=\"UILayoutContainerView\" focused=\"false\" height=\"795\" ptr=\"0x10bc91dc0\" visibility=\"visible\" width=\"402\" x=\"0\" y=\"0\">\n                                                                            <UINavigationTransitionView alpha=\"1.0\" class=\"UINavigationTransitionView\" focused=\"false\" height=\"795\" ptr=\"0x10bc92a00\" visibility=\"visible\" width=\"402\" x=\"0\" y=\"0\">\n                                                                                <UIViewControllerWrapperView alpha=\"1.0\" class=\"UIViewControllerWrapperView\" focused=\"false\" height=\"795\" ptr=\"0x10bc93b80\" visibility=\"visible\" width=\"402\" x=\"0\" y=\"0\">\n                                                                                    <RNSScreenView alpha=\"1.0\" class=\"RNSScreenView\" focused=\"false\" height=\"679\" label=\"Network Demos All requests are auto-instrumented by the SDK Fetch Data Fetch Error Fetch Multiple (3) XHR Request Log: Vertical scroll bar, 1 page Horizontal scroll bar, 1 page\" ptr=\"0x11b6fd900\" visibility=\"visible\" width=\"402\" x=\"0\" y=\"116\">\n                                                                                        <RCTView alpha=\"1.0\" class=\"RCTView\" focused=\"false\" height=\"679\" label=\"Network Demos All requests are auto-instrumented by the SDK Fetch Data Fetch Error Fetch Multiple (3) XHR Request Log: Vertical scroll bar, 1 page Horizontal scroll bar, 1 page\" ptr=\"0x11b6f7b80\" visibility=\"visible\" width=\"402\" x=\"0\" y=\"0\">\n                                                                                            <RCTView alpha=\"1.0\" class=\"RCTView\" focused=\"false\" height=\"679\" label=\"Network Demos All requests are auto-instrumented by the SDK Fetch Data Fetch Error Fetch Multiple (3) XHR Request Log: Vertical scroll bar, 1 page Horizontal scroll bar, 1 page\" ptr=\"0x11b6f7800\" visibility=\"visible\" width=\"402\" x=\"0\" y=\"0\">\n                                                                                                <RCTSafeAreaView alpha=\"1.0\" class=\"RCTSafeAreaView\" focused=\"false\" height=\"679\" label=\"Network Demos All requests are auto-instrumented by the SDK Fetch Data Fetch Error Fetch Multiple (3) XHR Request Log: Vertical scroll bar, 1 page Horizontal scroll bar, 1 page\" ptr=\"0x10899ec00\" visibility=\"visible\" width=\"402\" x=\"0\" y=\"0\">\n                                                                                                    <RCTScrollView alpha=\"1.0\" class=\"RCTScrollView\" focused=\"false\" height=\"679\" label=\"Network Demos All requests are auto-instrumented by the SDK Fetch Data Fetch Error Fetch Multiple (3) XHR Request Log: Vertical scroll bar, 1 page Horizontal scroll bar, 1 page\" ptr=\"0x11b6fd400\" visibility=\"visible\" width=\"402\" x=\"0\" y=\"0\">\n                                                                                                        <RCTCustomScrollView alpha=\"1.0\" class=\"RCTCustomScrollView\" focused=\"false\" height=\"679\" ptr=\"0x108b8ca00\" visibility=\"visible\" width=\"402\" x=\"0\" y=\"0\">\n                                                                                                            <RCTScrollContentView alpha=\"1.0\" class=\"RCTScrollContentView\" focused=\"false\" height=\"210\" label=\"Network Demos All requests are auto-instrumented by the SDK Fetch Data Fetch Error Fetch Multiple (3) XHR Request Log:\" ptr=\"0x11b6f7480\" visibility=\"visible\" width=\"370\" x=\"16\" y=\"16\">\n                                                                                                                <RCTTextView alpha=\"1.0\" class=\"RCTTextView\" focused=\"false\" height=\"26\" label=\"Network Demos\" ptr=\"0x11b758a00\" text=\"Network Demos\" visibility=\"visible\" width=\"370\" x=\"0\" y=\"0\" />\n                                                                                                                <RCTTextView alpha=\"1.0\" class=\"RCTTextView\" focused=\"false\" height=\"16\" label=\"All requests are auto-instrumented by the SDK\" ptr=\"0x11b758c00\" text=\"All requests are auto-instrumented by the SDK\" visibility=\"visible\" width=\"370\" x=\"0\" y=\"30\" />\n                                                                                                                <RCTView alpha=\"1.0\" class=\"RCTView\" focused=\"false\" height=\"71\" label=\"Fetch Data Fetch Error Fetch Multiple (3) XHR Request\" ptr=\"0x11b6f6d80\" visibility=\"visible\" width=\"370\" x=\"0\" y=\"62\">\n                                                                                                                    <RCTView alpha=\"1.0\" class=\"RCTView\" focused=\"false\" height=\"31\" id=\"network-btn-fetch\" label=\"Fetch Data\" ptr=\"0x11b6f5f80\" visibility=\"visible\" width=\"92\" x=\"0\" y=\"0\">\n                                                                                                                        <RCTTextView alpha=\"1.0\" class=\"RCTTextView\" focused=\"false\" height=\"16\" label=\"Fetch Data\" ptr=\"0x11b758e00\" text=\"Fetch Data\" visibility=\"visible\" width=\"68\" x=\"12\" y=\"8\" />\n                                                                                                                    </RCTView>\n                                                                                                                    <RCTView alpha=\"1.0\" class=\"RCTView\" focused=\"false\" height=\"31\" id=\"network-btn-fetch-error\" label=\"Fetch Error\" ptr=\"0x11b6f6300\" visibility=\"visible\" width=\"94\" x=\"100\" y=\"0\">\n                                                                                                                        <RCTTextView alpha=\"1.0\" class=\"RCTTextView\" focused=\"false\" height=\"16\" label=\"Fetch Error\" ptr=\"0x11b759000\" text=\"Fetch Error\" visibility=\"visible\" width=\"71\" x=\"12\" y=\"8\" />\n                                                                                                                    </RCTView>\n                                                                                                                    <RCTView alpha=\"1.0\" class=\"RCTView\" focused=\"false\" height=\"31\" id=\"network-btn-fetch-multiple\" label=\"Fetch Multiple (3)\" ptr=\"0x11b6f6680\" visibility=\"visible\" width=\"136\" x=\"203\" y=\"0\">\n                                                                                                                        <RCTTextView alpha=\"1.0\" class=\"RCTTextView\" focused=\"false\" height=\"16\" label=\"Fetch Multiple (3)\" ptr=\"0x11b759200\" text=\"Fetch Multiple (3)\" visibility=\"visible\" width=\"112\" x=\"12\" y=\"8\" />\n                                                                                                                    </RCTView>\n                                                                                                                    <RCTView alpha=\"1.0\" class=\"RCTView\" focused=\"false\" height=\"31\" id=\"network-btn-xhr\" label=\"XHR Request\" ptr=\"0x11b6f6a00\" visibility=\"visible\" width=\"107\" x=\"0\" y=\"39\">\n                                                                                                                        <RCTTextView alpha=\"1.0\" class=\"RCTTextView\" focused=\"false\" height=\"16\" label=\"XHR Request\" ptr=\"0x11b759400\" text=\"XHR Request\" visibility=\"visible\" width=\"83\" x=\"12\" y=\"8\" />\n                                                                                                                    </RCTView>\n                                                                                                                </RCTView>\n                                                                                                                <RCTView alpha=\"1.0\" class=\"RCTView\" focused=\"false\" height=\"45\" id=\"network-result\" label=\"Log:\" ptr=\"0x11b6f7100\" visibility=\"visible\" width=\"370\" x=\"0\" y=\"149\">\n                                                                                                                    <RCTTextView alpha=\"1.0\" class=\"RCTTextView\" focused=\"false\" height=\"17\" label=\"Log:\" ptr=\"0x11b759600\" text=\"Log:\" visibility=\"visible\" width=\"346\" x=\"12\" y=\"12\" />\n                                                                                                                </RCTView>\n                                                                                                            </RCTScrollContentView>\n                                                                                                            <_UIScrollViewScrollIndicator alpha=\"0.0\" class=\"_UIScrollViewScrollIndicator\" focused=\"false\" height=\"204\" label=\"Vertical scroll bar, 1 page\" ptr=\"0x11b759e00\" value=\"0%\" visibility=\"visible\" width=\"3\" x=\"396\" y=\"587\">\n                                                                                                                <UIView alpha=\"1.0\" class=\"UIView\" focused=\"false\" height=\"204\" ptr=\"0x10bcb3640\" visibility=\"visible\" width=\"3\" x=\"0\" y=\"0\" />\n                                                                                                            </_UIScrollViewScrollIndicator>\n                                                                                                            <_UIScrollViewScrollIndicator alpha=\"0.0\" class=\"_UIScrollViewScrollIndicator\" focused=\"false\" height=\"3\" label=\"Horizontal scroll bar, 1 page\" ptr=\"0x11b759c00\" value=\"0%\" visibility=\"visible\" width=\"364\" x=\"35\" y=\"673\">\n                                                                                                                <UIView alpha=\"1.0\" class=\"UIView\" focused=\"false\" height=\"3\" ptr=\"0x10bcb32c0\" visibility=\"visible\" width=\"364\" x=\"0\" y=\"0\" />\n                                                                                                            </_UIScrollViewScrollIndicator>\n                                                                                                        </RCTCustomScrollView>\n                                                                                                    </RCTScrollView>\n                                                                                                </RCTSafeAreaView>\n                                                                                            </RCTView>\n                                                                                        </RCTView>\n                                                                                    </RNSScreenView>\n                                                                                </UIViewControllerWrapperView>\n                                                                            </UINavigationTransitionView>\n                                                                            <UINavigationBar alpha=\"1.0\" class=\"UINavigationBar\" focused=\"false\" height=\"54\" id=\"Network\" ptr=\"0x10bdcaa00\" visibility=\"visible\" width=\"402\" x=\"0\" y=\"62\">\n                                                                                <_UIBarBackground alpha=\"1.0\" class=\"_UIBarBackground\" focused=\"false\" height=\"116\" ptr=\"0x11b63e800\" visibility=\"visible\" width=\"402\" x=\"0\" y=\"-62\">\n                                                                                    <UIImageView alpha=\"1.0\" class=\"UIImageView\" focused=\"false\" height=\"116\" ptr=\"0x10d36bc00\" visibility=\"visible\" width=\"402\" x=\"0\" y=\"0\" />\n                                                                                    <_UIBarBackgroundShadowView alpha=\"1.0\" class=\"_UIBarBackgroundShadowView\" focused=\"false\" height=\"0\" ptr=\"0x11b63f200\" visibility=\"visible\" width=\"402\" x=\"0\" y=\"116\">\n                                                                                        <_UIBarBackgroundShadowContentImageView alpha=\"1.0\" class=\"_UIBarBackgroundShadowContentImageView\" focused=\"false\" height=\"0\" ptr=\"0x11b63f480\" visibility=\"visible\" width=\"402\" x=\"0\" y=\"0\" />\n                                                                                    </_UIBarBackgroundShadowView>\n                                                                                </_UIBarBackground>\n                                                                                <UIKit.NavigationBarContentView alpha=\"1.0\" class=\"UIKit.NavigationBarContentView\" focused=\"false\" height=\"54\" ptr=\"0x108975800\" visibility=\"visible\" width=\"402\" x=\"0\" y=\"0\">\n                                                                                    <UIKit.NavigationBarTransitionContainer alpha=\"1.0\" class=\"UIKit.NavigationBarTransitionContainer\" focused=\"false\" height=\"54\" ptr=\"0x10d36ac00\" visibility=\"visible\" width=\"402\" x=\"0\" y=\"0\">\n                                                                                        <_UINavigationBarHostedViewContainer alpha=\"1.0\" class=\"_UINavigationBarHostedViewContainer\" focused=\"false\" height=\"54\" ptr=\"0x10bc92140\" visibility=\"visible\" width=\"402\" x=\"0\" y=\"0\">\n                                                                                            <_UINavigationBarHostedViewWrapper alpha=\"1.0\" class=\"_UINavigationBarHostedViewWrapper\" focused=\"false\" height=\"20\" ptr=\"0x11b75b200\" visibility=\"visible\" width=\"68\" x=\"167\" y=\"11\">\n                                                                                                <_UINavigationBarTitleControl alpha=\"1.0\" class=\"_UINavigationBarTitleControl\" focused=\"false\" height=\"20\" ptr=\"0x11b701200\" visibility=\"visible\" width=\"68\" x=\"0\" y=\"0\">\n                                                                                                    <_UIIntrinsicContentSizeInvalidationForwardingWrapperView alpha=\"1.0\" class=\"_UIIntrinsicContentSizeInvalidationForwardingWrapperView\" focused=\"false\" height=\"20\" ptr=\"0x10bcb8a80\" visibility=\"visible\" width=\"68\" x=\"0\" y=\"0\">\n                                                                                                        <UILabel alpha=\"1.0\" class=\"UILabel\" focused=\"false\" height=\"20\" label=\"Network\" ptr=\"0x11b7dc380\" text=\"Network\" visibility=\"visible\" width=\"67\" x=\"0\" y=\"0\" />\n                                                                                                    </_UIIntrinsicContentSizeInvalidationForwardingWrapperView>\n                                                                                                </_UINavigationBarTitleControl>\n                                                                                            </_UINavigationBarHostedViewWrapper>\n                                                                                        </_UINavigationBarHostedViewContainer>\n                                                                                        <UIView alpha=\"1.0\" class=\"UIView\" focused=\"false\" height=\"54\" ptr=\"0x10bc91f80\" visibility=\"visible\" width=\"402\" x=\"0\" y=\"0\" />\n                                                                                        <UIKit.NavigationBarPlatterContainer alpha=\"1.0\" class=\"UIKit.NavigationBarPlatterContainer\" focused=\"false\" height=\"54\" ptr=\"0x10bc92300\" visibility=\"visible\" width=\"402\" x=\"0\" y=\"0\">\n                                                                                            <_UINavigationBarPlatterView alpha=\"1.0\" class=\"_UINavigationBarPlatterView\" focused=\"false\" height=\"44\" ptr=\"0x11b701800\" visibility=\"visible\" width=\"44\" x=\"16\" y=\"0\">\n                                                                                                <_UINavigationBarPlatterAnimationView alpha=\"1.0\" class=\"_UINavigationBarPlatterAnimationView\" focused=\"false\" height=\"44\" ptr=\"0x10bcb9dc0\" visibility=\"visible\" width=\"44\" x=\"0\" y=\"0\">\n                                                                                                    <_UINavigationBarPlatterAnimationView alpha=\"1.0\" class=\"_UINavigationBarPlatterAnimationView\" focused=\"false\" height=\"44\" ptr=\"0x10bcba140\" visibility=\"visible\" width=\"44\" x=\"0\" y=\"0\">\n                                                                                                        <_UINavigationBarPlatterAnimationView alpha=\"1.0\" class=\"_UINavigationBarPlatterAnimationView\" focused=\"false\" height=\"48\" ptr=\"0x10bcba300\" visibility=\"visible\" width=\"48\" x=\"-2\" y=\"-2\">\n                                                                                                            <_UINavigationBarPlatterAnimationView alpha=\"1.0\" class=\"_UINavigationBarPlatterAnimationView\" focused=\"false\" height=\"40\" ptr=\"0x10bcba4c0\" visibility=\"visible\" width=\"40\" x=\"1\" y=\"1\">\n                                                                                                                <_UINavigationBarPlatterContentView alpha=\"1.0\" class=\"_UINavigationBarPlatterContentView\" focused=\"false\" height=\"44\" ptr=\"0x10bcba680\" visibility=\"visible\" width=\"44\" x=\"0\" y=\"0\">\n                                                                                                                    <_UINavigationBarPlatterGlassView alpha=\"1.0\" class=\"_UINavigationBarPlatterGlassView\" focused=\"false\" height=\"44\" ptr=\"0x10bcba840\" visibility=\"visible\" width=\"44\" x=\"0\" y=\"0\">\n                                                                                                                        <_UINavigationBarPlatterSubviewContainerView alpha=\"1.0\" class=\"_UINavigationBarPlatterSubviewContainerView\" focused=\"false\" height=\"44\" ptr=\"0x10bcbaa00\" visibility=\"visible\" width=\"44\" x=\"0\" y=\"0\">\n                                                                                                                            <_UINavigationBarPlatterItemView alpha=\"1.0\" class=\"_UINavigationBarPlatterItemView\" focused=\"false\" height=\"44\" ptr=\"0x11b7d2f80\" visibility=\"visible\" width=\"44\" x=\"0\" y=\"0\">\n                                                                                                                                <_UIButtonBarButton alpha=\"1.0\" class=\"_UIButtonBarButton\" focused=\"false\" height=\"44\" id=\"BackButton\" ptr=\"0x11b7d2800\" visibility=\"visible\" width=\"44\" x=\"0\" y=\"0\">\n                                                                                                                                    <_TtCC5UIKit29ButtonBarButtonVisualProviderP33_A98CD29F4F6ECA17AFECE41BBB264E5918BackButtonMaskView alpha=\"1.0\" class=\"_TtCC5UIKit29ButtonBarButtonVisualProviderP33_A98CD29F4F6ECA17AFECE41BBB264E5918BackButtonMaskView\" focused=\"false\" height=\"44\" ptr=\"0x10bcb8540\" visibility=\"invisible\" width=\"44\" x=\"0\" y=\"0\">\n                                                                                                                                        <UIImageView alpha=\"1.0\" class=\"UIImageView\" focused=\"false\" height=\"28\" id=\"UINavigationBarTitleTransitionBackIndicatorMaskSymbol\" ptr=\"0x11b75a800\" visibility=\"visible\" width=\"19\" x=\"0\" y=\"8\" />\n                                                                                                                                        <UIView alpha=\"1.0\" class=\"UIView\" focused=\"false\" height=\"44\" ptr=\"0x10bcb8700\" visibility=\"visible\" width=\"0\" x=\"44\" y=\"0\" />\n                                                                                                                                    </_TtCC5UIKit29ButtonBarButtonVisualProviderP33_A98CD29F4F6ECA17AFECE41BBB264E5918BackButtonMaskView>\n                                                                                                                                    <_TtCC5UIKit29ButtonBarButtonVisualProviderP33_A98CD29F4F6ECA17AFECE41BBB264E596Button alpha=\"1.0\" class=\"_TtCC5UIKit29ButtonBarButtonVisualProviderP33_A98CD29F4F6ECA17AFECE41BBB264E596Button\" focused=\"false\" height=\"23\" label=\"Back\" ptr=\"0x11b7dc000\" visibility=\"visible\" width=\"44\" x=\"0\" y=\"10\">\n                                                                                                                                        <UIImageView alpha=\"1.0\" class=\"UIImageView\" focused=\"false\" height=\"23\" id=\"chevron.backward\" label=\"Back\" ptr=\"0x11b75aa00\" visibility=\"visible\" width=\"16\" x=\"13\" y=\"0\" />\n                                                                                                                                    </_TtCC5UIKit29ButtonBarButtonVisualProviderP33_A98CD29F4F6ECA17AFECE41BBB264E596Button>\n                                                                                                                                </_UIButtonBarButton>\n                                                                                                                            </_UINavigationBarPlatterItemView>\n                                                                                                                        </_UINavigationBarPlatterSubviewContainerView>\n                                                                                                                    </_UINavigationBarPlatterGlassView>\n                                                                                                                </_UINavigationBarPlatterContentView>\n                                                                                                            </_UINavigationBarPlatterAnimationView>\n                                                                                                        </_UINavigationBarPlatterAnimationView>\n                                                                                                    </_UINavigationBarPlatterAnimationView>\n                                                                                                </_UINavigationBarPlatterAnimationView>\n                                                                                            </_UINavigationBarPlatterView>\n                                                                                        </UIKit.NavigationBarPlatterContainer>\n                                                                                    </UIKit.NavigationBarTransitionContainer>\n                                                                                </UIKit.NavigationBarContentView>\n                                                                                <_UIPointerInteractionAssistantEffectContainerView alpha=\"1.0\" class=\"_UIPointerInteractionAssistantEffectContainerView\" focused=\"false\" height=\"0\" ptr=\"0x10bc93480\" visibility=\"visible\" width=\"0\" x=\"0\" y=\"0\" />\n                                                                            </UINavigationBar>\n                                                                            <_UIFloatingBarContainerView alpha=\"1.0\" class=\"_UIFloatingBarContainerView\" focused=\"false\" height=\"795\" ptr=\"0x10d36b000\" visibility=\"visible\" width=\"402\" x=\"0\" y=\"0\">\n                                                                                <_TtGC5UIKitP10$186ea25a022FloatingBarHostingViewVS_20FloatingBarContainer_ alpha=\"1.0\" class=\"_TtGC5UIKitP10$186ea25a022FloatingBarHostingViewVS_20FloatingBarContainer_\" focused=\"false\" height=\"795\" ptr=\"0x10d36b800\" visibility=\"visible\" width=\"402\" x=\"0\" y=\"0\" />\n                                                                                <_UIPointerInteractionAssistantEffectContainerView alpha=\"1.0\" class=\"_UIPointerInteractionAssistantEffectContainerView\" focused=\"false\" height=\"0\" ptr=\"0x10bc92f40\" visibility=\"visible\" width=\"0\" x=\"0\" y=\"0\" />\n                                                                            </_UIFloatingBarContainerView>\n                                                                        </UILayoutContainerView>\n                                                                    </RNSScreenStackView>\n                                                                </RCTView>\n                                                            </RCTView>\n                                                        </RCTView>\n                                                    </RNSScreenView>\n                                                </UIViewControllerWrapperView>\n                                            </UINavigationTransitionView>\n                                            <UINavigationBar alpha=\"1.0\" class=\"UINavigationBar\" focused=\"false\" height=\"54\" id=\"RNSScreen\" ptr=\"0x10bdc8600\" visibility=\"invisible\" width=\"402\" x=\"0\" y=\"-116\">\n                                                <_UIBarBackground alpha=\"1.0\" class=\"_UIBarBackground\" focused=\"false\" height=\"116\" ptr=\"0x10d055900\" visibility=\"visible\" width=\"402\" x=\"0\" y=\"-62\" />\n                                                <_UIPointerInteractionAssistantEffectContainerView alpha=\"1.0\" class=\"_UIPointerInteractionAssistantEffectContainerView\" focused=\"false\" height=\"0\" ptr=\"0x108bed6c0\" visibility=\"visible\" width=\"0\" x=\"0\" y=\"0\" />\n                                            </UINavigationBar>\n                                            <_UIFloatingBarContainerView alpha=\"1.0\" class=\"_UIFloatingBarContainerView\" focused=\"false\" height=\"795\" ptr=\"0x10be0a200\" visibility=\"visible\" width=\"402\" x=\"0\" y=\"0\">\n                                                <_TtGC5UIKitP10$186ea25a022FloatingBarHostingViewVS_20FloatingBarContainer_ alpha=\"1.0\" class=\"_TtGC5UIKitP10$186ea25a022FloatingBarHostingViewVS_20FloatingBarContainer_\" focused=\"false\" height=\"795\" ptr=\"0x10be0aa00\" visibility=\"visible\" width=\"402\" x=\"0\" y=\"0\" />\n                                                <_UIPointerInteractionAssistantEffectContainerView alpha=\"1.0\" class=\"_UIPointerInteractionAssistantEffectContainerView\" focused=\"false\" height=\"0\" ptr=\"0x108bdc380\" visibility=\"visible\" width=\"0\" x=\"0\" y=\"0\" />\n                                            </_UIFloatingBarContainerView>\n                                        </UILayoutContainerView>\n                                    </RNSScreenNavigationContainerView>\n                                    <RCTView alpha=\"1.0\" class=\"RCTView\" focused=\"false\" height=\"79\" label=\"Home, tab, 1 of 3 Demos, tab, 2 of 3 Settings, tab, 3 of 3\" ptr=\"0x10d1a6d80\" visibility=\"visible\" width=\"402\" x=\"0\" y=\"795\">\n                                        <RCTView alpha=\"1.0\" class=\"RCTView\" focused=\"false\" height=\"78\" ptr=\"0x1089d3b80\" visibility=\"visible\" width=\"402\" x=\"0\" y=\"0\" />\n                                        <RCTView alpha=\"1.0\" class=\"RCTView\" focused=\"false\" height=\"48\" label=\"Home, tab, 1 of 3 Demos, tab, 2 of 3 Settings, tab, 3 of 3\" ptr=\"0x10d1a6a00\" visibility=\"visible\" width=\"402\" x=\"0\" y=\"0\">\n                                            <RCTView alpha=\"1.0\" class=\"RCTView\" focused=\"false\" height=\"48\" id=\"tab-home\" label=\"Home, tab, 1 of 3\" ptr=\"0x10d1a4a80\" visibility=\"visible\" width=\"134\" x=\"0\" y=\"0\">\n                                                <RCTView alpha=\"1.0\" class=\"RCTView\" focused=\"false\" height=\"34\" label=\"H H\" ptr=\"0x10d1a4700\" visibility=\"visible\" width=\"0\" x=\"67\" y=\"0\">\n                                                    <RCTView alpha=\"0.0\" class=\"RCTView\" focused=\"false\" height=\"34\" label=\"H\" ptr=\"0x10d1a4000\" visibility=\"visible\" width=\"134\" x=\"-67\" y=\"0\">\n                                                        <RCTTextView alpha=\"1.0\" class=\"RCTTextView\" focused=\"false\" height=\"22\" label=\"H\" ptr=\"0x10be0ac00\" text=\"H\" visibility=\"visible\" width=\"13\" x=\"60\" y=\"6\" />\n                                                    </RCTView>\n                                                    <RCTView alpha=\"1.0\" class=\"RCTView\" focused=\"false\" height=\"34\" label=\"H\" ptr=\"0x10d1a4380\" visibility=\"visible\" width=\"134\" x=\"-67\" y=\"0\">\n                                                        <RCTTextView alpha=\"1.0\" class=\"RCTTextView\" focused=\"false\" height=\"22\" label=\"H\" ptr=\"0x10be0ae00\" text=\"H\" visibility=\"visible\" width=\"13\" x=\"60\" y=\"6\" />\n                                                    </RCTView>\n                                                </RCTView>\n                                                <RCTTextView alpha=\"1.0\" class=\"RCTTextView\" focused=\"false\" height=\"14\" label=\"Home\" ptr=\"0x10be0b000\" text=\"Home\" visibility=\"visible\" width=\"34\" x=\"50\" y=\"34\" />\n                                            </RCTView>\n                                            <RCTView alpha=\"1.0\" class=\"RCTView\" focused=\"false\" height=\"48\" id=\"tab-demos\" label=\"Demos, tab, 2 of 3\" ptr=\"0x10d1a5880\" visibility=\"visible\" width=\"134\" x=\"134\" y=\"0\">\n                                                <RCTView alpha=\"1.0\" class=\"RCTView\" focused=\"false\" height=\"34\" label=\"D D\" ptr=\"0x10d1a5500\" visibility=\"visible\" width=\"0\" x=\"67\" y=\"0\">\n                                                    <RCTView alpha=\"1.0\" class=\"RCTView\" focused=\"false\" height=\"34\" label=\"D\" ptr=\"0x10d1a4e00\" visibility=\"visible\" width=\"134\" x=\"-67\" y=\"0\">\n                                                        <RCTTextView alpha=\"1.0\" class=\"RCTTextView\" focused=\"false\" height=\"22\" label=\"D\" ptr=\"0x10be0b200\" text=\"D\" visibility=\"visible\" width=\"13\" x=\"60\" y=\"6\" />\n                                                    </RCTView>\n                                                    <RCTView alpha=\"0.0\" class=\"RCTView\" focused=\"false\" height=\"34\" label=\"D\" ptr=\"0x10d1a5180\" visibility=\"visible\" width=\"134\" x=\"-67\" y=\"0\">\n                                                        <RCTTextView alpha=\"1.0\" class=\"RCTTextView\" focused=\"false\" height=\"22\" label=\"D\" ptr=\"0x10be0b400\" text=\"D\" visibility=\"visible\" width=\"13\" x=\"60\" y=\"6\" />\n                                                    </RCTView>\n                                                </RCTView>\n                                                <RCTTextView alpha=\"1.0\" class=\"RCTTextView\" focused=\"false\" height=\"14\" label=\"Demos\" ptr=\"0x10be0b600\" text=\"Demos\" visibility=\"visible\" width=\"40\" x=\"47\" y=\"34\" />\n                                            </RCTView>\n                                            <RCTView alpha=\"1.0\" class=\"RCTView\" focused=\"false\" height=\"48\" id=\"tab-settings\" label=\"Settings, tab, 3 of 3\" ptr=\"0x10d1a6680\" visibility=\"visible\" width=\"134\" x=\"268\" y=\"0\">\n                                                <RCTView alpha=\"1.0\" class=\"RCTView\" focused=\"false\" height=\"34\" label=\"S S\" ptr=\"0x10d1a6300\" visibility=\"visible\" width=\"0\" x=\"67\" y=\"0\">\n                                                    <RCTView alpha=\"0.0\" class=\"RCTView\" focused=\"false\" height=\"34\" label=\"S\" ptr=\"0x10d1a5c00\" visibility=\"visible\" width=\"134\" x=\"-67\" y=\"0\">\n                                                        <RCTTextView alpha=\"1.0\" class=\"RCTTextView\" focused=\"false\" height=\"22\" label=\"S\" ptr=\"0x10be0b800\" text=\"S\" visibility=\"visible\" width=\"11\" x=\"61\" y=\"6\" />\n                                                    </RCTView>\n                                                    <RCTView alpha=\"1.0\" class=\"RCTView\" focused=\"false\" height=\"34\" label=\"S\" ptr=\"0x10d1a5f80\" visibility=\"visible\" width=\"134\" x=\"-67\" y=\"0\">\n                                                        <RCTTextView alpha=\"1.0\" class=\"RCTTextView\" focused=\"false\" height=\"22\" label=\"S\" ptr=\"0x10be0ba00\" text=\"S\" visibility=\"visible\" width=\"11\" x=\"61\" y=\"6\" />\n                                                    </RCTView>\n                                                </RCTView>\n                                                <RCTTextView alpha=\"1.0\" class=\"RCTTextView\" focused=\"false\" height=\"14\" label=\"Settings\" ptr=\"0x10be0bc00\" text=\"Settings\" visibility=\"visible\" width=\"47\" x=\"43\" y=\"34\" />\n                                            </RCTView>\n                                        </RCTView>\n                                    </RCTView>\n                                </RNCSafeAreaProvider>\n                            </RCTView>\n                        </RCTView>\n                    </RCTRootContentView>\n                </RCTRootView>\n            </UIDropShadowView>\n        </UITransitionView>\n    </UIWindow>\n</ViewHierarchy>",
      "details": "No elements found for “MATCHER(id == “demos-btn-metrics”)”",
      "windows": [
        "<UIWindow: 0x10899c800; frame = (0 0; 402 874);>",
        "<DTXTouchVisualizerWindow: 0x1088fc500; frame = (0 0; 402 874);>"
      ],
      "DetoxFailureInformation": {
        "lineNumber": 50,
        "file": "/Users/builder/uibuilder/work/detox/ios/Detox/Invocation/Element.swift",
        "functionName": "views"
      }
    }
  }
23:23:50.459 detox[66809] i get message
  data: {"messageId":22,"type":"testFailed","params":{"NSLocalizedDescription":"No elements found for “MATCHER(id == “demos-btn-metrics”)”","visibilityFailingScreenshotsURL":"/Users/nonth/Library/Developer/CoreSimulator/Devices/B7E9BAD6-0C0D-41EE-BE0C-D49BF485382E/data/Containers/Data/Application/CC206481-6D7A-47E1-B8C0-C1FA132ACE12/tmp/visibilityFailingScreenshots","visibilityFailingRectsURL":"/Users/nonth/Library/Developer/CoreSimulator/Devices/B7E9BAD6-0C0D-41EE-BE0C-D49BF485382E/data/Containers/Data/Application/CC206481-6D7A-47E1-B8C0-C1FA132ACE12/tmp/visibilityFailingRects","viewHierarchy":"<?xml version=\"1.0\" encoding=\"utf-8\"?>\n<ViewHierarchy>\n    <UIWindow alpha=\"1.0\" class=\"UIWindow\" focused=\"false\" height=\"874\" ptr=\"0x10899c800\" visibility=\"visible\" width=\"402\">\n        <UITransitionView alpha=\"1.0\" class=\"UITransitionView\" focused=\"false\" height=\"874\" ptr=\"0x10be08000\" visibility=\"visible\" width=\"402\" x=\"0\" y=\"0\">\n            <UIDropShadowView alpha=\"1.0\" class=\"UIDropShadowView\" focused=\"false\" height=\"874\" ptr=\"0x10bd05b80\" visibility=\"visible\" width=\"402\" x=\"0\" y=\"0\">\n                <RCTRootView alpha=\"1.0\" class=\"RCTRootView\" focused=\"false\" height=\"874\" ptr=\"0x10bd05400\" visibility=\"visible\" width=\"402\" x=\"0\" y=\"0\">\n                    <RCTRootContentView alpha=\"1.0\" class=\"RCTRootContentView\" focused=\"false\" height=\"874\" label=\"Network Demos All requests are auto-instrumented by the SDK Fetch Data Fetch Error Fetch Multiple (3) XHR Request Log: Vertical scroll bar, 1 page Horizontal scroll bar, 1 page Network Home, tab, 1 of 3 Demos, tab, 2 of 3 Settings, tab, 3 of 3\" ptr=\"0x10899c400\" visibility=\"visible\" width=\"402\" x=\"0\" y=\"0\">\n                        <RCTView alpha=\"1.0\" class=\"RCTView\" focused=\"false\" height=\"874\" label=\"Network Demos All requests are auto-instrumented by the SDK Fetch Data Fetch Error Fetch Multiple (3) XHR Request Log: Vertical scroll bar, 1 page Horizontal scroll bar, 1 page Network Home, tab, 1 of 3 Demos, tab, 2 of 3 Settings, tab, 3 of 3\" ptr=\"0x10d1a7480\" visibility=\"visible\" width=\"402\" x=\"0\" y=\"0\">\n                            <RCTView alpha=\"1.0\" class=\"RCTView\" focused=\"false\" height=\"874\" label=\"Network Demos All requests are auto-instrumented by the SDK Fetch Data Fetch Error Fetch Multiple (3) XHR Request Log: Vertical scroll bar, 1 page Horizontal scroll bar, 1 page Network Home, tab, 1 of 3 Demos, tab, 2 of 3 Settings, tab, 3 of 3\" ptr=\"0x10d1a7100\" visibility=\"visible\" width=\"402\" x=\"0\" y=\"0\">\n                                <RNCSafeAreaProvider alpha=\"1.0\" class=\"RNCSafeAreaProvider\" focused=\"false\" height=\"874\" label=\"Network Demos All requests are auto-instrumented by the SDK Fetch Data Fetch Error Fetch Multiple (3) XHR Request Log: Vertical scroll bar, 1 page Horizontal scroll bar, 1 page Network Home, tab, 1 of 3 Demos, tab, 2 of 3 Settings, tab, 3 of 3\" ptr=\"0x10899d800\" visibility=\"visible\" width=\"402\" x=\"0\" y=\"0\">\n                                    <RNSScreenNavigationContainerView alpha=\"1.0\" class=\"RNSScreenNavigationContainerView\" focused=\"false\" height=\"795\" ptr=\"0x108bce140\" visibility=\"visible\" width=\"402\" x=\"0\" y=\"0\">\n                                        <UILayoutContainerView alpha=\"1.0\" class=\"UILayoutContainerView\" focused=\"false\" height=\"795\" ptr=\"0x108a17800\" visibility=\"visible\" width=\"402\" x=\"0\" y=\"0\">\n                                            <UINavigationTransitionView alpha=\"1.0\" class=\"UINavigationTransitionView\" focused=\"false\" height=\"795\" ptr=\"0x108a14a80\" visibility=\"visible\" width=\"402\" x=\"0\" y=\"0\">\n                                                <UIViewControllerWrapperView alpha=\"1.0\" class=\"UIViewControllerWrapperView\" focused=\"false\" height=\"795\" ptr=\"0x10bca6f40\" visibility=\"visible\" width=\"402\" x=\"0\" y=\"0\">\n                                                    <RNSScreenView alpha=\"1.0\" class=\"RNSScreenView\" focused=\"false\" height=\"795\" label=\"Network Demos All requests are auto-instrumented by the SDK Fetch Data Fetch Error Fetch Multiple (3) XHR Request Log: Vertical scroll bar, 1 page Horizontal scroll bar, 1 page Network\" ptr=\"0x1088fed00\" visibility=\"visible\" width=\"402\" x=\"0\" y=\"0\">\n                                                        <RCTView alpha=\"1.0\" class=\"RCTView\" focused=\"false\" height=\"795\" label=\"Network Demos All requests are auto-instrumented by the SDK Fetch Data Fetch Error Fetch Multiple (3) XHR Request Log: Vertical scroll bar, 1 page Horizontal scroll bar, 1 page Network\" ptr=\"0x10d29e300\" visibility=\"visible\" width=\"402\" x=\"0\" y=\"0\">\n                                                            <RCTView alpha=\"1.0\" class=\"RCTView\" focused=\"false\" height=\"795\" label=\"Network Demos All requests are auto-instrumented by the SDK Fetch Data Fetch Error Fetch Multiple (3) XHR Request Log: Vertical scroll bar, 1 page Horizontal scroll bar, 1 page Network\" ptr=\"0x10d29df80\" visibility=\"visible\" width=\"402\" x=\"0\" y=\"0\">\n                                                                <RCTView alpha=\"1.0\" class=\"RCTView\" focused=\"false\" height=\"795\" label=\"Network Demos All requests are auto-instrumented by the SDK Fetch Data Fetch Error Fetch Multiple (3) XHR Request Log: Vertical scroll bar, 1 page Horizontal scroll bar, 1 page Network\" ptr=\"0x10d29dc00\" visibility=\"visible\" width=\"402\" x=\"0\" y=\"0\">\n                                                                    <RNSScreenStackView alpha=\"1.0\" class=\"RNSScreenStackView\" focused=\"false\" height=\"795\" ptr=\"0x10d36a800\" visibility=\"visible\" width=\"402\" x=\"0\" y=\"0\">\n                                                                        <UILayoutContainerView alpha=\"1.0\" class=\"UILayoutContainerView\" focused=\"false\" height=\"795\" ptr=\"0x10bc91dc0\" visibility=\"visible\" width=\"402\" x=\"0\" y=\"0\">\n                                                                            <UINavigationTransitionView alpha=\"1.0\" class=\"UINavigationTransitionView\" focused=\"false\" height=\"795\" ptr=\"0x10bc92a00\" visibility=\"visible\" width=\"402\" x=\"0\" y=\"0\">\n                                                                                <UIViewControllerWrapperView alpha=\"1.0\" class=\"UIViewControllerWrapperView\" focused=\"false\" height=\"795\" ptr=\"0x10bc93b80\" visibility=\"visible\" width=\"402\" x=\"0\" y=\"0\">\n                                                                                    <RNSScreenView alpha=\"1.0\" class=\"RNSScreenView\" focused=\"false\" height=\"679\" label=\"Network Demos All requests are auto-instrumented by the SDK Fetch Data Fetch Error Fetch Multiple (3) XHR Request Log: Vertical scroll bar, 1 page Horizontal scroll bar, 1 page\" ptr=\"0x11b6fd900\" visibility=\"visible\" width=\"402\" x=\"0\" y=\"116\">\n                                                                                        <RCTView alpha=\"1.0\" class=\"RCTView\" focused=\"false\" height=\"679\" label=\"Network Demos All requests are auto-instrumented by the SDK Fetch Data Fetch Error Fetch Multiple (3) XHR Request Log: Vertical scroll bar, 1 page Horizontal scroll bar, 1 page\" ptr=\"0x11b6f7b80\" visibility=\"visible\" width=\"402\" x=\"0\" y=\"0\">\n                                                                                            <RCTView alpha=\"1.0\" class=\"RCTView\" focused=\"false\" height=\"679\" label=\"Network Demos All requests are auto-instrumented by the SDK Fetch Data Fetch Error Fetch Multiple (3) XHR Request Log: Vertical scroll bar, 1 page Horizontal scroll bar, 1 page\" ptr=\"0x11b6f7800\" visibility=\"visible\" width=\"402\" x=\"0\" y=\"0\">\n                                                                                                <RCTSafeAreaView alpha=\"1.0\" class=\"RCTSafeAreaView\" focused=\"false\" height=\"679\" label=\"Network Demos All requests are auto-instrumented by the SDK Fetch Data Fetch Error Fetch Multiple (3) XHR Request Log: Vertical scroll bar, 1 page Horizontal scroll bar, 1 page\" ptr=\"0x10899ec00\" visibility=\"visible\" width=\"402\" x=\"0\" y=\"0\">\n                                                                                                    <RCTScrollView alpha=\"1.0\" class=\"RCTScrollView\" focused=\"false\" height=\"679\" label=\"Network Demos All requests are auto-instrumented by the SDK Fetch Data Fetch Error Fetch Multiple (3) XHR Request Log: Vertical scroll bar, 1 page Horizontal scroll bar, 1 page\" ptr=\"0x11b6fd400\" visibility=\"visible\" width=\"402\" x=\"0\" y=\"0\">\n                                                                                                        <RCTCustomScrollView alpha=\"1.0\" class=\"RCTCustomScrollView\" focused=\"false\" height=\"679\" ptr=\"0x108b8ca00\" visibility=\"visible\" width=\"402\" x=\"0\" y=\"0\">\n                                                                                                            <RCTScrollContentView alpha=\"1.0\" class=\"RCTScrollContentView\" focused=\"false\" height=\"210\" label=\"Network Demos All requests are auto-instrumented by the SDK Fetch Data Fetch Error Fetch Multiple (3) XHR Request Log:\" ptr=\"0x11b6f7480\" visibility=\"visible\" width=\"370\" x=\"16\" y=\"16\">\n                                                                                                                <RCTTextView alpha=\"1.0\" class=\"RCTTextView\" focused=\"false\" height=\"26\" label=\"Network Demos\" ptr=\"0x11b758a00\" text=\"Network Demos\" visibility=\"visible\" width=\"370\" x=\"0\" y=\"0\" />\n                                                                                                                <RCTTextView alpha=\"1.0\" class=\"RCTTextView\" focused=\"false\" height=\"16\" label=\"All requests are auto-instrumented by the SDK\" ptr=\"0x11b758c00\" text=\"All requests are auto-instrumented by the SDK\" visibility=\"visible\" width=\"370\" x=\"0\" y=\"30\" />\n                                                                                                                <RCTView alpha=\"1.0\" class=\"RCTView\" focused=\"false\" height=\"71\" label=\"Fetch Data Fetch Error Fetch Multiple (3) XHR Request\" ptr=\"0x11b6f6d80\" visibility=\"visible\" width=\"370\" x=\"0\" y=\"62\">\n                                                                                                                    <RCTView alpha=\"1.0\" class=\"RCTView\" focused=\"false\" height=\"31\" id=\"network-btn-fetch\" label=\"Fetch Data\" ptr=\"0x11b6f5f80\" visibility=\"visible\" width=\"92\" x=\"0\" y=\"0\">\n                                                                                                                        <RCTTextView alpha=\"1.0\" class=\"RCTTextView\" focused=\"false\" height=\"16\" label=\"Fetch Data\" ptr=\"0x11b758e00\" text=\"Fetch Data\" visibility=\"visible\" width=\"68\" x=\"12\" y=\"8\" />\n                                                                                                                    </RCTView>\n                                                                                                                    <RCTView alpha=\"1.0\" class=\"RCTView\" focused=\"false\" height=\"31\" id=\"network-btn-fetch-error\" label=\"Fetch Error\" ptr=\"0x11b6f6300\" visibility=\"visible\" width=\"94\" x=\"100\" y=\"0\">\n                                                                                                                        <RCTTextView alpha=\"1.0\" class=\"RCTTextView\" focused=\"false\" height=\"16\" label=\"Fetch Error\" ptr=\"0x11b759000\" text=\"Fetch Error\" visibility=\"visible\" width=\"71\" x=\"12\" y=\"8\" />\n                                                                                                                    </RCTView>\n                                                                                                                    <RCTView alpha=\"1.0\" class=\"RCTView\" focused=\"false\" height=\"31\" id=\"network-btn-fetch-multiple\" label=\"Fetch Multiple (3)\" ptr=\"0x11b6f6680\" visibility=\"visible\" width=\"136\" x=\"203\" y=\"0\">\n                                                                                                                        <RCTTextView alpha=\"1.0\" class=\"RCTTextView\" focused=\"false\" height=\"16\" label=\"Fetch Multiple (3)\" ptr=\"0x11b759200\" text=\"Fetch Multiple (3)\" visibility=\"visible\" width=\"112\" x=\"12\" y=\"8\" />\n                                                                                                                    </RCTView>\n                                                                                                                    <RCTView alpha=\"1.0\" class=\"RCTView\" focused=\"false\" height=\"31\" id=\"network-btn-xhr\" label=\"XHR Request\" ptr=\"0x11b6f6a00\" visibility=\"visible\" width=\"107\" x=\"0\" y=\"39\">\n                                                                                                                        <RCTTextView alpha=\"1.0\" class=\"RCTTextView\" focused=\"false\" height=\"16\" label=\"XHR Request\" ptr=\"0x11b759400\" text=\"XHR Request\" visibility=\"visible\" width=\"83\" x=\"12\" y=\"8\" />\n                                                                                                                    </RCTView>\n                                                                                                                </RCTView>\n                                                                                                                <RCTView alpha=\"1.0\" class=\"RCTView\" focused=\"false\" height=\"45\" id=\"network-result\" label=\"Log:\" ptr=\"0x11b6f7100\" visibility=\"visible\" width=\"370\" x=\"0\" y=\"149\">\n                                                                                                                    <RCTTextView alpha=\"1.0\" class=\"RCTTextView\" focused=\"false\" height=\"17\" label=\"Log:\" ptr=\"0x11b759600\" text=\"Log:\" visibility=\"visible\" width=\"346\" x=\"12\" y=\"12\" />\n                                                                                                                </RCTView>\n                                                                                                            </RCTScrollContentView>\n                                                                                                            <_UIScrollViewScrollIndicator alpha=\"0.0\" class=\"_UIScrollViewScrollIndicator\" focused=\"false\" height=\"204\" label=\"Vertical scroll bar, 1 page\" ptr=\"0x11b759e00\" value=\"0%\" visibility=\"visible\" width=\"3\" x=\"396\" y=\"587\">\n                                                                                                                <UIView alpha=\"1.0\" class=\"UIView\" focused=\"false\" height=\"204\" ptr=\"0x10bcb3640\" visibility=\"visible\" width=\"3\" x=\"0\" y=\"0\" />\n                                                                                                            </_UIScrollViewScrollIndicator>\n                                                                                                            <_UIScrollViewScrollIndicator alpha=\"0.0\" class=\"_UIScrollViewScrollIndicator\" focused=\"false\" height=\"3\" label=\"Horizontal scroll bar, 1 page\" ptr=\"0x11b759c00\" value=\"0%\" visibility=\"visible\" width=\"364\" x=\"35\" y=\"673\">\n                                                                                                                <UIView alpha=\"1.0\" class=\"UIView\" focused=\"false\" height=\"3\" ptr=\"0x10bcb32c0\" visibility=\"visible\" width=\"364\" x=\"0\" y=\"0\" />\n                                                                                                            </_UIScrollViewScrollIndicator>\n                                                                                                        </RCTCustomScrollView>\n                                                                                                    </RCTScrollView>\n                                                                                                </RCTSafeAreaView>\n                                                                                            </RCTView>\n                                                                                        </RCTView>\n                                                                                    </RNSScreenView>\n                                                                                </UIViewControllerWrapperView>\n                                                                            </UINavigationTransitionView>\n                                                                            <UINavigationBar alpha=\"1.0\" class=\"UINavigationBar\" focused=\"false\" height=\"54\" id=\"Network\" ptr=\"0x10bdcaa00\" visibility=\"visible\" width=\"402\" x=\"0\" y=\"62\">\n                                                                                <_UIBarBackground alpha=\"1.0\" class=\"_UIBarBackground\" focused=\"false\" height=\"116\" ptr=\"0x11b63e800\" visibility=\"visible\" width=\"402\" x=\"0\" y=\"-62\">\n                                                                                    <UIImageView alpha=\"1.0\" class=\"UIImageView\" focused=\"false\" height=\"116\" ptr=\"0x10d36bc00\" visibility=\"visible\" width=\"402\" x=\"0\" y=\"0\" />\n                                                                                    <_UIBarBackgroundShadowView alpha=\"1.0\" class=\"_UIBarBackgroundShadowView\" focused=\"false\" height=\"0\" ptr=\"0x11b63f200\" visibility=\"visible\" width=\"402\" x=\"0\" y=\"116\">\n                                                                                        <_UIBarBackgroundShadowContentImageView alpha=\"1.0\" class=\"_UIBarBackgroundShadowContentImageView\" focused=\"false\" height=\"0\" ptr=\"0x11b63f480\" visibility=\"visible\" width=\"402\" x=\"0\" y=\"0\" />\n                                                                                    </_UIBarBackgroundShadowView>\n                                                                                </_UIBarBackground>\n                                                                                <UIKit.NavigationBarContentView alpha=\"1.0\" class=\"UIKit.NavigationBarContentView\" focused=\"false\" height=\"54\" ptr=\"0x108975800\" visibility=\"visible\" width=\"402\" x=\"0\" y=\"0\">\n                                                                                    <UIKit.NavigationBarTransitionContainer alpha=\"1.0\" class=\"UIKit.NavigationBarTransitionContainer\" focused=\"false\" height=\"54\" ptr=\"0x10d36ac00\" visibility=\"visible\" width=\"402\" x=\"0\" y=\"0\">\n                                                                                        <_UINavigationBarHostedViewContainer alpha=\"1.0\" class=\"_UINavigationBarHostedViewContainer\" focused=\"false\" height=\"54\" ptr=\"0x10bc92140\" visibility=\"visible\" width=\"402\" x=\"0\" y=\"0\">\n                                                                                            <_UINavigationBarHostedViewWrapper alpha=\"1.0\" class=\"_UINavigationBarHostedViewWrapper\" focused=\"false\" height=\"20\" ptr=\"0x11b75b200\" visibility=\"visible\" width=\"68\" x=\"167\" y=\"11\">\n                                                                                                <_UINavigationBarTitleControl alpha=\"1.0\" class=\"_UINavigationBarTitleControl\" focused=\"false\" height=\"20\" ptr=\"0x11b701200\" visibility=\"visible\" width=\"68\" x=\"0\" y=\"0\">\n                                                                                                    <_UIIntrinsicContentSizeInvalidationForwardingWrapperView alpha=\"1.0\" class=\"_UIIntrinsicContentSizeInvalidationForwardingWrapperView\" focused=\"false\" height=\"20\" ptr=\"0x10bcb8a80\" visibility=\"visible\" width=\"68\" x=\"0\" y=\"0\">\n                                                                                                        <UILabel alpha=\"1.0\" class=\"UILabel\" focused=\"false\" height=\"20\" label=\"Network\" ptr=\"0x11b7dc380\" text=\"Network\" visibility=\"visible\" width=\"67\" x=\"0\" y=\"0\" />\n                                                                                                    </_UIIntrinsicContentSizeInvalidationForwardingWrapperView>\n                                                                                                </_UINavigationBarTitleControl>\n                                                                                            </_UINavigationBarHostedViewWrapper>\n                                                                                        </_UINavigationBarHostedViewContainer>\n                                                                                        <UIView alpha=\"1.0\" class=\"UIView\" focused=\"false\" height=\"54\" ptr=\"0x10bc91f80\" visibility=\"visible\" width=\"402\" x=\"0\" y=\"0\" />\n                                                                                        <UIKit.NavigationBarPlatterContainer alpha=\"1.0\" class=\"UIKit.NavigationBarPlatterContainer\" focused=\"false\" height=\"54\" ptr=\"0x10bc92300\" visibility=\"visible\" width=\"402\" x=\"0\" y=\"0\">\n                                                                                            <_UINavigationBarPlatterView alpha=\"1.0\" class=\"_UINavigationBarPlatterView\" focused=\"false\" height=\"44\" ptr=\"0x11b701800\" visibility=\"visible\" width=\"44\" x=\"16\" y=\"0\">\n                                                                                                <_UINavigationBarPlatterAnimationView alpha=\"1.0\" class=\"_UINavigationBarPlatterAnimationView\" focused=\"false\" height=\"44\" ptr=\"0x10bcb9dc0\" visibility=\"visible\" width=\"44\" x=\"0\" y=\"0\">\n                                                                                                    <_UINavigationBarPlatterAnimationView alpha=\"1.0\" class=\"_UINavigationBarPlatterAnimationView\" focused=\"false\" height=\"44\" ptr=\"0x10bcba140\" visibility=\"visible\" width=\"44\" x=\"0\" y=\"0\">\n                                                                                                        <_UINavigationBarPlatterAnimationView alpha=\"1.0\" class=\"_UINavigationBarPlatterAnimationView\" focused=\"false\" height=\"48\" ptr=\"0x10bcba300\" visibility=\"visible\" width=\"48\" x=\"-2\" y=\"-2\">\n                                                                                                            <_UINavigationBarPlatterAnimationView alpha=\"1.0\" class=\"_UINavigationBarPlatterAnimationView\" focused=\"false\" height=\"40\" ptr=\"0x10bcba4c0\" visibility=\"visible\" width=\"40\" x=\"1\" y=\"1\">\n                                                                                                                <_UINavigationBarPlatterContentView alpha=\"1.0\" class=\"_UINavigationBarPlatterContentView\" focused=\"false\" height=\"44\" ptr=\"0x10bcba680\" visibility=\"visible\" width=\"44\" x=\"0\" y=\"0\">\n                                                                                                                    <_UINavigationBarPlatterGlassView alpha=\"1.0\" class=\"_UINavigationBarPlatterGlassView\" focused=\"false\" height=\"44\" ptr=\"0x10bcba840\" visibility=\"visible\" width=\"44\" x=\"0\" y=\"0\">\n                                                                                                                        <_UINavigationBarPlatterSubviewContainerView alpha=\"1.0\" class=\"_UINavigationBarPlatterSubviewContainerView\" focused=\"false\" height=\"44\" ptr=\"0x10bcbaa00\" visibility=\"visible\" width=\"44\" x=\"0\" y=\"0\">\n                                                                                                                            <_UINavigationBarPlatterItemView alpha=\"1.0\" class=\"_UINavigationBarPlatterItemView\" focused=\"false\" height=\"44\" ptr=\"0x11b7d2f80\" visibility=\"visible\" width=\"44\" x=\"0\" y=\"0\">\n                                                                                                                                <_UIButtonBarButton alpha=\"1.0\" class=\"_UIButtonBarButton\" focused=\"false\" height=\"44\" id=\"BackButton\" ptr=\"0x11b7d2800\" visibility=\"visible\" width=\"44\" x=\"0\" y=\"0\">\n                                                                                                                                    <_TtCC5UIKit29ButtonBarButtonVisualProviderP33_A98CD29F4F6ECA17AFECE41BBB264E5918BackButtonMaskView alpha=\"1.0\" class=\"_TtCC5UIKit29ButtonBarButtonVisualProviderP33_A98CD29F4F6ECA17AFECE41BBB264E5918BackButtonMaskView\" focused=\"false\" height=\"44\" ptr=\"0x10bcb8540\" visibility=\"invisible\" width=\"44\" x=\"0\" y=\"0\">\n                                                                                                                                        <UIImageView alpha=\"1.0\" class=\"UIImageView\" focused=\"false\" height=\"28\" id=\"UINavigationBarTitleTransitionBackIndicatorMaskSymbol\" ptr=\"0x11b75a800\" visibility=\"visible\" width=\"19\" x=\"0\" y=\"8\" />\n                                                                                                                                        <UIView alpha=\"1.0\" class=\"UIView\" focused=\"false\" height=\"44\" ptr=\"0x10bcb8700\" visibility=\"visible\" width=\"0\" x=\"44\" y=\"0\" />\n                                                                                                                                    </_TtCC5UIKit29ButtonBarButtonVisualProviderP33_A98CD29F4F6ECA17AFECE41BBB264E5918BackButtonMaskView>\n                                                                                                                                    <_TtCC5UIKit29ButtonBarButtonVisualProviderP33_A98CD29F4F6ECA17AFECE41BBB264E596Button alpha=\"1.0\" class=\"_TtCC5UIKit29ButtonBarButtonVisualProviderP33_A98CD29F4F6ECA17AFECE41BBB264E596Button\" focused=\"false\" height=\"23\" label=\"Back\" ptr=\"0x11b7dc000\" visibility=\"visible\" width=\"44\" x=\"0\" y=\"10\">\n                                                                                                                                        <UIImageView alpha=\"1.0\" class=\"UIImageView\" focused=\"false\" height=\"23\" id=\"chevron.backward\" label=\"Back\" ptr=\"0x11b75aa00\" visibility=\"visible\" width=\"16\" x=\"13\" y=\"0\" />\n                                                                                                                                    </_TtCC5UIKit29ButtonBarButtonVisualProviderP33_A98CD29F4F6ECA17AFECE41BBB264E596Button>\n                                                                                                                                </_UIButtonBarButton>\n                                                                                                                            </_UINavigationBarPlatterItemView>\n                                                                                                                        </_UINavigationBarPlatterSubviewContainerView>\n                                                                                                                    </_UINavigationBarPlatterGlassView>\n                                                                                                                </_UINavigationBarPlatterContentView>\n                                                                                                            </_UINavigationBarPlatterAnimationView>\n                                                                                                        </_UINavigationBarPlatterAnimationView>\n                                                                                                    </_UINavigationBarPlatterAnimationView>\n                                                                                                </_UINavigationBarPlatterAnimationView>\n                                                                                            </_UINavigationBarPlatterView>\n                                                                                        </UIKit.NavigationBarPlatterContainer>\n                                                                                    </UIKit.NavigationBarTransitionContainer>\n                                                                                </UIKit.NavigationBarContentView>\n                                                                                <_UIPointerInteractionAssistantEffectContainerView alpha=\"1.0\" class=\"_UIPointerInteractionAssistantEffectContainerView\" focused=\"false\" height=\"0\" ptr=\"0x10bc93480\" visibility=\"visible\" width=\"0\" x=\"0\" y=\"0\" />\n                                                                            </UINavigationBar>\n                                                                            <_UIFloatingBarContainerView alpha=\"1.0\" class=\"_UIFloatingBarContainerView\" focused=\"false\" height=\"795\" ptr=\"0x10d36b000\" visibility=\"visible\" width=\"402\" x=\"0\" y=\"0\">\n                                                                                <_TtGC5UIKitP10$186ea25a022FloatingBarHostingViewVS_20FloatingBarContainer_ alpha=\"1.0\" class=\"_TtGC5UIKitP10$186ea25a022FloatingBarHostingViewVS_20FloatingBarContainer_\" focused=\"false\" height=\"795\" ptr=\"0x10d36b800\" visibility=\"visible\" width=\"402\" x=\"0\" y=\"0\" />\n                                                                                <_UIPointerInteractionAssistantEffectContainerView alpha=\"1.0\" class=\"_UIPointerInteractionAssistantEffectContainerView\" focused=\"false\" height=\"0\" ptr=\"0x10bc92f40\" visibility=\"visible\" width=\"0\" x=\"0\" y=\"0\" />\n                                                                            </_UIFloatingBarContainerView>\n                                                                        </UILayoutContainerView>\n                                                                    </RNSScreenStackView>\n                                                                </RCTView>\n                                                            </RCTView>\n                                                        </RCTView>\n                                                    </RNSScreenView>\n                                                </UIViewControllerWrapperView>\n                                            </UINavigationTransitionView>\n                                            <UINavigationBar alpha=\"1.0\" class=\"UINavigationBar\" focused=\"false\" height=\"54\" id=\"RNSScreen\" ptr=\"0x10bdc8600\" visibility=\"invisible\" width=\"402\" x=\"0\" y=\"-116\">\n                                                <_UIBarBackground alpha=\"1.0\" class=\"_UIBarBackground\" focused=\"false\" height=\"116\" ptr=\"0x10d055900\" visibility=\"visible\" width=\"402\" x=\"0\" y=\"-62\" />\n                                                <_UIPointerInteractionAssistantEffectContainerView alpha=\"1.0\" class=\"_UIPointerInteractionAssistantEffectContainerView\" focused=\"false\" height=\"0\" ptr=\"0x108bed6c0\" visibility=\"visible\" width=\"0\" x=\"0\" y=\"0\" />\n                                            </UINavigationBar>\n                                            <_UIFloatingBarContainerView alpha=\"1.0\" class=\"_UIFloatingBarContainerView\" focused=\"false\" height=\"795\" ptr=\"0x10be0a200\" visibility=\"visible\" width=\"402\" x=\"0\" y=\"0\">\n                                                <_TtGC5UIKitP10$186ea25a022FloatingBarHostingViewVS_20FloatingBarContainer_ alpha=\"1.0\" class=\"_TtGC5UIKitP10$186ea25a022FloatingBarHostingViewVS_20FloatingBarContainer_\" focused=\"false\" height=\"795\" ptr=\"0x10be0aa00\" visibility=\"visible\" width=\"402\" x=\"0\" y=\"0\" />\n                                                <_UIPointerInteractionAssistantEffectContainerView alpha=\"1.0\" class=\"_UIPointerInteractionAssistantEffectContainerView\" focused=\"false\" height=\"0\" ptr=\"0x108bdc380\" visibility=\"visible\" width=\"0\" x=\"0\" y=\"0\" />\n                                            </_UIFloatingBarContainerView>\n                                        </UILayoutContainerView>\n                                    </RNSScreenNavigationContainerView>\n                                    <RCTView alpha=\"1.0\" class=\"RCTView\" focused=\"false\" height=\"79\" label=\"Home, tab, 1 of 3 Demos, tab, 2 of 3 Settings, tab, 3 of 3\" ptr=\"0x10d1a6d80\" visibility=\"visible\" width=\"402\" x=\"0\" y=\"795\">\n                                        <RCTView alpha=\"1.0\" class=\"RCTView\" focused=\"false\" height=\"78\" ptr=\"0x1089d3b80\" visibility=\"visible\" width=\"402\" x=\"0\" y=\"0\" />\n                                        <RCTView alpha=\"1.0\" class=\"RCTView\" focused=\"false\" height=\"48\" label=\"Home, tab, 1 of 3 Demos, tab, 2 of 3 Settings, tab, 3 of 3\" ptr=\"0x10d1a6a00\" visibility=\"visible\" width=\"402\" x=\"0\" y=\"0\">\n                                            <RCTView alpha=\"1.0\" class=\"RCTView\" focused=\"false\" height=\"48\" id=\"tab-home\" label=\"Home, tab, 1 of 3\" ptr=\"0x10d1a4a80\" visibility=\"visible\" width=\"134\" x=\"0\" y=\"0\">\n                                                <RCTView alpha=\"1.0\" class=\"RCTView\" focused=\"false\" height=\"34\" label=\"H H\" ptr=\"0x10d1a4700\" visibility=\"visible\" width=\"0\" x=\"67\" y=\"0\">\n                                                    <RCTView alpha=\"0.0\" class=\"RCTView\" focused=\"false\" height=\"34\" label=\"H\" ptr=\"0x10d1a4000\" visibility=\"visible\" width=\"134\" x=\"-67\" y=\"0\">\n                                                        <RCTTextView alpha=\"1.0\" class=\"RCTTextView\" focused=\"false\" height=\"22\" label=\"H\" ptr=\"0x10be0ac00\" text=\"H\" visibility=\"visible\" width=\"13\" x=\"60\" y=\"6\" />\n                                                    </RCTView>\n                                                    <RCTView alpha=\"1.0\" class=\"RCTView\" focused=\"false\" height=\"34\" label=\"H\" ptr=\"0x10d1a4380\" visibility=\"visible\" width=\"134\" x=\"-67\" y=\"0\">\n                                                        <RCTTextView alpha=\"1.0\" class=\"RCTTextView\" focused=\"false\" height=\"22\" label=\"H\" ptr=\"0x10be0ae00\" text=\"H\" visibility=\"visible\" width=\"13\" x=\"60\" y=\"6\" />\n                                                    </RCTView>\n                                                </RCTView>\n                                                <RCTTextView alpha=\"1.0\" class=\"RCTTextView\" focused=\"false\" height=\"14\" label=\"Home\" ptr=\"0x10be0b000\" text=\"Home\" visibility=\"visible\" width=\"34\" x=\"50\" y=\"34\" />\n                                            </RCTView>\n                                            <RCTView alpha=\"1.0\" class=\"RCTView\" focused=\"false\" height=\"48\" id=\"tab-demos\" label=\"Demos, tab, 2 of 3\" ptr=\"0x10d1a5880\" visibility=\"visible\" width=\"134\" x=\"134\" y=\"0\">\n                                                <RCTView alpha=\"1.0\" class=\"RCTView\" focused=\"false\" height=\"34\" label=\"D D\" ptr=\"0x10d1a5500\" visibility=\"visible\" width=\"0\" x=\"67\" y=\"0\">\n                                                    <RCTView alpha=\"1.0\" class=\"RCTView\" focused=\"false\" height=\"34\" label=\"D\" ptr=\"0x10d1a4e00\" visibility=\"visible\" width=\"134\" x=\"-67\" y=\"0\">\n                                                        <RCTTextView alpha=\"1.0\" class=\"RCTTextView\" focused=\"false\" height=\"22\" label=\"D\" ptr=\"0x10be0b200\" text=\"D\" visibility=\"visible\" width=\"13\" x=\"60\" y=\"6\" />\n                                                    </RCTView>\n                                                    <RCTView alpha=\"0.0\" class=\"RCTView\" focused=\"false\" height=\"34\" label=\"D\" ptr=\"0x10d1a5180\" visibility=\"visible\" width=\"134\" x=\"-67\" y=\"0\">\n                                                        <RCTTextView alpha=\"1.0\" class=\"RCTTextView\" focused=\"false\" height=\"22\" label=\"D\" ptr=\"0x10be0b400\" text=\"D\" visibility=\"visible\" width=\"13\" x=\"60\" y=\"6\" />\n                                                    </RCTView>\n                                                </RCTView>\n                                                <RCTTextView alpha=\"1.0\" class=\"RCTTextView\" focused=\"false\" height=\"14\" label=\"Demos\" ptr=\"0x10be0b600\" text=\"Demos\" visibility=\"visible\" width=\"40\" x=\"47\" y=\"34\" />\n                                            </RCTView>\n                                            <RCTView alpha=\"1.0\" class=\"RCTView\" focused=\"false\" height=\"48\" id=\"tab-settings\" label=\"Settings, tab, 3 of 3\" ptr=\"0x10d1a6680\" visibility=\"visible\" width=\"134\" x=\"268\" y=\"0\">\n                                                <RCTView alpha=\"1.0\" class=\"RCTView\" focused=\"false\" height=\"34\" label=\"S S\" ptr=\"0x10d1a6300\" visibility=\"visible\" width=\"0\" x=\"67\" y=\"0\">\n                                                    <RCTView alpha=\"0.0\" class=\"RCTView\" focused=\"false\" height=\"34\" label=\"S\" ptr=\"0x10d1a5c00\" visibility=\"visible\" width=\"134\" x=\"-67\" y=\"0\">\n                                                        <RCTTextView alpha=\"1.0\" class=\"RCTTextView\" focused=\"false\" height=\"22\" label=\"S\" ptr=\"0x10be0b800\" text=\"S\" visibility=\"visible\" width=\"11\" x=\"61\" y=\"6\" />\n                                                    </RCTView>\n                                                    <RCTView alpha=\"1.0\" class=\"RCTView\" focused=\"false\" height=\"34\" label=\"S\" ptr=\"0x10d1a5f80\" visibility=\"visible\" width=\"134\" x=\"-67\" y=\"0\">\n                                                        <RCTTextView alpha=\"1.0\" class=\"RCTTextView\" focused=\"false\" height=\"22\" label=\"S\" ptr=\"0x10be0ba00\" text=\"S\" visibility=\"visible\" width=\"11\" x=\"61\" y=\"6\" />\n                                                    </RCTView>\n                                                </RCTView>\n                                                <RCTTextView alpha=\"1.0\" class=\"RCTTextView\" focused=\"false\" height=\"14\" label=\"Settings\" ptr=\"0x10be0bc00\" text=\"Settings\" visibility=\"visible\" width=\"47\" x=\"43\" y=\"34\" />\n                                            </RCTView>\n                                        </RCTView>\n                                    </RCTView>\n                                </RNCSafeAreaProvider>\n                            </RCTView>\n                        </RCTView>\n                    </RCTRootContentView>\n                </RCTRootView>\n            </UIDropShadowView>\n        </UITransitionView>\n    </UIWindow>\n</ViewHierarchy>","details":"No elements found for “MATCHER(id == “demos-btn-metrics”)”","windows":["<UIWindow: 0x10899c800; frame = (0 0; 402 874);>","<DTXTouchVisualizerWindow: 0x1088fc500; frame = (0 0; 402 874);>"],"DetoxFailureInformation":{"lineNumber":50,"file":"/Users/builder/uibuilder/work/detox/ios/Detox/Invocation/Element.swift","functionName":"views"}}}
   
23:23:50.460 detox[66809] E tap
  error: Test Failed: No elements found for “MATCHER(id == “demos-btn-metrics”)”
  
  HINT: To print view hierarchy on failed actions/matches, use log-level verbose or higher.
23:23:50.460 detox[66809] B onTestFnFailure
  args: ({"error":{"name":"DetoxRuntimeError"}})
23:23:50.460 detox[66809] i starting SimulatorScreenshot
23:23:50.460 detox[66809] i /usr/bin/xcrun simctl io B7E9BAD6-0C0D-41EE-BE0C-D49BF485382E screenshot "/private/var/folders/nd/_cs61jn95mx_wzcmldgt15p00000gn/T/detox-66809-Dv1ua5.detox.png"
23:23:50.633 detox[66809] i Detected file type from extension: PNG
Note: No display specified. Defaulting to display: 1CF89121-203F-41F0-8702-803F5499D5AE (screenID: 1, name: LCD)
Wrote screenshot to: /private/var/folders/nd/_cs61jn95mx_wzcmldgt15p00000gn/T/detox-66809-Dv1ua5.detox.png

23:23:50.633 detox[66809] i stopping SimulatorScreenshot
23:23:50.633 detox[66809] E onTestFnFailure
23:23:50.634 detox[66809] E test_fn
  error: Test Failed: No elements found for “MATCHER(id == “demos-btn-metrics”)”
  
  HINT: To print view hierarchy on failed actions/matches, use log-level verbose or higher.
23:23:50.634 detox[66809] B onTestDone
  args: ({"title":"navigates to Metrics demo and interacts","fullName":"React Navigation Example Demo Screens navigates to Metrics demo and interacts","status":"failed","invocations":1,"timedOut":false})
23:23:50.634 detox[66809] i starting SimulatorScreenshot
23:23:50.634 detox[66809] i /usr/bin/xcrun simctl io B7E9BAD6-0C0D-41EE-BE0C-D49BF485382E screenshot "/private/var/folders/nd/_cs61jn95mx_wzcmldgt15p00000gn/T/detox-66809-YAEFpi.detox.png"
23:23:50.635 detox[66809] i stopping SimulatorVideoRecording
23:23:50.636 detox[66809] i sending SIGINT to: /usr/bin/xcrun simctl io B7E9BAD6-0C0D-41EE-BE0C-D49BF485382E recordVideo /private/var/folders/nd/_cs61jn95mx_wzcmldgt15p00000gn/T/detox-66809-hG1N0T.detox.mp4
23:23:50.644 detox[66809] i Recording completed. Writing to disk.

Wrote video to: /private/var/folders/nd/_cs61jn95mx_wzcmldgt15p00000gn/T/detox-66809-hG1N0T.detox.mp4

23:23:50.645 detox[66809] i /usr/bin/xcrun simctl io B7E9BAD6-0C0D-41EE-BE0C-D49BF485382E recordVideo /private/var/folders/nd/_cs61jn95mx_wzcmldgt15p00000gn/T/detox-66809-hG1N0T.detox.mp4 exited with code #0
23:23:50.645 detox[66809] i saving SimulatorVideoRecording to: artifacts/ios.sim.release.2026-04-10 16-23-27Z/✗ React Navigation Example Demo Screens navigates to Metrics demo and interacts/test.mp4
23:23:50.645 detox[66809] i moving "/private/var/folders/nd/_cs61jn95mx_wzcmldgt15p00000gn/T/detox-66809-hG1N0T.detox.mp4" to artifacts/ios.sim.release.2026-04-10 16-23-27Z/✗ React Navigation Example Demo Screens navigates to Metrics demo and interacts/test.mp4
23:23:50.806 detox[66809] i Detected file type from extension: PNG
Note: No display specified. Defaulting to display: 1CF89121-203F-41F0-8702-803F5499D5AE (screenID: 1, name: LCD)
Wrote screenshot to: /private/var/folders/nd/_cs61jn95mx_wzcmldgt15p00000gn/T/detox-66809-YAEFpi.detox.png

23:23:50.806 detox[66809] i stopping SimulatorScreenshot
23:23:50.806 detox[66809] i stopping SimulatorLogRecording
23:23:50.806 detox[66809] i saving SimulatorScreenshot to: artifacts/ios.sim.release.2026-04-10 16-23-27Z/✗ React Navigation Example Demo Screens navigates to Metrics demo and interacts/testStart.png
23:23:50.806 detox[66809] i moving "/private/var/folders/nd/_cs61jn95mx_wzcmldgt15p00000gn/T/detox-66809-mONyVU.detox.png" to artifacts/ios.sim.release.2026-04-10 16-23-27Z/✗ React Navigation Example Demo Screens navigates to Metrics demo and interacts/testStart.png
23:23:50.807 detox[66809] i saving SimulatorScreenshot to: artifacts/ios.sim.release.2026-04-10 16-23-27Z/✗ React Navigation Example Demo Screens navigates to Metrics demo and interacts/testFnFailure.png
23:23:50.807 detox[66809] i moving "/private/var/folders/nd/_cs61jn95mx_wzcmldgt15p00000gn/T/detox-66809-Dv1ua5.detox.png" to artifacts/ios.sim.release.2026-04-10 16-23-27Z/✗ React Navigation Example Demo Screens navigates to Metrics demo and interacts/testFnFailure.png
23:23:50.808 detox[66809] i saving SimulatorScreenshot to: artifacts/ios.sim.release.2026-04-10 16-23-27Z/✗ React Navigation Example Demo Screens navigates to Metrics demo and interacts/testDone.png
23:23:50.808 detox[66809] i moving "/private/var/folders/nd/_cs61jn95mx_wzcmldgt15p00000gn/T/detox-66809-YAEFpi.detox.png" to artifacts/ios.sim.release.2026-04-10 16-23-27Z/✗ React Navigation Example Demo Screens navigates to Metrics demo and interacts/testDone.png
23:23:50.859 detox[66809] i sending SIGINT to: /usr/bin/xcrun simctl spawn B7E9BAD6-0C0D-41EE-BE0C-D49BF485382E log stream --level debug --style compact --predicate processImagePath beginsWith "/Users/nonth/Library/Developer/CoreSimulator/Devices/B7E9BAD6-0C0D-41EE-BE0C-D49BF485382E/data/Containers/Bundle/Application/4FB2BDAB-C128-44E5-9089-1B03AD22F4EA/EdotReactNavExample.app"
23:23:50.865 detox[66809] i /usr/bin/xcrun simctl spawn B7E9BAD6-0C0D-41EE-BE0C-D49BF485382E log stream --level debug --style compact --predicate "processImagePath beginsWith \"/Users/nonth/Library/Developer/CoreSimulator/Devices/B7E9BAD6-0C0D-41EE-BE0C-D49BF485382E/data/Containers/Bundle/Application/4FB2BDAB-C128-44E5-9089-1B03AD22F4EA/EdotReactNavExample.app\"" exited with code #0
23:23:50.865 detox[66809] E onTestDone
23:23:50.866 detox[66809] E navigates to Metrics demo and interacts
23:23:50.866 detox[66809] i React Navigation Example > Demo Screens: navigates to Metrics demo and interacts [FAIL]
23:23:50.866 detox[66809] B navigates to Logs demo and interacts
23:23:50.866 detox[66809] i React Navigation Example > Demo Screens: navigates to Logs demo and interacts
23:23:50.866 detox[66809] B onTestStart
  args: ({"title":"navigates to Logs demo and interacts","fullName":"React Navigation Example Demo Screens navigates to Logs demo and interacts","status":"running","invocations":1})
23:23:50.866 detox[66809] i starting SimulatorLogRecording
23:23:50.867 detox[66809] i saving SimulatorLogRecording to: artifacts/ios.sim.release.2026-04-10 16-23-27Z/✗ React Navigation Example Demo Screens navigates to Metrics demo and interacts/device.log
23:23:50.867 detox[66809] i moving "/private/var/folders/nd/_cs61jn95mx_wzcmldgt15p00000gn/T/detox-66809-p75MPt.detox.log" to artifacts/ios.sim.release.2026-04-10 16-23-27Z/✗ React Navigation Example Demo Screens navigates to Metrics demo and interacts/device.log
23:23:50.867 detox[66809] i /usr/bin/xcrun simctl get_app_container B7E9BAD6-0C0D-41EE-BE0C-D49BF485382E com.edot.reactnavexample
23:23:51.036 detox[66809] i /Users/nonth/Library/Developer/CoreSimulator/Devices/B7E9BAD6-0C0D-41EE-BE0C-D49BF485382E/data/Containers/Bundle/Application/4FB2BDAB-C128-44E5-9089-1B03AD22F4EA/EdotReactNavExample.app

23:23:51.036 detox[66809] i /usr/bin/xcrun simctl spawn B7E9BAD6-0C0D-41EE-BE0C-D49BF485382E log stream --level debug --style compact --predicate "processImagePath beginsWith \"/Users/nonth/Library/Developer/CoreSimulator/Devices/B7E9BAD6-0C0D-41EE-BE0C-D49BF485382E/data/Containers/Bundle/Application/4FB2BDAB-C128-44E5-9089-1B03AD22F4EA/EdotReactNavExample.app\""
23:23:51.087 detox[66809] i starting SimulatorScreenshot
23:23:51.087 detox[66809] i /usr/bin/xcrun simctl io B7E9BAD6-0C0D-41EE-BE0C-D49BF485382E screenshot "/private/var/folders/nd/_cs61jn95mx_wzcmldgt15p00000gn/T/detox-66809-DJa3nU.detox.png"
23:23:51.088 detox[66809] i starting SimulatorVideoRecording
23:23:51.088 detox[66809] i /usr/bin/xcrun simctl io B7E9BAD6-0C0D-41EE-BE0C-D49BF485382E recordVideo /private/var/folders/nd/_cs61jn95mx_wzcmldgt15p00000gn/T/detox-66809-8wwgok.detox.mp4
23:23:51.257 detox[66809] i Note: No display specified. Defaulting to display: 1CF89121-203F-41F0-8702-803F5499D5AE (screenID: 1, name: LCD)

23:23:51.270 detox[66809] i Recording started

23:23:51.373 detox[66809] i Detected file type from extension: PNG
Note: No display specified. Defaulting to display: 1CF89121-203F-41F0-8702-803F5499D5AE (screenID: 1, name: LCD)
Wrote screenshot to: /private/var/folders/nd/_cs61jn95mx_wzcmldgt15p00000gn/T/detox-66809-DJa3nU.detox.png

23:23:51.373 detox[66809] i stopping SimulatorScreenshot
23:23:51.373 detox[66809] E onTestStart
23:23:51.373 detox[66809] B beforeEach
23:23:51.373 detox[66809] E beforeEach
23:23:51.373 detox[66809] B test_fn
23:23:51.374 detox[66808] i get
  data: {"type":"invoke","params":{"type":"action","action":"tap","predicate":{"type":"id","value":"demos-btn-logs","isRegex":false}},"messageId":23}
23:23:51.374 detox[66808] i send
  data: {
    "type": "invoke",
    "params": {
      "type": "action",
      "action": "tap",
      "predicate": {
        "type": "id",
        "value": "demos-btn-logs",
        "isRegex": false
      }
    },
    "messageId": 23
  }
23:23:51.374 detox[66809] i send message
  data: {"type":"invoke","params":{"type":"action","action":"tap","predicate":{"type":"id","value":"demos-btn-logs","isRegex":false}},"messageId":23}
23:23:51.374 detox[66809] B tap
  data: {
    "type": "action",
    "action": "tap",
    "predicate": {
      "type": "id",
      "value": "demos-btn-logs",
      "isRegex": false
    }
  }
23:23:51.392 detox[66808] i get
  data: {"params":{"NSLocalizedDescription":"No elements found for “MATCHER(id == “demos-btn-logs”)”","visibilityFailingScreenshotsURL":"\/Users\/nonth\/Library\/Developer\/CoreSimulator\/Devices\/B7E9BAD6-0C0D-41EE-BE0C-D49BF485382E\/data\/Containers\/Data\/Application\/CC206481-6D7A-47E1-B8C0-C1FA132ACE12\/tmp\/visibilityFailingScreenshots","visibilityFailingRectsURL":"\/Users\/nonth\/Library\/Developer\/CoreSimulator\/Devices\/B7E9BAD6-0C0D-41EE-BE0C-D49BF485382E\/data\/Containers\/Data\/Application\/CC206481-6D7A-47E1-B8C0-C1FA132ACE12\/tmp\/visibilityFailingRects","viewHierarchy":"<?xml version=\"1.0\" encoding=\"utf-8\"?>\n<ViewHierarchy>\n    <UIWindow alpha=\"1.0\" class=\"UIWindow\" focused=\"false\" height=\"874\" ptr=\"0x10899c800\" visibility=\"visible\" width=\"402\">\n        <UITransitionView alpha=\"1.0\" class=\"UITransitionView\" focused=\"false\" height=\"874\" ptr=\"0x10be08000\" visibility=\"visible\" width=\"402\" x=\"0\" y=\"0\">\n            <UIDropShadowView alpha=\"1.0\" class=\"UIDropShadowView\" focused=\"false\" height=\"874\" ptr=\"0x10bd05b80\" visibility=\"visible\" width=\"402\" x=\"0\" y=\"0\">\n                <RCTRootView alpha=\"1.0\" class=\"RCTRootView\" focused=\"false\" height=\"874\" ptr=\"0x10bd05400\" visibility=\"visible\" width=\"402\" x=\"0\" y=\"0\">\n                    <RCTRootContentView alpha=\"1.0\" class=\"RCTRootContentView\" focused=\"false\" height=\"874\" label=\"Network Demos All requests are auto-instrumented by the SDK Fetch Data Fetch Error Fetch Multiple (3) XHR Request Log: Vertical scroll bar, 1 page Horizontal scroll bar, 1 page Network Home, tab, 1 of 3 Demos, tab, 2 of 3 Settings, tab, 3 of 3\" ptr=\"0x10899c400\" visibility=\"visible\" width=\"402\" x=\"0\" y=\"0\">\n                        <RCTView alpha=\"1.0\" class=\"RCTView\" focused=\"false\" height=\"874\" label=\"Network Demos All requests are auto-instrumented by the SDK Fetch Data Fetch Error Fetch Multiple (3) XHR Request Log: Vertical scroll bar, 1 page Horizontal scroll bar, 1 page Network Home, tab, 1 of 3 Demos, tab, 2 of 3 Settings, tab, 3 of 3\" ptr=\"0x10d1a7480\" visibility=\"visible\" width=\"402\" x=\"0\" y=\"0\">\n                            <RCTView alpha=\"1.0\" class=\"RCTView\" focused=\"false\" height=\"874\" label=\"Network Demos All requests are auto-instrumented by the SDK Fetch Data Fetch Error Fetch Multiple (3) XHR Request Log: Vertical scroll bar, 1 page Horizontal scroll bar, 1 page Network Home, tab, 1 of 3 Demos, tab, 2 of 3 Settings, tab, 3 of 3\" ptr=\"0x10d1a7100\" visibility=\"visible\" width=\"402\" x=\"0\" y=\"0\">\n                                <RNCSafeAreaProvider alpha=\"1.0\" class=\"RNCSafeAreaProvider\" focused=\"false\" height=\"874\" label=\"Network Demos All requests are auto-instrumented by the SDK Fetch Data Fetch Error Fetch Multiple (3) XHR Request Log: Vertical scroll bar, 1 page Horizontal scroll bar, 1 page Network Home, tab, 1 of 3 Demos, tab, 2 of 3 Settings, tab, 3 of 3\" ptr=\"0x10899d800\" visibility=\"visible\" width=\"402\" x=\"0\" y=\"0\">\n                                    <RNSScreenNavigationContainerView alpha=\"1.0\" class=\"RNSScreenNavigationContainerView\" focused=\"false\" height=\"795\" ptr=\"0x108bce140\" visibility=\"visible\" width=\"402\" x=\"0\" y=\"0\">\n                                        <UILayoutContainerView alpha=\"1.0\" class=\"UILayoutContainerView\" focused=\"false\" height=\"795\" ptr=\"0x108a17800\" visibility=\"visible\" width=\"402\" x=\"0\" y=\"0\">\n                                            <UINavigationTransitionView alpha=\"1.0\" class=\"UINavigationTransitionView\" focused=\"false\" height=\"795\" ptr=\"0x108a14a80\" visibility=\"visible\" width=\"402\" x=\"0\" y=\"0\">\n                                                <UIViewControllerWrapperView alpha=\"1.0\" class=\"UIViewControllerWrapperView\" focused=\"false\" height=\"795\" ptr=\"0x10bca6f40\" visibility=\"visible\" width=\"402\" x=\"0\" y=\"0\">\n                                                    <RNSScreenView alpha=\"1.0\" class=\"RNSScreenView\" focused=\"false\" height=\"795\" label=\"Network Demos All requests are auto-instrumented by the SDK Fetch Data Fetch Error Fetch Multiple (3) XHR Request Log: Vertical scroll bar, 1 page Horizontal scroll bar, 1 page Network\" ptr=\"0x1088fed00\" visibility=\"visible\" width=\"402\" x=\"0\" y=\"0\">\n                                                        <RCTView alpha=\"1.0\" class=\"RCTView\" focused=\"false\" height=\"795\" label=\"Network Demos All requests are auto-instrumented by the SDK Fetch Data Fetch Error Fetch Multiple (3) XHR Request Log: Vertical scroll bar, 1 page Horizontal scroll bar, 1 page Network\" ptr=\"0x10d29e300\" visibility=\"visible\" width=\"402\" x=\"0\" y=\"0\">\n                                                            <RCTView alpha=\"1.0\" class=\"RCTView\" focused=\"false\" height=\"795\" label=\"Network Demos All requests are auto-instrumented by the SDK Fetch Data Fetch Error Fetch Multiple (3) XHR Request Log: Vertical scroll bar, 1 page Horizontal scroll bar, 1 page Network\" ptr=\"0x10d29df80\" visibility=\"visible\" width=\"402\" x=\"0\" y=\"0\">\n                                                                <RCTView alpha=\"1.0\" class=\"RCTView\" focused=\"false\" height=\"795\" label=\"Network Demos All requests are auto-instrumented by the SDK Fetch Data Fetch Error Fetch Multiple (3) XHR Request Log: Vertical scroll bar, 1 page Horizontal scroll bar, 1 page Network\" ptr=\"0x10d29dc00\" visibility=\"visible\" width=\"402\" x=\"0\" y=\"0\">\n                                                                    <RNSScreenStackView alpha=\"1.0\" class=\"RNSScreenStackView\" focused=\"false\" height=\"795\" ptr=\"0x10d36a800\" visibility=\"visible\" width=\"402\" x=\"0\" y=\"0\">\n                                                                        <UILayoutContainerView alpha=\"1.0\" class=\"UILayoutContainerView\" focused=\"false\" height=\"795\" ptr=\"0x10bc91dc0\" visibility=\"visible\" width=\"402\" x=\"0\" y=\"0\">\n                                                                            <UINavigationTransitionView alpha=\"1.0\" class=\"UINavigationTransitionView\" focused=\"false\" height=\"795\" ptr=\"0x10bc92a00\" visibility=\"visible\" width=\"402\" x=\"0\" y=\"0\">\n                                                                                <UIViewControllerWrapperView alpha=\"1.0\" class=\"UIViewControllerWrapperView\" focused=\"false\" height=\"795\" ptr=\"0x10bc93b80\" visibility=\"visible\" width=\"402\" x=\"0\" y=\"0\">\n                                                                                    <RNSScreenView alpha=\"1.0\" class=\"RNSScreenView\" focused=\"false\" height=\"679\" label=\"Network Demos All requests are auto-instrumented by the SDK Fetch Data Fetch Error Fetch Multiple (3) XHR Request Log: Vertical scroll bar, 1 page Horizontal scroll bar, 1 page\" ptr=\"0x11b6fd900\" visibility=\"visible\" width=\"402\" x=\"0\" y=\"116\">\n                                                                                        <RCTView alpha=\"1.0\" class=\"RCTView\" focused=\"false\" height=\"679\" label=\"Network Demos All requests are auto-instrumented by the SDK Fetch Data Fetch Error Fetch Multiple (3) XHR Request Log: Vertical scroll bar, 1 page Horizontal scroll bar, 1 page\" ptr=\"0x11b6f7b80\" visibility=\"visible\" width=\"402\" x=\"0\" y=\"0\">\n                                                                                            <RCTView alpha=\"1.0\" class=\"RCTView\" focused=\"false\" height=\"679\" label=\"Network Demos All requests are auto-instrumented by the SDK Fetch Data Fetch Error Fetch Multiple (3) XHR Request Log: Vertical scroll bar, 1 page Horizontal scroll bar, 1 page\" ptr=\"0x11b6f7800\" visibility=\"visible\" width=\"402\" x=\"0\" y=\"0\">\n                                                                                                <RCTSafeAreaView alpha=\"1.0\" class=\"RCTSafeAreaView\" focused=\"false\" height=\"679\" label=\"Network Demos All requests are auto-instrumented by the SDK Fetch Data Fetch Error Fetch Multiple (3) XHR Request Log: Vertical scroll bar, 1 page Horizontal scroll bar, 1 page\" ptr=\"0x10899ec00\" visibility=\"visible\" width=\"402\" x=\"0\" y=\"0\">\n                                                                                                    <RCTScrollView alpha=\"1.0\" class=\"RCTScrollView\" focused=\"false\" height=\"679\" label=\"Network Demos All requests are auto-instrumented by the SDK Fetch Data Fetch Error Fetch Multiple (3) XHR Request Log: Vertical scroll bar, 1 page Horizontal scroll bar, 1 page\" ptr=\"0x11b6fd400\" visibility=\"visible\" width=\"402\" x=\"0\" y=\"0\">\n                                                                                                        <RCTCustomScrollView alpha=\"1.0\" class=\"RCTCustomScrollView\" focused=\"false\" height=\"679\" ptr=\"0x108b8ca00\" visibility=\"visible\" width=\"402\" x=\"0\" y=\"0\">\n                                                                                                            <RCTScrollContentView alpha=\"1.0\" class=\"RCTScrollContentView\" focused=\"false\" height=\"210\" label=\"Network Demos All requests are auto-instrumented by the SDK Fetch Data Fetch Error Fetch Multiple (3) XHR Request Log:\" ptr=\"0x11b6f7480\" visibility=\"visible\" width=\"370\" x=\"16\" y=\"16\">\n                                                                                                                <RCTTextView alpha=\"1.0\" class=\"RCTTextView\" focused=\"false\" height=\"26\" label=\"Network Demos\" ptr=\"0x11b758a00\" text=\"Network Demos\" visibility=\"visible\" width=\"370\" x=\"0\" y=\"0\" \/>\n                                                                                                                <RCTTextView alpha=\"1.0\" class=\"RCTTextView\" focused=\"false\" height=\"16\" label=\"All requests are auto-instrumented by the SDK\" ptr=\"0x11b758c00\" text=\"All requests are auto-instrumented by the SDK\" visibility=\"visible\" width=\"370\" x=\"0\" y=\"30\" \/>\n                                                                                                                <RCTView alpha=\"1.0\" class=\"RCTView\" focused=\"false\" height=\"71\" label=\"Fetch Data Fetch Error Fetch Multiple (3) XHR Request\" ptr=\"0x11b6f6d80\" visibility=\"visible\" width=\"370\" x=\"0\" y=\"62\">\n                                                                                                                    <RCTView alpha=\"1.0\" class=\"RCTView\" focused=\"false\" height=\"31\" id=\"network-btn-fetch\" label=\"Fetch Data\" ptr=\"0x11b6f5f80\" visibility=\"visible\" width=\"92\" x=\"0\" y=\"0\">\n                                                                                                                        <RCTTextView alpha=\"1.0\" class=\"RCTTextView\" focused=\"false\" height=\"16\" label=\"Fetch Data\" ptr=\"0x11b758e00\" text=\"Fetch Data\" visibility=\"visible\" width=\"68\" x=\"12\" y=\"8\" \/>\n                                                                                                                    <\/RCTView>\n                                                                                                                    <RCTView alpha=\"1.0\" class=\"RCTView\" focused=\"false\" height=\"31\" id=\"network-btn-fetch-error\" label=\"Fetch Error\" ptr=\"0x11b6f6300\" visibility=\"visible\" width=\"94\" x=\"100\" y=\"0\">\n                                                                                                                        <RCTTextView alpha=\"1.0\" class=\"RCTTextView\" focused=\"false\" height=\"16\" label=\"Fetch Error\" ptr=\"0x11b759000\" text=\"Fetch Error\" visibility=\"visible\" width=\"71\" x=\"12\" y=\"8\" \/>\n                                                                                                                    <\/RCTView>\n                                                                                                                    <RCTView alpha=\"1.0\" class=\"RCTView\" focused=\"false\" height=\"31\" id=\"network-btn-fetch-multiple\" label=\"Fetch Multiple (3)\" ptr=\"0x11b6f6680\" visibility=\"visible\" width=\"136\" x=\"203\" y=\"0\">\n                                                                                                                        <RCTTextView alpha=\"1.0\" class=\"RCTTextView\" focused=\"false\" height=\"16\" label=\"Fetch Multiple (3)\" ptr=\"0x11b759200\" text=\"Fetch Multiple (3)\" visibility=\"visible\" width=\"112\" x=\"12\" y=\"8\" \/>\n                                                                                                                    <\/RCTView>\n                                                                                                                    <RCTView alpha=\"1.0\" class=\"RCTView\" focused=\"false\" height=\"31\" id=\"network-btn-xhr\" label=\"XHR Request\" ptr=\"0x11b6f6a00\" visibility=\"visible\" width=\"107\" x=\"0\" y=\"39\">\n                                                                                                                        <RCTTextView alpha=\"1.0\" class=\"RCTTextView\" focused=\"false\" height=\"16\" label=\"XHR Request\" ptr=\"0x11b759400\" text=\"XHR Request\" visibility=\"visible\" width=\"83\" x=\"12\" y=\"8\" \/>\n                                                                                                                    <\/RCTView>\n                                                                                                                <\/RCTView>\n                                                                                                                <RCTView alpha=\"1.0\" class=\"RCTView\" focused=\"false\" height=\"45\" id=\"network-result\" label=\"Log:\" ptr=\"0x11b6f7100\" visibility=\"visible\" width=\"370\" x=\"0\" y=\"149\">\n                                                                                                                    <RCTTextView alpha=\"1.0\" class=\"RCTTextView\" focused=\"false\" height=\"17\" label=\"Log:\" ptr=\"0x11b759600\" text=\"Log:\" visibility=\"visible\" width=\"346\" x=\"12\" y=\"12\" \/>\n                                                                                                                <\/RCTView>\n                                                                                                            <\/RCTScrollContentView>\n                                                                                                            <_UIScrollViewScrollIndicator alpha=\"0.0\" class=\"_UIScrollViewScrollIndicator\" focused=\"false\" height=\"204\" label=\"Vertical scroll bar, 1 page\" ptr=\"0x11b759e00\" value=\"0%\" visibility=\"visible\" width=\"3\" x=\"396\" y=\"587\">\n                                                                                                                <UIView alpha=\"1.0\" class=\"UIView\" focused=\"false\" height=\"204\" ptr=\"0x10bcb3640\" visibility=\"visible\" width=\"3\" x=\"0\" y=\"0\" \/>\n                                                                                                            <\/_UIScrollViewScrollIndicator>\n                                                                                                            <_UIScrollViewScrollIndicator alpha=\"0.0\" class=\"_UIScrollViewScrollIndicator\" focused=\"false\" height=\"3\" label=\"Horizontal scroll bar, 1 page\" ptr=\"0x11b759c00\" value=\"0%\" visibility=\"visible\" width=\"364\" x=\"35\" y=\"673\">\n                                                                                                                <UIView alpha=\"1.0\" class=\"UIView\" focused=\"false\" height=\"3\" ptr=\"0x10bcb32c0\" visibility=\"visible\" width=\"364\" x=\"0\" y=\"0\" \/>\n                                                                                                            <\/_UIScrollViewScrollIndicator>\n                                                                                                        <\/RCTCustomScrollView>\n                                                                                                    <\/RCTScrollView>\n                                                                                                <\/RCTSafeAreaView>\n                                                                                            <\/RCTView>\n                                                                                        <\/RCTView>\n                                                                                    <\/RNSScreenView>\n                                                                                <\/UIViewControllerWrapperView>\n                                                                            <\/UINavigationTransitionView>\n                                                                            <UINavigationBar alpha=\"1.0\" class=\"UINavigationBar\" focused=\"false\" height=\"54\" id=\"Network\" ptr=\"0x10bdcaa00\" visibility=\"visible\" width=\"402\" x=\"0\" y=\"62\">\n                                                                                <_UIBarBackground alpha=\"1.0\" class=\"_UIBarBackground\" focused=\"false\" height=\"116\" ptr=\"0x11b63e800\" visibility=\"visible\" width=\"402\" x=\"0\" y=\"-62\">\n                                                                                    <UIImageView alpha=\"1.0\" class=\"UIImageView\" focused=\"false\" height=\"116\" ptr=\"0x10d36bc00\" visibility=\"visible\" width=\"402\" x=\"0\" y=\"0\" \/>\n                                                                                    <_UIBarBackgroundShadowView alpha=\"1.0\" class=\"_UIBarBackgroundShadowView\" focused=\"false\" height=\"0\" ptr=\"0x11b63f200\" visibility=\"visible\" width=\"402\" x=\"0\" y=\"116\">\n                                                                                        <_UIBarBackgroundShadowContentImageView alpha=\"1.0\" class=\"_UIBarBackgroundShadowContentImageView\" focused=\"false\" height=\"0\" ptr=\"0x11b63f480\" visibility=\"visible\" width=\"402\" x=\"0\" y=\"0\" \/>\n                                                                                    <\/_UIBarBackgroundShadowView>\n                                                                                <\/_UIBarBackground>\n                                                                                <UIKit.NavigationBarContentView alpha=\"1.0\" class=\"UIKit.NavigationBarContentView\" focused=\"false\" height=\"54\" ptr=\"0x108975800\" visibility=\"visible\" width=\"402\" x=\"0\" y=\"0\">\n                                                                                    <UIKit.NavigationBarTransitionContainer alpha=\"1.0\" class=\"UIKit.NavigationBarTransitionContainer\" focused=\"false\" height=\"54\" ptr=\"0x10d36ac00\" visibility=\"visible\" width=\"402\" x=\"0\" y=\"0\">\n                                                                                        <_UINavigationBarHostedViewContainer alpha=\"1.0\" class=\"_UINavigationBarHostedViewContainer\" focused=\"false\" height=\"54\" ptr=\"0x10bc92140\" visibility=\"visible\" width=\"402\" x=\"0\" y=\"0\">\n                                                                                            <_UINavigationBarHostedViewWrapper alpha=\"1.0\" class=\"_UINavigationBarHostedViewWrapper\" focused=\"false\" height=\"20\" ptr=\"0x11b75b200\" visibility=\"visible\" width=\"68\" x=\"167\" y=\"11\">\n                                                                                                <_UINavigationBarTitleControl alpha=\"1.0\" class=\"_UINavigationBarTitleControl\" focused=\"false\" height=\"20\" ptr=\"0x11b701200\" visibility=\"visible\" width=\"68\" x=\"0\" y=\"0\">\n                                                                                                    <_UIIntrinsicContentSizeInvalidationForwardingWrapperView alpha=\"1.0\" class=\"_UIIntrinsicContentSizeInvalidationForwardingWrapperView\" focused=\"false\" height=\"20\" ptr=\"0x10bcb8a80\" visibility=\"visible\" width=\"68\" x=\"0\" y=\"0\">\n                                                                                                        <UILabel alpha=\"1.0\" class=\"UILabel\" focused=\"false\" height=\"20\" label=\"Network\" ptr=\"0x11b7dc380\" text=\"Network\" visibility=\"visible\" width=\"67\" x=\"0\" y=\"0\" \/>\n                                                                                                    <\/_UIIntrinsicContentSizeInvalidationForwardingWrapperView>\n                                                                                                <\/_UINavigationBarTitleControl>\n                                                                                            <\/_UINavigationBarHostedViewWrapper>\n                                                                                        <\/_UINavigationBarHostedViewContainer>\n                                                                                        <UIView alpha=\"1.0\" class=\"UIView\" focused=\"false\" height=\"54\" ptr=\"0x10bc91f80\" visibility=\"visible\" width=\"402\" x=\"0\" y=\"0\" \/>\n                                                                                        <UIKit.NavigationBarPlatterContainer alpha=\"1.0\" class=\"UIKit.NavigationBarPlatterContainer\" focused=\"false\" height=\"54\" ptr=\"0x10bc92300\" visibility=\"visible\" width=\"402\" x=\"0\" y=\"0\">\n                                                                                            <_UINavigationBarPlatterView alpha=\"1.0\" class=\"_UINavigationBarPlatterView\" focused=\"false\" height=\"44\" ptr=\"0x11b701800\" visibility=\"visible\" width=\"44\" x=\"16\" y=\"0\">\n                                                                                                <_UINavigationBarPlatterAnimationView alpha=\"1.0\" class=\"_UINavigationBarPlatterAnimationView\" focused=\"false\" height=\"44\" ptr=\"0x10bcb9dc0\" visibility=\"visible\" width=\"44\" x=\"0\" y=\"0\">\n                                                                                                    <_UINavigationBarPlatterAnimationView alpha=\"1.0\" class=\"_UINavigationBarPlatterAnimationView\" focused=\"false\" height=\"44\" ptr=\"0x10bcba140\" visibility=\"visible\" width=\"44\" x=\"0\" y=\"0\">\n                                                                                                        <_UINavigationBarPlatterAnimationView alpha=\"1.0\" class=\"_UINavigationBarPlatterAnimationView\" focused=\"false\" height=\"48\" ptr=\"0x10bcba300\" visibility=\"visible\" width=\"48\" x=\"-2\" y=\"-2\">\n                                                                                                            <_UINavigationBarPlatterAnimationView alpha=\"1.0\" class=\"_UINavigationBarPlatterAnimationView\" focused=\"false\" height=\"40\" ptr=\"0x10bcba4c0\" visibility=\"visible\" width=\"40\" x=\"1\" y=\"1\">\n                                                                                                                <_UINavigationBarPlatterContentView alpha=\"1.0\" class=\"_UINavigationBarPlatterContentView\" focused=\"false\" height=\"44\" ptr=\"0x10bcba680\" visibility=\"visible\" width=\"44\" x=\"0\" y=\"0\">\n                                                                                                                    <_UINavigationBarPlatterGlassView alpha=\"1.0\" class=\"_UINavigationBarPlatterGlassView\" focused=\"false\" height=\"44\" ptr=\"0x10bcba840\" visibility=\"visible\" width=\"44\" x=\"0\" y=\"0\">\n                                                                                                                        <_UINavigationBarPlatterSubviewContainerView alpha=\"1.0\" class=\"_UINavigationBarPlatterSubviewContainerView\" focused=\"false\" height=\"44\" ptr=\"0x10bcbaa00\" visibility=\"visible\" width=\"44\" x=\"0\" y=\"0\">\n                                                                                                                            <_UINavigationBarPlatterItemView alpha=\"1.0\" class=\"_UINavigationBarPlatterItemView\" focused=\"false\" height=\"44\" ptr=\"0x11b7d2f80\" visibility=\"visible\" width=\"44\" x=\"0\" y=\"0\">\n                                                                                                                                <_UIButtonBarButton alpha=\"1.0\" class=\"_UIButtonBarButton\" focused=\"false\" height=\"44\" id=\"BackButton\" ptr=\"0x11b7d2800\" visibility=\"visible\" width=\"44\" x=\"0\" y=\"0\">\n                                                                                                                                    <_TtCC5UIKit29ButtonBarButtonVisualProviderP33_A98CD29F4F6ECA17AFECE41BBB264E5918BackButtonMaskView alpha=\"1.0\" class=\"_TtCC5UIKit29ButtonBarButtonVisualProviderP33_A98CD29F4F6ECA17AFECE41BBB264E5918BackButtonMaskView\" focused=\"false\" height=\"44\" ptr=\"0x10bcb8540\" visibility=\"invisible\" width=\"44\" x=\"0\" y=\"0\">\n                                                                                                                                        <UIImageView alpha=\"1.0\" class=\"UIImageView\" focused=\"false\" height=\"28\" id=\"UINavigationBarTitleTransitionBackIndicatorMaskSymbol\" ptr=\"0x11b75a800\" visibility=\"visible\" width=\"19\" x=\"0\" y=\"8\" \/>\n                                                                                                                                        <UIView alpha=\"1.0\" class=\"UIView\" focused=\"false\" height=\"44\" ptr=\"0x10bcb8700\" visibility=\"visible\" width=\"0\" x=\"44\" y=\"0\" \/>\n                                                                                                                                    <\/_TtCC5UIKit29ButtonBarButtonVisualProviderP33_A98CD29F4F6ECA17AFECE41BBB264E5918BackButtonMaskView>\n                                                                                                                                    <_TtCC5UIKit29ButtonBarButtonVisualProviderP33_A98CD29F4F6ECA17AFECE41BBB264E596Button alpha=\"1.0\" class=\"_TtCC5UIKit29ButtonBarButtonVisualProviderP33_A98CD29F4F6ECA17AFECE41BBB264E596Button\" focused=\"false\" height=\"23\" label=\"Back\" ptr=\"0x11b7dc000\" visibility=\"visible\" width=\"44\" x=\"0\" y=\"10\">\n                                                                                                                                        <UIImageView alpha=\"1.0\" class=\"UIImageView\" focused=\"false\" height=\"23\" id=\"chevron.backward\" label=\"Back\" ptr=\"0x11b75aa00\" visibility=\"visible\" width=\"16\" x=\"13\" y=\"0\" \/>\n                                                                                                                                    <\/_TtCC5UIKit29ButtonBarButtonVisualProviderP33_A98CD29F4F6ECA17AFECE41BBB264E596Button>\n                                                                                                                                <\/_UIButtonBarButton>\n                                                                                                                            <\/_UINavigationBarPlatterItemView>\n                                                                                                                        <\/_UINavigationBarPlatterSubviewContainerView>\n                                                                                                                    <\/_UINavigationBarPlatterGlassView>\n                                                                                                                <\/_UINavigationBarPlatterContentView>\n                                                                                                            <\/_UINavigationBarPlatterAnimationView>\n                                                                                                        <\/_UINavigationBarPlatterAnimationView>\n                                                                                                    <\/_UINavigationBarPlatterAnimationView>\n                                                                                                <\/_UINavigationBarPlatterAnimationView>\n                                                                                            <\/_UINavigationBarPlatterView>\n                                                                                        <\/UIKit.NavigationBarPlatterContainer>\n                                                                                    <\/UIKit.NavigationBarTransitionContainer>\n                                                                                <\/UIKit.NavigationBarContentView>\n                                                                                <_UIPointerInteractionAssistantEffectContainerView alpha=\"1.0\" class=\"_UIPointerInteractionAssistantEffectContainerView\" focused=\"false\" height=\"0\" ptr=\"0x10bc93480\" visibility=\"visible\" width=\"0\" x=\"0\" y=\"0\" \/>\n                                                                            <\/UINavigationBar>\n                                                                            <_UIFloatingBarContainerView alpha=\"1.0\" class=\"_UIFloatingBarContainerView\" focused=\"false\" height=\"795\" ptr=\"0x10d36b000\" visibility=\"visible\" width=\"402\" x=\"0\" y=\"0\">\n                                                                                <_TtGC5UIKitP10$186ea25a022FloatingBarHostingViewVS_20FloatingBarContainer_ alpha=\"1.0\" class=\"_TtGC5UIKitP10$186ea25a022FloatingBarHostingViewVS_20FloatingBarContainer_\" focused=\"false\" height=\"795\" ptr=\"0x10d36b800\" visibility=\"visible\" width=\"402\" x=\"0\" y=\"0\" \/>\n                                                                                <_UIPointerInteractionAssistantEffectContainerView alpha=\"1.0\" class=\"_UIPointerInteractionAssistantEffectContainerView\" focused=\"false\" height=\"0\" ptr=\"0x10bc92f40\" visibility=\"visible\" width=\"0\" x=\"0\" y=\"0\" \/>\n                                                                            <\/_UIFloatingBarContainerView>\n                                                                        <\/UILayoutContainerView>\n                                                                    <\/RNSScreenStackView>\n                                                                <\/RCTView>\n                                                            <\/RCTView>\n                                                        <\/RCTView>\n                                                    <\/RNSScreenView>\n                                                <\/UIViewControllerWrapperView>\n                                            <\/UINavigationTransitionView>\n                                            <UINavigationBar alpha=\"1.0\" class=\"UINavigationBar\" focused=\"false\" height=\"54\" id=\"RNSScreen\" ptr=\"0x10bdc8600\" visibility=\"invisible\" width=\"402\" x=\"0\" y=\"-116\">\n                                                <_UIBarBackground alpha=\"1.0\" class=\"_UIBarBackground\" focused=\"false\" height=\"116\" ptr=\"0x10d055900\" visibility=\"visible\" width=\"402\" x=\"0\" y=\"-62\" \/>\n                                                <_UIPointerInteractionAssistantEffectContainerView alpha=\"1.0\" class=\"_UIPointerInteractionAssistantEffectContainerView\" focused=\"false\" height=\"0\" ptr=\"0x108bed6c0\" visibility=\"visible\" width=\"0\" x=\"0\" y=\"0\" \/>\n                                            <\/UINavigationBar>\n                                            <_UIFloatingBarContainerView alpha=\"1.0\" class=\"_UIFloatingBarContainerView\" focused=\"false\" height=\"795\" ptr=\"0x10be0a200\" visibility=\"visible\" width=\"402\" x=\"0\" y=\"0\">\n                                                <_TtGC5UIKitP10$186ea25a022FloatingBarHostingViewVS_20FloatingBarContainer_ alpha=\"1.0\" class=\"_TtGC5UIKitP10$186ea25a022FloatingBarHostingViewVS_20FloatingBarContainer_\" focused=\"false\" height=\"795\" ptr=\"0x10be0aa00\" visibility=\"visible\" width=\"402\" x=\"0\" y=\"0\" \/>\n                                                <_UIPointerInteractionAssistantEffectContainerView alpha=\"1.0\" class=\"_UIPointerInteractionAssistantEffectContainerView\" focused=\"false\" height=\"0\" ptr=\"0x108bdc380\" visibility=\"visible\" width=\"0\" x=\"0\" y=\"0\" \/>\n                                            <\/_UIFloatingBarContainerView>\n                                        <\/UILayoutContainerView>\n                                    <\/RNSScreenNavigationContainerView>\n                                    <RCTView alpha=\"1.0\" class=\"RCTView\" focused=\"false\" height=\"79\" label=\"Home, tab, 1 of 3 Demos, tab, 2 of 3 Settings, tab, 3 of 3\" ptr=\"0x10d1a6d80\" visibility=\"visible\" width=\"402\" x=\"0\" y=\"795\">\n                                        <RCTView alpha=\"1.0\" class=\"RCTView\" focused=\"false\" height=\"78\" ptr=\"0x1089d3b80\" visibility=\"visible\" width=\"402\" x=\"0\" y=\"0\" \/>\n                                        <RCTView alpha=\"1.0\" class=\"RCTView\" focused=\"false\" height=\"48\" label=\"Home, tab, 1 of 3 Demos, tab, 2 of 3 Settings, tab, 3 of 3\" ptr=\"0x10d1a6a00\" visibility=\"visible\" width=\"402\" x=\"0\" y=\"0\">\n                                            <RCTView alpha=\"1.0\" class=\"RCTView\" focused=\"false\" height=\"48\" id=\"tab-home\" label=\"Home, tab, 1 of 3\" ptr=\"0x10d1a4a80\" visibility=\"visible\" width=\"134\" x=\"0\" y=\"0\">\n                                                <RCTView alpha=\"1.0\" class=\"RCTView\" focused=\"false\" height=\"34\" label=\"H H\" ptr=\"0x10d1a4700\" visibility=\"visible\" width=\"0\" x=\"67\" y=\"0\">\n                                                    <RCTView alpha=\"0.0\" class=\"RCTView\" focused=\"false\" height=\"34\" label=\"H\" ptr=\"0x10d1a4000\" visibility=\"visible\" width=\"134\" x=\"-67\" y=\"0\">\n                                                        <RCTTextView alpha=\"1.0\" class=\"RCTTextView\" focused=\"false\" height=\"22\" label=\"H\" ptr=\"0x10be0ac00\" text=\"H\" visibility=\"visible\" width=\"13\" x=\"60\" y=\"6\" \/>\n                                                    <\/RCTView>\n                                                    <RCTView alpha=\"1.0\" class=\"RCTView\" focused=\"false\" height=\"34\" label=\"H\" ptr=\"0x10d1a4380\" visibility=\"visible\" width=\"134\" x=\"-67\" y=\"0\">\n                                                        <RCTTextView alpha=\"1.0\" class=\"RCTTextView\" focused=\"false\" height=\"22\" label=\"H\" ptr=\"0x10be0ae00\" text=\"H\" visibility=\"visible\" width=\"13\" x=\"60\" y=\"6\" \/>\n                                                    <\/RCTView>\n                                                <\/RCTView>\n                                                <RCTTextView alpha=\"1.0\" class=\"RCTTextView\" focused=\"false\" height=\"14\" label=\"Home\" ptr=\"0x10be0b000\" text=\"Home\" visibility=\"visible\" width=\"34\" x=\"50\" y=\"34\" \/>\n                                            <\/RCTView>\n                                            <RCTView alpha=\"1.0\" class=\"RCTView\" focused=\"false\" height=\"48\" id=\"tab-demos\" label=\"Demos, tab, 2 of 3\" ptr=\"0x10d1a5880\" visibility=\"visible\" width=\"134\" x=\"134\" y=\"0\">\n                                                <RCTView alpha=\"1.0\" class=\"RCTView\" focused=\"false\" height=\"34\" label=\"D D\" ptr=\"0x10d1a5500\" visibility=\"visible\" width=\"0\" x=\"67\" y=\"0\">\n                                                    <RCTView alpha=\"1.0\" class=\"RCTView\" focused=\"false\" height=\"34\" label=\"D\" ptr=\"0x10d1a4e00\" visibility=\"visible\" width=\"134\" x=\"-67\" y=\"0\">\n                                                        <RCTTextView alpha=\"1.0\" class=\"RCTTextView\" focused=\"false\" height=\"22\" label=\"D\" ptr=\"0x10be0b200\" text=\"D\" visibility=\"visible\" width=\"13\" x=\"60\" y=\"6\" \/>\n                                                    <\/RCTView>\n                                                    <RCTView alpha=\"0.0\" class=\"RCTView\" focused=\"false\" height=\"34\" label=\"D\" ptr=\"0x10d1a5180\" visibility=\"visible\" width=\"134\" x=\"-67\" y=\"0\">\n                                                        <RCTTextView alpha=\"1.0\" class=\"RCTTextView\" focused=\"false\" height=\"22\" label=\"D\" ptr=\"0x10be0b400\" text=\"D\" visibility=\"visible\" width=\"13\" x=\"60\" y=\"6\" \/>\n                                                    <\/RCTView>\n                                                <\/RCTView>\n                                                <RCTTextView alpha=\"1.0\" class=\"RCTTextView\" focused=\"false\" height=\"14\" label=\"Demos\" ptr=\"0x10be0b600\" text=\"Demos\" visibility=\"visible\" width=\"40\" x=\"47\" y=\"34\" \/>\n                                            <\/RCTView>\n                                            <RCTView alpha=\"1.0\" class=\"RCTView\" focused=\"false\" height=\"48\" id=\"tab-settings\" label=\"Settings, tab, 3 of 3\" ptr=\"0x10d1a6680\" visibility=\"visible\" width=\"134\" x=\"268\" y=\"0\">\n                                                <RCTView alpha=\"1.0\" class=\"RCTView\" focused=\"false\" height=\"34\" label=\"S S\" ptr=\"0x10d1a6300\" visibility=\"visible\" width=\"0\" x=\"67\" y=\"0\">\n                                                    <RCTView alpha=\"0.0\" class=\"RCTView\" focused=\"false\" height=\"34\" label=\"S\" ptr=\"0x10d1a5c00\" visibility=\"visible\" width=\"134\" x=\"-67\" y=\"0\">\n                                                        <RCTTextView alpha=\"1.0\" class=\"RCTTextView\" focused=\"false\" height=\"22\" label=\"S\" ptr=\"0x10be0b800\" text=\"S\" visibility=\"visible\" width=\"11\" x=\"61\" y=\"6\" \/>\n                                                    <\/RCTView>\n                                                    <RCTView alpha=\"1.0\" class=\"RCTView\" focused=\"false\" height=\"34\" label=\"S\" ptr=\"0x10d1a5f80\" visibility=\"visible\" width=\"134\" x=\"-67\" y=\"0\">\n                                                        <RCTTextView alpha=\"1.0\" class=\"RCTTextView\" focused=\"false\" height=\"22\" label=\"S\" ptr=\"0x10be0ba00\" text=\"S\" visibility=\"visible\" width=\"11\" x=\"61\" y=\"6\" \/>\n                                                    <\/RCTView>\n                                                <\/RCTView>\n                                                <RCTTextView alpha=\"1.0\" class=\"RCTTextView\" focused=\"false\" height=\"14\" label=\"Settings\" ptr=\"0x10be0bc00\" text=\"Settings\" visibility=\"visible\" width=\"47\" x=\"43\" y=\"34\" \/>\n                                            <\/RCTView>\n                                        <\/RCTView>\n                                    <\/RCTView>\n                                <\/RNCSafeAreaProvider>\n                            <\/RCTView>\n                        <\/RCTView>\n                    <\/RCTRootContentView>\n                <\/RCTRootView>\n            <\/UIDropShadowView>\n        <\/UITransitionView>\n    <\/UIWindow>\n<\/ViewHierarchy>","details":"No elements found for “MATCHER(id == “demos-btn-logs”)”","windows":["<UIWindow: 0x10899c800; frame = (0 0; 402 874);>","<DTXTouchVisualizerWindow: 0x1088fc500; frame = (0 0; 402 874);>"],"DetoxFailureInformation":{"lineNumber":50,"file":"\/Users\/builder\/uibuilder\/work\/detox\/ios\/Detox\/Invocation\/Element.swift","functionName":"views"}},"messageId":23,"type":"testFailed"}
23:23:51.392 detox[66808] i send
  data: {
    "params": {
      "NSLocalizedDescription": "No elements found for “MATCHER(id == “demos-btn-logs”)”",
      "visibilityFailingScreenshotsURL": "/Users/nonth/Library/Developer/CoreSimulator/Devices/B7E9BAD6-0C0D-41EE-BE0C-D49BF485382E/data/Containers/Data/Application/CC206481-6D7A-47E1-B8C0-C1FA132ACE12/tmp/visibilityFailingScreenshots",
      "visibilityFailingRectsURL": "/Users/nonth/Library/Developer/CoreSimulator/Devices/B7E9BAD6-0C0D-41EE-BE0C-D49BF485382E/data/Containers/Data/Application/CC206481-6D7A-47E1-B8C0-C1FA132ACE12/tmp/visibilityFailingRects",
      "viewHierarchy": "<?xml version=\"1.0\" encoding=\"utf-8\"?>\n<ViewHierarchy>\n    <UIWindow alpha=\"1.0\" class=\"UIWindow\" focused=\"false\" height=\"874\" ptr=\"0x10899c800\" visibility=\"visible\" width=\"402\">\n        <UITransitionView alpha=\"1.0\" class=\"UITransitionView\" focused=\"false\" height=\"874\" ptr=\"0x10be08000\" visibility=\"visible\" width=\"402\" x=\"0\" y=\"0\">\n            <UIDropShadowView alpha=\"1.0\" class=\"UIDropShadowView\" focused=\"false\" height=\"874\" ptr=\"0x10bd05b80\" visibility=\"visible\" width=\"402\" x=\"0\" y=\"0\">\n                <RCTRootView alpha=\"1.0\" class=\"RCTRootView\" focused=\"false\" height=\"874\" ptr=\"0x10bd05400\" visibility=\"visible\" width=\"402\" x=\"0\" y=\"0\">\n                    <RCTRootContentView alpha=\"1.0\" class=\"RCTRootContentView\" focused=\"false\" height=\"874\" label=\"Network Demos All requests are auto-instrumented by the SDK Fetch Data Fetch Error Fetch Multiple (3) XHR Request Log: Vertical scroll bar, 1 page Horizontal scroll bar, 1 page Network Home, tab, 1 of 3 Demos, tab, 2 of 3 Settings, tab, 3 of 3\" ptr=\"0x10899c400\" visibility=\"visible\" width=\"402\" x=\"0\" y=\"0\">\n                        <RCTView alpha=\"1.0\" class=\"RCTView\" focused=\"false\" height=\"874\" label=\"Network Demos All requests are auto-instrumented by the SDK Fetch Data Fetch Error Fetch Multiple (3) XHR Request Log: Vertical scroll bar, 1 page Horizontal scroll bar, 1 page Network Home, tab, 1 of 3 Demos, tab, 2 of 3 Settings, tab, 3 of 3\" ptr=\"0x10d1a7480\" visibility=\"visible\" width=\"402\" x=\"0\" y=\"0\">\n                            <RCTView alpha=\"1.0\" class=\"RCTView\" focused=\"false\" height=\"874\" label=\"Network Demos All requests are auto-instrumented by the SDK Fetch Data Fetch Error Fetch Multiple (3) XHR Request Log: Vertical scroll bar, 1 page Horizontal scroll bar, 1 page Network Home, tab, 1 of 3 Demos, tab, 2 of 3 Settings, tab, 3 of 3\" ptr=\"0x10d1a7100\" visibility=\"visible\" width=\"402\" x=\"0\" y=\"0\">\n                                <RNCSafeAreaProvider alpha=\"1.0\" class=\"RNCSafeAreaProvider\" focused=\"false\" height=\"874\" label=\"Network Demos All requests are auto-instrumented by the SDK Fetch Data Fetch Error Fetch Multiple (3) XHR Request Log: Vertical scroll bar, 1 page Horizontal scroll bar, 1 page Network Home, tab, 1 of 3 Demos, tab, 2 of 3 Settings, tab, 3 of 3\" ptr=\"0x10899d800\" visibility=\"visible\" width=\"402\" x=\"0\" y=\"0\">\n                                    <RNSScreenNavigationContainerView alpha=\"1.0\" class=\"RNSScreenNavigationContainerView\" focused=\"false\" height=\"795\" ptr=\"0x108bce140\" visibility=\"visible\" width=\"402\" x=\"0\" y=\"0\">\n                                        <UILayoutContainerView alpha=\"1.0\" class=\"UILayoutContainerView\" focused=\"false\" height=\"795\" ptr=\"0x108a17800\" visibility=\"visible\" width=\"402\" x=\"0\" y=\"0\">\n                                            <UINavigationTransitionView alpha=\"1.0\" class=\"UINavigationTransitionView\" focused=\"false\" height=\"795\" ptr=\"0x108a14a80\" visibility=\"visible\" width=\"402\" x=\"0\" y=\"0\">\n                                                <UIViewControllerWrapperView alpha=\"1.0\" class=\"UIViewControllerWrapperView\" focused=\"false\" height=\"795\" ptr=\"0x10bca6f40\" visibility=\"visible\" width=\"402\" x=\"0\" y=\"0\">\n                                                    <RNSScreenView alpha=\"1.0\" class=\"RNSScreenView\" focused=\"false\" height=\"795\" label=\"Network Demos All requests are auto-instrumented by the SDK Fetch Data Fetch Error Fetch Multiple (3) XHR Request Log: Vertical scroll bar, 1 page Horizontal scroll bar, 1 page Network\" ptr=\"0x1088fed00\" visibility=\"visible\" width=\"402\" x=\"0\" y=\"0\">\n                                                        <RCTView alpha=\"1.0\" class=\"RCTView\" focused=\"false\" height=\"795\" label=\"Network Demos All requests are auto-instrumented by the SDK Fetch Data Fetch Error Fetch Multiple (3) XHR Request Log: Vertical scroll bar, 1 page Horizontal scroll bar, 1 page Network\" ptr=\"0x10d29e300\" visibility=\"visible\" width=\"402\" x=\"0\" y=\"0\">\n                                                            <RCTView alpha=\"1.0\" class=\"RCTView\" focused=\"false\" height=\"795\" label=\"Network Demos All requests are auto-instrumented by the SDK Fetch Data Fetch Error Fetch Multiple (3) XHR Request Log: Vertical scroll bar, 1 page Horizontal scroll bar, 1 page Network\" ptr=\"0x10d29df80\" visibility=\"visible\" width=\"402\" x=\"0\" y=\"0\">\n                                                                <RCTView alpha=\"1.0\" class=\"RCTView\" focused=\"false\" height=\"795\" label=\"Network Demos All requests are auto-instrumented by the SDK Fetch Data Fetch Error Fetch Multiple (3) XHR Request Log: Vertical scroll bar, 1 page Horizontal scroll bar, 1 page Network\" ptr=\"0x10d29dc00\" visibility=\"visible\" width=\"402\" x=\"0\" y=\"0\">\n                                                                    <RNSScreenStackView alpha=\"1.0\" class=\"RNSScreenStackView\" focused=\"false\" height=\"795\" ptr=\"0x10d36a800\" visibility=\"visible\" width=\"402\" x=\"0\" y=\"0\">\n                                                                        <UILayoutContainerView alpha=\"1.0\" class=\"UILayoutContainerView\" focused=\"false\" height=\"795\" ptr=\"0x10bc91dc0\" visibility=\"visible\" width=\"402\" x=\"0\" y=\"0\">\n                                                                            <UINavigationTransitionView alpha=\"1.0\" class=\"UINavigationTransitionView\" focused=\"false\" height=\"795\" ptr=\"0x10bc92a00\" visibility=\"visible\" width=\"402\" x=\"0\" y=\"0\">\n                                                                                <UIViewControllerWrapperView alpha=\"1.0\" class=\"UIViewControllerWrapperView\" focused=\"false\" height=\"795\" ptr=\"0x10bc93b80\" visibility=\"visible\" width=\"402\" x=\"0\" y=\"0\">\n                                                                                    <RNSScreenView alpha=\"1.0\" class=\"RNSScreenView\" focused=\"false\" height=\"679\" label=\"Network Demos All requests are auto-instrumented by the SDK Fetch Data Fetch Error Fetch Multiple (3) XHR Request Log: Vertical scroll bar, 1 page Horizontal scroll bar, 1 page\" ptr=\"0x11b6fd900\" visibility=\"visible\" width=\"402\" x=\"0\" y=\"116\">\n                                                                                        <RCTView alpha=\"1.0\" class=\"RCTView\" focused=\"false\" height=\"679\" label=\"Network Demos All requests are auto-instrumented by the SDK Fetch Data Fetch Error Fetch Multiple (3) XHR Request Log: Vertical scroll bar, 1 page Horizontal scroll bar, 1 page\" ptr=\"0x11b6f7b80\" visibility=\"visible\" width=\"402\" x=\"0\" y=\"0\">\n                                                                                            <RCTView alpha=\"1.0\" class=\"RCTView\" focused=\"false\" height=\"679\" label=\"Network Demos All requests are auto-instrumented by the SDK Fetch Data Fetch Error Fetch Multiple (3) XHR Request Log: Vertical scroll bar, 1 page Horizontal scroll bar, 1 page\" ptr=\"0x11b6f7800\" visibility=\"visible\" width=\"402\" x=\"0\" y=\"0\">\n                                                                                                <RCTSafeAreaView alpha=\"1.0\" class=\"RCTSafeAreaView\" focused=\"false\" height=\"679\" label=\"Network Demos All requests are auto-instrumented by the SDK Fetch Data Fetch Error Fetch Multiple (3) XHR Request Log: Vertical scroll bar, 1 page Horizontal scroll bar, 1 page\" ptr=\"0x10899ec00\" visibility=\"visible\" width=\"402\" x=\"0\" y=\"0\">\n                                                                                                    <RCTScrollView alpha=\"1.0\" class=\"RCTScrollView\" focused=\"false\" height=\"679\" label=\"Network Demos All requests are auto-instrumented by the SDK Fetch Data Fetch Error Fetch Multiple (3) XHR Request Log: Vertical scroll bar, 1 page Horizontal scroll bar, 1 page\" ptr=\"0x11b6fd400\" visibility=\"visible\" width=\"402\" x=\"0\" y=\"0\">\n                                                                                                        <RCTCustomScrollView alpha=\"1.0\" class=\"RCTCustomScrollView\" focused=\"false\" height=\"679\" ptr=\"0x108b8ca00\" visibility=\"visible\" width=\"402\" x=\"0\" y=\"0\">\n                                                                                                            <RCTScrollContentView alpha=\"1.0\" class=\"RCTScrollContentView\" focused=\"false\" height=\"210\" label=\"Network Demos All requests are auto-instrumented by the SDK Fetch Data Fetch Error Fetch Multiple (3) XHR Request Log:\" ptr=\"0x11b6f7480\" visibility=\"visible\" width=\"370\" x=\"16\" y=\"16\">\n                                                                                                                <RCTTextView alpha=\"1.0\" class=\"RCTTextView\" focused=\"false\" height=\"26\" label=\"Network Demos\" ptr=\"0x11b758a00\" text=\"Network Demos\" visibility=\"visible\" width=\"370\" x=\"0\" y=\"0\" />\n                                                                                                                <RCTTextView alpha=\"1.0\" class=\"RCTTextView\" focused=\"false\" height=\"16\" label=\"All requests are auto-instrumented by the SDK\" ptr=\"0x11b758c00\" text=\"All requests are auto-instrumented by the SDK\" visibility=\"visible\" width=\"370\" x=\"0\" y=\"30\" />\n                                                                                                                <RCTView alpha=\"1.0\" class=\"RCTView\" focused=\"false\" height=\"71\" label=\"Fetch Data Fetch Error Fetch Multiple (3) XHR Request\" ptr=\"0x11b6f6d80\" visibility=\"visible\" width=\"370\" x=\"0\" y=\"62\">\n                                                                                                                    <RCTView alpha=\"1.0\" class=\"RCTView\" focused=\"false\" height=\"31\" id=\"network-btn-fetch\" label=\"Fetch Data\" ptr=\"0x11b6f5f80\" visibility=\"visible\" width=\"92\" x=\"0\" y=\"0\">\n                                                                                                                        <RCTTextView alpha=\"1.0\" class=\"RCTTextView\" focused=\"false\" height=\"16\" label=\"Fetch Data\" ptr=\"0x11b758e00\" text=\"Fetch Data\" visibility=\"visible\" width=\"68\" x=\"12\" y=\"8\" />\n                                                                                                                    </RCTView>\n                                                                                                                    <RCTView alpha=\"1.0\" class=\"RCTView\" focused=\"false\" height=\"31\" id=\"network-btn-fetch-error\" label=\"Fetch Error\" ptr=\"0x11b6f6300\" visibility=\"visible\" width=\"94\" x=\"100\" y=\"0\">\n                                                                                                                        <RCTTextView alpha=\"1.0\" class=\"RCTTextView\" focused=\"false\" height=\"16\" label=\"Fetch Error\" ptr=\"0x11b759000\" text=\"Fetch Error\" visibility=\"visible\" width=\"71\" x=\"12\" y=\"8\" />\n                                                                                                                    </RCTView>\n                                                                                                                    <RCTView alpha=\"1.0\" class=\"RCTView\" focused=\"false\" height=\"31\" id=\"network-btn-fetch-multiple\" label=\"Fetch Multiple (3)\" ptr=\"0x11b6f6680\" visibility=\"visible\" width=\"136\" x=\"203\" y=\"0\">\n                                                                                                                        <RCTTextView alpha=\"1.0\" class=\"RCTTextView\" focused=\"false\" height=\"16\" label=\"Fetch Multiple (3)\" ptr=\"0x11b759200\" text=\"Fetch Multiple (3)\" visibility=\"visible\" width=\"112\" x=\"12\" y=\"8\" />\n                                                                                                                    </RCTView>\n                                                                                                                    <RCTView alpha=\"1.0\" class=\"RCTView\" focused=\"false\" height=\"31\" id=\"network-btn-xhr\" label=\"XHR Request\" ptr=\"0x11b6f6a00\" visibility=\"visible\" width=\"107\" x=\"0\" y=\"39\">\n                                                                                                                        <RCTTextView alpha=\"1.0\" class=\"RCTTextView\" focused=\"false\" height=\"16\" label=\"XHR Request\" ptr=\"0x11b759400\" text=\"XHR Request\" visibility=\"visible\" width=\"83\" x=\"12\" y=\"8\" />\n                                                                                                                    </RCTView>\n                                                                                                                </RCTView>\n                                                                                                                <RCTView alpha=\"1.0\" class=\"RCTView\" focused=\"false\" height=\"45\" id=\"network-result\" label=\"Log:\" ptr=\"0x11b6f7100\" visibility=\"visible\" width=\"370\" x=\"0\" y=\"149\">\n                                                                                                                    <RCTTextView alpha=\"1.0\" class=\"RCTTextView\" focused=\"false\" height=\"17\" label=\"Log:\" ptr=\"0x11b759600\" text=\"Log:\" visibility=\"visible\" width=\"346\" x=\"12\" y=\"12\" />\n                                                                                                                </RCTView>\n                                                                                                            </RCTScrollContentView>\n                                                                                                            <_UIScrollViewScrollIndicator alpha=\"0.0\" class=\"_UIScrollViewScrollIndicator\" focused=\"false\" height=\"204\" label=\"Vertical scroll bar, 1 page\" ptr=\"0x11b759e00\" value=\"0%\" visibility=\"visible\" width=\"3\" x=\"396\" y=\"587\">\n                                                                                                                <UIView alpha=\"1.0\" class=\"UIView\" focused=\"false\" height=\"204\" ptr=\"0x10bcb3640\" visibility=\"visible\" width=\"3\" x=\"0\" y=\"0\" />\n                                                                                                            </_UIScrollViewScrollIndicator>\n                                                                                                            <_UIScrollViewScrollIndicator alpha=\"0.0\" class=\"_UIScrollViewScrollIndicator\" focused=\"false\" height=\"3\" label=\"Horizontal scroll bar, 1 page\" ptr=\"0x11b759c00\" value=\"0%\" visibility=\"visible\" width=\"364\" x=\"35\" y=\"673\">\n                                                                                                                <UIView alpha=\"1.0\" class=\"UIView\" focused=\"false\" height=\"3\" ptr=\"0x10bcb32c0\" visibility=\"visible\" width=\"364\" x=\"0\" y=\"0\" />\n                                                                                                            </_UIScrollViewScrollIndicator>\n                                                                                                        </RCTCustomScrollView>\n                                                                                                    </RCTScrollView>\n                                                                                                </RCTSafeAreaView>\n                                                                                            </RCTView>\n                                                                                        </RCTView>\n                                                                                    </RNSScreenView>\n                                                                                </UIViewControllerWrapperView>\n                                                                            </UINavigationTransitionView>\n                                                                            <UINavigationBar alpha=\"1.0\" class=\"UINavigationBar\" focused=\"false\" height=\"54\" id=\"Network\" ptr=\"0x10bdcaa00\" visibility=\"visible\" width=\"402\" x=\"0\" y=\"62\">\n                                                                                <_UIBarBackground alpha=\"1.0\" class=\"_UIBarBackground\" focused=\"false\" height=\"116\" ptr=\"0x11b63e800\" visibility=\"visible\" width=\"402\" x=\"0\" y=\"-62\">\n                                                                                    <UIImageView alpha=\"1.0\" class=\"UIImageView\" focused=\"false\" height=\"116\" ptr=\"0x10d36bc00\" visibility=\"visible\" width=\"402\" x=\"0\" y=\"0\" />\n                                                                                    <_UIBarBackgroundShadowView alpha=\"1.0\" class=\"_UIBarBackgroundShadowView\" focused=\"false\" height=\"0\" ptr=\"0x11b63f200\" visibility=\"visible\" width=\"402\" x=\"0\" y=\"116\">\n                                                                                        <_UIBarBackgroundShadowContentImageView alpha=\"1.0\" class=\"_UIBarBackgroundShadowContentImageView\" focused=\"false\" height=\"0\" ptr=\"0x11b63f480\" visibility=\"visible\" width=\"402\" x=\"0\" y=\"0\" />\n                                                                                    </_UIBarBackgroundShadowView>\n                                                                                </_UIBarBackground>\n                                                                                <UIKit.NavigationBarContentView alpha=\"1.0\" class=\"UIKit.NavigationBarContentView\" focused=\"false\" height=\"54\" ptr=\"0x108975800\" visibility=\"visible\" width=\"402\" x=\"0\" y=\"0\">\n                                                                                    <UIKit.NavigationBarTransitionContainer alpha=\"1.0\" class=\"UIKit.NavigationBarTransitionContainer\" focused=\"false\" height=\"54\" ptr=\"0x10d36ac00\" visibility=\"visible\" width=\"402\" x=\"0\" y=\"0\">\n                                                                                        <_UINavigationBarHostedViewContainer alpha=\"1.0\" class=\"_UINavigationBarHostedViewContainer\" focused=\"false\" height=\"54\" ptr=\"0x10bc92140\" visibility=\"visible\" width=\"402\" x=\"0\" y=\"0\">\n                                                                                            <_UINavigationBarHostedViewWrapper alpha=\"1.0\" class=\"_UINavigationBarHostedViewWrapper\" focused=\"false\" height=\"20\" ptr=\"0x11b75b200\" visibility=\"visible\" width=\"68\" x=\"167\" y=\"11\">\n                                                                                                <_UINavigationBarTitleControl alpha=\"1.0\" class=\"_UINavigationBarTitleControl\" focused=\"false\" height=\"20\" ptr=\"0x11b701200\" visibility=\"visible\" width=\"68\" x=\"0\" y=\"0\">\n                                                                                                    <_UIIntrinsicContentSizeInvalidationForwardingWrapperView alpha=\"1.0\" class=\"_UIIntrinsicContentSizeInvalidationForwardingWrapperView\" focused=\"false\" height=\"20\" ptr=\"0x10bcb8a80\" visibility=\"visible\" width=\"68\" x=\"0\" y=\"0\">\n                                                                                                        <UILabel alpha=\"1.0\" class=\"UILabel\" focused=\"false\" height=\"20\" label=\"Network\" ptr=\"0x11b7dc380\" text=\"Network\" visibility=\"visible\" width=\"67\" x=\"0\" y=\"0\" />\n                                                                                                    </_UIIntrinsicContentSizeInvalidationForwardingWrapperView>\n                                                                                                </_UINavigationBarTitleControl>\n                                                                                            </_UINavigationBarHostedViewWrapper>\n                                                                                        </_UINavigationBarHostedViewContainer>\n                                                                                        <UIView alpha=\"1.0\" class=\"UIView\" focused=\"false\" height=\"54\" ptr=\"0x10bc91f80\" visibility=\"visible\" width=\"402\" x=\"0\" y=\"0\" />\n                                                                                        <UIKit.NavigationBarPlatterContainer alpha=\"1.0\" class=\"UIKit.NavigationBarPlatterContainer\" focused=\"false\" height=\"54\" ptr=\"0x10bc92300\" visibility=\"visible\" width=\"402\" x=\"0\" y=\"0\">\n                                                                                            <_UINavigationBarPlatterView alpha=\"1.0\" class=\"_UINavigationBarPlatterView\" focused=\"false\" height=\"44\" ptr=\"0x11b701800\" visibility=\"visible\" width=\"44\" x=\"16\" y=\"0\">\n                                                                                                <_UINavigationBarPlatterAnimationView alpha=\"1.0\" class=\"_UINavigationBarPlatterAnimationView\" focused=\"false\" height=\"44\" ptr=\"0x10bcb9dc0\" visibility=\"visible\" width=\"44\" x=\"0\" y=\"0\">\n                                                                                                    <_UINavigationBarPlatterAnimationView alpha=\"1.0\" class=\"_UINavigationBarPlatterAnimationView\" focused=\"false\" height=\"44\" ptr=\"0x10bcba140\" visibility=\"visible\" width=\"44\" x=\"0\" y=\"0\">\n                                                                                                        <_UINavigationBarPlatterAnimationView alpha=\"1.0\" class=\"_UINavigationBarPlatterAnimationView\" focused=\"false\" height=\"48\" ptr=\"0x10bcba300\" visibility=\"visible\" width=\"48\" x=\"-2\" y=\"-2\">\n                                                                                                            <_UINavigationBarPlatterAnimationView alpha=\"1.0\" class=\"_UINavigationBarPlatterAnimationView\" focused=\"false\" height=\"40\" ptr=\"0x10bcba4c0\" visibility=\"visible\" width=\"40\" x=\"1\" y=\"1\">\n                                                                                                                <_UINavigationBarPlatterContentView alpha=\"1.0\" class=\"_UINavigationBarPlatterContentView\" focused=\"false\" height=\"44\" ptr=\"0x10bcba680\" visibility=\"visible\" width=\"44\" x=\"0\" y=\"0\">\n                                                                                                                    <_UINavigationBarPlatterGlassView alpha=\"1.0\" class=\"_UINavigationBarPlatterGlassView\" focused=\"false\" height=\"44\" ptr=\"0x10bcba840\" visibility=\"visible\" width=\"44\" x=\"0\" y=\"0\">\n                                                                                                                        <_UINavigationBarPlatterSubviewContainerView alpha=\"1.0\" class=\"_UINavigationBarPlatterSubviewContainerView\" focused=\"false\" height=\"44\" ptr=\"0x10bcbaa00\" visibility=\"visible\" width=\"44\" x=\"0\" y=\"0\">\n                                                                                                                            <_UINavigationBarPlatterItemView alpha=\"1.0\" class=\"_UINavigationBarPlatterItemView\" focused=\"false\" height=\"44\" ptr=\"0x11b7d2f80\" visibility=\"visible\" width=\"44\" x=\"0\" y=\"0\">\n                                                                                                                                <_UIButtonBarButton alpha=\"1.0\" class=\"_UIButtonBarButton\" focused=\"false\" height=\"44\" id=\"BackButton\" ptr=\"0x11b7d2800\" visibility=\"visible\" width=\"44\" x=\"0\" y=\"0\">\n                                                                                                                                    <_TtCC5UIKit29ButtonBarButtonVisualProviderP33_A98CD29F4F6ECA17AFECE41BBB264E5918BackButtonMaskView alpha=\"1.0\" class=\"_TtCC5UIKit29ButtonBarButtonVisualProviderP33_A98CD29F4F6ECA17AFECE41BBB264E5918BackButtonMaskView\" focused=\"false\" height=\"44\" ptr=\"0x10bcb8540\" visibility=\"invisible\" width=\"44\" x=\"0\" y=\"0\">\n                                                                                                                                        <UIImageView alpha=\"1.0\" class=\"UIImageView\" focused=\"false\" height=\"28\" id=\"UINavigationBarTitleTransitionBackIndicatorMaskSymbol\" ptr=\"0x11b75a800\" visibility=\"visible\" width=\"19\" x=\"0\" y=\"8\" />\n                                                                                                                                        <UIView alpha=\"1.0\" class=\"UIView\" focused=\"false\" height=\"44\" ptr=\"0x10bcb8700\" visibility=\"visible\" width=\"0\" x=\"44\" y=\"0\" />\n                                                                                                                                    </_TtCC5UIKit29ButtonBarButtonVisualProviderP33_A98CD29F4F6ECA17AFECE41BBB264E5918BackButtonMaskView>\n                                                                                                                                    <_TtCC5UIKit29ButtonBarButtonVisualProviderP33_A98CD29F4F6ECA17AFECE41BBB264E596Button alpha=\"1.0\" class=\"_TtCC5UIKit29ButtonBarButtonVisualProviderP33_A98CD29F4F6ECA17AFECE41BBB264E596Button\" focused=\"false\" height=\"23\" label=\"Back\" ptr=\"0x11b7dc000\" visibility=\"visible\" width=\"44\" x=\"0\" y=\"10\">\n                                                                                                                                        <UIImageView alpha=\"1.0\" class=\"UIImageView\" focused=\"false\" height=\"23\" id=\"chevron.backward\" label=\"Back\" ptr=\"0x11b75aa00\" visibility=\"visible\" width=\"16\" x=\"13\" y=\"0\" />\n                                                                                                                                    </_TtCC5UIKit29ButtonBarButtonVisualProviderP33_A98CD29F4F6ECA17AFECE41BBB264E596Button>\n                                                                                                                                </_UIButtonBarButton>\n                                                                                                                            </_UINavigationBarPlatterItemView>\n                                                                                                                        </_UINavigationBarPlatterSubviewContainerView>\n                                                                                                                    </_UINavigationBarPlatterGlassView>\n                                                                                                                </_UINavigationBarPlatterContentView>\n                                                                                                            </_UINavigationBarPlatterAnimationView>\n                                                                                                        </_UINavigationBarPlatterAnimationView>\n                                                                                                    </_UINavigationBarPlatterAnimationView>\n                                                                                                </_UINavigationBarPlatterAnimationView>\n                                                                                            </_UINavigationBarPlatterView>\n                                                                                        </UIKit.NavigationBarPlatterContainer>\n                                                                                    </UIKit.NavigationBarTransitionContainer>\n                                                                                </UIKit.NavigationBarContentView>\n                                                                                <_UIPointerInteractionAssistantEffectContainerView alpha=\"1.0\" class=\"_UIPointerInteractionAssistantEffectContainerView\" focused=\"false\" height=\"0\" ptr=\"0x10bc93480\" visibility=\"visible\" width=\"0\" x=\"0\" y=\"0\" />\n                                                                            </UINavigationBar>\n                                                                            <_UIFloatingBarContainerView alpha=\"1.0\" class=\"_UIFloatingBarContainerView\" focused=\"false\" height=\"795\" ptr=\"0x10d36b000\" visibility=\"visible\" width=\"402\" x=\"0\" y=\"0\">\n                                                                                <_TtGC5UIKitP10$186ea25a022FloatingBarHostingViewVS_20FloatingBarContainer_ alpha=\"1.0\" class=\"_TtGC5UIKitP10$186ea25a022FloatingBarHostingViewVS_20FloatingBarContainer_\" focused=\"false\" height=\"795\" ptr=\"0x10d36b800\" visibility=\"visible\" width=\"402\" x=\"0\" y=\"0\" />\n                                                                                <_UIPointerInteractionAssistantEffectContainerView alpha=\"1.0\" class=\"_UIPointerInteractionAssistantEffectContainerView\" focused=\"false\" height=\"0\" ptr=\"0x10bc92f40\" visibility=\"visible\" width=\"0\" x=\"0\" y=\"0\" />\n                                                                            </_UIFloatingBarContainerView>\n                                                                        </UILayoutContainerView>\n                                                                    </RNSScreenStackView>\n                                                                </RCTView>\n                                                            </RCTView>\n                                                        </RCTView>\n                                                    </RNSScreenView>\n                                                </UIViewControllerWrapperView>\n                                            </UINavigationTransitionView>\n                                            <UINavigationBar alpha=\"1.0\" class=\"UINavigationBar\" focused=\"false\" height=\"54\" id=\"RNSScreen\" ptr=\"0x10bdc8600\" visibility=\"invisible\" width=\"402\" x=\"0\" y=\"-116\">\n                                                <_UIBarBackground alpha=\"1.0\" class=\"_UIBarBackground\" focused=\"false\" height=\"116\" ptr=\"0x10d055900\" visibility=\"visible\" width=\"402\" x=\"0\" y=\"-62\" />\n                                                <_UIPointerInteractionAssistantEffectContainerView alpha=\"1.0\" class=\"_UIPointerInteractionAssistantEffectContainerView\" focused=\"false\" height=\"0\" ptr=\"0x108bed6c0\" visibility=\"visible\" width=\"0\" x=\"0\" y=\"0\" />\n                                            </UINavigationBar>\n                                            <_UIFloatingBarContainerView alpha=\"1.0\" class=\"_UIFloatingBarContainerView\" focused=\"false\" height=\"795\" ptr=\"0x10be0a200\" visibility=\"visible\" width=\"402\" x=\"0\" y=\"0\">\n                                                <_TtGC5UIKitP10$186ea25a022FloatingBarHostingViewVS_20FloatingBarContainer_ alpha=\"1.0\" class=\"_TtGC5UIKitP10$186ea25a022FloatingBarHostingViewVS_20FloatingBarContainer_\" focused=\"false\" height=\"795\" ptr=\"0x10be0aa00\" visibility=\"visible\" width=\"402\" x=\"0\" y=\"0\" />\n                                                <_UIPointerInteractionAssistantEffectContainerView alpha=\"1.0\" class=\"_UIPointerInteractionAssistantEffectContainerView\" focused=\"false\" height=\"0\" ptr=\"0x108bdc380\" visibility=\"visible\" width=\"0\" x=\"0\" y=\"0\" />\n                                            </_UIFloatingBarContainerView>\n                                        </UILayoutContainerView>\n                                    </RNSScreenNavigationContainerView>\n                                    <RCTView alpha=\"1.0\" class=\"RCTView\" focused=\"false\" height=\"79\" label=\"Home, tab, 1 of 3 Demos, tab, 2 of 3 Settings, tab, 3 of 3\" ptr=\"0x10d1a6d80\" visibility=\"visible\" width=\"402\" x=\"0\" y=\"795\">\n                                        <RCTView alpha=\"1.0\" class=\"RCTView\" focused=\"false\" height=\"78\" ptr=\"0x1089d3b80\" visibility=\"visible\" width=\"402\" x=\"0\" y=\"0\" />\n                                        <RCTView alpha=\"1.0\" class=\"RCTView\" focused=\"false\" height=\"48\" label=\"Home, tab, 1 of 3 Demos, tab, 2 of 3 Settings, tab, 3 of 3\" ptr=\"0x10d1a6a00\" visibility=\"visible\" width=\"402\" x=\"0\" y=\"0\">\n                                            <RCTView alpha=\"1.0\" class=\"RCTView\" focused=\"false\" height=\"48\" id=\"tab-home\" label=\"Home, tab, 1 of 3\" ptr=\"0x10d1a4a80\" visibility=\"visible\" width=\"134\" x=\"0\" y=\"0\">\n                                                <RCTView alpha=\"1.0\" class=\"RCTView\" focused=\"false\" height=\"34\" label=\"H H\" ptr=\"0x10d1a4700\" visibility=\"visible\" width=\"0\" x=\"67\" y=\"0\">\n                                                    <RCTView alpha=\"0.0\" class=\"RCTView\" focused=\"false\" height=\"34\" label=\"H\" ptr=\"0x10d1a4000\" visibility=\"visible\" width=\"134\" x=\"-67\" y=\"0\">\n                                                        <RCTTextView alpha=\"1.0\" class=\"RCTTextView\" focused=\"false\" height=\"22\" label=\"H\" ptr=\"0x10be0ac00\" text=\"H\" visibility=\"visible\" width=\"13\" x=\"60\" y=\"6\" />\n                                                    </RCTView>\n                                                    <RCTView alpha=\"1.0\" class=\"RCTView\" focused=\"false\" height=\"34\" label=\"H\" ptr=\"0x10d1a4380\" visibility=\"visible\" width=\"134\" x=\"-67\" y=\"0\">\n                                                        <RCTTextView alpha=\"1.0\" class=\"RCTTextView\" focused=\"false\" height=\"22\" label=\"H\" ptr=\"0x10be0ae00\" text=\"H\" visibility=\"visible\" width=\"13\" x=\"60\" y=\"6\" />\n                                                    </RCTView>\n                                                </RCTView>\n                                                <RCTTextView alpha=\"1.0\" class=\"RCTTextView\" focused=\"false\" height=\"14\" label=\"Home\" ptr=\"0x10be0b000\" text=\"Home\" visibility=\"visible\" width=\"34\" x=\"50\" y=\"34\" />\n                                            </RCTView>\n                                            <RCTView alpha=\"1.0\" class=\"RCTView\" focused=\"false\" height=\"48\" id=\"tab-demos\" label=\"Demos, tab, 2 of 3\" ptr=\"0x10d1a5880\" visibility=\"visible\" width=\"134\" x=\"134\" y=\"0\">\n                                                <RCTView alpha=\"1.0\" class=\"RCTView\" focused=\"false\" height=\"34\" label=\"D D\" ptr=\"0x10d1a5500\" visibility=\"visible\" width=\"0\" x=\"67\" y=\"0\">\n                                                    <RCTView alpha=\"1.0\" class=\"RCTView\" focused=\"false\" height=\"34\" label=\"D\" ptr=\"0x10d1a4e00\" visibility=\"visible\" width=\"134\" x=\"-67\" y=\"0\">\n                                                        <RCTTextView alpha=\"1.0\" class=\"RCTTextView\" focused=\"false\" height=\"22\" label=\"D\" ptr=\"0x10be0b200\" text=\"D\" visibility=\"visible\" width=\"13\" x=\"60\" y=\"6\" />\n                                                    </RCTView>\n                                                    <RCTView alpha=\"0.0\" class=\"RCTView\" focused=\"false\" height=\"34\" label=\"D\" ptr=\"0x10d1a5180\" visibility=\"visible\" width=\"134\" x=\"-67\" y=\"0\">\n                                                        <RCTTextView alpha=\"1.0\" class=\"RCTTextView\" focused=\"false\" height=\"22\" label=\"D\" ptr=\"0x10be0b400\" text=\"D\" visibility=\"visible\" width=\"13\" x=\"60\" y=\"6\" />\n                                                    </RCTView>\n                                                </RCTView>\n                                                <RCTTextView alpha=\"1.0\" class=\"RCTTextView\" focused=\"false\" height=\"14\" label=\"Demos\" ptr=\"0x10be0b600\" text=\"Demos\" visibility=\"visible\" width=\"40\" x=\"47\" y=\"34\" />\n                                            </RCTView>\n                                            <RCTView alpha=\"1.0\" class=\"RCTView\" focused=\"false\" height=\"48\" id=\"tab-settings\" label=\"Settings, tab, 3 of 3\" ptr=\"0x10d1a6680\" visibility=\"visible\" width=\"134\" x=\"268\" y=\"0\">\n                                                <RCTView alpha=\"1.0\" class=\"RCTView\" focused=\"false\" height=\"34\" label=\"S S\" ptr=\"0x10d1a6300\" visibility=\"visible\" width=\"0\" x=\"67\" y=\"0\">\n                                                    <RCTView alpha=\"0.0\" class=\"RCTView\" focused=\"false\" height=\"34\" label=\"S\" ptr=\"0x10d1a5c00\" visibility=\"visible\" width=\"134\" x=\"-67\" y=\"0\">\n                                                        <RCTTextView alpha=\"1.0\" class=\"RCTTextView\" focused=\"false\" height=\"22\" label=\"S\" ptr=\"0x10be0b800\" text=\"S\" visibility=\"visible\" width=\"11\" x=\"61\" y=\"6\" />\n                                                    </RCTView>\n                                                    <RCTView alpha=\"1.0\" class=\"RCTView\" focused=\"false\" height=\"34\" label=\"S\" ptr=\"0x10d1a5f80\" visibility=\"visible\" width=\"134\" x=\"-67\" y=\"0\">\n                                                        <RCTTextView alpha=\"1.0\" class=\"RCTTextView\" focused=\"false\" height=\"22\" label=\"S\" ptr=\"0x10be0ba00\" text=\"S\" visibility=\"visible\" width=\"11\" x=\"61\" y=\"6\" />\n                                                    </RCTView>\n                                                </RCTView>\n                                                <RCTTextView alpha=\"1.0\" class=\"RCTTextView\" focused=\"false\" height=\"14\" label=\"Settings\" ptr=\"0x10be0bc00\" text=\"Settings\" visibility=\"visible\" width=\"47\" x=\"43\" y=\"34\" />\n                                            </RCTView>\n                                        </RCTView>\n                                    </RCTView>\n                                </RNCSafeAreaProvider>\n                            </RCTView>\n                        </RCTView>\n                    </RCTRootContentView>\n                </RCTRootView>\n            </UIDropShadowView>\n        </UITransitionView>\n    </UIWindow>\n</ViewHierarchy>",
      "details": "No elements found for “MATCHER(id == “demos-btn-logs”)”",
      "windows": [
        "<UIWindow: 0x10899c800; frame = (0 0; 402 874);>",
        "<DTXTouchVisualizerWindow: 0x1088fc500; frame = (0 0; 402 874);>"
      ],
      "DetoxFailureInformation": {
        "lineNumber": 50,
        "file": "/Users/builder/uibuilder/work/detox/ios/Detox/Invocation/Element.swift",
        "functionName": "views"
      }
    },
    "messageId": 23,
    "type": "testFailed"
  }
23:23:51.393 detox[66809] i get message
  data: {"params":{"NSLocalizedDescription":"No elements found for “MATCHER(id == “demos-btn-logs”)”","visibilityFailingScreenshotsURL":"/Users/nonth/Library/Developer/CoreSimulator/Devices/B7E9BAD6-0C0D-41EE-BE0C-D49BF485382E/data/Containers/Data/Application/CC206481-6D7A-47E1-B8C0-C1FA132ACE12/tmp/visibilityFailingScreenshots","visibilityFailingRectsURL":"/Users/nonth/Library/Developer/CoreSimulator/Devices/B7E9BAD6-0C0D-41EE-BE0C-D49BF485382E/data/Containers/Data/Application/CC206481-6D7A-47E1-B8C0-C1FA132ACE12/tmp/visibilityFailingRects","viewHierarchy":"<?xml version=\"1.0\" encoding=\"utf-8\"?>\n<ViewHierarchy>\n    <UIWindow alpha=\"1.0\" class=\"UIWindow\" focused=\"false\" height=\"874\" ptr=\"0x10899c800\" visibility=\"visible\" width=\"402\">\n        <UITransitionView alpha=\"1.0\" class=\"UITransitionView\" focused=\"false\" height=\"874\" ptr=\"0x10be08000\" visibility=\"visible\" width=\"402\" x=\"0\" y=\"0\">\n            <UIDropShadowView alpha=\"1.0\" class=\"UIDropShadowView\" focused=\"false\" height=\"874\" ptr=\"0x10bd05b80\" visibility=\"visible\" width=\"402\" x=\"0\" y=\"0\">\n                <RCTRootView alpha=\"1.0\" class=\"RCTRootView\" focused=\"false\" height=\"874\" ptr=\"0x10bd05400\" visibility=\"visible\" width=\"402\" x=\"0\" y=\"0\">\n                    <RCTRootContentView alpha=\"1.0\" class=\"RCTRootContentView\" focused=\"false\" height=\"874\" label=\"Network Demos All requests are auto-instrumented by the SDK Fetch Data Fetch Error Fetch Multiple (3) XHR Request Log: Vertical scroll bar, 1 page Horizontal scroll bar, 1 page Network Home, tab, 1 of 3 Demos, tab, 2 of 3 Settings, tab, 3 of 3\" ptr=\"0x10899c400\" visibility=\"visible\" width=\"402\" x=\"0\" y=\"0\">\n                        <RCTView alpha=\"1.0\" class=\"RCTView\" focused=\"false\" height=\"874\" label=\"Network Demos All requests are auto-instrumented by the SDK Fetch Data Fetch Error Fetch Multiple (3) XHR Request Log: Vertical scroll bar, 1 page Horizontal scroll bar, 1 page Network Home, tab, 1 of 3 Demos, tab, 2 of 3 Settings, tab, 3 of 3\" ptr=\"0x10d1a7480\" visibility=\"visible\" width=\"402\" x=\"0\" y=\"0\">\n                            <RCTView alpha=\"1.0\" class=\"RCTView\" focused=\"false\" height=\"874\" label=\"Network Demos All requests are auto-instrumented by the SDK Fetch Data Fetch Error Fetch Multiple (3) XHR Request Log: Vertical scroll bar, 1 page Horizontal scroll bar, 1 page Network Home, tab, 1 of 3 Demos, tab, 2 of 3 Settings, tab, 3 of 3\" ptr=\"0x10d1a7100\" visibility=\"visible\" width=\"402\" x=\"0\" y=\"0\">\n                                <RNCSafeAreaProvider alpha=\"1.0\" class=\"RNCSafeAreaProvider\" focused=\"false\" height=\"874\" label=\"Network Demos All requests are auto-instrumented by the SDK Fetch Data Fetch Error Fetch Multiple (3) XHR Request Log: Vertical scroll bar, 1 page Horizontal scroll bar, 1 page Network Home, tab, 1 of 3 Demos, tab, 2 of 3 Settings, tab, 3 of 3\" ptr=\"0x10899d800\" visibility=\"visible\" width=\"402\" x=\"0\" y=\"0\">\n                                    <RNSScreenNavigationContainerView alpha=\"1.0\" class=\"RNSScreenNavigationContainerView\" focused=\"false\" height=\"795\" ptr=\"0x108bce140\" visibility=\"visible\" width=\"402\" x=\"0\" y=\"0\">\n                                        <UILayoutContainerView alpha=\"1.0\" class=\"UILayoutContainerView\" focused=\"false\" height=\"795\" ptr=\"0x108a17800\" visibility=\"visible\" width=\"402\" x=\"0\" y=\"0\">\n                                            <UINavigationTransitionView alpha=\"1.0\" class=\"UINavigationTransitionView\" focused=\"false\" height=\"795\" ptr=\"0x108a14a80\" visibility=\"visible\" width=\"402\" x=\"0\" y=\"0\">\n                                                <UIViewControllerWrapperView alpha=\"1.0\" class=\"UIViewControllerWrapperView\" focused=\"false\" height=\"795\" ptr=\"0x10bca6f40\" visibility=\"visible\" width=\"402\" x=\"0\" y=\"0\">\n                                                    <RNSScreenView alpha=\"1.0\" class=\"RNSScreenView\" focused=\"false\" height=\"795\" label=\"Network Demos All requests are auto-instrumented by the SDK Fetch Data Fetch Error Fetch Multiple (3) XHR Request Log: Vertical scroll bar, 1 page Horizontal scroll bar, 1 page Network\" ptr=\"0x1088fed00\" visibility=\"visible\" width=\"402\" x=\"0\" y=\"0\">\n                                                        <RCTView alpha=\"1.0\" class=\"RCTView\" focused=\"false\" height=\"795\" label=\"Network Demos All requests are auto-instrumented by the SDK Fetch Data Fetch Error Fetch Multiple (3) XHR Request Log: Vertical scroll bar, 1 page Horizontal scroll bar, 1 page Network\" ptr=\"0x10d29e300\" visibility=\"visible\" width=\"402\" x=\"0\" y=\"0\">\n                                                            <RCTView alpha=\"1.0\" class=\"RCTView\" focused=\"false\" height=\"795\" label=\"Network Demos All requests are auto-instrumented by the SDK Fetch Data Fetch Error Fetch Multiple (3) XHR Request Log: Vertical scroll bar, 1 page Horizontal scroll bar, 1 page Network\" ptr=\"0x10d29df80\" visibility=\"visible\" width=\"402\" x=\"0\" y=\"0\">\n                                                                <RCTView alpha=\"1.0\" class=\"RCTView\" focused=\"false\" height=\"795\" label=\"Network Demos All requests are auto-instrumented by the SDK Fetch Data Fetch Error Fetch Multiple (3) XHR Request Log: Vertical scroll bar, 1 page Horizontal scroll bar, 1 page Network\" ptr=\"0x10d29dc00\" visibility=\"visible\" width=\"402\" x=\"0\" y=\"0\">\n                                                                    <RNSScreenStackView alpha=\"1.0\" class=\"RNSScreenStackView\" focused=\"false\" height=\"795\" ptr=\"0x10d36a800\" visibility=\"visible\" width=\"402\" x=\"0\" y=\"0\">\n                                                                        <UILayoutContainerView alpha=\"1.0\" class=\"UILayoutContainerView\" focused=\"false\" height=\"795\" ptr=\"0x10bc91dc0\" visibility=\"visible\" width=\"402\" x=\"0\" y=\"0\">\n                                                                            <UINavigationTransitionView alpha=\"1.0\" class=\"UINavigationTransitionView\" focused=\"false\" height=\"795\" ptr=\"0x10bc92a00\" visibility=\"visible\" width=\"402\" x=\"0\" y=\"0\">\n                                                                                <UIViewControllerWrapperView alpha=\"1.0\" class=\"UIViewControllerWrapperView\" focused=\"false\" height=\"795\" ptr=\"0x10bc93b80\" visibility=\"visible\" width=\"402\" x=\"0\" y=\"0\">\n                                                                                    <RNSScreenView alpha=\"1.0\" class=\"RNSScreenView\" focused=\"false\" height=\"679\" label=\"Network Demos All requests are auto-instrumented by the SDK Fetch Data Fetch Error Fetch Multiple (3) XHR Request Log: Vertical scroll bar, 1 page Horizontal scroll bar, 1 page\" ptr=\"0x11b6fd900\" visibility=\"visible\" width=\"402\" x=\"0\" y=\"116\">\n                                                                                        <RCTView alpha=\"1.0\" class=\"RCTView\" focused=\"false\" height=\"679\" label=\"Network Demos All requests are auto-instrumented by the SDK Fetch Data Fetch Error Fetch Multiple (3) XHR Request Log: Vertical scroll bar, 1 page Horizontal scroll bar, 1 page\" ptr=\"0x11b6f7b80\" visibility=\"visible\" width=\"402\" x=\"0\" y=\"0\">\n                                                                                            <RCTView alpha=\"1.0\" class=\"RCTView\" focused=\"false\" height=\"679\" label=\"Network Demos All requests are auto-instrumented by the SDK Fetch Data Fetch Error Fetch Multiple (3) XHR Request Log: Vertical scroll bar, 1 page Horizontal scroll bar, 1 page\" ptr=\"0x11b6f7800\" visibility=\"visible\" width=\"402\" x=\"0\" y=\"0\">\n                                                                                                <RCTSafeAreaView alpha=\"1.0\" class=\"RCTSafeAreaView\" focused=\"false\" height=\"679\" label=\"Network Demos All requests are auto-instrumented by the SDK Fetch Data Fetch Error Fetch Multiple (3) XHR Request Log: Vertical scroll bar, 1 page Horizontal scroll bar, 1 page\" ptr=\"0x10899ec00\" visibility=\"visible\" width=\"402\" x=\"0\" y=\"0\">\n                                                                                                    <RCTScrollView alpha=\"1.0\" class=\"RCTScrollView\" focused=\"false\" height=\"679\" label=\"Network Demos All requests are auto-instrumented by the SDK Fetch Data Fetch Error Fetch Multiple (3) XHR Request Log: Vertical scroll bar, 1 page Horizontal scroll bar, 1 page\" ptr=\"0x11b6fd400\" visibility=\"visible\" width=\"402\" x=\"0\" y=\"0\">\n                                                                                                        <RCTCustomScrollView alpha=\"1.0\" class=\"RCTCustomScrollView\" focused=\"false\" height=\"679\" ptr=\"0x108b8ca00\" visibility=\"visible\" width=\"402\" x=\"0\" y=\"0\">\n                                                                                                            <RCTScrollContentView alpha=\"1.0\" class=\"RCTScrollContentView\" focused=\"false\" height=\"210\" label=\"Network Demos All requests are auto-instrumented by the SDK Fetch Data Fetch Error Fetch Multiple (3) XHR Request Log:\" ptr=\"0x11b6f7480\" visibility=\"visible\" width=\"370\" x=\"16\" y=\"16\">\n                                                                                                                <RCTTextView alpha=\"1.0\" class=\"RCTTextView\" focused=\"false\" height=\"26\" label=\"Network Demos\" ptr=\"0x11b758a00\" text=\"Network Demos\" visibility=\"visible\" width=\"370\" x=\"0\" y=\"0\" />\n                                                                                                                <RCTTextView alpha=\"1.0\" class=\"RCTTextView\" focused=\"false\" height=\"16\" label=\"All requests are auto-instrumented by the SDK\" ptr=\"0x11b758c00\" text=\"All requests are auto-instrumented by the SDK\" visibility=\"visible\" width=\"370\" x=\"0\" y=\"30\" />\n                                                                                                                <RCTView alpha=\"1.0\" class=\"RCTView\" focused=\"false\" height=\"71\" label=\"Fetch Data Fetch Error Fetch Multiple (3) XHR Request\" ptr=\"0x11b6f6d80\" visibility=\"visible\" width=\"370\" x=\"0\" y=\"62\">\n                                                                                                                    <RCTView alpha=\"1.0\" class=\"RCTView\" focused=\"false\" height=\"31\" id=\"network-btn-fetch\" label=\"Fetch Data\" ptr=\"0x11b6f5f80\" visibility=\"visible\" width=\"92\" x=\"0\" y=\"0\">\n                                                                                                                        <RCTTextView alpha=\"1.0\" class=\"RCTTextView\" focused=\"false\" height=\"16\" label=\"Fetch Data\" ptr=\"0x11b758e00\" text=\"Fetch Data\" visibility=\"visible\" width=\"68\" x=\"12\" y=\"8\" />\n                                                                                                                    </RCTView>\n                                                                                                                    <RCTView alpha=\"1.0\" class=\"RCTView\" focused=\"false\" height=\"31\" id=\"network-btn-fetch-error\" label=\"Fetch Error\" ptr=\"0x11b6f6300\" visibility=\"visible\" width=\"94\" x=\"100\" y=\"0\">\n                                                                                                                        <RCTTextView alpha=\"1.0\" class=\"RCTTextView\" focused=\"false\" height=\"16\" label=\"Fetch Error\" ptr=\"0x11b759000\" text=\"Fetch Error\" visibility=\"visible\" width=\"71\" x=\"12\" y=\"8\" />\n                                                                                                                    </RCTView>\n                                                                                                                    <RCTView alpha=\"1.0\" class=\"RCTView\" focused=\"false\" height=\"31\" id=\"network-btn-fetch-multiple\" label=\"Fetch Multiple (3)\" ptr=\"0x11b6f6680\" visibility=\"visible\" width=\"136\" x=\"203\" y=\"0\">\n                                                                                                                        <RCTTextView alpha=\"1.0\" class=\"RCTTextView\" focused=\"false\" height=\"16\" label=\"Fetch Multiple (3)\" ptr=\"0x11b759200\" text=\"Fetch Multiple (3)\" visibility=\"visible\" width=\"112\" x=\"12\" y=\"8\" />\n                                                                                                                    </RCTView>\n                                                                                                                    <RCTView alpha=\"1.0\" class=\"RCTView\" focused=\"false\" height=\"31\" id=\"network-btn-xhr\" label=\"XHR Request\" ptr=\"0x11b6f6a00\" visibility=\"visible\" width=\"107\" x=\"0\" y=\"39\">\n                                                                                                                        <RCTTextView alpha=\"1.0\" class=\"RCTTextView\" focused=\"false\" height=\"16\" label=\"XHR Request\" ptr=\"0x11b759400\" text=\"XHR Request\" visibility=\"visible\" width=\"83\" x=\"12\" y=\"8\" />\n                                                                                                                    </RCTView>\n                                                                                                                </RCTView>\n                                                                                                                <RCTView alpha=\"1.0\" class=\"RCTView\" focused=\"false\" height=\"45\" id=\"network-result\" label=\"Log:\" ptr=\"0x11b6f7100\" visibility=\"visible\" width=\"370\" x=\"0\" y=\"149\">\n                                                                                                                    <RCTTextView alpha=\"1.0\" class=\"RCTTextView\" focused=\"false\" height=\"17\" label=\"Log:\" ptr=\"0x11b759600\" text=\"Log:\" visibility=\"visible\" width=\"346\" x=\"12\" y=\"12\" />\n                                                                                                                </RCTView>\n                                                                                                            </RCTScrollContentView>\n                                                                                                            <_UIScrollViewScrollIndicator alpha=\"0.0\" class=\"_UIScrollViewScrollIndicator\" focused=\"false\" height=\"204\" label=\"Vertical scroll bar, 1 page\" ptr=\"0x11b759e00\" value=\"0%\" visibility=\"visible\" width=\"3\" x=\"396\" y=\"587\">\n                                                                                                                <UIView alpha=\"1.0\" class=\"UIView\" focused=\"false\" height=\"204\" ptr=\"0x10bcb3640\" visibility=\"visible\" width=\"3\" x=\"0\" y=\"0\" />\n                                                                                                            </_UIScrollViewScrollIndicator>\n                                                                                                            <_UIScrollViewScrollIndicator alpha=\"0.0\" class=\"_UIScrollViewScrollIndicator\" focused=\"false\" height=\"3\" label=\"Horizontal scroll bar, 1 page\" ptr=\"0x11b759c00\" value=\"0%\" visibility=\"visible\" width=\"364\" x=\"35\" y=\"673\">\n                                                                                                                <UIView alpha=\"1.0\" class=\"UIView\" focused=\"false\" height=\"3\" ptr=\"0x10bcb32c0\" visibility=\"visible\" width=\"364\" x=\"0\" y=\"0\" />\n                                                                                                            </_UIScrollViewScrollIndicator>\n                                                                                                        </RCTCustomScrollView>\n                                                                                                    </RCTScrollView>\n                                                                                                </RCTSafeAreaView>\n                                                                                            </RCTView>\n                                                                                        </RCTView>\n                                                                                    </RNSScreenView>\n                                                                                </UIViewControllerWrapperView>\n                                                                            </UINavigationTransitionView>\n                                                                            <UINavigationBar alpha=\"1.0\" class=\"UINavigationBar\" focused=\"false\" height=\"54\" id=\"Network\" ptr=\"0x10bdcaa00\" visibility=\"visible\" width=\"402\" x=\"0\" y=\"62\">\n                                                                                <_UIBarBackground alpha=\"1.0\" class=\"_UIBarBackground\" focused=\"false\" height=\"116\" ptr=\"0x11b63e800\" visibility=\"visible\" width=\"402\" x=\"0\" y=\"-62\">\n                                                                                    <UIImageView alpha=\"1.0\" class=\"UIImageView\" focused=\"false\" height=\"116\" ptr=\"0x10d36bc00\" visibility=\"visible\" width=\"402\" x=\"0\" y=\"0\" />\n                                                                                    <_UIBarBackgroundShadowView alpha=\"1.0\" class=\"_UIBarBackgroundShadowView\" focused=\"false\" height=\"0\" ptr=\"0x11b63f200\" visibility=\"visible\" width=\"402\" x=\"0\" y=\"116\">\n                                                                                        <_UIBarBackgroundShadowContentImageView alpha=\"1.0\" class=\"_UIBarBackgroundShadowContentImageView\" focused=\"false\" height=\"0\" ptr=\"0x11b63f480\" visibility=\"visible\" width=\"402\" x=\"0\" y=\"0\" />\n                                                                                    </_UIBarBackgroundShadowView>\n                                                                                </_UIBarBackground>\n                                                                                <UIKit.NavigationBarContentView alpha=\"1.0\" class=\"UIKit.NavigationBarContentView\" focused=\"false\" height=\"54\" ptr=\"0x108975800\" visibility=\"visible\" width=\"402\" x=\"0\" y=\"0\">\n                                                                                    <UIKit.NavigationBarTransitionContainer alpha=\"1.0\" class=\"UIKit.NavigationBarTransitionContainer\" focused=\"false\" height=\"54\" ptr=\"0x10d36ac00\" visibility=\"visible\" width=\"402\" x=\"0\" y=\"0\">\n                                                                                        <_UINavigationBarHostedViewContainer alpha=\"1.0\" class=\"_UINavigationBarHostedViewContainer\" focused=\"false\" height=\"54\" ptr=\"0x10bc92140\" visibility=\"visible\" width=\"402\" x=\"0\" y=\"0\">\n                                                                                            <_UINavigationBarHostedViewWrapper alpha=\"1.0\" class=\"_UINavigationBarHostedViewWrapper\" focused=\"false\" height=\"20\" ptr=\"0x11b75b200\" visibility=\"visible\" width=\"68\" x=\"167\" y=\"11\">\n                                                                                                <_UINavigationBarTitleControl alpha=\"1.0\" class=\"_UINavigationBarTitleControl\" focused=\"false\" height=\"20\" ptr=\"0x11b701200\" visibility=\"visible\" width=\"68\" x=\"0\" y=\"0\">\n                                                                                                    <_UIIntrinsicContentSizeInvalidationForwardingWrapperView alpha=\"1.0\" class=\"_UIIntrinsicContentSizeInvalidationForwardingWrapperView\" focused=\"false\" height=\"20\" ptr=\"0x10bcb8a80\" visibility=\"visible\" width=\"68\" x=\"0\" y=\"0\">\n                                                                                                        <UILabel alpha=\"1.0\" class=\"UILabel\" focused=\"false\" height=\"20\" label=\"Network\" ptr=\"0x11b7dc380\" text=\"Network\" visibility=\"visible\" width=\"67\" x=\"0\" y=\"0\" />\n                                                                                                    </_UIIntrinsicContentSizeInvalidationForwardingWrapperView>\n                                                                                                </_UINavigationBarTitleControl>\n                                                                                            </_UINavigationBarHostedViewWrapper>\n                                                                                        </_UINavigationBarHostedViewContainer>\n                                                                                        <UIView alpha=\"1.0\" class=\"UIView\" focused=\"false\" height=\"54\" ptr=\"0x10bc91f80\" visibility=\"visible\" width=\"402\" x=\"0\" y=\"0\" />\n                                                                                        <UIKit.NavigationBarPlatterContainer alpha=\"1.0\" class=\"UIKit.NavigationBarPlatterContainer\" focused=\"false\" height=\"54\" ptr=\"0x10bc92300\" visibility=\"visible\" width=\"402\" x=\"0\" y=\"0\">\n                                                                                            <_UINavigationBarPlatterView alpha=\"1.0\" class=\"_UINavigationBarPlatterView\" focused=\"false\" height=\"44\" ptr=\"0x11b701800\" visibility=\"visible\" width=\"44\" x=\"16\" y=\"0\">\n                                                                                                <_UINavigationBarPlatterAnimationView alpha=\"1.0\" class=\"_UINavigationBarPlatterAnimationView\" focused=\"false\" height=\"44\" ptr=\"0x10bcb9dc0\" visibility=\"visible\" width=\"44\" x=\"0\" y=\"0\">\n                                                                                                    <_UINavigationBarPlatterAnimationView alpha=\"1.0\" class=\"_UINavigationBarPlatterAnimationView\" focused=\"false\" height=\"44\" ptr=\"0x10bcba140\" visibility=\"visible\" width=\"44\" x=\"0\" y=\"0\">\n                                                                                                        <_UINavigationBarPlatterAnimationView alpha=\"1.0\" class=\"_UINavigationBarPlatterAnimationView\" focused=\"false\" height=\"48\" ptr=\"0x10bcba300\" visibility=\"visible\" width=\"48\" x=\"-2\" y=\"-2\">\n                                                                                                            <_UINavigationBarPlatterAnimationView alpha=\"1.0\" class=\"_UINavigationBarPlatterAnimationView\" focused=\"false\" height=\"40\" ptr=\"0x10bcba4c0\" visibility=\"visible\" width=\"40\" x=\"1\" y=\"1\">\n                                                                                                                <_UINavigationBarPlatterContentView alpha=\"1.0\" class=\"_UINavigationBarPlatterContentView\" focused=\"false\" height=\"44\" ptr=\"0x10bcba680\" visibility=\"visible\" width=\"44\" x=\"0\" y=\"0\">\n                                                                                                                    <_UINavigationBarPlatterGlassView alpha=\"1.0\" class=\"_UINavigationBarPlatterGlassView\" focused=\"false\" height=\"44\" ptr=\"0x10bcba840\" visibility=\"visible\" width=\"44\" x=\"0\" y=\"0\">\n                                                                                                                        <_UINavigationBarPlatterSubviewContainerView alpha=\"1.0\" class=\"_UINavigationBarPlatterSubviewContainerView\" focused=\"false\" height=\"44\" ptr=\"0x10bcbaa00\" visibility=\"visible\" width=\"44\" x=\"0\" y=\"0\">\n                                                                                                                            <_UINavigationBarPlatterItemView alpha=\"1.0\" class=\"_UINavigationBarPlatterItemView\" focused=\"false\" height=\"44\" ptr=\"0x11b7d2f80\" visibility=\"visible\" width=\"44\" x=\"0\" y=\"0\">\n                                                                                                                                <_UIButtonBarButton alpha=\"1.0\" class=\"_UIButtonBarButton\" focused=\"false\" height=\"44\" id=\"BackButton\" ptr=\"0x11b7d2800\" visibility=\"visible\" width=\"44\" x=\"0\" y=\"0\">\n                                                                                                                                    <_TtCC5UIKit29ButtonBarButtonVisualProviderP33_A98CD29F4F6ECA17AFECE41BBB264E5918BackButtonMaskView alpha=\"1.0\" class=\"_TtCC5UIKit29ButtonBarButtonVisualProviderP33_A98CD29F4F6ECA17AFECE41BBB264E5918BackButtonMaskView\" focused=\"false\" height=\"44\" ptr=\"0x10bcb8540\" visibility=\"invisible\" width=\"44\" x=\"0\" y=\"0\">\n                                                                                                                                        <UIImageView alpha=\"1.0\" class=\"UIImageView\" focused=\"false\" height=\"28\" id=\"UINavigationBarTitleTransitionBackIndicatorMaskSymbol\" ptr=\"0x11b75a800\" visibility=\"visible\" width=\"19\" x=\"0\" y=\"8\" />\n                                                                                                                                        <UIView alpha=\"1.0\" class=\"UIView\" focused=\"false\" height=\"44\" ptr=\"0x10bcb8700\" visibility=\"visible\" width=\"0\" x=\"44\" y=\"0\" />\n                                                                                                                                    </_TtCC5UIKit29ButtonBarButtonVisualProviderP33_A98CD29F4F6ECA17AFECE41BBB264E5918BackButtonMaskView>\n                                                                                                                                    <_TtCC5UIKit29ButtonBarButtonVisualProviderP33_A98CD29F4F6ECA17AFECE41BBB264E596Button alpha=\"1.0\" class=\"_TtCC5UIKit29ButtonBarButtonVisualProviderP33_A98CD29F4F6ECA17AFECE41BBB264E596Button\" focused=\"false\" height=\"23\" label=\"Back\" ptr=\"0x11b7dc000\" visibility=\"visible\" width=\"44\" x=\"0\" y=\"10\">\n                                                                                                                                        <UIImageView alpha=\"1.0\" class=\"UIImageView\" focused=\"false\" height=\"23\" id=\"chevron.backward\" label=\"Back\" ptr=\"0x11b75aa00\" visibility=\"visible\" width=\"16\" x=\"13\" y=\"0\" />\n                                                                                                                                    </_TtCC5UIKit29ButtonBarButtonVisualProviderP33_A98CD29F4F6ECA17AFECE41BBB264E596Button>\n                                                                                                                                </_UIButtonBarButton>\n                                                                                                                            </_UINavigationBarPlatterItemView>\n                                                                                                                        </_UINavigationBarPlatterSubviewContainerView>\n                                                                                                                    </_UINavigationBarPlatterGlassView>\n                                                                                                                </_UINavigationBarPlatterContentView>\n                                                                                                            </_UINavigationBarPlatterAnimationView>\n                                                                                                        </_UINavigationBarPlatterAnimationView>\n                                                                                                    </_UINavigationBarPlatterAnimationView>\n                                                                                                </_UINavigationBarPlatterAnimationView>\n                                                                                            </_UINavigationBarPlatterView>\n                                                                                        </UIKit.NavigationBarPlatterContainer>\n                                                                                    </UIKit.NavigationBarTransitionContainer>\n                                                                                </UIKit.NavigationBarContentView>\n                                                                                <_UIPointerInteractionAssistantEffectContainerView alpha=\"1.0\" class=\"_UIPointerInteractionAssistantEffectContainerView\" focused=\"false\" height=\"0\" ptr=\"0x10bc93480\" visibility=\"visible\" width=\"0\" x=\"0\" y=\"0\" />\n                                                                            </UINavigationBar>\n                                                                            <_UIFloatingBarContainerView alpha=\"1.0\" class=\"_UIFloatingBarContainerView\" focused=\"false\" height=\"795\" ptr=\"0x10d36b000\" visibility=\"visible\" width=\"402\" x=\"0\" y=\"0\">\n                                                                                <_TtGC5UIKitP10$186ea25a022FloatingBarHostingViewVS_20FloatingBarContainer_ alpha=\"1.0\" class=\"_TtGC5UIKitP10$186ea25a022FloatingBarHostingViewVS_20FloatingBarContainer_\" focused=\"false\" height=\"795\" ptr=\"0x10d36b800\" visibility=\"visible\" width=\"402\" x=\"0\" y=\"0\" />\n                                                                                <_UIPointerInteractionAssistantEffectContainerView alpha=\"1.0\" class=\"_UIPointerInteractionAssistantEffectContainerView\" focused=\"false\" height=\"0\" ptr=\"0x10bc92f40\" visibility=\"visible\" width=\"0\" x=\"0\" y=\"0\" />\n                                                                            </_UIFloatingBarContainerView>\n                                                                        </UILayoutContainerView>\n                                                                    </RNSScreenStackView>\n                                                                </RCTView>\n                                                            </RCTView>\n                                                        </RCTView>\n                                                    </RNSScreenView>\n                                                </UIViewControllerWrapperView>\n                                            </UINavigationTransitionView>\n                                            <UINavigationBar alpha=\"1.0\" class=\"UINavigationBar\" focused=\"false\" height=\"54\" id=\"RNSScreen\" ptr=\"0x10bdc8600\" visibility=\"invisible\" width=\"402\" x=\"0\" y=\"-116\">\n                                                <_UIBarBackground alpha=\"1.0\" class=\"_UIBarBackground\" focused=\"false\" height=\"116\" ptr=\"0x10d055900\" visibility=\"visible\" width=\"402\" x=\"0\" y=\"-62\" />\n                                                <_UIPointerInteractionAssistantEffectContainerView alpha=\"1.0\" class=\"_UIPointerInteractionAssistantEffectContainerView\" focused=\"false\" height=\"0\" ptr=\"0x108bed6c0\" visibility=\"visible\" width=\"0\" x=\"0\" y=\"0\" />\n                                            </UINavigationBar>\n                                            <_UIFloatingBarContainerView alpha=\"1.0\" class=\"_UIFloatingBarContainerView\" focused=\"false\" height=\"795\" ptr=\"0x10be0a200\" visibility=\"visible\" width=\"402\" x=\"0\" y=\"0\">\n                                                <_TtGC5UIKitP10$186ea25a022FloatingBarHostingViewVS_20FloatingBarContainer_ alpha=\"1.0\" class=\"_TtGC5UIKitP10$186ea25a022FloatingBarHostingViewVS_20FloatingBarContainer_\" focused=\"false\" height=\"795\" ptr=\"0x10be0aa00\" visibility=\"visible\" width=\"402\" x=\"0\" y=\"0\" />\n                                                <_UIPointerInteractionAssistantEffectContainerView alpha=\"1.0\" class=\"_UIPointerInteractionAssistantEffectContainerView\" focused=\"false\" height=\"0\" ptr=\"0x108bdc380\" visibility=\"visible\" width=\"0\" x=\"0\" y=\"0\" />\n                                            </_UIFloatingBarContainerView>\n                                        </UILayoutContainerView>\n                                    </RNSScreenNavigationContainerView>\n                                    <RCTView alpha=\"1.0\" class=\"RCTView\" focused=\"false\" height=\"79\" label=\"Home, tab, 1 of 3 Demos, tab, 2 of 3 Settings, tab, 3 of 3\" ptr=\"0x10d1a6d80\" visibility=\"visible\" width=\"402\" x=\"0\" y=\"795\">\n                                        <RCTView alpha=\"1.0\" class=\"RCTView\" focused=\"false\" height=\"78\" ptr=\"0x1089d3b80\" visibility=\"visible\" width=\"402\" x=\"0\" y=\"0\" />\n                                        <RCTView alpha=\"1.0\" class=\"RCTView\" focused=\"false\" height=\"48\" label=\"Home, tab, 1 of 3 Demos, tab, 2 of 3 Settings, tab, 3 of 3\" ptr=\"0x10d1a6a00\" visibility=\"visible\" width=\"402\" x=\"0\" y=\"0\">\n                                            <RCTView alpha=\"1.0\" class=\"RCTView\" focused=\"false\" height=\"48\" id=\"tab-home\" label=\"Home, tab, 1 of 3\" ptr=\"0x10d1a4a80\" visibility=\"visible\" width=\"134\" x=\"0\" y=\"0\">\n                                                <RCTView alpha=\"1.0\" class=\"RCTView\" focused=\"false\" height=\"34\" label=\"H H\" ptr=\"0x10d1a4700\" visibility=\"visible\" width=\"0\" x=\"67\" y=\"0\">\n                                                    <RCTView alpha=\"0.0\" class=\"RCTView\" focused=\"false\" height=\"34\" label=\"H\" ptr=\"0x10d1a4000\" visibility=\"visible\" width=\"134\" x=\"-67\" y=\"0\">\n                                                        <RCTTextView alpha=\"1.0\" class=\"RCTTextView\" focused=\"false\" height=\"22\" label=\"H\" ptr=\"0x10be0ac00\" text=\"H\" visibility=\"visible\" width=\"13\" x=\"60\" y=\"6\" />\n                                                    </RCTView>\n                                                    <RCTView alpha=\"1.0\" class=\"RCTView\" focused=\"false\" height=\"34\" label=\"H\" ptr=\"0x10d1a4380\" visibility=\"visible\" width=\"134\" x=\"-67\" y=\"0\">\n                                                        <RCTTextView alpha=\"1.0\" class=\"RCTTextView\" focused=\"false\" height=\"22\" label=\"H\" ptr=\"0x10be0ae00\" text=\"H\" visibility=\"visible\" width=\"13\" x=\"60\" y=\"6\" />\n                                                    </RCTView>\n                                                </RCTView>\n                                                <RCTTextView alpha=\"1.0\" class=\"RCTTextView\" focused=\"false\" height=\"14\" label=\"Home\" ptr=\"0x10be0b000\" text=\"Home\" visibility=\"visible\" width=\"34\" x=\"50\" y=\"34\" />\n                                            </RCTView>\n                                            <RCTView alpha=\"1.0\" class=\"RCTView\" focused=\"false\" height=\"48\" id=\"tab-demos\" label=\"Demos, tab, 2 of 3\" ptr=\"0x10d1a5880\" visibility=\"visible\" width=\"134\" x=\"134\" y=\"0\">\n                                                <RCTView alpha=\"1.0\" class=\"RCTView\" focused=\"false\" height=\"34\" label=\"D D\" ptr=\"0x10d1a5500\" visibility=\"visible\" width=\"0\" x=\"67\" y=\"0\">\n                                                    <RCTView alpha=\"1.0\" class=\"RCTView\" focused=\"false\" height=\"34\" label=\"D\" ptr=\"0x10d1a4e00\" visibility=\"visible\" width=\"134\" x=\"-67\" y=\"0\">\n                                                        <RCTTextView alpha=\"1.0\" class=\"RCTTextView\" focused=\"false\" height=\"22\" label=\"D\" ptr=\"0x10be0b200\" text=\"D\" visibility=\"visible\" width=\"13\" x=\"60\" y=\"6\" />\n                                                    </RCTView>\n                                                    <RCTView alpha=\"0.0\" class=\"RCTView\" focused=\"false\" height=\"34\" label=\"D\" ptr=\"0x10d1a5180\" visibility=\"visible\" width=\"134\" x=\"-67\" y=\"0\">\n                                                        <RCTTextView alpha=\"1.0\" class=\"RCTTextView\" focused=\"false\" height=\"22\" label=\"D\" ptr=\"0x10be0b400\" text=\"D\" visibility=\"visible\" width=\"13\" x=\"60\" y=\"6\" />\n                                                    </RCTView>\n                                                </RCTView>\n                                                <RCTTextView alpha=\"1.0\" class=\"RCTTextView\" focused=\"false\" height=\"14\" label=\"Demos\" ptr=\"0x10be0b600\" text=\"Demos\" visibility=\"visible\" width=\"40\" x=\"47\" y=\"34\" />\n                                            </RCTView>\n                                            <RCTView alpha=\"1.0\" class=\"RCTView\" focused=\"false\" height=\"48\" id=\"tab-settings\" label=\"Settings, tab, 3 of 3\" ptr=\"0x10d1a6680\" visibility=\"visible\" width=\"134\" x=\"268\" y=\"0\">\n                                                <RCTView alpha=\"1.0\" class=\"RCTView\" focused=\"false\" height=\"34\" label=\"S S\" ptr=\"0x10d1a6300\" visibility=\"visible\" width=\"0\" x=\"67\" y=\"0\">\n                                                    <RCTView alpha=\"0.0\" class=\"RCTView\" focused=\"false\" height=\"34\" label=\"S\" ptr=\"0x10d1a5c00\" visibility=\"visible\" width=\"134\" x=\"-67\" y=\"0\">\n                                                        <RCTTextView alpha=\"1.0\" class=\"RCTTextView\" focused=\"false\" height=\"22\" label=\"S\" ptr=\"0x10be0b800\" text=\"S\" visibility=\"visible\" width=\"11\" x=\"61\" y=\"6\" />\n                                                    </RCTView>\n                                                    <RCTView alpha=\"1.0\" class=\"RCTView\" focused=\"false\" height=\"34\" label=\"S\" ptr=\"0x10d1a5f80\" visibility=\"visible\" width=\"134\" x=\"-67\" y=\"0\">\n                                                        <RCTTextView alpha=\"1.0\" class=\"RCTTextView\" focused=\"false\" height=\"22\" label=\"S\" ptr=\"0x10be0ba00\" text=\"S\" visibility=\"visible\" width=\"11\" x=\"61\" y=\"6\" />\n                                                    </RCTView>\n                                                </RCTView>\n                                                <RCTTextView alpha=\"1.0\" class=\"RCTTextView\" focused=\"false\" height=\"14\" label=\"Settings\" ptr=\"0x10be0bc00\" text=\"Settings\" visibility=\"visible\" width=\"47\" x=\"43\" y=\"34\" />\n                                            </RCTView>\n                                        </RCTView>\n                                    </RCTView>\n                                </RNCSafeAreaProvider>\n                            </RCTView>\n                        </RCTView>\n                    </RCTRootContentView>\n                </RCTRootView>\n            </UIDropShadowView>\n        </UITransitionView>\n    </UIWindow>\n</ViewHierarchy>","details":"No elements found for “MATCHER(id == “demos-btn-logs”)”","windows":["<UIWindow: 0x10899c800; frame = (0 0; 402 874);>","<DTXTouchVisualizerWindow: 0x1088fc500; frame = (0 0; 402 874);>"],"DetoxFailureInformation":{"lineNumber":50,"file":"/Users/builder/uibuilder/work/detox/ios/Detox/Invocation/Element.swift","functionName":"views"}},"messageId":23,"type":"testFailed"}
   
23:23:51.394 detox[66809] E tap
  error: Test Failed: No elements found for “MATCHER(id == “demos-btn-logs”)”
  
  HINT: To print view hierarchy on failed actions/matches, use log-level verbose or higher.
23:23:51.394 detox[66809] B onTestFnFailure
  args: ({"error":{"name":"DetoxRuntimeError"}})
23:23:51.394 detox[66809] i starting SimulatorScreenshot
23:23:51.394 detox[66809] i /usr/bin/xcrun simctl io B7E9BAD6-0C0D-41EE-BE0C-D49BF485382E screenshot "/private/var/folders/nd/_cs61jn95mx_wzcmldgt15p00000gn/T/detox-66809-b17hnH.detox.png"
23:23:51.568 detox[66809] i Detected file type from extension: PNG
Note: No display specified. Defaulting to display: 1CF89121-203F-41F0-8702-803F5499D5AE (screenID: 1, name: LCD)
Wrote screenshot to: /private/var/folders/nd/_cs61jn95mx_wzcmldgt15p00000gn/T/detox-66809-b17hnH.detox.png

23:23:51.568 detox[66809] i stopping SimulatorScreenshot
23:23:51.568 detox[66809] E onTestFnFailure
23:23:51.568 detox[66809] E test_fn
  error: Test Failed: No elements found for “MATCHER(id == “demos-btn-logs”)”
  
  HINT: To print view hierarchy on failed actions/matches, use log-level verbose or higher.
23:23:51.568 detox[66809] B onTestDone
  args: ({"title":"navigates to Logs demo and interacts","fullName":"React Navigation Example Demo Screens navigates to Logs demo and interacts","status":"failed","invocations":1,"timedOut":false})
23:23:51.568 detox[66809] i starting SimulatorScreenshot
23:23:51.568 detox[66809] i /usr/bin/xcrun simctl io B7E9BAD6-0C0D-41EE-BE0C-D49BF485382E screenshot "/private/var/folders/nd/_cs61jn95mx_wzcmldgt15p00000gn/T/detox-66809-52i9AR.detox.png"
23:23:51.569 detox[66809] i stopping SimulatorVideoRecording
23:23:51.570 detox[66809] i sending SIGINT to: /usr/bin/xcrun simctl io B7E9BAD6-0C0D-41EE-BE0C-D49BF485382E recordVideo /private/var/folders/nd/_cs61jn95mx_wzcmldgt15p00000gn/T/detox-66809-8wwgok.detox.mp4
23:23:51.577 detox[66809] i Recording completed. Writing to disk.

Wrote video to: /private/var/folders/nd/_cs61jn95mx_wzcmldgt15p00000gn/T/detox-66809-8wwgok.detox.mp4

23:23:51.578 detox[66809] i /usr/bin/xcrun simctl io B7E9BAD6-0C0D-41EE-BE0C-D49BF485382E recordVideo /private/var/folders/nd/_cs61jn95mx_wzcmldgt15p00000gn/T/detox-66809-8wwgok.detox.mp4 exited with code #0
23:23:51.579 detox[66809] i saving SimulatorVideoRecording to: artifacts/ios.sim.release.2026-04-10 16-23-27Z/✗ React Navigation Example Demo Screens navigates to Logs demo and interacts/test.mp4
23:23:51.579 detox[66809] i moving "/private/var/folders/nd/_cs61jn95mx_wzcmldgt15p00000gn/T/detox-66809-8wwgok.detox.mp4" to artifacts/ios.sim.release.2026-04-10 16-23-27Z/✗ React Navigation Example Demo Screens navigates to Logs demo and interacts/test.mp4
23:23:51.743 detox[66809] i Detected file type from extension: PNG
Note: No display specified. Defaulting to display: 1CF89121-203F-41F0-8702-803F5499D5AE (screenID: 1, name: LCD)
Wrote screenshot to: /private/var/folders/nd/_cs61jn95mx_wzcmldgt15p00000gn/T/detox-66809-52i9AR.detox.png

23:23:51.743 detox[66809] i stopping SimulatorScreenshot
23:23:51.743 detox[66809] i stopping SimulatorLogRecording
23:23:51.743 detox[66809] i saving SimulatorScreenshot to: artifacts/ios.sim.release.2026-04-10 16-23-27Z/✗ React Navigation Example Demo Screens navigates to Logs demo and interacts/testStart.png
23:23:51.743 detox[66809] i moving "/private/var/folders/nd/_cs61jn95mx_wzcmldgt15p00000gn/T/detox-66809-DJa3nU.detox.png" to artifacts/ios.sim.release.2026-04-10 16-23-27Z/✗ React Navigation Example Demo Screens navigates to Logs demo and interacts/testStart.png
23:23:51.744 detox[66809] i saving SimulatorScreenshot to: artifacts/ios.sim.release.2026-04-10 16-23-27Z/✗ React Navigation Example Demo Screens navigates to Logs demo and interacts/testFnFailure.png
23:23:51.744 detox[66809] i moving "/private/var/folders/nd/_cs61jn95mx_wzcmldgt15p00000gn/T/detox-66809-b17hnH.detox.png" to artifacts/ios.sim.release.2026-04-10 16-23-27Z/✗ React Navigation Example Demo Screens navigates to Logs demo and interacts/testFnFailure.png
23:23:51.745 detox[66809] i saving SimulatorScreenshot to: artifacts/ios.sim.release.2026-04-10 16-23-27Z/✗ React Navigation Example Demo Screens navigates to Logs demo and interacts/testDone.png
23:23:51.745 detox[66809] i moving "/private/var/folders/nd/_cs61jn95mx_wzcmldgt15p00000gn/T/detox-66809-52i9AR.detox.png" to artifacts/ios.sim.release.2026-04-10 16-23-27Z/✗ React Navigation Example Demo Screens navigates to Logs demo and interacts/testDone.png
23:23:51.797 detox[66809] i sending SIGINT to: /usr/bin/xcrun simctl spawn B7E9BAD6-0C0D-41EE-BE0C-D49BF485382E log stream --level debug --style compact --predicate processImagePath beginsWith "/Users/nonth/Library/Developer/CoreSimulator/Devices/B7E9BAD6-0C0D-41EE-BE0C-D49BF485382E/data/Containers/Bundle/Application/4FB2BDAB-C128-44E5-9089-1B03AD22F4EA/EdotReactNavExample.app"
23:23:51.806 detox[66809] i /usr/bin/xcrun simctl spawn B7E9BAD6-0C0D-41EE-BE0C-D49BF485382E log stream --level debug --style compact --predicate "processImagePath beginsWith \"/Users/nonth/Library/Developer/CoreSimulator/Devices/B7E9BAD6-0C0D-41EE-BE0C-D49BF485382E/data/Containers/Bundle/Application/4FB2BDAB-C128-44E5-9089-1B03AD22F4EA/EdotReactNavExample.app\"" exited with code #0
23:23:51.806 detox[66809] E onTestDone
23:23:51.806 detox[66809] E navigates to Logs demo and interacts
23:23:51.806 detox[66809] i React Navigation Example > Demo Screens: navigates to Logs demo and interacts [FAIL]
23:23:51.806 detox[66809] B navigates to Error demo and interacts
23:23:51.806 detox[66809] i React Navigation Example > Demo Screens: navigates to Error demo and interacts
23:23:51.806 detox[66809] B onTestStart
  args: ({"title":"navigates to Error demo and interacts","fullName":"React Navigation Example Demo Screens navigates to Error demo and interacts","status":"running","invocations":1})
23:23:51.807 detox[66809] i starting SimulatorLogRecording
23:23:51.807 detox[66809] i saving SimulatorLogRecording to: artifacts/ios.sim.release.2026-04-10 16-23-27Z/✗ React Navigation Example Demo Screens navigates to Logs demo and interacts/device.log
23:23:51.807 detox[66809] i moving "/private/var/folders/nd/_cs61jn95mx_wzcmldgt15p00000gn/T/detox-66809-v61YKe.detox.log" to artifacts/ios.sim.release.2026-04-10 16-23-27Z/✗ React Navigation Example Demo Screens navigates to Logs demo and interacts/device.log
23:23:51.807 detox[66809] i /usr/bin/xcrun simctl get_app_container B7E9BAD6-0C0D-41EE-BE0C-D49BF485382E com.edot.reactnavexample
23:23:51.976 detox[66809] i /Users/nonth/Library/Developer/CoreSimulator/Devices/B7E9BAD6-0C0D-41EE-BE0C-D49BF485382E/data/Containers/Bundle/Application/4FB2BDAB-C128-44E5-9089-1B03AD22F4EA/EdotReactNavExample.app

23:23:51.976 detox[66809] i /usr/bin/xcrun simctl spawn B7E9BAD6-0C0D-41EE-BE0C-D49BF485382E log stream --level debug --style compact --predicate "processImagePath beginsWith \"/Users/nonth/Library/Developer/CoreSimulator/Devices/B7E9BAD6-0C0D-41EE-BE0C-D49BF485382E/data/Containers/Bundle/Application/4FB2BDAB-C128-44E5-9089-1B03AD22F4EA/EdotReactNavExample.app\""
23:23:52.028 detox[66809] i starting SimulatorScreenshot
23:23:52.028 detox[66809] i /usr/bin/xcrun simctl io B7E9BAD6-0C0D-41EE-BE0C-D49BF485382E screenshot "/private/var/folders/nd/_cs61jn95mx_wzcmldgt15p00000gn/T/detox-66809-hTKwW3.detox.png"
23:23:52.029 detox[66809] i starting SimulatorVideoRecording
23:23:52.029 detox[66809] i /usr/bin/xcrun simctl io B7E9BAD6-0C0D-41EE-BE0C-D49BF485382E recordVideo /private/var/folders/nd/_cs61jn95mx_wzcmldgt15p00000gn/T/detox-66809-D2Z2oQ.detox.mp4
23:23:52.215 detox[66809] i Note: No display specified. Defaulting to display: 1CF89121-203F-41F0-8702-803F5499D5AE (screenID: 1, name: LCD)

23:23:52.228 detox[66809] i Recording started

23:23:52.266 detox[66809] i Detected file type from extension: PNG
Note: No display specified. Defaulting to display: 1CF89121-203F-41F0-8702-803F5499D5AE (screenID: 1, name: LCD)
Wrote screenshot to: /private/var/folders/nd/_cs61jn95mx_wzcmldgt15p00000gn/T/detox-66809-hTKwW3.detox.png

23:23:52.266 detox[66809] i stopping SimulatorScreenshot
23:23:52.266 detox[66809] E onTestStart
23:23:52.266 detox[66809] B beforeEach
23:23:52.266 detox[66809] E beforeEach
23:23:52.266 detox[66809] B test_fn
23:23:52.267 detox[66808] i get
  data: {"type":"invoke","params":{"type":"action","action":"tap","predicate":{"type":"id","value":"demos-btn-errors","isRegex":false}},"messageId":24}
23:23:52.267 detox[66808] i send
  data: {
    "type": "invoke",
    "params": {
      "type": "action",
      "action": "tap",
      "predicate": {
        "type": "id",
        "value": "demos-btn-errors",
        "isRegex": false
      }
    },
    "messageId": 24
  }
23:23:52.267 detox[66809] i send message
  data: {"type":"invoke","params":{"type":"action","action":"tap","predicate":{"type":"id","value":"demos-btn-errors","isRegex":false}},"messageId":24}
23:23:52.267 detox[66809] B tap
  data: {
    "type": "action",
    "action": "tap",
    "predicate": {
      "type": "id",
      "value": "demos-btn-errors",
      "isRegex": false
    }
  }
23:23:52.284 detox[66808] i get
  data: {"messageId":24,"params":{"NSLocalizedDescription":"No elements found for “MATCHER(id == “demos-btn-errors”)”","visibilityFailingScreenshotsURL":"\/Users\/nonth\/Library\/Developer\/CoreSimulator\/Devices\/B7E9BAD6-0C0D-41EE-BE0C-D49BF485382E\/data\/Containers\/Data\/Application\/CC206481-6D7A-47E1-B8C0-C1FA132ACE12\/tmp\/visibilityFailingScreenshots","visibilityFailingRectsURL":"\/Users\/nonth\/Library\/Developer\/CoreSimulator\/Devices\/B7E9BAD6-0C0D-41EE-BE0C-D49BF485382E\/data\/Containers\/Data\/Application\/CC206481-6D7A-47E1-B8C0-C1FA132ACE12\/tmp\/visibilityFailingRects","viewHierarchy":"<?xml version=\"1.0\" encoding=\"utf-8\"?>\n<ViewHierarchy>\n    <UIWindow alpha=\"1.0\" class=\"UIWindow\" focused=\"false\" height=\"874\" ptr=\"0x10899c800\" visibility=\"visible\" width=\"402\">\n        <UITransitionView alpha=\"1.0\" class=\"UITransitionView\" focused=\"false\" height=\"874\" ptr=\"0x10be08000\" visibility=\"visible\" width=\"402\" x=\"0\" y=\"0\">\n            <UIDropShadowView alpha=\"1.0\" class=\"UIDropShadowView\" focused=\"false\" height=\"874\" ptr=\"0x10bd05b80\" visibility=\"visible\" width=\"402\" x=\"0\" y=\"0\">\n                <RCTRootView alpha=\"1.0\" class=\"RCTRootView\" focused=\"false\" height=\"874\" ptr=\"0x10bd05400\" visibility=\"visible\" width=\"402\" x=\"0\" y=\"0\">\n                    <RCTRootContentView alpha=\"1.0\" class=\"RCTRootContentView\" focused=\"false\" height=\"874\" label=\"Network Demos All requests are auto-instrumented by the SDK Fetch Data Fetch Error Fetch Multiple (3) XHR Request Log: Vertical scroll bar, 1 page Horizontal scroll bar, 1 page Network Home, tab, 1 of 3 Demos, tab, 2 of 3 Settings, tab, 3 of 3\" ptr=\"0x10899c400\" visibility=\"visible\" width=\"402\" x=\"0\" y=\"0\">\n                        <RCTView alpha=\"1.0\" class=\"RCTView\" focused=\"false\" height=\"874\" label=\"Network Demos All requests are auto-instrumented by the SDK Fetch Data Fetch Error Fetch Multiple (3) XHR Request Log: Vertical scroll bar, 1 page Horizontal scroll bar, 1 page Network Home, tab, 1 of 3 Demos, tab, 2 of 3 Settings, tab, 3 of 3\" ptr=\"0x10d1a7480\" visibility=\"visible\" width=\"402\" x=\"0\" y=\"0\">\n                            <RCTView alpha=\"1.0\" class=\"RCTView\" focused=\"false\" height=\"874\" label=\"Network Demos All requests are auto-instrumented by the SDK Fetch Data Fetch Error Fetch Multiple (3) XHR Request Log: Vertical scroll bar, 1 page Horizontal scroll bar, 1 page Network Home, tab, 1 of 3 Demos, tab, 2 of 3 Settings, tab, 3 of 3\" ptr=\"0x10d1a7100\" visibility=\"visible\" width=\"402\" x=\"0\" y=\"0\">\n                                <RNCSafeAreaProvider alpha=\"1.0\" class=\"RNCSafeAreaProvider\" focused=\"false\" height=\"874\" label=\"Network Demos All requests are auto-instrumented by the SDK Fetch Data Fetch Error Fetch Multiple (3) XHR Request Log: Vertical scroll bar, 1 page Horizontal scroll bar, 1 page Network Home, tab, 1 of 3 Demos, tab, 2 of 3 Settings, tab, 3 of 3\" ptr=\"0x10899d800\" visibility=\"visible\" width=\"402\" x=\"0\" y=\"0\">\n                                    <RNSScreenNavigationContainerView alpha=\"1.0\" class=\"RNSScreenNavigationContainerView\" focused=\"false\" height=\"795\" ptr=\"0x108bce140\" visibility=\"visible\" width=\"402\" x=\"0\" y=\"0\">\n                                        <UILayoutContainerView alpha=\"1.0\" class=\"UILayoutContainerView\" focused=\"false\" height=\"795\" ptr=\"0x108a17800\" visibility=\"visible\" width=\"402\" x=\"0\" y=\"0\">\n                                            <UINavigationTransitionView alpha=\"1.0\" class=\"UINavigationTransitionView\" focused=\"false\" height=\"795\" ptr=\"0x108a14a80\" visibility=\"visible\" width=\"402\" x=\"0\" y=\"0\">\n                                                <UIViewControllerWrapperView alpha=\"1.0\" class=\"UIViewControllerWrapperView\" focused=\"false\" height=\"795\" ptr=\"0x10bca6f40\" visibility=\"visible\" width=\"402\" x=\"0\" y=\"0\">\n                                                    <RNSScreenView alpha=\"1.0\" class=\"RNSScreenView\" focused=\"false\" height=\"795\" label=\"Network Demos All requests are auto-instrumented by the SDK Fetch Data Fetch Error Fetch Multiple (3) XHR Request Log: Vertical scroll bar, 1 page Horizontal scroll bar, 1 page Network\" ptr=\"0x1088fed00\" visibility=\"visible\" width=\"402\" x=\"0\" y=\"0\">\n                                                        <RCTView alpha=\"1.0\" class=\"RCTView\" focused=\"false\" height=\"795\" label=\"Network Demos All requests are auto-instrumented by the SDK Fetch Data Fetch Error Fetch Multiple (3) XHR Request Log: Vertical scroll bar, 1 page Horizontal scroll bar, 1 page Network\" ptr=\"0x10d29e300\" visibility=\"visible\" width=\"402\" x=\"0\" y=\"0\">\n                                                            <RCTView alpha=\"1.0\" class=\"RCTView\" focused=\"false\" height=\"795\" label=\"Network Demos All requests are auto-instrumented by the SDK Fetch Data Fetch Error Fetch Multiple (3) XHR Request Log: Vertical scroll bar, 1 page Horizontal scroll bar, 1 page Network\" ptr=\"0x10d29df80\" visibility=\"visible\" width=\"402\" x=\"0\" y=\"0\">\n                                                                <RCTView alpha=\"1.0\" class=\"RCTView\" focused=\"false\" height=\"795\" label=\"Network Demos All requests are auto-instrumented by the SDK Fetch Data Fetch Error Fetch Multiple (3) XHR Request Log: Vertical scroll bar, 1 page Horizontal scroll bar, 1 page Network\" ptr=\"0x10d29dc00\" visibility=\"visible\" width=\"402\" x=\"0\" y=\"0\">\n                                                                    <RNSScreenStackView alpha=\"1.0\" class=\"RNSScreenStackView\" focused=\"false\" height=\"795\" ptr=\"0x10d36a800\" visibility=\"visible\" width=\"402\" x=\"0\" y=\"0\">\n                                                                        <UILayoutContainerView alpha=\"1.0\" class=\"UILayoutContainerView\" focused=\"false\" height=\"795\" ptr=\"0x10bc91dc0\" visibility=\"visible\" width=\"402\" x=\"0\" y=\"0\">\n                                                                            <UINavigationTransitionView alpha=\"1.0\" class=\"UINavigationTransitionView\" focused=\"false\" height=\"795\" ptr=\"0x10bc92a00\" visibility=\"visible\" width=\"402\" x=\"0\" y=\"0\">\n                                                                                <UIViewControllerWrapperView alpha=\"1.0\" class=\"UIViewControllerWrapperView\" focused=\"false\" height=\"795\" ptr=\"0x10bc93b80\" visibility=\"visible\" width=\"402\" x=\"0\" y=\"0\">\n                                                                                    <RNSScreenView alpha=\"1.0\" class=\"RNSScreenView\" focused=\"false\" height=\"679\" label=\"Network Demos All requests are auto-instrumented by the SDK Fetch Data Fetch Error Fetch Multiple (3) XHR Request Log: Vertical scroll bar, 1 page Horizontal scroll bar, 1 page\" ptr=\"0x11b6fd900\" visibility=\"visible\" width=\"402\" x=\"0\" y=\"116\">\n                                                                                        <RCTView alpha=\"1.0\" class=\"RCTView\" focused=\"false\" height=\"679\" label=\"Network Demos All requests are auto-instrumented by the SDK Fetch Data Fetch Error Fetch Multiple (3) XHR Request Log: Vertical scroll bar, 1 page Horizontal scroll bar, 1 page\" ptr=\"0x11b6f7b80\" visibility=\"visible\" width=\"402\" x=\"0\" y=\"0\">\n                                                                                            <RCTView alpha=\"1.0\" class=\"RCTView\" focused=\"false\" height=\"679\" label=\"Network Demos All requests are auto-instrumented by the SDK Fetch Data Fetch Error Fetch Multiple (3) XHR Request Log: Vertical scroll bar, 1 page Horizontal scroll bar, 1 page\" ptr=\"0x11b6f7800\" visibility=\"visible\" width=\"402\" x=\"0\" y=\"0\">\n                                                                                                <RCTSafeAreaView alpha=\"1.0\" class=\"RCTSafeAreaView\" focused=\"false\" height=\"679\" label=\"Network Demos All requests are auto-instrumented by the SDK Fetch Data Fetch Error Fetch Multiple (3) XHR Request Log: Vertical scroll bar, 1 page Horizontal scroll bar, 1 page\" ptr=\"0x10899ec00\" visibility=\"visible\" width=\"402\" x=\"0\" y=\"0\">\n                                                                                                    <RCTScrollView alpha=\"1.0\" class=\"RCTScrollView\" focused=\"false\" height=\"679\" label=\"Network Demos All requests are auto-instrumented by the SDK Fetch Data Fetch Error Fetch Multiple (3) XHR Request Log: Vertical scroll bar, 1 page Horizontal scroll bar, 1 page\" ptr=\"0x11b6fd400\" visibility=\"visible\" width=\"402\" x=\"0\" y=\"0\">\n                                                                                                        <RCTCustomScrollView alpha=\"1.0\" class=\"RCTCustomScrollView\" focused=\"false\" height=\"679\" ptr=\"0x108b8ca00\" visibility=\"visible\" width=\"402\" x=\"0\" y=\"0\">\n                                                                                                            <RCTScrollContentView alpha=\"1.0\" class=\"RCTScrollContentView\" focused=\"false\" height=\"210\" label=\"Network Demos All requests are auto-instrumented by the SDK Fetch Data Fetch Error Fetch Multiple (3) XHR Request Log:\" ptr=\"0x11b6f7480\" visibility=\"visible\" width=\"370\" x=\"16\" y=\"16\">\n                                                                                                                <RCTTextView alpha=\"1.0\" class=\"RCTTextView\" focused=\"false\" height=\"26\" label=\"Network Demos\" ptr=\"0x11b758a00\" text=\"Network Demos\" visibility=\"visible\" width=\"370\" x=\"0\" y=\"0\" \/>\n                                                                                                                <RCTTextView alpha=\"1.0\" class=\"RCTTextView\" focused=\"false\" height=\"16\" label=\"All requests are auto-instrumented by the SDK\" ptr=\"0x11b758c00\" text=\"All requests are auto-instrumented by the SDK\" visibility=\"visible\" width=\"370\" x=\"0\" y=\"30\" \/>\n                                                                                                                <RCTView alpha=\"1.0\" class=\"RCTView\" focused=\"false\" height=\"71\" label=\"Fetch Data Fetch Error Fetch Multiple (3) XHR Request\" ptr=\"0x11b6f6d80\" visibility=\"visible\" width=\"370\" x=\"0\" y=\"62\">\n                                                                                                                    <RCTView alpha=\"1.0\" class=\"RCTView\" focused=\"false\" height=\"31\" id=\"network-btn-fetch\" label=\"Fetch Data\" ptr=\"0x11b6f5f80\" visibility=\"visible\" width=\"92\" x=\"0\" y=\"0\">\n                                                                                                                        <RCTTextView alpha=\"1.0\" class=\"RCTTextView\" focused=\"false\" height=\"16\" label=\"Fetch Data\" ptr=\"0x11b758e00\" text=\"Fetch Data\" visibility=\"visible\" width=\"68\" x=\"12\" y=\"8\" \/>\n                                                                                                                    <\/RCTView>\n                                                                                                                    <RCTView alpha=\"1.0\" class=\"RCTView\" focused=\"false\" height=\"31\" id=\"network-btn-fetch-error\" label=\"Fetch Error\" ptr=\"0x11b6f6300\" visibility=\"visible\" width=\"94\" x=\"100\" y=\"0\">\n                                                                                                                        <RCTTextView alpha=\"1.0\" class=\"RCTTextView\" focused=\"false\" height=\"16\" label=\"Fetch Error\" ptr=\"0x11b759000\" text=\"Fetch Error\" visibility=\"visible\" width=\"71\" x=\"12\" y=\"8\" \/>\n                                                                                                                    <\/RCTView>\n                                                                                                                    <RCTView alpha=\"1.0\" class=\"RCTView\" focused=\"false\" height=\"31\" id=\"network-btn-fetch-multiple\" label=\"Fetch Multiple (3)\" ptr=\"0x11b6f6680\" visibility=\"visible\" width=\"136\" x=\"203\" y=\"0\">\n                                                                                                                        <RCTTextView alpha=\"1.0\" class=\"RCTTextView\" focused=\"false\" height=\"16\" label=\"Fetch Multiple (3)\" ptr=\"0x11b759200\" text=\"Fetch Multiple (3)\" visibility=\"visible\" width=\"112\" x=\"12\" y=\"8\" \/>\n                                                                                                                    <\/RCTView>\n                                                                                                                    <RCTView alpha=\"1.0\" class=\"RCTView\" focused=\"false\" height=\"31\" id=\"network-btn-xhr\" label=\"XHR Request\" ptr=\"0x11b6f6a00\" visibility=\"visible\" width=\"107\" x=\"0\" y=\"39\">\n                                                                                                                        <RCTTextView alpha=\"1.0\" class=\"RCTTextView\" focused=\"false\" height=\"16\" label=\"XHR Request\" ptr=\"0x11b759400\" text=\"XHR Request\" visibility=\"visible\" width=\"83\" x=\"12\" y=\"8\" \/>\n                                                                                                                    <\/RCTView>\n                                                                                                                <\/RCTView>\n                                                                                                                <RCTView alpha=\"1.0\" class=\"RCTView\" focused=\"false\" height=\"45\" id=\"network-result\" label=\"Log:\" ptr=\"0x11b6f7100\" visibility=\"visible\" width=\"370\" x=\"0\" y=\"149\">\n                                                                                                                    <RCTTextView alpha=\"1.0\" class=\"RCTTextView\" focused=\"false\" height=\"17\" label=\"Log:\" ptr=\"0x11b759600\" text=\"Log:\" visibility=\"visible\" width=\"346\" x=\"12\" y=\"12\" \/>\n                                                                                                                <\/RCTView>\n                                                                                                            <\/RCTScrollContentView>\n                                                                                                            <_UIScrollViewScrollIndicator alpha=\"0.0\" class=\"_UIScrollViewScrollIndicator\" focused=\"false\" height=\"204\" label=\"Vertical scroll bar, 1 page\" ptr=\"0x11b759e00\" value=\"0%\" visibility=\"visible\" width=\"3\" x=\"396\" y=\"587\">\n                                                                                                                <UIView alpha=\"1.0\" class=\"UIView\" focused=\"false\" height=\"204\" ptr=\"0x10bcb3640\" visibility=\"visible\" width=\"3\" x=\"0\" y=\"0\" \/>\n                                                                                                            <\/_UIScrollViewScrollIndicator>\n                                                                                                            <_UIScrollViewScrollIndicator alpha=\"0.0\" class=\"_UIScrollViewScrollIndicator\" focused=\"false\" height=\"3\" label=\"Horizontal scroll bar, 1 page\" ptr=\"0x11b759c00\" value=\"0%\" visibility=\"visible\" width=\"364\" x=\"35\" y=\"673\">\n                                                                                                                <UIView alpha=\"1.0\" class=\"UIView\" focused=\"false\" height=\"3\" ptr=\"0x10bcb32c0\" visibility=\"visible\" width=\"364\" x=\"0\" y=\"0\" \/>\n                                                                                                            <\/_UIScrollViewScrollIndicator>\n                                                                                                        <\/RCTCustomScrollView>\n                                                                                                    <\/RCTScrollView>\n                                                                                                <\/RCTSafeAreaView>\n                                                                                            <\/RCTView>\n                                                                                        <\/RCTView>\n                                                                                    <\/RNSScreenView>\n                                                                                <\/UIViewControllerWrapperView>\n                                                                            <\/UINavigationTransitionView>\n                                                                            <UINavigationBar alpha=\"1.0\" class=\"UINavigationBar\" focused=\"false\" height=\"54\" id=\"Network\" ptr=\"0x10bdcaa00\" visibility=\"visible\" width=\"402\" x=\"0\" y=\"62\">\n                                                                                <_UIBarBackground alpha=\"1.0\" class=\"_UIBarBackground\" focused=\"false\" height=\"116\" ptr=\"0x11b63e800\" visibility=\"visible\" width=\"402\" x=\"0\" y=\"-62\">\n                                                                                    <UIImageView alpha=\"1.0\" class=\"UIImageView\" focused=\"false\" height=\"116\" ptr=\"0x10d36bc00\" visibility=\"visible\" width=\"402\" x=\"0\" y=\"0\" \/>\n                                                                                    <_UIBarBackgroundShadowView alpha=\"1.0\" class=\"_UIBarBackgroundShadowView\" focused=\"false\" height=\"0\" ptr=\"0x11b63f200\" visibility=\"visible\" width=\"402\" x=\"0\" y=\"116\">\n                                                                                        <_UIBarBackgroundShadowContentImageView alpha=\"1.0\" class=\"_UIBarBackgroundShadowContentImageView\" focused=\"false\" height=\"0\" ptr=\"0x11b63f480\" visibility=\"visible\" width=\"402\" x=\"0\" y=\"0\" \/>\n                                                                                    <\/_UIBarBackgroundShadowView>\n                                                                                <\/_UIBarBackground>\n                                                                                <UIKit.NavigationBarContentView alpha=\"1.0\" class=\"UIKit.NavigationBarContentView\" focused=\"false\" height=\"54\" ptr=\"0x108975800\" visibility=\"visible\" width=\"402\" x=\"0\" y=\"0\">\n                                                                                    <UIKit.NavigationBarTransitionContainer alpha=\"1.0\" class=\"UIKit.NavigationBarTransitionContainer\" focused=\"false\" height=\"54\" ptr=\"0x10d36ac00\" visibility=\"visible\" width=\"402\" x=\"0\" y=\"0\">\n                                                                                        <_UINavigationBarHostedViewContainer alpha=\"1.0\" class=\"_UINavigationBarHostedViewContainer\" focused=\"false\" height=\"54\" ptr=\"0x10bc92140\" visibility=\"visible\" width=\"402\" x=\"0\" y=\"0\">\n                                                                                            <_UINavigationBarHostedViewWrapper alpha=\"1.0\" class=\"_UINavigationBarHostedViewWrapper\" focused=\"false\" height=\"20\" ptr=\"0x11b75b200\" visibility=\"visible\" width=\"68\" x=\"167\" y=\"11\">\n                                                                                                <_UINavigationBarTitleControl alpha=\"1.0\" class=\"_UINavigationBarTitleControl\" focused=\"false\" height=\"20\" ptr=\"0x11b701200\" visibility=\"visible\" width=\"68\" x=\"0\" y=\"0\">\n                                                                                                    <_UIIntrinsicContentSizeInvalidationForwardingWrapperView alpha=\"1.0\" class=\"_UIIntrinsicContentSizeInvalidationForwardingWrapperView\" focused=\"false\" height=\"20\" ptr=\"0x10bcb8a80\" visibility=\"visible\" width=\"68\" x=\"0\" y=\"0\">\n                                                                                                        <UILabel alpha=\"1.0\" class=\"UILabel\" focused=\"false\" height=\"20\" label=\"Network\" ptr=\"0x11b7dc380\" text=\"Network\" visibility=\"visible\" width=\"67\" x=\"0\" y=\"0\" \/>\n                                                                                                    <\/_UIIntrinsicContentSizeInvalidationForwardingWrapperView>\n                                                                                                <\/_UINavigationBarTitleControl>\n                                                                                            <\/_UINavigationBarHostedViewWrapper>\n                                                                                        <\/_UINavigationBarHostedViewContainer>\n                                                                                        <UIView alpha=\"1.0\" class=\"UIView\" focused=\"false\" height=\"54\" ptr=\"0x10bc91f80\" visibility=\"visible\" width=\"402\" x=\"0\" y=\"0\" \/>\n                                                                                        <UIKit.NavigationBarPlatterContainer alpha=\"1.0\" class=\"UIKit.NavigationBarPlatterContainer\" focused=\"false\" height=\"54\" ptr=\"0x10bc92300\" visibility=\"visible\" width=\"402\" x=\"0\" y=\"0\">\n                                                                                            <_UINavigationBarPlatterView alpha=\"1.0\" class=\"_UINavigationBarPlatterView\" focused=\"false\" height=\"44\" ptr=\"0x11b701800\" visibility=\"visible\" width=\"44\" x=\"16\" y=\"0\">\n                                                                                                <_UINavigationBarPlatterAnimationView alpha=\"1.0\" class=\"_UINavigationBarPlatterAnimationView\" focused=\"false\" height=\"44\" ptr=\"0x10bcb9dc0\" visibility=\"visible\" width=\"44\" x=\"0\" y=\"0\">\n                                                                                                    <_UINavigationBarPlatterAnimationView alpha=\"1.0\" class=\"_UINavigationBarPlatterAnimationView\" focused=\"false\" height=\"44\" ptr=\"0x10bcba140\" visibility=\"visible\" width=\"44\" x=\"0\" y=\"0\">\n                                                                                                        <_UINavigationBarPlatterAnimationView alpha=\"1.0\" class=\"_UINavigationBarPlatterAnimationView\" focused=\"false\" height=\"48\" ptr=\"0x10bcba300\" visibility=\"visible\" width=\"48\" x=\"-2\" y=\"-2\">\n                                                                                                            <_UINavigationBarPlatterAnimationView alpha=\"1.0\" class=\"_UINavigationBarPlatterAnimationView\" focused=\"false\" height=\"40\" ptr=\"0x10bcba4c0\" visibility=\"visible\" width=\"40\" x=\"1\" y=\"1\">\n                                                                                                                <_UINavigationBarPlatterContentView alpha=\"1.0\" class=\"_UINavigationBarPlatterContentView\" focused=\"false\" height=\"44\" ptr=\"0x10bcba680\" visibility=\"visible\" width=\"44\" x=\"0\" y=\"0\">\n                                                                                                                    <_UINavigationBarPlatterGlassView alpha=\"1.0\" class=\"_UINavigationBarPlatterGlassView\" focused=\"false\" height=\"44\" ptr=\"0x10bcba840\" visibility=\"visible\" width=\"44\" x=\"0\" y=\"0\">\n                                                                                                                        <_UINavigationBarPlatterSubviewContainerView alpha=\"1.0\" class=\"_UINavigationBarPlatterSubviewContainerView\" focused=\"false\" height=\"44\" ptr=\"0x10bcbaa00\" visibility=\"visible\" width=\"44\" x=\"0\" y=\"0\">\n                                                                                                                            <_UINavigationBarPlatterItemView alpha=\"1.0\" class=\"_UINavigationBarPlatterItemView\" focused=\"false\" height=\"44\" ptr=\"0x11b7d2f80\" visibility=\"visible\" width=\"44\" x=\"0\" y=\"0\">\n                                                                                                                                <_UIButtonBarButton alpha=\"1.0\" class=\"_UIButtonBarButton\" focused=\"false\" height=\"44\" id=\"BackButton\" ptr=\"0x11b7d2800\" visibility=\"visible\" width=\"44\" x=\"0\" y=\"0\">\n                                                                                                                                    <_TtCC5UIKit29ButtonBarButtonVisualProviderP33_A98CD29F4F6ECA17AFECE41BBB264E5918BackButtonMaskView alpha=\"1.0\" class=\"_TtCC5UIKit29ButtonBarButtonVisualProviderP33_A98CD29F4F6ECA17AFECE41BBB264E5918BackButtonMaskView\" focused=\"false\" height=\"44\" ptr=\"0x10bcb8540\" visibility=\"invisible\" width=\"44\" x=\"0\" y=\"0\">\n                                                                                                                                        <UIImageView alpha=\"1.0\" class=\"UIImageView\" focused=\"false\" height=\"28\" id=\"UINavigationBarTitleTransitionBackIndicatorMaskSymbol\" ptr=\"0x11b75a800\" visibility=\"visible\" width=\"19\" x=\"0\" y=\"8\" \/>\n                                                                                                                                        <UIView alpha=\"1.0\" class=\"UIView\" focused=\"false\" height=\"44\" ptr=\"0x10bcb8700\" visibility=\"visible\" width=\"0\" x=\"44\" y=\"0\" \/>\n                                                                                                                                    <\/_TtCC5UIKit29ButtonBarButtonVisualProviderP33_A98CD29F4F6ECA17AFECE41BBB264E5918BackButtonMaskView>\n                                                                                                                                    <_TtCC5UIKit29ButtonBarButtonVisualProviderP33_A98CD29F4F6ECA17AFECE41BBB264E596Button alpha=\"1.0\" class=\"_TtCC5UIKit29ButtonBarButtonVisualProviderP33_A98CD29F4F6ECA17AFECE41BBB264E596Button\" focused=\"false\" height=\"23\" label=\"Back\" ptr=\"0x11b7dc000\" visibility=\"visible\" width=\"44\" x=\"0\" y=\"10\">\n                                                                                                                                        <UIImageView alpha=\"1.0\" class=\"UIImageView\" focused=\"false\" height=\"23\" id=\"chevron.backward\" label=\"Back\" ptr=\"0x11b75aa00\" visibility=\"visible\" width=\"16\" x=\"13\" y=\"0\" \/>\n                                                                                                                                    <\/_TtCC5UIKit29ButtonBarButtonVisualProviderP33_A98CD29F4F6ECA17AFECE41BBB264E596Button>\n                                                                                                                                <\/_UIButtonBarButton>\n                                                                                                                            <\/_UINavigationBarPlatterItemView>\n                                                                                                                        <\/_UINavigationBarPlatterSubviewContainerView>\n                                                                                                                    <\/_UINavigationBarPlatterGlassView>\n                                                                                                                <\/_UINavigationBarPlatterContentView>\n                                                                                                            <\/_UINavigationBarPlatterAnimationView>\n                                                                                                        <\/_UINavigationBarPlatterAnimationView>\n                                                                                                    <\/_UINavigationBarPlatterAnimationView>\n                                                                                                <\/_UINavigationBarPlatterAnimationView>\n                                                                                            <\/_UINavigationBarPlatterView>\n                                                                                        <\/UIKit.NavigationBarPlatterContainer>\n                                                                                    <\/UIKit.NavigationBarTransitionContainer>\n                                                                                <\/UIKit.NavigationBarContentView>\n                                                                                <_UIPointerInteractionAssistantEffectContainerView alpha=\"1.0\" class=\"_UIPointerInteractionAssistantEffectContainerView\" focused=\"false\" height=\"0\" ptr=\"0x10bc93480\" visibility=\"visible\" width=\"0\" x=\"0\" y=\"0\" \/>\n                                                                            <\/UINavigationBar>\n                                                                            <_UIFloatingBarContainerView alpha=\"1.0\" class=\"_UIFloatingBarContainerView\" focused=\"false\" height=\"795\" ptr=\"0x10d36b000\" visibility=\"visible\" width=\"402\" x=\"0\" y=\"0\">\n                                                                                <_TtGC5UIKitP10$186ea25a022FloatingBarHostingViewVS_20FloatingBarContainer_ alpha=\"1.0\" class=\"_TtGC5UIKitP10$186ea25a022FloatingBarHostingViewVS_20FloatingBarContainer_\" focused=\"false\" height=\"795\" ptr=\"0x10d36b800\" visibility=\"visible\" width=\"402\" x=\"0\" y=\"0\" \/>\n                                                                                <_UIPointerInteractionAssistantEffectContainerView alpha=\"1.0\" class=\"_UIPointerInteractionAssistantEffectContainerView\" focused=\"false\" height=\"0\" ptr=\"0x10bc92f40\" visibility=\"visible\" width=\"0\" x=\"0\" y=\"0\" \/>\n                                                                            <\/_UIFloatingBarContainerView>\n                                                                        <\/UILayoutContainerView>\n                                                                    <\/RNSScreenStackView>\n                                                                <\/RCTView>\n                                                            <\/RCTView>\n                                                        <\/RCTView>\n                                                    <\/RNSScreenView>\n                                                <\/UIViewControllerWrapperView>\n                                            <\/UINavigationTransitionView>\n                                            <UINavigationBar alpha=\"1.0\" class=\"UINavigationBar\" focused=\"false\" height=\"54\" id=\"RNSScreen\" ptr=\"0x10bdc8600\" visibility=\"invisible\" width=\"402\" x=\"0\" y=\"-116\">\n                                                <_UIBarBackground alpha=\"1.0\" class=\"_UIBarBackground\" focused=\"false\" height=\"116\" ptr=\"0x10d055900\" visibility=\"visible\" width=\"402\" x=\"0\" y=\"-62\" \/>\n                                                <_UIPointerInteractionAssistantEffectContainerView alpha=\"1.0\" class=\"_UIPointerInteractionAssistantEffectContainerView\" focused=\"false\" height=\"0\" ptr=\"0x108bed6c0\" visibility=\"visible\" width=\"0\" x=\"0\" y=\"0\" \/>\n                                            <\/UINavigationBar>\n                                            <_UIFloatingBarContainerView alpha=\"1.0\" class=\"_UIFloatingBarContainerView\" focused=\"false\" height=\"795\" ptr=\"0x10be0a200\" visibility=\"visible\" width=\"402\" x=\"0\" y=\"0\">\n                                                <_TtGC5UIKitP10$186ea25a022FloatingBarHostingViewVS_20FloatingBarContainer_ alpha=\"1.0\" class=\"_TtGC5UIKitP10$186ea25a022FloatingBarHostingViewVS_20FloatingBarContainer_\" focused=\"false\" height=\"795\" ptr=\"0x10be0aa00\" visibility=\"visible\" width=\"402\" x=\"0\" y=\"0\" \/>\n                                                <_UIPointerInteractionAssistantEffectContainerView alpha=\"1.0\" class=\"_UIPointerInteractionAssistantEffectContainerView\" focused=\"false\" height=\"0\" ptr=\"0x108bdc380\" visibility=\"visible\" width=\"0\" x=\"0\" y=\"0\" \/>\n                                            <\/_UIFloatingBarContainerView>\n                                        <\/UILayoutContainerView>\n                                    <\/RNSScreenNavigationContainerView>\n                                    <RCTView alpha=\"1.0\" class=\"RCTView\" focused=\"false\" height=\"79\" label=\"Home, tab, 1 of 3 Demos, tab, 2 of 3 Settings, tab, 3 of 3\" ptr=\"0x10d1a6d80\" visibility=\"visible\" width=\"402\" x=\"0\" y=\"795\">\n                                        <RCTView alpha=\"1.0\" class=\"RCTView\" focused=\"false\" height=\"78\" ptr=\"0x1089d3b80\" visibility=\"visible\" width=\"402\" x=\"0\" y=\"0\" \/>\n                                        <RCTView alpha=\"1.0\" class=\"RCTView\" focused=\"false\" height=\"48\" label=\"Home, tab, 1 of 3 Demos, tab, 2 of 3 Settings, tab, 3 of 3\" ptr=\"0x10d1a6a00\" visibility=\"visible\" width=\"402\" x=\"0\" y=\"0\">\n                                            <RCTView alpha=\"1.0\" class=\"RCTView\" focused=\"false\" height=\"48\" id=\"tab-home\" label=\"Home, tab, 1 of 3\" ptr=\"0x10d1a4a80\" visibility=\"visible\" width=\"134\" x=\"0\" y=\"0\">\n                                                <RCTView alpha=\"1.0\" class=\"RCTView\" focused=\"false\" height=\"34\" label=\"H H\" ptr=\"0x10d1a4700\" visibility=\"visible\" width=\"0\" x=\"67\" y=\"0\">\n                                                    <RCTView alpha=\"0.0\" class=\"RCTView\" focused=\"false\" height=\"34\" label=\"H\" ptr=\"0x10d1a4000\" visibility=\"visible\" width=\"134\" x=\"-67\" y=\"0\">\n                                                        <RCTTextView alpha=\"1.0\" class=\"RCTTextView\" focused=\"false\" height=\"22\" label=\"H\" ptr=\"0x10be0ac00\" text=\"H\" visibility=\"visible\" width=\"13\" x=\"60\" y=\"6\" \/>\n                                                    <\/RCTView>\n                                                    <RCTView alpha=\"1.0\" class=\"RCTView\" focused=\"false\" height=\"34\" label=\"H\" ptr=\"0x10d1a4380\" visibility=\"visible\" width=\"134\" x=\"-67\" y=\"0\">\n                                                        <RCTTextView alpha=\"1.0\" class=\"RCTTextView\" focused=\"false\" height=\"22\" label=\"H\" ptr=\"0x10be0ae00\" text=\"H\" visibility=\"visible\" width=\"13\" x=\"60\" y=\"6\" \/>\n                                                    <\/RCTView>\n                                                <\/RCTView>\n                                                <RCTTextView alpha=\"1.0\" class=\"RCTTextView\" focused=\"false\" height=\"14\" label=\"Home\" ptr=\"0x10be0b000\" text=\"Home\" visibility=\"visible\" width=\"34\" x=\"50\" y=\"34\" \/>\n                                            <\/RCTView>\n                                            <RCTView alpha=\"1.0\" class=\"RCTView\" focused=\"false\" height=\"48\" id=\"tab-demos\" label=\"Demos, tab, 2 of 3\" ptr=\"0x10d1a5880\" visibility=\"visible\" width=\"134\" x=\"134\" y=\"0\">\n                                                <RCTView alpha=\"1.0\" class=\"RCTView\" focused=\"false\" height=\"34\" label=\"D D\" ptr=\"0x10d1a5500\" visibility=\"visible\" width=\"0\" x=\"67\" y=\"0\">\n                                                    <RCTView alpha=\"1.0\" class=\"RCTView\" focused=\"false\" height=\"34\" label=\"D\" ptr=\"0x10d1a4e00\" visibility=\"visible\" width=\"134\" x=\"-67\" y=\"0\">\n                                                        <RCTTextView alpha=\"1.0\" class=\"RCTTextView\" focused=\"false\" height=\"22\" label=\"D\" ptr=\"0x10be0b200\" text=\"D\" visibility=\"visible\" width=\"13\" x=\"60\" y=\"6\" \/>\n                                                    <\/RCTView>\n                                                    <RCTView alpha=\"0.0\" class=\"RCTView\" focused=\"false\" height=\"34\" label=\"D\" ptr=\"0x10d1a5180\" visibility=\"visible\" width=\"134\" x=\"-67\" y=\"0\">\n                                                        <RCTTextView alpha=\"1.0\" class=\"RCTTextView\" focused=\"false\" height=\"22\" label=\"D\" ptr=\"0x10be0b400\" text=\"D\" visibility=\"visible\" width=\"13\" x=\"60\" y=\"6\" \/>\n                                                    <\/RCTView>\n                                                <\/RCTView>\n                                                <RCTTextView alpha=\"1.0\" class=\"RCTTextView\" focused=\"false\" height=\"14\" label=\"Demos\" ptr=\"0x10be0b600\" text=\"Demos\" visibility=\"visible\" width=\"40\" x=\"47\" y=\"34\" \/>\n                                            <\/RCTView>\n                                            <RCTView alpha=\"1.0\" class=\"RCTView\" focused=\"false\" height=\"48\" id=\"tab-settings\" label=\"Settings, tab, 3 of 3\" ptr=\"0x10d1a6680\" visibility=\"visible\" width=\"134\" x=\"268\" y=\"0\">\n                                                <RCTView alpha=\"1.0\" class=\"RCTView\" focused=\"false\" height=\"34\" label=\"S S\" ptr=\"0x10d1a6300\" visibility=\"visible\" width=\"0\" x=\"67\" y=\"0\">\n                                                    <RCTView alpha=\"0.0\" class=\"RCTView\" focused=\"false\" height=\"34\" label=\"S\" ptr=\"0x10d1a5c00\" visibility=\"visible\" width=\"134\" x=\"-67\" y=\"0\">\n                                                        <RCTTextView alpha=\"1.0\" class=\"RCTTextView\" focused=\"false\" height=\"22\" label=\"S\" ptr=\"0x10be0b800\" text=\"S\" visibility=\"visible\" width=\"11\" x=\"61\" y=\"6\" \/>\n                                                    <\/RCTView>\n                                                    <RCTView alpha=\"1.0\" class=\"RCTView\" focused=\"false\" height=\"34\" label=\"S\" ptr=\"0x10d1a5f80\" visibility=\"visible\" width=\"134\" x=\"-67\" y=\"0\">\n                                                        <RCTTextView alpha=\"1.0\" class=\"RCTTextView\" focused=\"false\" height=\"22\" label=\"S\" ptr=\"0x10be0ba00\" text=\"S\" visibility=\"visible\" width=\"11\" x=\"61\" y=\"6\" \/>\n                                                    <\/RCTView>\n                                                <\/RCTView>\n                                                <RCTTextView alpha=\"1.0\" class=\"RCTTextView\" focused=\"false\" height=\"14\" label=\"Settings\" ptr=\"0x10be0bc00\" text=\"Settings\" visibility=\"visible\" width=\"47\" x=\"43\" y=\"34\" \/>\n                                            <\/RCTView>\n                                        <\/RCTView>\n                                    <\/RCTView>\n                                <\/RNCSafeAreaProvider>\n                            <\/RCTView>\n                        <\/RCTView>\n                    <\/RCTRootContentView>\n                <\/RCTRootView>\n            <\/UIDropShadowView>\n        <\/UITransitionView>\n    <\/UIWindow>\n<\/ViewHierarchy>","details":"No elements found for “MATCHER(id == “demos-btn-errors”)”","windows":["<UIWindow: 0x10899c800; frame = (0 0; 402 874);>","<DTXTouchVisualizerWindow: 0x1088fc500; frame = (0 0; 402 874);>"],"DetoxFailureInformation":{"lineNumber":50,"file":"\/Users\/builder\/uibuilder\/work\/detox\/ios\/Detox\/Invocation\/Element.swift","functionName":"views"}},"type":"testFailed"}
23:23:52.285 detox[66808] i send
  data: {
    "messageId": 24,
    "params": {
      "NSLocalizedDescription": "No elements found for “MATCHER(id == “demos-btn-errors”)”",
      "visibilityFailingScreenshotsURL": "/Users/nonth/Library/Developer/CoreSimulator/Devices/B7E9BAD6-0C0D-41EE-BE0C-D49BF485382E/data/Containers/Data/Application/CC206481-6D7A-47E1-B8C0-C1FA132ACE12/tmp/visibilityFailingScreenshots",
      "visibilityFailingRectsURL": "/Users/nonth/Library/Developer/CoreSimulator/Devices/B7E9BAD6-0C0D-41EE-BE0C-D49BF485382E/data/Containers/Data/Application/CC206481-6D7A-47E1-B8C0-C1FA132ACE12/tmp/visibilityFailingRects",
      "viewHierarchy": "<?xml version=\"1.0\" encoding=\"utf-8\"?>\n<ViewHierarchy>\n    <UIWindow alpha=\"1.0\" class=\"UIWindow\" focused=\"false\" height=\"874\" ptr=\"0x10899c800\" visibility=\"visible\" width=\"402\">\n        <UITransitionView alpha=\"1.0\" class=\"UITransitionView\" focused=\"false\" height=\"874\" ptr=\"0x10be08000\" visibility=\"visible\" width=\"402\" x=\"0\" y=\"0\">\n            <UIDropShadowView alpha=\"1.0\" class=\"UIDropShadowView\" focused=\"false\" height=\"874\" ptr=\"0x10bd05b80\" visibility=\"visible\" width=\"402\" x=\"0\" y=\"0\">\n                <RCTRootView alpha=\"1.0\" class=\"RCTRootView\" focused=\"false\" height=\"874\" ptr=\"0x10bd05400\" visibility=\"visible\" width=\"402\" x=\"0\" y=\"0\">\n                    <RCTRootContentView alpha=\"1.0\" class=\"RCTRootContentView\" focused=\"false\" height=\"874\" label=\"Network Demos All requests are auto-instrumented by the SDK Fetch Data Fetch Error Fetch Multiple (3) XHR Request Log: Vertical scroll bar, 1 page Horizontal scroll bar, 1 page Network Home, tab, 1 of 3 Demos, tab, 2 of 3 Settings, tab, 3 of 3\" ptr=\"0x10899c400\" visibility=\"visible\" width=\"402\" x=\"0\" y=\"0\">\n                        <RCTView alpha=\"1.0\" class=\"RCTView\" focused=\"false\" height=\"874\" label=\"Network Demos All requests are auto-instrumented by the SDK Fetch Data Fetch Error Fetch Multiple (3) XHR Request Log: Vertical scroll bar, 1 page Horizontal scroll bar, 1 page Network Home, tab, 1 of 3 Demos, tab, 2 of 3 Settings, tab, 3 of 3\" ptr=\"0x10d1a7480\" visibility=\"visible\" width=\"402\" x=\"0\" y=\"0\">\n                            <RCTView alpha=\"1.0\" class=\"RCTView\" focused=\"false\" height=\"874\" label=\"Network Demos All requests are auto-instrumented by the SDK Fetch Data Fetch Error Fetch Multiple (3) XHR Request Log: Vertical scroll bar, 1 page Horizontal scroll bar, 1 page Network Home, tab, 1 of 3 Demos, tab, 2 of 3 Settings, tab, 3 of 3\" ptr=\"0x10d1a7100\" visibility=\"visible\" width=\"402\" x=\"0\" y=\"0\">\n                                <RNCSafeAreaProvider alpha=\"1.0\" class=\"RNCSafeAreaProvider\" focused=\"false\" height=\"874\" label=\"Network Demos All requests are auto-instrumented by the SDK Fetch Data Fetch Error Fetch Multiple (3) XHR Request Log: Vertical scroll bar, 1 page Horizontal scroll bar, 1 page Network Home, tab, 1 of 3 Demos, tab, 2 of 3 Settings, tab, 3 of 3\" ptr=\"0x10899d800\" visibility=\"visible\" width=\"402\" x=\"0\" y=\"0\">\n                                    <RNSScreenNavigationContainerView alpha=\"1.0\" class=\"RNSScreenNavigationContainerView\" focused=\"false\" height=\"795\" ptr=\"0x108bce140\" visibility=\"visible\" width=\"402\" x=\"0\" y=\"0\">\n                                        <UILayoutContainerView alpha=\"1.0\" class=\"UILayoutContainerView\" focused=\"false\" height=\"795\" ptr=\"0x108a17800\" visibility=\"visible\" width=\"402\" x=\"0\" y=\"0\">\n                                            <UINavigationTransitionView alpha=\"1.0\" class=\"UINavigationTransitionView\" focused=\"false\" height=\"795\" ptr=\"0x108a14a80\" visibility=\"visible\" width=\"402\" x=\"0\" y=\"0\">\n                                                <UIViewControllerWrapperView alpha=\"1.0\" class=\"UIViewControllerWrapperView\" focused=\"false\" height=\"795\" ptr=\"0x10bca6f40\" visibility=\"visible\" width=\"402\" x=\"0\" y=\"0\">\n                                                    <RNSScreenView alpha=\"1.0\" class=\"RNSScreenView\" focused=\"false\" height=\"795\" label=\"Network Demos All requests are auto-instrumented by the SDK Fetch Data Fetch Error Fetch Multiple (3) XHR Request Log: Vertical scroll bar, 1 page Horizontal scroll bar, 1 page Network\" ptr=\"0x1088fed00\" visibility=\"visible\" width=\"402\" x=\"0\" y=\"0\">\n                                                        <RCTView alpha=\"1.0\" class=\"RCTView\" focused=\"false\" height=\"795\" label=\"Network Demos All requests are auto-instrumented by the SDK Fetch Data Fetch Error Fetch Multiple (3) XHR Request Log: Vertical scroll bar, 1 page Horizontal scroll bar, 1 page Network\" ptr=\"0x10d29e300\" visibility=\"visible\" width=\"402\" x=\"0\" y=\"0\">\n                                                            <RCTView alpha=\"1.0\" class=\"RCTView\" focused=\"false\" height=\"795\" label=\"Network Demos All requests are auto-instrumented by the SDK Fetch Data Fetch Error Fetch Multiple (3) XHR Request Log: Vertical scroll bar, 1 page Horizontal scroll bar, 1 page Network\" ptr=\"0x10d29df80\" visibility=\"visible\" width=\"402\" x=\"0\" y=\"0\">\n                                                                <RCTView alpha=\"1.0\" class=\"RCTView\" focused=\"false\" height=\"795\" label=\"Network Demos All requests are auto-instrumented by the SDK Fetch Data Fetch Error Fetch Multiple (3) XHR Request Log: Vertical scroll bar, 1 page Horizontal scroll bar, 1 page Network\" ptr=\"0x10d29dc00\" visibility=\"visible\" width=\"402\" x=\"0\" y=\"0\">\n                                                                    <RNSScreenStackView alpha=\"1.0\" class=\"RNSScreenStackView\" focused=\"false\" height=\"795\" ptr=\"0x10d36a800\" visibility=\"visible\" width=\"402\" x=\"0\" y=\"0\">\n                                                                        <UILayoutContainerView alpha=\"1.0\" class=\"UILayoutContainerView\" focused=\"false\" height=\"795\" ptr=\"0x10bc91dc0\" visibility=\"visible\" width=\"402\" x=\"0\" y=\"0\">\n                                                                            <UINavigationTransitionView alpha=\"1.0\" class=\"UINavigationTransitionView\" focused=\"false\" height=\"795\" ptr=\"0x10bc92a00\" visibility=\"visible\" width=\"402\" x=\"0\" y=\"0\">\n                                                                                <UIViewControllerWrapperView alpha=\"1.0\" class=\"UIViewControllerWrapperView\" focused=\"false\" height=\"795\" ptr=\"0x10bc93b80\" visibility=\"visible\" width=\"402\" x=\"0\" y=\"0\">\n                                                                                    <RNSScreenView alpha=\"1.0\" class=\"RNSScreenView\" focused=\"false\" height=\"679\" label=\"Network Demos All requests are auto-instrumented by the SDK Fetch Data Fetch Error Fetch Multiple (3) XHR Request Log: Vertical scroll bar, 1 page Horizontal scroll bar, 1 page\" ptr=\"0x11b6fd900\" visibility=\"visible\" width=\"402\" x=\"0\" y=\"116\">\n                                                                                        <RCTView alpha=\"1.0\" class=\"RCTView\" focused=\"false\" height=\"679\" label=\"Network Demos All requests are auto-instrumented by the SDK Fetch Data Fetch Error Fetch Multiple (3) XHR Request Log: Vertical scroll bar, 1 page Horizontal scroll bar, 1 page\" ptr=\"0x11b6f7b80\" visibility=\"visible\" width=\"402\" x=\"0\" y=\"0\">\n                                                                                            <RCTView alpha=\"1.0\" class=\"RCTView\" focused=\"false\" height=\"679\" label=\"Network Demos All requests are auto-instrumented by the SDK Fetch Data Fetch Error Fetch Multiple (3) XHR Request Log: Vertical scroll bar, 1 page Horizontal scroll bar, 1 page\" ptr=\"0x11b6f7800\" visibility=\"visible\" width=\"402\" x=\"0\" y=\"0\">\n                                                                                                <RCTSafeAreaView alpha=\"1.0\" class=\"RCTSafeAreaView\" focused=\"false\" height=\"679\" label=\"Network Demos All requests are auto-instrumented by the SDK Fetch Data Fetch Error Fetch Multiple (3) XHR Request Log: Vertical scroll bar, 1 page Horizontal scroll bar, 1 page\" ptr=\"0x10899ec00\" visibility=\"visible\" width=\"402\" x=\"0\" y=\"0\">\n                                                                                                    <RCTScrollView alpha=\"1.0\" class=\"RCTScrollView\" focused=\"false\" height=\"679\" label=\"Network Demos All requests are auto-instrumented by the SDK Fetch Data Fetch Error Fetch Multiple (3) XHR Request Log: Vertical scroll bar, 1 page Horizontal scroll bar, 1 page\" ptr=\"0x11b6fd400\" visibility=\"visible\" width=\"402\" x=\"0\" y=\"0\">\n                                                                                                        <RCTCustomScrollView alpha=\"1.0\" class=\"RCTCustomScrollView\" focused=\"false\" height=\"679\" ptr=\"0x108b8ca00\" visibility=\"visible\" width=\"402\" x=\"0\" y=\"0\">\n                                                                                                            <RCTScrollContentView alpha=\"1.0\" class=\"RCTScrollContentView\" focused=\"false\" height=\"210\" label=\"Network Demos All requests are auto-instrumented by the SDK Fetch Data Fetch Error Fetch Multiple (3) XHR Request Log:\" ptr=\"0x11b6f7480\" visibility=\"visible\" width=\"370\" x=\"16\" y=\"16\">\n                                                                                                                <RCTTextView alpha=\"1.0\" class=\"RCTTextView\" focused=\"false\" height=\"26\" label=\"Network Demos\" ptr=\"0x11b758a00\" text=\"Network Demos\" visibility=\"visible\" width=\"370\" x=\"0\" y=\"0\" />\n                                                                                                                <RCTTextView alpha=\"1.0\" class=\"RCTTextView\" focused=\"false\" height=\"16\" label=\"All requests are auto-instrumented by the SDK\" ptr=\"0x11b758c00\" text=\"All requests are auto-instrumented by the SDK\" visibility=\"visible\" width=\"370\" x=\"0\" y=\"30\" />\n                                                                                                                <RCTView alpha=\"1.0\" class=\"RCTView\" focused=\"false\" height=\"71\" label=\"Fetch Data Fetch Error Fetch Multiple (3) XHR Request\" ptr=\"0x11b6f6d80\" visibility=\"visible\" width=\"370\" x=\"0\" y=\"62\">\n                                                                                                                    <RCTView alpha=\"1.0\" class=\"RCTView\" focused=\"false\" height=\"31\" id=\"network-btn-fetch\" label=\"Fetch Data\" ptr=\"0x11b6f5f80\" visibility=\"visible\" width=\"92\" x=\"0\" y=\"0\">\n                                                                                                                        <RCTTextView alpha=\"1.0\" class=\"RCTTextView\" focused=\"false\" height=\"16\" label=\"Fetch Data\" ptr=\"0x11b758e00\" text=\"Fetch Data\" visibility=\"visible\" width=\"68\" x=\"12\" y=\"8\" />\n                                                                                                                    </RCTView>\n                                                                                                                    <RCTView alpha=\"1.0\" class=\"RCTView\" focused=\"false\" height=\"31\" id=\"network-btn-fetch-error\" label=\"Fetch Error\" ptr=\"0x11b6f6300\" visibility=\"visible\" width=\"94\" x=\"100\" y=\"0\">\n                                                                                                                        <RCTTextView alpha=\"1.0\" class=\"RCTTextView\" focused=\"false\" height=\"16\" label=\"Fetch Error\" ptr=\"0x11b759000\" text=\"Fetch Error\" visibility=\"visible\" width=\"71\" x=\"12\" y=\"8\" />\n                                                                                                                    </RCTView>\n                                                                                                                    <RCTView alpha=\"1.0\" class=\"RCTView\" focused=\"false\" height=\"31\" id=\"network-btn-fetch-multiple\" label=\"Fetch Multiple (3)\" ptr=\"0x11b6f6680\" visibility=\"visible\" width=\"136\" x=\"203\" y=\"0\">\n                                                                                                                        <RCTTextView alpha=\"1.0\" class=\"RCTTextView\" focused=\"false\" height=\"16\" label=\"Fetch Multiple (3)\" ptr=\"0x11b759200\" text=\"Fetch Multiple (3)\" visibility=\"visible\" width=\"112\" x=\"12\" y=\"8\" />\n                                                                                                                    </RCTView>\n                                                                                                                    <RCTView alpha=\"1.0\" class=\"RCTView\" focused=\"false\" height=\"31\" id=\"network-btn-xhr\" label=\"XHR Request\" ptr=\"0x11b6f6a00\" visibility=\"visible\" width=\"107\" x=\"0\" y=\"39\">\n                                                                                                                        <RCTTextView alpha=\"1.0\" class=\"RCTTextView\" focused=\"false\" height=\"16\" label=\"XHR Request\" ptr=\"0x11b759400\" text=\"XHR Request\" visibility=\"visible\" width=\"83\" x=\"12\" y=\"8\" />\n                                                                                                                    </RCTView>\n                                                                                                                </RCTView>\n                                                                                                                <RCTView alpha=\"1.0\" class=\"RCTView\" focused=\"false\" height=\"45\" id=\"network-result\" label=\"Log:\" ptr=\"0x11b6f7100\" visibility=\"visible\" width=\"370\" x=\"0\" y=\"149\">\n                                                                                                                    <RCTTextView alpha=\"1.0\" class=\"RCTTextView\" focused=\"false\" height=\"17\" label=\"Log:\" ptr=\"0x11b759600\" text=\"Log:\" visibility=\"visible\" width=\"346\" x=\"12\" y=\"12\" />\n                                                                                                                </RCTView>\n                                                                                                            </RCTScrollContentView>\n                                                                                                            <_UIScrollViewScrollIndicator alpha=\"0.0\" class=\"_UIScrollViewScrollIndicator\" focused=\"false\" height=\"204\" label=\"Vertical scroll bar, 1 page\" ptr=\"0x11b759e00\" value=\"0%\" visibility=\"visible\" width=\"3\" x=\"396\" y=\"587\">\n                                                                                                                <UIView alpha=\"1.0\" class=\"UIView\" focused=\"false\" height=\"204\" ptr=\"0x10bcb3640\" visibility=\"visible\" width=\"3\" x=\"0\" y=\"0\" />\n                                                                                                            </_UIScrollViewScrollIndicator>\n                                                                                                            <_UIScrollViewScrollIndicator alpha=\"0.0\" class=\"_UIScrollViewScrollIndicator\" focused=\"false\" height=\"3\" label=\"Horizontal scroll bar, 1 page\" ptr=\"0x11b759c00\" value=\"0%\" visibility=\"visible\" width=\"364\" x=\"35\" y=\"673\">\n                                                                                                                <UIView alpha=\"1.0\" class=\"UIView\" focused=\"false\" height=\"3\" ptr=\"0x10bcb32c0\" visibility=\"visible\" width=\"364\" x=\"0\" y=\"0\" />\n                                                                                                            </_UIScrollViewScrollIndicator>\n                                                                                                        </RCTCustomScrollView>\n                                                                                                    </RCTScrollView>\n                                                                                                </RCTSafeAreaView>\n                                                                                            </RCTView>\n                                                                                        </RCTView>\n                                                                                    </RNSScreenView>\n                                                                                </UIViewControllerWrapperView>\n                                                                            </UINavigationTransitionView>\n                                                                            <UINavigationBar alpha=\"1.0\" class=\"UINavigationBar\" focused=\"false\" height=\"54\" id=\"Network\" ptr=\"0x10bdcaa00\" visibility=\"visible\" width=\"402\" x=\"0\" y=\"62\">\n                                                                                <_UIBarBackground alpha=\"1.0\" class=\"_UIBarBackground\" focused=\"false\" height=\"116\" ptr=\"0x11b63e800\" visibility=\"visible\" width=\"402\" x=\"0\" y=\"-62\">\n                                                                                    <UIImageView alpha=\"1.0\" class=\"UIImageView\" focused=\"false\" height=\"116\" ptr=\"0x10d36bc00\" visibility=\"visible\" width=\"402\" x=\"0\" y=\"0\" />\n                                                                                    <_UIBarBackgroundShadowView alpha=\"1.0\" class=\"_UIBarBackgroundShadowView\" focused=\"false\" height=\"0\" ptr=\"0x11b63f200\" visibility=\"visible\" width=\"402\" x=\"0\" y=\"116\">\n                                                                                        <_UIBarBackgroundShadowContentImageView alpha=\"1.0\" class=\"_UIBarBackgroundShadowContentImageView\" focused=\"false\" height=\"0\" ptr=\"0x11b63f480\" visibility=\"visible\" width=\"402\" x=\"0\" y=\"0\" />\n                                                                                    </_UIBarBackgroundShadowView>\n                                                                                </_UIBarBackground>\n                                                                                <UIKit.NavigationBarContentView alpha=\"1.0\" class=\"UIKit.NavigationBarContentView\" focused=\"false\" height=\"54\" ptr=\"0x108975800\" visibility=\"visible\" width=\"402\" x=\"0\" y=\"0\">\n                                                                                    <UIKit.NavigationBarTransitionContainer alpha=\"1.0\" class=\"UIKit.NavigationBarTransitionContainer\" focused=\"false\" height=\"54\" ptr=\"0x10d36ac00\" visibility=\"visible\" width=\"402\" x=\"0\" y=\"0\">\n                                                                                        <_UINavigationBarHostedViewContainer alpha=\"1.0\" class=\"_UINavigationBarHostedViewContainer\" focused=\"false\" height=\"54\" ptr=\"0x10bc92140\" visibility=\"visible\" width=\"402\" x=\"0\" y=\"0\">\n                                                                                            <_UINavigationBarHostedViewWrapper alpha=\"1.0\" class=\"_UINavigationBarHostedViewWrapper\" focused=\"false\" height=\"20\" ptr=\"0x11b75b200\" visibility=\"visible\" width=\"68\" x=\"167\" y=\"11\">\n                                                                                                <_UINavigationBarTitleControl alpha=\"1.0\" class=\"_UINavigationBarTitleControl\" focused=\"false\" height=\"20\" ptr=\"0x11b701200\" visibility=\"visible\" width=\"68\" x=\"0\" y=\"0\">\n                                                                                                    <_UIIntrinsicContentSizeInvalidationForwardingWrapperView alpha=\"1.0\" class=\"_UIIntrinsicContentSizeInvalidationForwardingWrapperView\" focused=\"false\" height=\"20\" ptr=\"0x10bcb8a80\" visibility=\"visible\" width=\"68\" x=\"0\" y=\"0\">\n                                                                                                        <UILabel alpha=\"1.0\" class=\"UILabel\" focused=\"false\" height=\"20\" label=\"Network\" ptr=\"0x11b7dc380\" text=\"Network\" visibility=\"visible\" width=\"67\" x=\"0\" y=\"0\" />\n                                                                                                    </_UIIntrinsicContentSizeInvalidationForwardingWrapperView>\n                                                                                                </_UINavigationBarTitleControl>\n                                                                                            </_UINavigationBarHostedViewWrapper>\n                                                                                        </_UINavigationBarHostedViewContainer>\n                                                                                        <UIView alpha=\"1.0\" class=\"UIView\" focused=\"false\" height=\"54\" ptr=\"0x10bc91f80\" visibility=\"visible\" width=\"402\" x=\"0\" y=\"0\" />\n                                                                                        <UIKit.NavigationBarPlatterContainer alpha=\"1.0\" class=\"UIKit.NavigationBarPlatterContainer\" focused=\"false\" height=\"54\" ptr=\"0x10bc92300\" visibility=\"visible\" width=\"402\" x=\"0\" y=\"0\">\n                                                                                            <_UINavigationBarPlatterView alpha=\"1.0\" class=\"_UINavigationBarPlatterView\" focused=\"false\" height=\"44\" ptr=\"0x11b701800\" visibility=\"visible\" width=\"44\" x=\"16\" y=\"0\">\n                                                                                                <_UINavigationBarPlatterAnimationView alpha=\"1.0\" class=\"_UINavigationBarPlatterAnimationView\" focused=\"false\" height=\"44\" ptr=\"0x10bcb9dc0\" visibility=\"visible\" width=\"44\" x=\"0\" y=\"0\">\n                                                                                                    <_UINavigationBarPlatterAnimationView alpha=\"1.0\" class=\"_UINavigationBarPlatterAnimationView\" focused=\"false\" height=\"44\" ptr=\"0x10bcba140\" visibility=\"visible\" width=\"44\" x=\"0\" y=\"0\">\n                                                                                                        <_UINavigationBarPlatterAnimationView alpha=\"1.0\" class=\"_UINavigationBarPlatterAnimationView\" focused=\"false\" height=\"48\" ptr=\"0x10bcba300\" visibility=\"visible\" width=\"48\" x=\"-2\" y=\"-2\">\n                                                                                                            <_UINavigationBarPlatterAnimationView alpha=\"1.0\" class=\"_UINavigationBarPlatterAnimationView\" focused=\"false\" height=\"40\" ptr=\"0x10bcba4c0\" visibility=\"visible\" width=\"40\" x=\"1\" y=\"1\">\n                                                                                                                <_UINavigationBarPlatterContentView alpha=\"1.0\" class=\"_UINavigationBarPlatterContentView\" focused=\"false\" height=\"44\" ptr=\"0x10bcba680\" visibility=\"visible\" width=\"44\" x=\"0\" y=\"0\">\n                                                                                                                    <_UINavigationBarPlatterGlassView alpha=\"1.0\" class=\"_UINavigationBarPlatterGlassView\" focused=\"false\" height=\"44\" ptr=\"0x10bcba840\" visibility=\"visible\" width=\"44\" x=\"0\" y=\"0\">\n                                                                                                                        <_UINavigationBarPlatterSubviewContainerView alpha=\"1.0\" class=\"_UINavigationBarPlatterSubviewContainerView\" focused=\"false\" height=\"44\" ptr=\"0x10bcbaa00\" visibility=\"visible\" width=\"44\" x=\"0\" y=\"0\">\n                                                                                                                            <_UINavigationBarPlatterItemView alpha=\"1.0\" class=\"_UINavigationBarPlatterItemView\" focused=\"false\" height=\"44\" ptr=\"0x11b7d2f80\" visibility=\"visible\" width=\"44\" x=\"0\" y=\"0\">\n                                                                                                                                <_UIButtonBarButton alpha=\"1.0\" class=\"_UIButtonBarButton\" focused=\"false\" height=\"44\" id=\"BackButton\" ptr=\"0x11b7d2800\" visibility=\"visible\" width=\"44\" x=\"0\" y=\"0\">\n                                                                                                                                    <_TtCC5UIKit29ButtonBarButtonVisualProviderP33_A98CD29F4F6ECA17AFECE41BBB264E5918BackButtonMaskView alpha=\"1.0\" class=\"_TtCC5UIKit29ButtonBarButtonVisualProviderP33_A98CD29F4F6ECA17AFECE41BBB264E5918BackButtonMaskView\" focused=\"false\" height=\"44\" ptr=\"0x10bcb8540\" visibility=\"invisible\" width=\"44\" x=\"0\" y=\"0\">\n                                                                                                                                        <UIImageView alpha=\"1.0\" class=\"UIImageView\" focused=\"false\" height=\"28\" id=\"UINavigationBarTitleTransitionBackIndicatorMaskSymbol\" ptr=\"0x11b75a800\" visibility=\"visible\" width=\"19\" x=\"0\" y=\"8\" />\n                                                                                                                                        <UIView alpha=\"1.0\" class=\"UIView\" focused=\"false\" height=\"44\" ptr=\"0x10bcb8700\" visibility=\"visible\" width=\"0\" x=\"44\" y=\"0\" />\n                                                                                                                                    </_TtCC5UIKit29ButtonBarButtonVisualProviderP33_A98CD29F4F6ECA17AFECE41BBB264E5918BackButtonMaskView>\n                                                                                                                                    <_TtCC5UIKit29ButtonBarButtonVisualProviderP33_A98CD29F4F6ECA17AFECE41BBB264E596Button alpha=\"1.0\" class=\"_TtCC5UIKit29ButtonBarButtonVisualProviderP33_A98CD29F4F6ECA17AFECE41BBB264E596Button\" focused=\"false\" height=\"23\" label=\"Back\" ptr=\"0x11b7dc000\" visibility=\"visible\" width=\"44\" x=\"0\" y=\"10\">\n                                                                                                                                        <UIImageView alpha=\"1.0\" class=\"UIImageView\" focused=\"false\" height=\"23\" id=\"chevron.backward\" label=\"Back\" ptr=\"0x11b75aa00\" visibility=\"visible\" width=\"16\" x=\"13\" y=\"0\" />\n                                                                                                                                    </_TtCC5UIKit29ButtonBarButtonVisualProviderP33_A98CD29F4F6ECA17AFECE41BBB264E596Button>\n                                                                                                                                </_UIButtonBarButton>\n                                                                                                                            </_UINavigationBarPlatterItemView>\n                                                                                                                        </_UINavigationBarPlatterSubviewContainerView>\n                                                                                                                    </_UINavigationBarPlatterGlassView>\n                                                                                                                </_UINavigationBarPlatterContentView>\n                                                                                                            </_UINavigationBarPlatterAnimationView>\n                                                                                                        </_UINavigationBarPlatterAnimationView>\n                                                                                                    </_UINavigationBarPlatterAnimationView>\n                                                                                                </_UINavigationBarPlatterAnimationView>\n                                                                                            </_UINavigationBarPlatterView>\n                                                                                        </UIKit.NavigationBarPlatterContainer>\n                                                                                    </UIKit.NavigationBarTransitionContainer>\n                                                                                </UIKit.NavigationBarContentView>\n                                                                                <_UIPointerInteractionAssistantEffectContainerView alpha=\"1.0\" class=\"_UIPointerInteractionAssistantEffectContainerView\" focused=\"false\" height=\"0\" ptr=\"0x10bc93480\" visibility=\"visible\" width=\"0\" x=\"0\" y=\"0\" />\n                                                                            </UINavigationBar>\n                                                                            <_UIFloatingBarContainerView alpha=\"1.0\" class=\"_UIFloatingBarContainerView\" focused=\"false\" height=\"795\" ptr=\"0x10d36b000\" visibility=\"visible\" width=\"402\" x=\"0\" y=\"0\">\n                                                                                <_TtGC5UIKitP10$186ea25a022FloatingBarHostingViewVS_20FloatingBarContainer_ alpha=\"1.0\" class=\"_TtGC5UIKitP10$186ea25a022FloatingBarHostingViewVS_20FloatingBarContainer_\" focused=\"false\" height=\"795\" ptr=\"0x10d36b800\" visibility=\"visible\" width=\"402\" x=\"0\" y=\"0\" />\n                                                                                <_UIPointerInteractionAssistantEffectContainerView alpha=\"1.0\" class=\"_UIPointerInteractionAssistantEffectContainerView\" focused=\"false\" height=\"0\" ptr=\"0x10bc92f40\" visibility=\"visible\" width=\"0\" x=\"0\" y=\"0\" />\n                                                                            </_UIFloatingBarContainerView>\n                                                                        </UILayoutContainerView>\n                                                                    </RNSScreenStackView>\n                                                                </RCTView>\n                                                            </RCTView>\n                                                        </RCTView>\n                                                    </RNSScreenView>\n                                                </UIViewControllerWrapperView>\n                                            </UINavigationTransitionView>\n                                            <UINavigationBar alpha=\"1.0\" class=\"UINavigationBar\" focused=\"false\" height=\"54\" id=\"RNSScreen\" ptr=\"0x10bdc8600\" visibility=\"invisible\" width=\"402\" x=\"0\" y=\"-116\">\n                                                <_UIBarBackground alpha=\"1.0\" class=\"_UIBarBackground\" focused=\"false\" height=\"116\" ptr=\"0x10d055900\" visibility=\"visible\" width=\"402\" x=\"0\" y=\"-62\" />\n                                                <_UIPointerInteractionAssistantEffectContainerView alpha=\"1.0\" class=\"_UIPointerInteractionAssistantEffectContainerView\" focused=\"false\" height=\"0\" ptr=\"0x108bed6c0\" visibility=\"visible\" width=\"0\" x=\"0\" y=\"0\" />\n                                            </UINavigationBar>\n                                            <_UIFloatingBarContainerView alpha=\"1.0\" class=\"_UIFloatingBarContainerView\" focused=\"false\" height=\"795\" ptr=\"0x10be0a200\" visibility=\"visible\" width=\"402\" x=\"0\" y=\"0\">\n                                                <_TtGC5UIKitP10$186ea25a022FloatingBarHostingViewVS_20FloatingBarContainer_ alpha=\"1.0\" class=\"_TtGC5UIKitP10$186ea25a022FloatingBarHostingViewVS_20FloatingBarContainer_\" focused=\"false\" height=\"795\" ptr=\"0x10be0aa00\" visibility=\"visible\" width=\"402\" x=\"0\" y=\"0\" />\n                                                <_UIPointerInteractionAssistantEffectContainerView alpha=\"1.0\" class=\"_UIPointerInteractionAssistantEffectContainerView\" focused=\"false\" height=\"0\" ptr=\"0x108bdc380\" visibility=\"visible\" width=\"0\" x=\"0\" y=\"0\" />\n                                            </_UIFloatingBarContainerView>\n                                        </UILayoutContainerView>\n                                    </RNSScreenNavigationContainerView>\n                                    <RCTView alpha=\"1.0\" class=\"RCTView\" focused=\"false\" height=\"79\" label=\"Home, tab, 1 of 3 Demos, tab, 2 of 3 Settings, tab, 3 of 3\" ptr=\"0x10d1a6d80\" visibility=\"visible\" width=\"402\" x=\"0\" y=\"795\">\n                                        <RCTView alpha=\"1.0\" class=\"RCTView\" focused=\"false\" height=\"78\" ptr=\"0x1089d3b80\" visibility=\"visible\" width=\"402\" x=\"0\" y=\"0\" />\n                                        <RCTView alpha=\"1.0\" class=\"RCTView\" focused=\"false\" height=\"48\" label=\"Home, tab, 1 of 3 Demos, tab, 2 of 3 Settings, tab, 3 of 3\" ptr=\"0x10d1a6a00\" visibility=\"visible\" width=\"402\" x=\"0\" y=\"0\">\n                                            <RCTView alpha=\"1.0\" class=\"RCTView\" focused=\"false\" height=\"48\" id=\"tab-home\" label=\"Home, tab, 1 of 3\" ptr=\"0x10d1a4a80\" visibility=\"visible\" width=\"134\" x=\"0\" y=\"0\">\n                                                <RCTView alpha=\"1.0\" class=\"RCTView\" focused=\"false\" height=\"34\" label=\"H H\" ptr=\"0x10d1a4700\" visibility=\"visible\" width=\"0\" x=\"67\" y=\"0\">\n                                                    <RCTView alpha=\"0.0\" class=\"RCTView\" focused=\"false\" height=\"34\" label=\"H\" ptr=\"0x10d1a4000\" visibility=\"visible\" width=\"134\" x=\"-67\" y=\"0\">\n                                                        <RCTTextView alpha=\"1.0\" class=\"RCTTextView\" focused=\"false\" height=\"22\" label=\"H\" ptr=\"0x10be0ac00\" text=\"H\" visibility=\"visible\" width=\"13\" x=\"60\" y=\"6\" />\n                                                    </RCTView>\n                                                    <RCTView alpha=\"1.0\" class=\"RCTView\" focused=\"false\" height=\"34\" label=\"H\" ptr=\"0x10d1a4380\" visibility=\"visible\" width=\"134\" x=\"-67\" y=\"0\">\n                                                        <RCTTextView alpha=\"1.0\" class=\"RCTTextView\" focused=\"false\" height=\"22\" label=\"H\" ptr=\"0x10be0ae00\" text=\"H\" visibility=\"visible\" width=\"13\" x=\"60\" y=\"6\" />\n                                                    </RCTView>\n                                                </RCTView>\n                                                <RCTTextView alpha=\"1.0\" class=\"RCTTextView\" focused=\"false\" height=\"14\" label=\"Home\" ptr=\"0x10be0b000\" text=\"Home\" visibility=\"visible\" width=\"34\" x=\"50\" y=\"34\" />\n                                            </RCTView>\n                                            <RCTView alpha=\"1.0\" class=\"RCTView\" focused=\"false\" height=\"48\" id=\"tab-demos\" label=\"Demos, tab, 2 of 3\" ptr=\"0x10d1a5880\" visibility=\"visible\" width=\"134\" x=\"134\" y=\"0\">\n                                                <RCTView alpha=\"1.0\" class=\"RCTView\" focused=\"false\" height=\"34\" label=\"D D\" ptr=\"0x10d1a5500\" visibility=\"visible\" width=\"0\" x=\"67\" y=\"0\">\n                                                    <RCTView alpha=\"1.0\" class=\"RCTView\" focused=\"false\" height=\"34\" label=\"D\" ptr=\"0x10d1a4e00\" visibility=\"visible\" width=\"134\" x=\"-67\" y=\"0\">\n                                                        <RCTTextView alpha=\"1.0\" class=\"RCTTextView\" focused=\"false\" height=\"22\" label=\"D\" ptr=\"0x10be0b200\" text=\"D\" visibility=\"visible\" width=\"13\" x=\"60\" y=\"6\" />\n                                                    </RCTView>\n                                                    <RCTView alpha=\"0.0\" class=\"RCTView\" focused=\"false\" height=\"34\" label=\"D\" ptr=\"0x10d1a5180\" visibility=\"visible\" width=\"134\" x=\"-67\" y=\"0\">\n                                                        <RCTTextView alpha=\"1.0\" class=\"RCTTextView\" focused=\"false\" height=\"22\" label=\"D\" ptr=\"0x10be0b400\" text=\"D\" visibility=\"visible\" width=\"13\" x=\"60\" y=\"6\" />\n                                                    </RCTView>\n                                                </RCTView>\n                                                <RCTTextView alpha=\"1.0\" class=\"RCTTextView\" focused=\"false\" height=\"14\" label=\"Demos\" ptr=\"0x10be0b600\" text=\"Demos\" visibility=\"visible\" width=\"40\" x=\"47\" y=\"34\" />\n                                            </RCTView>\n                                            <RCTView alpha=\"1.0\" class=\"RCTView\" focused=\"false\" height=\"48\" id=\"tab-settings\" label=\"Settings, tab, 3 of 3\" ptr=\"0x10d1a6680\" visibility=\"visible\" width=\"134\" x=\"268\" y=\"0\">\n                                                <RCTView alpha=\"1.0\" class=\"RCTView\" focused=\"false\" height=\"34\" label=\"S S\" ptr=\"0x10d1a6300\" visibility=\"visible\" width=\"0\" x=\"67\" y=\"0\">\n                                                    <RCTView alpha=\"0.0\" class=\"RCTView\" focused=\"false\" height=\"34\" label=\"S\" ptr=\"0x10d1a5c00\" visibility=\"visible\" width=\"134\" x=\"-67\" y=\"0\">\n                                                        <RCTTextView alpha=\"1.0\" class=\"RCTTextView\" focused=\"false\" height=\"22\" label=\"S\" ptr=\"0x10be0b800\" text=\"S\" visibility=\"visible\" width=\"11\" x=\"61\" y=\"6\" />\n                                                    </RCTView>\n                                                    <RCTView alpha=\"1.0\" class=\"RCTView\" focused=\"false\" height=\"34\" label=\"S\" ptr=\"0x10d1a5f80\" visibility=\"visible\" width=\"134\" x=\"-67\" y=\"0\">\n                                                        <RCTTextView alpha=\"1.0\" class=\"RCTTextView\" focused=\"false\" height=\"22\" label=\"S\" ptr=\"0x10be0ba00\" text=\"S\" visibility=\"visible\" width=\"11\" x=\"61\" y=\"6\" />\n                                                    </RCTView>\n                                                </RCTView>\n                                                <RCTTextView alpha=\"1.0\" class=\"RCTTextView\" focused=\"false\" height=\"14\" label=\"Settings\" ptr=\"0x10be0bc00\" text=\"Settings\" visibility=\"visible\" width=\"47\" x=\"43\" y=\"34\" />\n                                            </RCTView>\n                                        </RCTView>\n                                    </RCTView>\n                                </RNCSafeAreaProvider>\n                            </RCTView>\n                        </RCTView>\n                    </RCTRootContentView>\n                </RCTRootView>\n            </UIDropShadowView>\n        </UITransitionView>\n    </UIWindow>\n</ViewHierarchy>",
      "details": "No elements found for “MATCHER(id == “demos-btn-errors”)”",
      "windows": [
        "<UIWindow: 0x10899c800; frame = (0 0; 402 874);>",
        "<DTXTouchVisualizerWindow: 0x1088fc500; frame = (0 0; 402 874);>"
      ],
      "DetoxFailureInformation": {
        "lineNumber": 50,
        "file": "/Users/builder/uibuilder/work/detox/ios/Detox/Invocation/Element.swift",
        "functionName": "views"
      }
    },
    "type": "testFailed"
  }
23:23:52.286 detox[66809] i get message
  data: {"messageId":24,"params":{"NSLocalizedDescription":"No elements found for “MATCHER(id == “demos-btn-errors”)”","visibilityFailingScreenshotsURL":"/Users/nonth/Library/Developer/CoreSimulator/Devices/B7E9BAD6-0C0D-41EE-BE0C-D49BF485382E/data/Containers/Data/Application/CC206481-6D7A-47E1-B8C0-C1FA132ACE12/tmp/visibilityFailingScreenshots","visibilityFailingRectsURL":"/Users/nonth/Library/Developer/CoreSimulator/Devices/B7E9BAD6-0C0D-41EE-BE0C-D49BF485382E/data/Containers/Data/Application/CC206481-6D7A-47E1-B8C0-C1FA132ACE12/tmp/visibilityFailingRects","viewHierarchy":"<?xml version=\"1.0\" encoding=\"utf-8\"?>\n<ViewHierarchy>\n    <UIWindow alpha=\"1.0\" class=\"UIWindow\" focused=\"false\" height=\"874\" ptr=\"0x10899c800\" visibility=\"visible\" width=\"402\">\n        <UITransitionView alpha=\"1.0\" class=\"UITransitionView\" focused=\"false\" height=\"874\" ptr=\"0x10be08000\" visibility=\"visible\" width=\"402\" x=\"0\" y=\"0\">\n            <UIDropShadowView alpha=\"1.0\" class=\"UIDropShadowView\" focused=\"false\" height=\"874\" ptr=\"0x10bd05b80\" visibility=\"visible\" width=\"402\" x=\"0\" y=\"0\">\n                <RCTRootView alpha=\"1.0\" class=\"RCTRootView\" focused=\"false\" height=\"874\" ptr=\"0x10bd05400\" visibility=\"visible\" width=\"402\" x=\"0\" y=\"0\">\n                    <RCTRootContentView alpha=\"1.0\" class=\"RCTRootContentView\" focused=\"false\" height=\"874\" label=\"Network Demos All requests are auto-instrumented by the SDK Fetch Data Fetch Error Fetch Multiple (3) XHR Request Log: Vertical scroll bar, 1 page Horizontal scroll bar, 1 page Network Home, tab, 1 of 3 Demos, tab, 2 of 3 Settings, tab, 3 of 3\" ptr=\"0x10899c400\" visibility=\"visible\" width=\"402\" x=\"0\" y=\"0\">\n                        <RCTView alpha=\"1.0\" class=\"RCTView\" focused=\"false\" height=\"874\" label=\"Network Demos All requests are auto-instrumented by the SDK Fetch Data Fetch Error Fetch Multiple (3) XHR Request Log: Vertical scroll bar, 1 page Horizontal scroll bar, 1 page Network Home, tab, 1 of 3 Demos, tab, 2 of 3 Settings, tab, 3 of 3\" ptr=\"0x10d1a7480\" visibility=\"visible\" width=\"402\" x=\"0\" y=\"0\">\n                            <RCTView alpha=\"1.0\" class=\"RCTView\" focused=\"false\" height=\"874\" label=\"Network Demos All requests are auto-instrumented by the SDK Fetch Data Fetch Error Fetch Multiple (3) XHR Request Log: Vertical scroll bar, 1 page Horizontal scroll bar, 1 page Network Home, tab, 1 of 3 Demos, tab, 2 of 3 Settings, tab, 3 of 3\" ptr=\"0x10d1a7100\" visibility=\"visible\" width=\"402\" x=\"0\" y=\"0\">\n                                <RNCSafeAreaProvider alpha=\"1.0\" class=\"RNCSafeAreaProvider\" focused=\"false\" height=\"874\" label=\"Network Demos All requests are auto-instrumented by the SDK Fetch Data Fetch Error Fetch Multiple (3) XHR Request Log: Vertical scroll bar, 1 page Horizontal scroll bar, 1 page Network Home, tab, 1 of 3 Demos, tab, 2 of 3 Settings, tab, 3 of 3\" ptr=\"0x10899d800\" visibility=\"visible\" width=\"402\" x=\"0\" y=\"0\">\n                                    <RNSScreenNavigationContainerView alpha=\"1.0\" class=\"RNSScreenNavigationContainerView\" focused=\"false\" height=\"795\" ptr=\"0x108bce140\" visibility=\"visible\" width=\"402\" x=\"0\" y=\"0\">\n                                        <UILayoutContainerView alpha=\"1.0\" class=\"UILayoutContainerView\" focused=\"false\" height=\"795\" ptr=\"0x108a17800\" visibility=\"visible\" width=\"402\" x=\"0\" y=\"0\">\n                                            <UINavigationTransitionView alpha=\"1.0\" class=\"UINavigationTransitionView\" focused=\"false\" height=\"795\" ptr=\"0x108a14a80\" visibility=\"visible\" width=\"402\" x=\"0\" y=\"0\">\n                                                <UIViewControllerWrapperView alpha=\"1.0\" class=\"UIViewControllerWrapperView\" focused=\"false\" height=\"795\" ptr=\"0x10bca6f40\" visibility=\"visible\" width=\"402\" x=\"0\" y=\"0\">\n                                                    <RNSScreenView alpha=\"1.0\" class=\"RNSScreenView\" focused=\"false\" height=\"795\" label=\"Network Demos All requests are auto-instrumented by the SDK Fetch Data Fetch Error Fetch Multiple (3) XHR Request Log: Vertical scroll bar, 1 page Horizontal scroll bar, 1 page Network\" ptr=\"0x1088fed00\" visibility=\"visible\" width=\"402\" x=\"0\" y=\"0\">\n                                                        <RCTView alpha=\"1.0\" class=\"RCTView\" focused=\"false\" height=\"795\" label=\"Network Demos All requests are auto-instrumented by the SDK Fetch Data Fetch Error Fetch Multiple (3) XHR Request Log: Vertical scroll bar, 1 page Horizontal scroll bar, 1 page Network\" ptr=\"0x10d29e300\" visibility=\"visible\" width=\"402\" x=\"0\" y=\"0\">\n                                                            <RCTView alpha=\"1.0\" class=\"RCTView\" focused=\"false\" height=\"795\" label=\"Network Demos All requests are auto-instrumented by the SDK Fetch Data Fetch Error Fetch Multiple (3) XHR Request Log: Vertical scroll bar, 1 page Horizontal scroll bar, 1 page Network\" ptr=\"0x10d29df80\" visibility=\"visible\" width=\"402\" x=\"0\" y=\"0\">\n                                                                <RCTView alpha=\"1.0\" class=\"RCTView\" focused=\"false\" height=\"795\" label=\"Network Demos All requests are auto-instrumented by the SDK Fetch Data Fetch Error Fetch Multiple (3) XHR Request Log: Vertical scroll bar, 1 page Horizontal scroll bar, 1 page Network\" ptr=\"0x10d29dc00\" visibility=\"visible\" width=\"402\" x=\"0\" y=\"0\">\n                                                                    <RNSScreenStackView alpha=\"1.0\" class=\"RNSScreenStackView\" focused=\"false\" height=\"795\" ptr=\"0x10d36a800\" visibility=\"visible\" width=\"402\" x=\"0\" y=\"0\">\n                                                                        <UILayoutContainerView alpha=\"1.0\" class=\"UILayoutContainerView\" focused=\"false\" height=\"795\" ptr=\"0x10bc91dc0\" visibility=\"visible\" width=\"402\" x=\"0\" y=\"0\">\n                                                                            <UINavigationTransitionView alpha=\"1.0\" class=\"UINavigationTransitionView\" focused=\"false\" height=\"795\" ptr=\"0x10bc92a00\" visibility=\"visible\" width=\"402\" x=\"0\" y=\"0\">\n                                                                                <UIViewControllerWrapperView alpha=\"1.0\" class=\"UIViewControllerWrapperView\" focused=\"false\" height=\"795\" ptr=\"0x10bc93b80\" visibility=\"visible\" width=\"402\" x=\"0\" y=\"0\">\n                                                                                    <RNSScreenView alpha=\"1.0\" class=\"RNSScreenView\" focused=\"false\" height=\"679\" label=\"Network Demos All requests are auto-instrumented by the SDK Fetch Data Fetch Error Fetch Multiple (3) XHR Request Log: Vertical scroll bar, 1 page Horizontal scroll bar, 1 page\" ptr=\"0x11b6fd900\" visibility=\"visible\" width=\"402\" x=\"0\" y=\"116\">\n                                                                                        <RCTView alpha=\"1.0\" class=\"RCTView\" focused=\"false\" height=\"679\" label=\"Network Demos All requests are auto-instrumented by the SDK Fetch Data Fetch Error Fetch Multiple (3) XHR Request Log: Vertical scroll bar, 1 page Horizontal scroll bar, 1 page\" ptr=\"0x11b6f7b80\" visibility=\"visible\" width=\"402\" x=\"0\" y=\"0\">\n                                                                                            <RCTView alpha=\"1.0\" class=\"RCTView\" focused=\"false\" height=\"679\" label=\"Network Demos All requests are auto-instrumented by the SDK Fetch Data Fetch Error Fetch Multiple (3) XHR Request Log: Vertical scroll bar, 1 page Horizontal scroll bar, 1 page\" ptr=\"0x11b6f7800\" visibility=\"visible\" width=\"402\" x=\"0\" y=\"0\">\n                                                                                                <RCTSafeAreaView alpha=\"1.0\" class=\"RCTSafeAreaView\" focused=\"false\" height=\"679\" label=\"Network Demos All requests are auto-instrumented by the SDK Fetch Data Fetch Error Fetch Multiple (3) XHR Request Log: Vertical scroll bar, 1 page Horizontal scroll bar, 1 page\" ptr=\"0x10899ec00\" visibility=\"visible\" width=\"402\" x=\"0\" y=\"0\">\n                                                                                                    <RCTScrollView alpha=\"1.0\" class=\"RCTScrollView\" focused=\"false\" height=\"679\" label=\"Network Demos All requests are auto-instrumented by the SDK Fetch Data Fetch Error Fetch Multiple (3) XHR Request Log: Vertical scroll bar, 1 page Horizontal scroll bar, 1 page\" ptr=\"0x11b6fd400\" visibility=\"visible\" width=\"402\" x=\"0\" y=\"0\">\n                                                                                                        <RCTCustomScrollView alpha=\"1.0\" class=\"RCTCustomScrollView\" focused=\"false\" height=\"679\" ptr=\"0x108b8ca00\" visibility=\"visible\" width=\"402\" x=\"0\" y=\"0\">\n                                                                                                            <RCTScrollContentView alpha=\"1.0\" class=\"RCTScrollContentView\" focused=\"false\" height=\"210\" label=\"Network Demos All requests are auto-instrumented by the SDK Fetch Data Fetch Error Fetch Multiple (3) XHR Request Log:\" ptr=\"0x11b6f7480\" visibility=\"visible\" width=\"370\" x=\"16\" y=\"16\">\n                                                                                                                <RCTTextView alpha=\"1.0\" class=\"RCTTextView\" focused=\"false\" height=\"26\" label=\"Network Demos\" ptr=\"0x11b758a00\" text=\"Network Demos\" visibility=\"visible\" width=\"370\" x=\"0\" y=\"0\" />\n                                                                                                                <RCTTextView alpha=\"1.0\" class=\"RCTTextView\" focused=\"false\" height=\"16\" label=\"All requests are auto-instrumented by the SDK\" ptr=\"0x11b758c00\" text=\"All requests are auto-instrumented by the SDK\" visibility=\"visible\" width=\"370\" x=\"0\" y=\"30\" />\n                                                                                                                <RCTView alpha=\"1.0\" class=\"RCTView\" focused=\"false\" height=\"71\" label=\"Fetch Data Fetch Error Fetch Multiple (3) XHR Request\" ptr=\"0x11b6f6d80\" visibility=\"visible\" width=\"370\" x=\"0\" y=\"62\">\n                                                                                                                    <RCTView alpha=\"1.0\" class=\"RCTView\" focused=\"false\" height=\"31\" id=\"network-btn-fetch\" label=\"Fetch Data\" ptr=\"0x11b6f5f80\" visibility=\"visible\" width=\"92\" x=\"0\" y=\"0\">\n                                                                                                                        <RCTTextView alpha=\"1.0\" class=\"RCTTextView\" focused=\"false\" height=\"16\" label=\"Fetch Data\" ptr=\"0x11b758e00\" text=\"Fetch Data\" visibility=\"visible\" width=\"68\" x=\"12\" y=\"8\" />\n                                                                                                                    </RCTView>\n                                                                                                                    <RCTView alpha=\"1.0\" class=\"RCTView\" focused=\"false\" height=\"31\" id=\"network-btn-fetch-error\" label=\"Fetch Error\" ptr=\"0x11b6f6300\" visibility=\"visible\" width=\"94\" x=\"100\" y=\"0\">\n                                                                                                                        <RCTTextView alpha=\"1.0\" class=\"RCTTextView\" focused=\"false\" height=\"16\" label=\"Fetch Error\" ptr=\"0x11b759000\" text=\"Fetch Error\" visibility=\"visible\" width=\"71\" x=\"12\" y=\"8\" />\n                                                                                                                    </RCTView>\n                                                                                                                    <RCTView alpha=\"1.0\" class=\"RCTView\" focused=\"false\" height=\"31\" id=\"network-btn-fetch-multiple\" label=\"Fetch Multiple (3)\" ptr=\"0x11b6f6680\" visibility=\"visible\" width=\"136\" x=\"203\" y=\"0\">\n                                                                                                                        <RCTTextView alpha=\"1.0\" class=\"RCTTextView\" focused=\"false\" height=\"16\" label=\"Fetch Multiple (3)\" ptr=\"0x11b759200\" text=\"Fetch Multiple (3)\" visibility=\"visible\" width=\"112\" x=\"12\" y=\"8\" />\n                                                                                                                    </RCTView>\n                                                                                                                    <RCTView alpha=\"1.0\" class=\"RCTView\" focused=\"false\" height=\"31\" id=\"network-btn-xhr\" label=\"XHR Request\" ptr=\"0x11b6f6a00\" visibility=\"visible\" width=\"107\" x=\"0\" y=\"39\">\n                                                                                                                        <RCTTextView alpha=\"1.0\" class=\"RCTTextView\" focused=\"false\" height=\"16\" label=\"XHR Request\" ptr=\"0x11b759400\" text=\"XHR Request\" visibility=\"visible\" width=\"83\" x=\"12\" y=\"8\" />\n                                                                                                                    </RCTView>\n                                                                                                                </RCTView>\n                                                                                                                <RCTView alpha=\"1.0\" class=\"RCTView\" focused=\"false\" height=\"45\" id=\"network-result\" label=\"Log:\" ptr=\"0x11b6f7100\" visibility=\"visible\" width=\"370\" x=\"0\" y=\"149\">\n                                                                                                                    <RCTTextView alpha=\"1.0\" class=\"RCTTextView\" focused=\"false\" height=\"17\" label=\"Log:\" ptr=\"0x11b759600\" text=\"Log:\" visibility=\"visible\" width=\"346\" x=\"12\" y=\"12\" />\n                                                                                                                </RCTView>\n                                                                                                            </RCTScrollContentView>\n                                                                                                            <_UIScrollViewScrollIndicator alpha=\"0.0\" class=\"_UIScrollViewScrollIndicator\" focused=\"false\" height=\"204\" label=\"Vertical scroll bar, 1 page\" ptr=\"0x11b759e00\" value=\"0%\" visibility=\"visible\" width=\"3\" x=\"396\" y=\"587\">\n                                                                                                                <UIView alpha=\"1.0\" class=\"UIView\" focused=\"false\" height=\"204\" ptr=\"0x10bcb3640\" visibility=\"visible\" width=\"3\" x=\"0\" y=\"0\" />\n                                                                                                            </_UIScrollViewScrollIndicator>\n                                                                                                            <_UIScrollViewScrollIndicator alpha=\"0.0\" class=\"_UIScrollViewScrollIndicator\" focused=\"false\" height=\"3\" label=\"Horizontal scroll bar, 1 page\" ptr=\"0x11b759c00\" value=\"0%\" visibility=\"visible\" width=\"364\" x=\"35\" y=\"673\">\n                                                                                                                <UIView alpha=\"1.0\" class=\"UIView\" focused=\"false\" height=\"3\" ptr=\"0x10bcb32c0\" visibility=\"visible\" width=\"364\" x=\"0\" y=\"0\" />\n                                                                                                            </_UIScrollViewScrollIndicator>\n                                                                                                        </RCTCustomScrollView>\n                                                                                                    </RCTScrollView>\n                                                                                                </RCTSafeAreaView>\n                                                                                            </RCTView>\n                                                                                        </RCTView>\n                                                                                    </RNSScreenView>\n                                                                                </UIViewControllerWrapperView>\n                                                                            </UINavigationTransitionView>\n                                                                            <UINavigationBar alpha=\"1.0\" class=\"UINavigationBar\" focused=\"false\" height=\"54\" id=\"Network\" ptr=\"0x10bdcaa00\" visibility=\"visible\" width=\"402\" x=\"0\" y=\"62\">\n                                                                                <_UIBarBackground alpha=\"1.0\" class=\"_UIBarBackground\" focused=\"false\" height=\"116\" ptr=\"0x11b63e800\" visibility=\"visible\" width=\"402\" x=\"0\" y=\"-62\">\n                                                                                    <UIImageView alpha=\"1.0\" class=\"UIImageView\" focused=\"false\" height=\"116\" ptr=\"0x10d36bc00\" visibility=\"visible\" width=\"402\" x=\"0\" y=\"0\" />\n                                                                                    <_UIBarBackgroundShadowView alpha=\"1.0\" class=\"_UIBarBackgroundShadowView\" focused=\"false\" height=\"0\" ptr=\"0x11b63f200\" visibility=\"visible\" width=\"402\" x=\"0\" y=\"116\">\n                                                                                        <_UIBarBackgroundShadowContentImageView alpha=\"1.0\" class=\"_UIBarBackgroundShadowContentImageView\" focused=\"false\" height=\"0\" ptr=\"0x11b63f480\" visibility=\"visible\" width=\"402\" x=\"0\" y=\"0\" />\n                                                                                    </_UIBarBackgroundShadowView>\n                                                                                </_UIBarBackground>\n                                                                                <UIKit.NavigationBarContentView alpha=\"1.0\" class=\"UIKit.NavigationBarContentView\" focused=\"false\" height=\"54\" ptr=\"0x108975800\" visibility=\"visible\" width=\"402\" x=\"0\" y=\"0\">\n                                                                                    <UIKit.NavigationBarTransitionContainer alpha=\"1.0\" class=\"UIKit.NavigationBarTransitionContainer\" focused=\"false\" height=\"54\" ptr=\"0x10d36ac00\" visibility=\"visible\" width=\"402\" x=\"0\" y=\"0\">\n                                                                                        <_UINavigationBarHostedViewContainer alpha=\"1.0\" class=\"_UINavigationBarHostedViewContainer\" focused=\"false\" height=\"54\" ptr=\"0x10bc92140\" visibility=\"visible\" width=\"402\" x=\"0\" y=\"0\">\n                                                                                            <_UINavigationBarHostedViewWrapper alpha=\"1.0\" class=\"_UINavigationBarHostedViewWrapper\" focused=\"false\" height=\"20\" ptr=\"0x11b75b200\" visibility=\"visible\" width=\"68\" x=\"167\" y=\"11\">\n                                                                                                <_UINavigationBarTitleControl alpha=\"1.0\" class=\"_UINavigationBarTitleControl\" focused=\"false\" height=\"20\" ptr=\"0x11b701200\" visibility=\"visible\" width=\"68\" x=\"0\" y=\"0\">\n                                                                                                    <_UIIntrinsicContentSizeInvalidationForwardingWrapperView alpha=\"1.0\" class=\"_UIIntrinsicContentSizeInvalidationForwardingWrapperView\" focused=\"false\" height=\"20\" ptr=\"0x10bcb8a80\" visibility=\"visible\" width=\"68\" x=\"0\" y=\"0\">\n                                                                                                        <UILabel alpha=\"1.0\" class=\"UILabel\" focused=\"false\" height=\"20\" label=\"Network\" ptr=\"0x11b7dc380\" text=\"Network\" visibility=\"visible\" width=\"67\" x=\"0\" y=\"0\" />\n                                                                                                    </_UIIntrinsicContentSizeInvalidationForwardingWrapperView>\n                                                                                                </_UINavigationBarTitleControl>\n                                                                                            </_UINavigationBarHostedViewWrapper>\n                                                                                        </_UINavigationBarHostedViewContainer>\n                                                                                        <UIView alpha=\"1.0\" class=\"UIView\" focused=\"false\" height=\"54\" ptr=\"0x10bc91f80\" visibility=\"visible\" width=\"402\" x=\"0\" y=\"0\" />\n                                                                                        <UIKit.NavigationBarPlatterContainer alpha=\"1.0\" class=\"UIKit.NavigationBarPlatterContainer\" focused=\"false\" height=\"54\" ptr=\"0x10bc92300\" visibility=\"visible\" width=\"402\" x=\"0\" y=\"0\">\n                                                                                            <_UINavigationBarPlatterView alpha=\"1.0\" class=\"_UINavigationBarPlatterView\" focused=\"false\" height=\"44\" ptr=\"0x11b701800\" visibility=\"visible\" width=\"44\" x=\"16\" y=\"0\">\n                                                                                                <_UINavigationBarPlatterAnimationView alpha=\"1.0\" class=\"_UINavigationBarPlatterAnimationView\" focused=\"false\" height=\"44\" ptr=\"0x10bcb9dc0\" visibility=\"visible\" width=\"44\" x=\"0\" y=\"0\">\n                                                                                                    <_UINavigationBarPlatterAnimationView alpha=\"1.0\" class=\"_UINavigationBarPlatterAnimationView\" focused=\"false\" height=\"44\" ptr=\"0x10bcba140\" visibility=\"visible\" width=\"44\" x=\"0\" y=\"0\">\n                                                                                                        <_UINavigationBarPlatterAnimationView alpha=\"1.0\" class=\"_UINavigationBarPlatterAnimationView\" focused=\"false\" height=\"48\" ptr=\"0x10bcba300\" visibility=\"visible\" width=\"48\" x=\"-2\" y=\"-2\">\n                                                                                                            <_UINavigationBarPlatterAnimationView alpha=\"1.0\" class=\"_UINavigationBarPlatterAnimationView\" focused=\"false\" height=\"40\" ptr=\"0x10bcba4c0\" visibility=\"visible\" width=\"40\" x=\"1\" y=\"1\">\n                                                                                                                <_UINavigationBarPlatterContentView alpha=\"1.0\" class=\"_UINavigationBarPlatterContentView\" focused=\"false\" height=\"44\" ptr=\"0x10bcba680\" visibility=\"visible\" width=\"44\" x=\"0\" y=\"0\">\n                                                                                                                    <_UINavigationBarPlatterGlassView alpha=\"1.0\" class=\"_UINavigationBarPlatterGlassView\" focused=\"false\" height=\"44\" ptr=\"0x10bcba840\" visibility=\"visible\" width=\"44\" x=\"0\" y=\"0\">\n                                                                                                                        <_UINavigationBarPlatterSubviewContainerView alpha=\"1.0\" class=\"_UINavigationBarPlatterSubviewContainerView\" focused=\"false\" height=\"44\" ptr=\"0x10bcbaa00\" visibility=\"visible\" width=\"44\" x=\"0\" y=\"0\">\n                                                                                                                            <_UINavigationBarPlatterItemView alpha=\"1.0\" class=\"_UINavigationBarPlatterItemView\" focused=\"false\" height=\"44\" ptr=\"0x11b7d2f80\" visibility=\"visible\" width=\"44\" x=\"0\" y=\"0\">\n                                                                                                                                <_UIButtonBarButton alpha=\"1.0\" class=\"_UIButtonBarButton\" focused=\"false\" height=\"44\" id=\"BackButton\" ptr=\"0x11b7d2800\" visibility=\"visible\" width=\"44\" x=\"0\" y=\"0\">\n                                                                                                                                    <_TtCC5UIKit29ButtonBarButtonVisualProviderP33_A98CD29F4F6ECA17AFECE41BBB264E5918BackButtonMaskView alpha=\"1.0\" class=\"_TtCC5UIKit29ButtonBarButtonVisualProviderP33_A98CD29F4F6ECA17AFECE41BBB264E5918BackButtonMaskView\" focused=\"false\" height=\"44\" ptr=\"0x10bcb8540\" visibility=\"invisible\" width=\"44\" x=\"0\" y=\"0\">\n                                                                                                                                        <UIImageView alpha=\"1.0\" class=\"UIImageView\" focused=\"false\" height=\"28\" id=\"UINavigationBarTitleTransitionBackIndicatorMaskSymbol\" ptr=\"0x11b75a800\" visibility=\"visible\" width=\"19\" x=\"0\" y=\"8\" />\n                                                                                                                                        <UIView alpha=\"1.0\" class=\"UIView\" focused=\"false\" height=\"44\" ptr=\"0x10bcb8700\" visibility=\"visible\" width=\"0\" x=\"44\" y=\"0\" />\n                                                                                                                                    </_TtCC5UIKit29ButtonBarButtonVisualProviderP33_A98CD29F4F6ECA17AFECE41BBB264E5918BackButtonMaskView>\n                                                                                                                                    <_TtCC5UIKit29ButtonBarButtonVisualProviderP33_A98CD29F4F6ECA17AFECE41BBB264E596Button alpha=\"1.0\" class=\"_TtCC5UIKit29ButtonBarButtonVisualProviderP33_A98CD29F4F6ECA17AFECE41BBB264E596Button\" focused=\"false\" height=\"23\" label=\"Back\" ptr=\"0x11b7dc000\" visibility=\"visible\" width=\"44\" x=\"0\" y=\"10\">\n                                                                                                                                        <UIImageView alpha=\"1.0\" class=\"UIImageView\" focused=\"false\" height=\"23\" id=\"chevron.backward\" label=\"Back\" ptr=\"0x11b75aa00\" visibility=\"visible\" width=\"16\" x=\"13\" y=\"0\" />\n                                                                                                                                    </_TtCC5UIKit29ButtonBarButtonVisualProviderP33_A98CD29F4F6ECA17AFECE41BBB264E596Button>\n                                                                                                                                </_UIButtonBarButton>\n                                                                                                                            </_UINavigationBarPlatterItemView>\n                                                                                                                        </_UINavigationBarPlatterSubviewContainerView>\n                                                                                                                    </_UINavigationBarPlatterGlassView>\n                                                                                                                </_UINavigationBarPlatterContentView>\n                                                                                                            </_UINavigationBarPlatterAnimationView>\n                                                                                                        </_UINavigationBarPlatterAnimationView>\n                                                                                                    </_UINavigationBarPlatterAnimationView>\n                                                                                                </_UINavigationBarPlatterAnimationView>\n                                                                                            </_UINavigationBarPlatterView>\n                                                                                        </UIKit.NavigationBarPlatterContainer>\n                                                                                    </UIKit.NavigationBarTransitionContainer>\n                                                                                </UIKit.NavigationBarContentView>\n                                                                                <_UIPointerInteractionAssistantEffectContainerView alpha=\"1.0\" class=\"_UIPointerInteractionAssistantEffectContainerView\" focused=\"false\" height=\"0\" ptr=\"0x10bc93480\" visibility=\"visible\" width=\"0\" x=\"0\" y=\"0\" />\n                                                                            </UINavigationBar>\n                                                                            <_UIFloatingBarContainerView alpha=\"1.0\" class=\"_UIFloatingBarContainerView\" focused=\"false\" height=\"795\" ptr=\"0x10d36b000\" visibility=\"visible\" width=\"402\" x=\"0\" y=\"0\">\n                                                                                <_TtGC5UIKitP10$186ea25a022FloatingBarHostingViewVS_20FloatingBarContainer_ alpha=\"1.0\" class=\"_TtGC5UIKitP10$186ea25a022FloatingBarHostingViewVS_20FloatingBarContainer_\" focused=\"false\" height=\"795\" ptr=\"0x10d36b800\" visibility=\"visible\" width=\"402\" x=\"0\" y=\"0\" />\n                                                                                <_UIPointerInteractionAssistantEffectContainerView alpha=\"1.0\" class=\"_UIPointerInteractionAssistantEffectContainerView\" focused=\"false\" height=\"0\" ptr=\"0x10bc92f40\" visibility=\"visible\" width=\"0\" x=\"0\" y=\"0\" />\n                                                                            </_UIFloatingBarContainerView>\n                                                                        </UILayoutContainerView>\n                                                                    </RNSScreenStackView>\n                                                                </RCTView>\n                                                            </RCTView>\n                                                        </RCTView>\n                                                    </RNSScreenView>\n                                                </UIViewControllerWrapperView>\n                                            </UINavigationTransitionView>\n                                            <UINavigationBar alpha=\"1.0\" class=\"UINavigationBar\" focused=\"false\" height=\"54\" id=\"RNSScreen\" ptr=\"0x10bdc8600\" visibility=\"invisible\" width=\"402\" x=\"0\" y=\"-116\">\n                                                <_UIBarBackground alpha=\"1.0\" class=\"_UIBarBackground\" focused=\"false\" height=\"116\" ptr=\"0x10d055900\" visibility=\"visible\" width=\"402\" x=\"0\" y=\"-62\" />\n                                                <_UIPointerInteractionAssistantEffectContainerView alpha=\"1.0\" class=\"_UIPointerInteractionAssistantEffectContainerView\" focused=\"false\" height=\"0\" ptr=\"0x108bed6c0\" visibility=\"visible\" width=\"0\" x=\"0\" y=\"0\" />\n                                            </UINavigationBar>\n                                            <_UIFloatingBarContainerView alpha=\"1.0\" class=\"_UIFloatingBarContainerView\" focused=\"false\" height=\"795\" ptr=\"0x10be0a200\" visibility=\"visible\" width=\"402\" x=\"0\" y=\"0\">\n                                                <_TtGC5UIKitP10$186ea25a022FloatingBarHostingViewVS_20FloatingBarContainer_ alpha=\"1.0\" class=\"_TtGC5UIKitP10$186ea25a022FloatingBarHostingViewVS_20FloatingBarContainer_\" focused=\"false\" height=\"795\" ptr=\"0x10be0aa00\" visibility=\"visible\" width=\"402\" x=\"0\" y=\"0\" />\n                                                <_UIPointerInteractionAssistantEffectContainerView alpha=\"1.0\" class=\"_UIPointerInteractionAssistantEffectContainerView\" focused=\"false\" height=\"0\" ptr=\"0x108bdc380\" visibility=\"visible\" width=\"0\" x=\"0\" y=\"0\" />\n                                            </_UIFloatingBarContainerView>\n                                        </UILayoutContainerView>\n                                    </RNSScreenNavigationContainerView>\n                                    <RCTView alpha=\"1.0\" class=\"RCTView\" focused=\"false\" height=\"79\" label=\"Home, tab, 1 of 3 Demos, tab, 2 of 3 Settings, tab, 3 of 3\" ptr=\"0x10d1a6d80\" visibility=\"visible\" width=\"402\" x=\"0\" y=\"795\">\n                                        <RCTView alpha=\"1.0\" class=\"RCTView\" focused=\"false\" height=\"78\" ptr=\"0x1089d3b80\" visibility=\"visible\" width=\"402\" x=\"0\" y=\"0\" />\n                                        <RCTView alpha=\"1.0\" class=\"RCTView\" focused=\"false\" height=\"48\" label=\"Home, tab, 1 of 3 Demos, tab, 2 of 3 Settings, tab, 3 of 3\" ptr=\"0x10d1a6a00\" visibility=\"visible\" width=\"402\" x=\"0\" y=\"0\">\n                                            <RCTView alpha=\"1.0\" class=\"RCTView\" focused=\"false\" height=\"48\" id=\"tab-home\" label=\"Home, tab, 1 of 3\" ptr=\"0x10d1a4a80\" visibility=\"visible\" width=\"134\" x=\"0\" y=\"0\">\n                                                <RCTView alpha=\"1.0\" class=\"RCTView\" focused=\"false\" height=\"34\" label=\"H H\" ptr=\"0x10d1a4700\" visibility=\"visible\" width=\"0\" x=\"67\" y=\"0\">\n                                                    <RCTView alpha=\"0.0\" class=\"RCTView\" focused=\"false\" height=\"34\" label=\"H\" ptr=\"0x10d1a4000\" visibility=\"visible\" width=\"134\" x=\"-67\" y=\"0\">\n                                                        <RCTTextView alpha=\"1.0\" class=\"RCTTextView\" focused=\"false\" height=\"22\" label=\"H\" ptr=\"0x10be0ac00\" text=\"H\" visibility=\"visible\" width=\"13\" x=\"60\" y=\"6\" />\n                                                    </RCTView>\n                                                    <RCTView alpha=\"1.0\" class=\"RCTView\" focused=\"false\" height=\"34\" label=\"H\" ptr=\"0x10d1a4380\" visibility=\"visible\" width=\"134\" x=\"-67\" y=\"0\">\n                                                        <RCTTextView alpha=\"1.0\" class=\"RCTTextView\" focused=\"false\" height=\"22\" label=\"H\" ptr=\"0x10be0ae00\" text=\"H\" visibility=\"visible\" width=\"13\" x=\"60\" y=\"6\" />\n                                                    </RCTView>\n                                                </RCTView>\n                                                <RCTTextView alpha=\"1.0\" class=\"RCTTextView\" focused=\"false\" height=\"14\" label=\"Home\" ptr=\"0x10be0b000\" text=\"Home\" visibility=\"visible\" width=\"34\" x=\"50\" y=\"34\" />\n                                            </RCTView>\n                                            <RCTView alpha=\"1.0\" class=\"RCTView\" focused=\"false\" height=\"48\" id=\"tab-demos\" label=\"Demos, tab, 2 of 3\" ptr=\"0x10d1a5880\" visibility=\"visible\" width=\"134\" x=\"134\" y=\"0\">\n                                                <RCTView alpha=\"1.0\" class=\"RCTView\" focused=\"false\" height=\"34\" label=\"D D\" ptr=\"0x10d1a5500\" visibility=\"visible\" width=\"0\" x=\"67\" y=\"0\">\n                                                    <RCTView alpha=\"1.0\" class=\"RCTView\" focused=\"false\" height=\"34\" label=\"D\" ptr=\"0x10d1a4e00\" visibility=\"visible\" width=\"134\" x=\"-67\" y=\"0\">\n                                                        <RCTTextView alpha=\"1.0\" class=\"RCTTextView\" focused=\"false\" height=\"22\" label=\"D\" ptr=\"0x10be0b200\" text=\"D\" visibility=\"visible\" width=\"13\" x=\"60\" y=\"6\" />\n                                                    </RCTView>\n                                                    <RCTView alpha=\"0.0\" class=\"RCTView\" focused=\"false\" height=\"34\" label=\"D\" ptr=\"0x10d1a5180\" visibility=\"visible\" width=\"134\" x=\"-67\" y=\"0\">\n                                                        <RCTTextView alpha=\"1.0\" class=\"RCTTextView\" focused=\"false\" height=\"22\" label=\"D\" ptr=\"0x10be0b400\" text=\"D\" visibility=\"visible\" width=\"13\" x=\"60\" y=\"6\" />\n                                                    </RCTView>\n                                                </RCTView>\n                                                <RCTTextView alpha=\"1.0\" class=\"RCTTextView\" focused=\"false\" height=\"14\" label=\"Demos\" ptr=\"0x10be0b600\" text=\"Demos\" visibility=\"visible\" width=\"40\" x=\"47\" y=\"34\" />\n                                            </RCTView>\n                                            <RCTView alpha=\"1.0\" class=\"RCTView\" focused=\"false\" height=\"48\" id=\"tab-settings\" label=\"Settings, tab, 3 of 3\" ptr=\"0x10d1a6680\" visibility=\"visible\" width=\"134\" x=\"268\" y=\"0\">\n                                                <RCTView alpha=\"1.0\" class=\"RCTView\" focused=\"false\" height=\"34\" label=\"S S\" ptr=\"0x10d1a6300\" visibility=\"visible\" width=\"0\" x=\"67\" y=\"0\">\n                                                    <RCTView alpha=\"0.0\" class=\"RCTView\" focused=\"false\" height=\"34\" label=\"S\" ptr=\"0x10d1a5c00\" visibility=\"visible\" width=\"134\" x=\"-67\" y=\"0\">\n                                                        <RCTTextView alpha=\"1.0\" class=\"RCTTextView\" focused=\"false\" height=\"22\" label=\"S\" ptr=\"0x10be0b800\" text=\"S\" visibility=\"visible\" width=\"11\" x=\"61\" y=\"6\" />\n                                                    </RCTView>\n                                                    <RCTView alpha=\"1.0\" class=\"RCTView\" focused=\"false\" height=\"34\" label=\"S\" ptr=\"0x10d1a5f80\" visibility=\"visible\" width=\"134\" x=\"-67\" y=\"0\">\n                                                        <RCTTextView alpha=\"1.0\" class=\"RCTTextView\" focused=\"false\" height=\"22\" label=\"S\" ptr=\"0x10be0ba00\" text=\"S\" visibility=\"visible\" width=\"11\" x=\"61\" y=\"6\" />\n                                                    </RCTView>\n                                                </RCTView>\n                                                <RCTTextView alpha=\"1.0\" class=\"RCTTextView\" focused=\"false\" height=\"14\" label=\"Settings\" ptr=\"0x10be0bc00\" text=\"Settings\" visibility=\"visible\" width=\"47\" x=\"43\" y=\"34\" />\n                                            </RCTView>\n                                        </RCTView>\n                                    </RCTView>\n                                </RNCSafeAreaProvider>\n                            </RCTView>\n                        </RCTView>\n                    </RCTRootContentView>\n                </RCTRootView>\n            </UIDropShadowView>\n        </UITransitionView>\n    </UIWindow>\n</ViewHierarchy>","details":"No elements found for “MATCHER(id == “demos-btn-errors”)”","windows":["<UIWindow: 0x10899c800; frame = (0 0; 402 874);>","<DTXTouchVisualizerWindow: 0x1088fc500; frame = (0 0; 402 874);>"],"DetoxFailureInformation":{"lineNumber":50,"file":"/Users/builder/uibuilder/work/detox/ios/Detox/Invocation/Element.swift","functionName":"views"}},"type":"testFailed"}
   
23:23:52.287 detox[66809] E tap
  error: Test Failed: No elements found for “MATCHER(id == “demos-btn-errors”)”
  
  HINT: To print view hierarchy on failed actions/matches, use log-level verbose or higher.
23:23:52.287 detox[66809] B onTestFnFailure
  args: ({"error":{"name":"DetoxRuntimeError"}})
23:23:52.287 detox[66809] i starting SimulatorScreenshot
23:23:52.287 detox[66809] i /usr/bin/xcrun simctl io B7E9BAD6-0C0D-41EE-BE0C-D49BF485382E screenshot "/private/var/folders/nd/_cs61jn95mx_wzcmldgt15p00000gn/T/detox-66809-hikXXK.detox.png"
23:23:52.458 detox[66809] i Detected file type from extension: PNG
Note: No display specified. Defaulting to display: 1CF89121-203F-41F0-8702-803F5499D5AE (screenID: 1, name: LCD)
Wrote screenshot to: /private/var/folders/nd/_cs61jn95mx_wzcmldgt15p00000gn/T/detox-66809-hikXXK.detox.png

23:23:52.458 detox[66809] i stopping SimulatorScreenshot
23:23:52.459 detox[66809] E onTestFnFailure
23:23:52.459 detox[66809] E test_fn
  error: Test Failed: No elements found for “MATCHER(id == “demos-btn-errors”)”
  
  HINT: To print view hierarchy on failed actions/matches, use log-level verbose or higher.
23:23:52.459 detox[66809] B onTestDone
  args: ({"title":"navigates to Error demo and interacts","fullName":"React Navigation Example Demo Screens navigates to Error demo and interacts","status":"failed","invocations":1,"timedOut":false})
23:23:52.459 detox[66809] i starting SimulatorScreenshot
23:23:52.459 detox[66809] i /usr/bin/xcrun simctl io B7E9BAD6-0C0D-41EE-BE0C-D49BF485382E screenshot "/private/var/folders/nd/_cs61jn95mx_wzcmldgt15p00000gn/T/detox-66809-gC8V89.detox.png"
23:23:52.460 detox[66809] i stopping SimulatorVideoRecording
23:23:52.461 detox[66809] i sending SIGINT to: /usr/bin/xcrun simctl io B7E9BAD6-0C0D-41EE-BE0C-D49BF485382E recordVideo /private/var/folders/nd/_cs61jn95mx_wzcmldgt15p00000gn/T/detox-66809-D2Z2oQ.detox.mp4
23:23:52.468 detox[66809] i Recording completed. Writing to disk.

Wrote video to: /private/var/folders/nd/_cs61jn95mx_wzcmldgt15p00000gn/T/detox-66809-D2Z2oQ.detox.mp4

23:23:52.469 detox[66809] i /usr/bin/xcrun simctl io B7E9BAD6-0C0D-41EE-BE0C-D49BF485382E recordVideo /private/var/folders/nd/_cs61jn95mx_wzcmldgt15p00000gn/T/detox-66809-D2Z2oQ.detox.mp4 exited with code #0
23:23:52.470 detox[66809] i saving SimulatorVideoRecording to: artifacts/ios.sim.release.2026-04-10 16-23-27Z/✗ React Navigation Example Demo Screens navigates to Error demo and interacts/test.mp4
23:23:52.470 detox[66809] i moving "/private/var/folders/nd/_cs61jn95mx_wzcmldgt15p00000gn/T/detox-66809-D2Z2oQ.detox.mp4" to artifacts/ios.sim.release.2026-04-10 16-23-27Z/✗ React Navigation Example Demo Screens navigates to Error demo and interacts/test.mp4
23:23:52.627 detox[66809] i Detected file type from extension: PNG
Note: No display specified. Defaulting to display: 1CF89121-203F-41F0-8702-803F5499D5AE (screenID: 1, name: LCD)
Wrote screenshot to: /private/var/folders/nd/_cs61jn95mx_wzcmldgt15p00000gn/T/detox-66809-gC8V89.detox.png

23:23:52.627 detox[66809] i stopping SimulatorScreenshot
23:23:52.628 detox[66809] i stopping SimulatorLogRecording
23:23:52.628 detox[66809] i saving SimulatorScreenshot to: artifacts/ios.sim.release.2026-04-10 16-23-27Z/✗ React Navigation Example Demo Screens navigates to Error demo and interacts/testStart.png
23:23:52.628 detox[66809] i moving "/private/var/folders/nd/_cs61jn95mx_wzcmldgt15p00000gn/T/detox-66809-hTKwW3.detox.png" to artifacts/ios.sim.release.2026-04-10 16-23-27Z/✗ React Navigation Example Demo Screens navigates to Error demo and interacts/testStart.png
23:23:52.629 detox[66809] i saving SimulatorScreenshot to: artifacts/ios.sim.release.2026-04-10 16-23-27Z/✗ React Navigation Example Demo Screens navigates to Error demo and interacts/testFnFailure.png
23:23:52.629 detox[66809] i moving "/private/var/folders/nd/_cs61jn95mx_wzcmldgt15p00000gn/T/detox-66809-hikXXK.detox.png" to artifacts/ios.sim.release.2026-04-10 16-23-27Z/✗ React Navigation Example Demo Screens navigates to Error demo and interacts/testFnFailure.png
23:23:52.629 detox[66809] i saving SimulatorScreenshot to: artifacts/ios.sim.release.2026-04-10 16-23-27Z/✗ React Navigation Example Demo Screens navigates to Error demo and interacts/testDone.png
23:23:52.630 detox[66809] i moving "/private/var/folders/nd/_cs61jn95mx_wzcmldgt15p00000gn/T/detox-66809-gC8V89.detox.png" to artifacts/ios.sim.release.2026-04-10 16-23-27Z/✗ React Navigation Example Demo Screens navigates to Error demo and interacts/testDone.png
23:23:52.680 detox[66809] i sending SIGINT to: /usr/bin/xcrun simctl spawn B7E9BAD6-0C0D-41EE-BE0C-D49BF485382E log stream --level debug --style compact --predicate processImagePath beginsWith "/Users/nonth/Library/Developer/CoreSimulator/Devices/B7E9BAD6-0C0D-41EE-BE0C-D49BF485382E/data/Containers/Bundle/Application/4FB2BDAB-C128-44E5-9089-1B03AD22F4EA/EdotReactNavExample.app"
23:23:52.692 detox[66809] i /usr/bin/xcrun simctl spawn B7E9BAD6-0C0D-41EE-BE0C-D49BF485382E log stream --level debug --style compact --predicate "processImagePath beginsWith \"/Users/nonth/Library/Developer/CoreSimulator/Devices/B7E9BAD6-0C0D-41EE-BE0C-D49BF485382E/data/Containers/Bundle/Application/4FB2BDAB-C128-44E5-9089-1B03AD22F4EA/EdotReactNavExample.app\"" exited with code #0
23:23:52.692 detox[66809] E onTestDone
23:23:52.692 detox[66809] E navigates to Error demo and interacts
23:23:52.692 detox[66809] i React Navigation Example > Demo Screens: navigates to Error demo and interacts [FAIL]
23:23:52.693 detox[66809] B onRunDescribeFinish
  args: ({"name":"Demo Screens"})
23:23:52.693 detox[66809] E onRunDescribeFinish
23:23:52.693 detox[66809] E Demo Screens
23:23:52.693 detox[66809] B onRunDescribeFinish
  args: ({"name":"React Navigation Example"})
23:23:52.693 detox[66809] E onRunDescribeFinish
23:23:52.693 detox[66809] E React Navigation Example
23:23:52.693 detox[66809] B onRunDescribeFinish
  args: ({"name":"ROOT_DESCRIBE_BLOCK"})
23:23:52.693 detox[66809] E onRunDescribeFinish
23:23:52.693 detox[66809] E run the tests
23:23:52.706 detox[66809] B tear down environment
23:23:52.706 detox[66809] B onBeforeCleanup
  args: ()
23:23:52.706 detox[66809] i saving SimulatorLogRecording to: artifacts/ios.sim.release.2026-04-10 16-23-27Z/✗ React Navigation Example Demo Screens navigates to Error demo and interacts/device.log
23:23:52.706 detox[66809] i moving "/private/var/folders/nd/_cs61jn95mx_wzcmldgt15p00000gn/T/detox-66809-J6Ibmh.detox.log" to artifacts/ios.sim.release.2026-04-10 16-23-27Z/✗ React Navigation Example Demo Screens navigates to Error demo and interacts/device.log
23:23:52.707 detox[66809] i saving FileArtifact to: artifacts/ios.sim.release.2026-04-10 16-23-27Z/detox_pid_66809.json.log { append: true }
23:23:52.707 detox[66809] i saving FileArtifact to: artifacts/ios.sim.release.2026-04-10 16-23-27Z/detox_pid_66809.log { append: true }
23:23:52.707 detox[66809] E onBeforeCleanup
23:23:52.707 detox[66809] i send message
  data: {"type":"cleanup","params":{"stopRunner":false},"messageId":-49642}
23:23:52.708 detox[66808] i get
  data: {"type":"cleanup","params":{"stopRunner":false},"messageId":-49642}
23:23:52.708 detox[66808] i send
  data: {
    "type": "cleanup",
    "params": {
      "stopRunner": false
    },
    "messageId": -49642
  }
23:23:52.709 detox[66808] i get
  data: {"messageId":-49642,"params":{},"type":"cleanupDone"}
23:23:52.709 detox[66808] i send
  data: {
    "messageId": -49642,
    "params": {},
    "type": "cleanupDone"
  }
23:23:52.710 detox[66809] i get message
  data: {"messageId":-49642,"params":{},"type":"cleanupDone"}
   
23:23:52.711 detox[66808] i tester exited session f2f5a0f8-86a1-40bb-4b47-a3ca18d63e9d
23:23:52.711 detox[66808] i send
  data: {
    "type": "testerDisconnected",
    "messageId": -1
  }
23:23:52.711 detox[66808] E connection :53838<->:53841
23:23:52.711 detox[66808] i received event of :  deallocateDevice {
  deviceCookie: {
    id: 'B7E9BAD6-0C0D-41EE-BE0C-D49BF485382E',
    udid: 'B7E9BAD6-0C0D-41EE-BE0C-D49BF485382E',
    type: 'ios.simulator'
  }
}
23:23:52.711 detox[66808] B free: B7E9BAD6-0C0D-41EE-BE0C-D49BF485382E
  data: {}
23:23:52.711 detox[66809] i dispatching event to  primary-66808 /tmp/detox.primary-66808  :  deallocateDevice , {
  deviceCookie: {
    id: 'B7E9BAD6-0C0D-41EE-BE0C-D49BF485382E',
    udid: 'B7E9BAD6-0C0D-41EE-BE0C-D49BF485382E',
    type: 'ios.simulator'
  }
}
23:23:52.712 detox[66808] E free: B7E9BAD6-0C0D-41EE-BE0C-D49BF485382E
23:23:52.712 detox[66808] i dispatching event to socket  :  deallocateDeviceDone {}
23:23:52.712 detox[66809] i ## received events ##
23:23:52.712 detox[66809] i detected event deallocateDeviceDone {}
23:23:52.712 detox[66809] E tear down environment
23:23:52.712 detox[66809] E e2e/app.test.js
23:23:52.715 detox[66808] i received event of :  reportTestResults {
  testResults: [
    {
      success: false,
      testFilePath: '/Users/nonth/Projects/playground/react-native/edot-react-native-sdk/example/react-navigation/e2e/app.test.js',
      isPermanentFailure: false
    }
  ]
}
23:23:52.715 detox[66808] i dispatching event to socket  :  reportTestResultsDone {
  testResults: [
    {
      success: false,
      testFilePath: '/Users/nonth/Projects/playground/react-native/edot-react-native-sdk/example/react-navigation/e2e/app.test.js',
      isPermanentFailure: false
    }
  ]
}
23:23:52.715 detox[66808] i broadcasting event to all known sockets listening to  /tmp/detox.primary-66808  :   sessionStateUpdate {
  testResults: [
    {
      success: false,
      testFilePath: '/Users/nonth/Projects/playground/react-native/edot-react-native-sdk/example/react-navigation/e2e/app.test.js',
      isPermanentFailure: false
    }
  ]
}
23:23:52.715 detox[66809] i dispatching event to  primary-66808 /tmp/detox.primary-66808  :  reportTestResults , {
  testResults: [
    {
      success: false,
      testFilePath: '/Users/nonth/Projects/playground/react-native/edot-react-native-sdk/example/react-navigation/e2e/app.test.js',
      testExecError: undefined,
      isPermanentFailure: false
    }
  ]
}
23:23:52.715 detox[66809] i ## received events ##
23:23:52.716 detox[66809] i detected event reportTestResultsDone {
  testResults: [
    {
      success: false,
      testFilePath: '/Users/nonth/Projects/playground/react-native/edot-react-native-sdk/example/react-navigation/e2e/app.test.js',
      isPermanentFailure: false
    }
  ]
}
23:23:52.716 detox[66809] i detected event sessionStateUpdate {
  testResults: [
    {
      success: false,
      testFilePath: '/Users/nonth/Projects/playground/react-native/edot-react-native-sdk/example/react-navigation/e2e/app.test.js',
      isPermanentFailure: false
    }
  ]
}
23:23:52.717 detox[66809] i connection closed primary-66808 /tmp/detox.primary-66808 0 tries remaining of 0
23:23:52.717 detox[66809] i secondary-66809 exceeded connection rety amount of  or stopRetrying flag set.
23:23:52.718 detox[66808] i socket disconnected secondary-66809
23:23:52.820 detox[66808] E Command failed with exit code = 1:
jest --config e2e/jest.config.js e2e
23:23:52.820 detox[66808] B cleanup
  args: ()
23:23:52.821 detox[66808] E cleanup
23:23:52.822 detox[66808] i Detox server has been closed gracefully
23:23:52.822 detox[66808] i app exited session f2f5a0f8-86a1-40bb-4b47-a3ca18d63e9d
23:23:52.822 detox[66808] E connection :53838<->:53845
23:23:52.822 detox[66808] E node_modules/detox/local-cli/cli.js test --configuration ios.sim.release
